date,open,high,low,close,adj_close,volume
2021-07-21,132.82000732421875,138.27000427246094,132.52999877929688,138.0,132.30763244628906,6434100
2021-07-22,137.0,138.75,136.3699951171875,137.17999267578125,131.52146911621094,5564000
2021-07-23,137.9499969482422,139.0,136.52999877929688,138.42999267578125,132.71990966796875,4345600
2021-07-26,138.22999572753906,139.8800048828125,137.44000244140625,138.47999572753906,132.7678680419922,4638200
2021-07-27,137.6300048828125,137.6300048828125,131.5800018310547,134.89999389648438,129.3355255126953,6344100
2021-07-28,135.6300048828125,137.8800048828125,135.0,137.2100067138672,131.55026245117188,5041900
2021-07-29,135.41000366210938,137.86000061035156,133.50999450683594,137.5,131.8282928466797,5382600
2021-07-30,136.5,141.39999389648438,136.47000122070312,139.92999267578125,134.15806579589844,8556400
2021-08-02,141.0399932861328,145.25,140.88999938964844,142.00999450683594,136.15223693847656,10230600
2021-08-03,142.5399932861328,143.36000061035156,140.24000549316406,142.16000366210938,136.29605102539062,5589600
2021-08-04,143.0,144.6999969482422,141.80999755859375,142.75999450683594,136.87130737304688,5434600
2021-08-05,143.42999267578125,143.8800048828125,141.16000366210938,142.27000427246094,136.4015350341797,4282200
2021-08-06,141.72000122070312,143.16000366210938,141.58999633789062,142.64999389648438,136.76588439941406,3843300
2021-08-09,143.49000549316406,143.69000244140625,141.4499969482422,142.0,136.1426544189453,4026600
2021-08-10,142.91000366210938,143.0,135.3000030517578,138.05999755859375,132.36517333984375,6403900
2021-08-11,138.50999450683594,138.58999633789062,132.60000610351562,134.82000732421875,129.2588348388672,9630600
2021-08-12,132.0,132.02000427246094,127.69000244140624,129.22000122070312,123.88981628417967,12962600
2021-08-13,129.1300048828125,130.44000244140625,128.5800018310547,129.89999389648438,124.54177856445312,8812400
2021-08-16,129.42999267578125,132.0500030517578,129.10000610351562,131.69000244140625,126.25794219970705,10412000
2021-08-17,130.0500030517578,130.83999633789062,126.70999908447266,128.8000030517578,123.48715209960938,8208400
2021-08-18,128.80999755859375,131.63999938964844,127.18000030517578,127.37000274658205,122.1161117553711,6768800
2021-08-19,126.22000122070312,129.99000549316406,125.27999877929688,129.1999969482422,123.87064361572266,9020200
2021-08-20,130.3800048828125,131.99000549316406,125.25,127.1999969482422,121.95315551757812,13707600
2021-08-23,128.30999755859375,131.5,127.8000030517578,131.49000549316406,125.93156433105467,7710700
2021-08-24,131.8000030517578,133.3800048828125,130.6199951171875,131.44000244140625,125.88363647460938,6356600
2021-08-25,131.5399932861328,134.1999969482422,131.44000244140625,132.82000732421875,127.43799591064452,6735100
2021-08-26,132.77999877929688,133.8300018310547,131.58999633789062,132.49000549316406,127.1213607788086,3958700
2021-08-27,133.00999450683594,137.14999389648438,132.86000061035156,136.5500030517578,131.0168914794922,8413900
2021-08-30,137.57000732421875,137.88999938964844,135.3800048828125,136.0500030517578,130.53712463378906,4617700
2021-08-31,136.4499969482422,136.60000610351562,133.5500030517578,135.1300048828125,129.6544189453125,5586000
2021-09-01,135.67999267578125,136.0399932861328,133.24000549316406,133.4600067138672,128.05206298828125,6260300
2021-09-02,134.72999572753906,135.9499969482422,133.8800048828125,134.4499969482422,129.00192260742188,5142200
2021-09-03,133.83999633789062,136.42999267578125,133.35000610351562,135.8300018310547,130.32603454589844,4836000
2021-09-07,136.64999389648438,137.1699981689453,133.75,136.49000549316406,130.9592742919922,5550400
2021-09-08,135.6999969482422,135.94000244140625,131.75,133.55999755859375,128.1479949951172,7440600
2021-09-09,133.02999877929688,135.85000610351562,132.9199981689453,135.0,129.52967834472656,6808600
2021-09-10,138.27999877929688,140.8000030517578,136.61000061035156,136.83999633789062,131.2950897216797,9054700
2021-09-13,138.72000122070312,141.3000030517578,137.55999755859375,139.44000244140625,133.7897491455078,8507600
2021-09-14,138.11000061035156,141.8000030517578,137.91000366210938,140.13999938964844,134.46141052246094,8073200
2021-09-15,139.99000549316406,141.33999633789062,137.44000244140625,141.22999572753906,135.5072021484375,6103200
2021-09-16,140.36000061035156,144.6300048828125,139.1699981689453,144.08999633789062,138.25135803222656,8467300
2021-09-17,143.0,143.0,139.3800048828125,140.8000030517578,135.09463500976562,10884400
2021-09-20,136.55999755859375,136.69000244140625,133.5500030517578,135.52999877929688,130.03819274902344,8822500
2021-09-21,137.1300048828125,137.24000549316406,133.4499969482422,135.17999267578125,129.70237731933594,5782200
2021-09-22,136.19000244140625,138.8000030517578,135.5500030517578,138.10000610351562,132.50405883789062,6344300
2021-09-23,139.3300018310547,142.14999389648438,138.7100067138672,141.11000061035156,135.39207458496094,5620700
2021-09-24,139.41000366210938,142.3699951171875,139.16000366210938,141.9199981689453,136.16925048828125,3729900
2021-09-27,139.60000610351562,143.27000427246094,139.5399932861328,142.74000549316406,136.9560546875,5248600
2021-09-28,137.61000061035156,139.5800018310547,132.52999877929688,132.88999938964844,127.505126953125,12873900
2021-09-29,132.8000030517578,134.0399932861328,128.0399932861328,128.27000427246094,123.07238006591797,10730100
2021-09-30,129.3800048828125,130.85000610351562,128.50999450683594,128.72999572753906,123.51371765136719,7329800
2021-10-01,129.25999450683594,129.60000610351562,126.41999816894531,129.1300048828125,123.89752197265625,6459200
2021-10-04,127.66000366210938,127.81999969482422,123.16999816894531,125.19999694824219,120.12675476074219,9549500
2021-10-05,127.4800033569336,129.1999969482422,125.4000015258789,128.07000732421875,122.8804931640625,7330400
2021-10-06,126.30000305175781,128.17999267578125,125.72000122070312,126.5199966430664,121.39328002929688,7388700
2021-10-07,128.64999389648438,129.9499969482422,127.45999908447266,127.87999725341797,122.69818115234375,5761300
2021-10-08,128.3000030517578,128.7899932861328,125.87000274658203,126.22000122070312,121.1054458618164,6300500
2021-10-11,125.69999694824219,129.1999969482422,125.66000366210938,127.5,122.33357238769531,5472000
2021-10-12,128.75999450683594,128.8300018310547,124.94000244140625,126.76000213623047,121.62355041503906,7637900
2021-10-13,128.77999877929688,129.47999572753906,127.5,128.2100067138672,123.01480865478516,4950600
2021-10-14,131.6199951171875,132.25,129.64999389648438,132.07000732421875,126.7184066772461,7947600
2021-10-15,132.25999450683594,132.91000366210938,131.25,131.58999633789062,126.25784301757812,4826600
2021-10-18,130.36000061035156,133.39999389648438,129.83999633789062,133.27999877929688,127.87935638427734,4208500
2021-10-19,133.3300018310547,135.33999633789062,132.61000061035156,134.60000610351562,129.14585876464844,3694300
2021-10-20,133.97000122070312,135.1999969482422,133.35000610351562,133.97999572753906,128.5509796142578,4619000
2021-10-21,131.66000366210938,133.50999450683594,130.50999450683594,133.33999633789062,127.9369125366211,5611000
2021-10-22,135.2100067138672,141.55999755859375,134.50999450683594,135.92999267578125,130.42196655273438,10744900
2021-10-25,136.25,137.9199981689453,135.3000030517578,135.75999450683594,130.25889587402344,4005600
2021-10-26,137.27999877929688,137.39999389648438,131.67999267578125,132.0,126.65122985839844,7864600
2021-10-27,133.27999877929688,134.27999877929688,131.41000366210938,132.16000366210938,126.80474853515625,7837600
2021-10-28,134.57000732421875,137.85000610351562,134.52000427246094,136.02000427246094,130.5083465576172,6391700
2021-10-29,134.7899932861328,137.25999450683594,134.5500030517578,136.64999389648438,131.11280822753906,5715300
2021-11-01,136.97999572753906,139.6699981689453,136.4199981689453,139.50999450683594,133.85691833496094,5329000
2021-11-02,139.5,141.47000122070312,138.88999938964844,141.2100067138672,135.48805236816406,4822900
2021-11-03,141.44000244140625,143.35000610351562,139.8800048828125,142.75,136.96563720703125,4117500
2021-11-04,143.27000427246094,150.49000549316406,142.5,150.1300048828125,144.0465545654297,9272800
2021-11-05,150.27000427246094,153.72999572753906,148.7899932861328,153.2899932861328,147.07850646972656,7706800
2021-11-08,154.86000061035156,154.88999938964844,151.22999572753906,152.9600067138672,146.76190185546875,5878500
2021-11-09,152.97999572753906,156.67999267578125,151.4199981689453,156.2899932861328,149.95697021484375,7274600
2021-11-10,153.25,155.0,150.27000427246094,150.39999389648438,144.30564880371094,7149500
2021-11-11,152.22999572753906,154.17999267578125,151.3000030517578,153.89999389648438,147.663818359375,5061000
2021-11-12,154.6699981689453,157.41000366210938,154.11000061035156,156.82000732421875,150.4654998779297,5778600
2021-11-15,156.9600067138672,158.13999938964844,155.1999969482422,156.27000427246094,149.9378204345703,7304300
2021-11-16,155.3800048828125,159.0,153.5500030517578,157.86000061035156,151.46336364746094,6200700
2021-11-17,157.91000366210938,158.50999450683594,155.88999938964844,155.97999572753906,149.65951538085938,5759200
2021-11-18,158.5,158.97999572753906,154.74000549316406,158.74000549316406,152.30772399902344,9929500
2021-11-19,150.97000122070312,156.4499969482422,149.74000549316406,150.02999877929688,143.9506378173828,16028700
2021-11-22,151.0,152.97999572753906,147.36000061035156,147.5500030517578,141.5711212158203,9029100
2021-11-23,148.7100067138672,149.9499969482422,145.10000610351562,148.9199981689453,142.88558959960938,7254500
2021-11-24,148.38999938964844,149.1300048828125,145.80999755859375,149.00999450683594,143.20272827148438,6185900
2021-11-26,145.61000061035156,147.17999267578125,142.22000122070312,143.2899932861328,137.70567321777344,7334100
2021-11-29,146.77000427246094,151.55999755859375,145.5,151.22000122070312,145.32662963867188,9932300
2021-11-30,151.11000061035156,151.97999572753906,146.4600067138672,147.19000244140625,141.4536590576172,13505800
2021-12-01,151.25,156.5800018310547,149.83999633789062,151.6699981689453,145.7591094970703,14372000
2021-12-02,148.0,149.89999389648438,143.74000549316406,146.49000549316406,140.7809600830078,9573200
2021-12-03,148.50999450683594,150.74000549316406,143.3300018310547,145.8300018310547,140.14666748046875,7768000
2021-12-06,145.77999877929688,148.36000061035156,141.02000427246094,147.3800048828125,141.63629150390625,8579700
2021-12-07,151.0,158.0,150.1300048828125,156.88999938964844,150.77566528320312,10514900
2021-12-08,156.86000061035156,157.86000061035156,155.14999389648438,157.2899932861328,151.1600799560547,6582400
2021-12-09,155.83999633789062,158.33999633789062,152.3800048828125,152.64999389648438,146.7008819580078,5420000
2021-12-10,156.11000061035156,156.88999938964844,150.64999389648438,152.72999572753906,146.7777862548828,5291900
2021-12-13,154.08999633789062,154.47000122070312,146.72000122070312,147.10000610351562,141.3671875,6202500
2021-12-14,144.97999572753906,148.1999969482422,144.52999877929688,147.72999572753906,141.9726104736328,5691500
2021-12-15,147.9499969482422,153.88999938964844,145.16000366210938,153.66000366210938,147.6715087890625,6883000
2021-12-16,154.39999389648438,155.35000610351562,146.25999450683594,146.6999969482422,140.98277282714844,7155900
2021-12-17,145.2899932861328,148.97999572753906,144.22000122070312,146.14999389648438,140.4542236328125,9334700
2021-12-20,143.8000030517578,146.77999877929688,143.25,145.00999450683594,139.35862731933594,4653400
2021-12-21,149.36000061035156,151.52000427246094,147.02000427246094,151.4199981689453,145.51876831054688,5986900
2021-12-22,149.97000122070312,152.44000244140625,148.9199981689453,152.32000732421875,146.38377380371094,4293700
2021-12-23,153.07000732421875,156.5399932861328,153.0,155.49000549316406,149.43023681640625,4625500
2021-12-27,156.19000244140625,162.80999755859375,156.19000244140625,162.72000122070312,156.3784637451172,6416500
2021-12-28,162.85000610351562,162.99000549316406,158.75,159.63999938964844,153.41848754882812,5834300
2021-12-29,159.89999389648438,163.02000427246094,159.5500030517578,160.97999572753906,154.70628356933594,4654400
2021-12-30,160.67999267578125,160.9199981689453,157.6300048828125,157.97999572753906,151.8231964111328,4171400
2021-12-31,158.13999938964844,159.6699981689453,157.0399932861328,157.36000061035156,151.22732543945312,3594300
2022-01-03,157.74000549316406,160.77999877929688,156.6999969482422,159.92999267578125,153.69715881347656,5363900
2022-01-04,159.99000549316406,161.83999633789062,154.50999450683594,158.36000061035156,152.18838500976562,6947000
2022-01-05,158.0399932861328,158.88999938964844,153.5,153.74000549316406,147.7484130859375,6840100
2022-01-06,153.27999877929688,157.39999389648438,151.83999633789062,156.33999633789062,150.24710083007812,6576000
2022-01-07,155.10000610351562,157.3800048828125,150.63999938964844,150.80999755859375,144.9326171875,6335700
2022-01-10,147.72000122070312,149.89999389648438,143.27000427246094,149.58999633789062,143.76016235351562,9683900
2022-01-11,148.3800048828125,152.66000366210938,146.27000427246094,152.4499969482422,146.5087127685547,6824400
2022-01-12,154.72999572753906,159.75,154.6199951171875,159.5500030517578,153.33197021484375,10379800
2022-01-13,164.0,166.52999877929688,156.5,157.17999267578125,151.05435180664062,12553600
2022-01-14,155.77999877929688,167.05999755859375,155.60000610351562,167.0,160.49160766601562,11437300
2022-01-18,165.36000061035156,165.88999938964844,151.52000427246094,152.36000061035156,146.4221954345703,12417000
2022-01-19,154.42999267578125,155.82000732421875,142.9199981689453,143.07000732421875,137.4942626953125,12929000
2022-01-20,145.69000244140625,147.32000732421875,138.55999755859375,139.14999389648438,133.72702026367188,10573800
2022-01-21,137.52000427246094,141.89999389648438,134.64999389648438,135.05999755859375,129.7964324951172,12408200
2022-01-24,131.50999450683594,139.44000244140625,129.69000244140625,139.2899932861328,133.86154174804688,13204800
2022-01-25,134.8000030517578,136.41000366210938,131.3699951171875,132.99000549316406,127.80707550048828,11800000
2022-01-26,137.7100067138672,141.5800018310547,132.83999633789062,135.5800018310547,130.296142578125,11852600
2022-01-27,134.24000549316406,135.4499969482422,129.3000030517578,130.14999389648438,125.07776641845703,13539100
2022-01-28,129.60000610351562,132.5,123.8499984741211,132.4499969482422,127.28811645507812,13292900
2022-01-31,132.9199981689453,138.3699951171875,131.6300048828125,138.17999267578125,132.7947998046875,8588900
2022-02-01,138.22999572753906,139.27999877929688,133.3699951171875,138.61000061035156,133.20803833007812,8151400
2022-02-02,140.6999969482422,141.39999389648438,137.2100067138672,140.75999450683594,135.27426147460938,8134100
2022-02-03,138.19000244140625,141.22000122070312,135.10000610351562,136.50999450683594,131.1898651123047,10040600
2022-02-04,134.33999633789062,136.75,131.94000244140625,135.57000732421875,130.28652954101562,8514400
2022-02-07,135.75999450683594,138.2899932861328,135.1999969482422,136.1300048828125,130.82470703125,7242200
2022-02-08,134.83999633789062,139.1999969482422,133.5,138.75,133.34255981445312,6644100
2022-02-09,141.66000366210938,144.97999572753906,139.49000549316406,144.1999969482422,138.58021545410156,7652600
2022-02-10,139.7899932861328,145.16000366210938,139.00999450683594,139.77000427246094,134.32284545898438,8525700
2022-02-11,139.5500030517578,140.55999755859375,131.27999877929688,132.49000549316406,127.32657623291016,9473100
2022-02-14,132.3699951171875,134.39999389648438,129.69000244140625,131.86000061035156,126.72112274169922,9529300
2022-02-15,134.69000244140625,140.3800048828125,134.2899932861328,139.83999633789062,134.39012145996094,9065200
2022-02-16,138.47999572753906,141.7100067138672,136.89999389648438,140.9600067138672,135.46649169921875,7990700
2022-02-17,142.8300018310547,143.7899932861328,134.75,136.47000122070312,131.1514892578125,11879800
2022-02-18,136.99000549316406,137.02999877929688,130.92999267578125,133.35000610351562,128.153076171875,8151300
2022-02-22,129.94000244140625,135.16000366210938,128.5,130.25999450683594,125.40919494628906,7667700
2022-02-23,131.9600067138672,134.22000122070312,127.62000274658203,127.86000061035156,123.09857177734375,8413800
2022-02-24,123.08000183105469,133.6300048828125,122.68000030517578,133.4199981689453,128.4515380859375,8500900
2022-02-25,133.36000061035156,136.13999938964844,131.74000549316406,135.72000122070312,130.66587829589844,7784500
2022-02-28,133.82000732421875,137.05999755859375,132.02999877929688,134.1999969482422,129.20242309570312,7428100
2022-03-01,133.74000549316406,135.05999755859375,128.08999633789062,129.61000061035156,124.78337097167969,9212500
2022-03-02,130.0,134.47000122070312,129.64999389648438,133.17999267578125,128.22042846679688,7008700
2022-03-03,135.1199951171875,135.1199951171875,129.57000732421875,130.63999938964844,125.77505493164062,5449700
2022-03-04,128.3800048828125,129.55999755859375,124.12000274658203,125.73999786376953,121.05752563476562,7096100
2022-03-07,127.55999755859375,128.0500030517578,119.11000061035156,119.22000122070312,114.78031158447266,9207100
2022-03-08,119.79000091552734,127.87000274658203,118.16999816894531,124.1500015258789,119.5267333984375,10525000
2022-03-09,127.69999694824219,129.83999633789062,126.19999694824219,128.6199951171875,123.83027648925781,7623200
2022-03-10,125.72000122070312,126.0,122.68000030517578,124.97000122070312,120.31616973876953,5604400
2022-03-11,130.0,130.0,123.37000274658203,123.63999938964844,119.03570556640625,6016000
2022-03-14,123.73999786376953,124.72000122070312,119.0999984741211,120.12999725341797,115.65641021728516,6733200
2022-03-15,121.72000122070312,124.94999694824219,119.86000061035156,124.41000366210938,119.77703857421875,6875300
2022-03-16,127.31999969482422,130.74000549316406,125.08999633789062,130.47999572753906,125.6209945678711,9668900
2022-03-17,129.32000732421875,132.25999450683594,128.30999755859375,131.99000549316406,127.07477569580078,6781100
2022-03-18,130.60000610351562,135.75,129.75,135.13999938964844,130.1074676513672,11516500
2022-03-21,134.10000610351562,135.3800048828125,131.9199981689453,134.1999969482422,129.20242309570312,6206600
2022-03-22,134.0,137.33999633789062,133.85000610351562,135.47999572753906,130.434814453125,4997800
2022-03-23,133.61000061035156,135.10000610351562,131.1999969482422,131.4199981689453,126.52600860595703,5457900
2022-03-24,133.00999450683594,138.64999389648438,131.3300018310547,138.58999633789062,133.42901611328125,7617800
2022-03-25,138.6300048828125,138.99000549316406,134.8000030517578,137.05999755859375,131.95594787597656,6074200
2022-03-28,135.08999633789062,137.75,133.6999969482422,137.66000366210938,132.53363037109375,5209600
2022-03-29,140.0800018310547,142.00999450683594,138.91000366210938,141.44000244140625,136.1728515625,6162600
2022-03-30,140.69000244140625,141.3000030517578,135.0800018310547,135.8000030517578,130.74290466308594,6387500
2022-03-31,136.10000610351562,137.35000610351562,131.64999389648438,131.8000030517578,126.8918685913086,8474800
2022-04-01,132.8800048828125,133.0399932861328,125.56999969482422,127.41000366210938,122.66532135009766,10138100
2022-04-04,127.16999816894531,129.6999969482422,126.9000015258789,129.44000244140625,124.6197280883789,8347800
2022-04-05,128.77999877929688,128.97999572753906,121.3499984741211,121.70999908447266,117.1775894165039,11653700
2022-04-06,119.01000213623047,121.22000122070312,117.06999969482422,119.33000183105469,114.88623046875,11602000
2022-04-07,119.08000183105469,123.9000015258789,118.58999633789062,122.4000015258789,117.84187316894531,11817200
2022-04-08,121.26000213623047,122.38999938964844,119.45999908447266,119.95999908447266,115.49275970458984,6408100
2022-04-11,118.19999694824219,119.05000305175781,116.13999938964844,116.23999786376953,111.91128540039062,7785100
2022-04-12,118.0999984741211,119.26000213623047,114.16999816894531,114.55999755859375,110.29383087158203,9883800
2022-04-13,115.23999786376953,118.12000274658203,114.48999786376953,116.86000061035156,112.50818634033203,9351400
2022-04-14,117.41000366210938,117.52999877929688,113.25,113.36000061035156,109.13853454589844,7711200
2022-04-18,112.5,115.9800033569336,112.33999633789062,114.87000274658203,110.59231567382812,6822700
2022-04-19,114.12999725341797,117.23999786376953,113.54000091552734,117.05999755859375,112.70075988769531,6086600
2022-04-20,120.5199966430664,122.37000274658203,117.5199966430664,117.88999938964844,113.49983215332031,8856100
2022-04-21,119.20999908447266,121.08000183105469,115.33999633789062,115.69000244140625,111.38177490234375,7849400
2022-04-22,115.2300033569336,116.19000244140625,112.62999725341797,112.80000305175781,108.59939575195312,8489400
2022-04-25,111.41000366210938,114.72000122070312,111.19999694824219,114.47000122070312,110.20719146728516,8518300
2022-04-26,112.83999633789062,113.19999694824219,108.83000183105469,108.91999816894531,104.86388397216797,9461800
2022-04-27,108.37000274658203,112.37000274658203,107.9000015258789,108.80999755859375,104.75798034667969,6891600
2022-04-28,111.41000366210938,115.98999786376953,109.58999633789062,114.62999725341797,110.3612289428711,7379100
2022-04-29,113.02999877929688,116.16000366210938,110.16000366210938,110.3499984741211,106.24063110351562,7998900
2022-05-02,111.0999984741211,113.19999694824219,108.18000030517578,112.97000122070312,108.76305389404297,9425100
2022-05-03,112.18000030517578,114.7300033569336,111.43000030517578,113.80000305175781,109.56216430664062,5463700
2022-05-04,114.16999816894531,119.12000274658203,112.04000091552734,118.80999755859375,114.38557434082031,6352100
2022-05-05,116.06999969482422,116.9000015258789,111.8499984741211,113.47000122070312,109.24444580078125,8172500
2022-05-06,111.87999725341797,115.05000305175781,109.88999938964844,112.5,108.31055450439453,6247000
2022-05-09,107.94000244140625,110.79000091552734,105.37999725341797,105.75,101.81192016601562,10088400
2022-05-10,109.22000122070312,109.56999969482422,105.18000030517578,107.18000030517578,103.18867492675781,8881000
2022-05-11,106.66000366210938,109.12999725341797,103.61000061035156,103.91999816894531,100.05007934570312,8311700
2022-05-12,103.02999877929688,106.87999725341797,102.98999786376953,106.76000213623047,102.7843246459961,9287100
2022-05-13,108.19000244140625,112.62999725341797,108.02999877929688,111.86000061035156,107.69439697265625,8321100
2022-05-16,109.61000061035156,112.30999755859375,108.62000274658203,110.4800033569336,106.36579895019531,7218200
2022-05-17,114.54000091552734,117.31999969482422,113.33000183105469,116.83999633789062,112.48894500732422,6646500
2022-05-18,113.98999786376953,117.05000305175781,110.79000091552734,111.33999633789062,107.1937484741211,8522800
2022-05-19,111.41000366210938,113.4800033569336,110.19999694824219,110.73999786376953,106.6161117553711,10115800
2022-05-20,112.0,112.73999786376953,101.33000183105469,106.45999908447266,102.49549865722656,16285500
2022-05-23,107.08999633789062,111.3499984741211,106.9800033569336,109.93000030517578,105.83627319335938,7669100
2022-05-24,107.87999725341797,108.7300033569336,105.70999908447266,106.58999633789062,102.62065887451172,6785400
2022-05-25,105.06999969482422,109.41999816894531,105.06999969482422,108.52999877929688,104.74388885498047,7378200
2022-05-26,106.95999908447266,115.70999908447266,106.81999969482422,115.06999969482422,111.05574035644531,9173100
2022-05-27,116.62000274658203,119.69999694824219,116.4000015258789,119.4800033569336,115.31192016601562,8510500
2022-05-31,117.55000305175781,118.68000030517578,115.55999755859375,117.29000091552734,113.19831085205078,9751200
2022-06-01,117.95999908447266,118.5,112.80000305175781,114.45999908447266,110.46702575683594,6852200
2022-06-02,114.69000244140625,117.41000366210938,113.55000305175781,117.33000183105469,113.23692321777344,6408500
2022-06-03,114.88999938964844,116.33999633789062,114.13999938964844,114.95999908447266,110.94959259033203,5080700
2022-06-06,117.13999938964844,117.87999725341797,114.37000274658203,115.0,110.9881820678711,3824600
2022-06-07,113.19999694824219,115.98999786376953,112.4000015258789,115.66999816894531,111.63482666015625,4725500
2022-06-08,115.2699966430664,115.66999816894531,111.19000244140625,112.45999908447266,108.53680419921875,5138300
2022-06-09,111.0999984741211,111.97000122070312,107.1500015258789,107.23999786376953,103.49888610839844,5947900
2022-06-10,105.44999694824219,106.30999755859375,101.80999755859375,101.87999725341797,98.32586669921875,8391600
2022-06-13,98.26000213623047,98.8499984741211,95.6500015258789,96.31999969482422,92.95985412597656,10484200
2022-06-14,97.4000015258789,97.95999908447266,95.38999938964844,96.62000274658203,93.24939727783203,7058400
2022-06-15,97.8499984741211,99.30000305175781,95.58999633789062,97.41999816894531,94.02147674560547,9377200
2022-06-16,94.79000091552734,95.11000061035156,88.75,89.58999633789062,86.46461486816406,13359300
2022-06-17,88.20999908447266,90.94000244140625,87.62000274658203,89.83000183105469,86.69625091552734,14451300
2022-06-21,91.69999694824219,95.68000030517578,91.16000366210938,95.16999816894531,91.84996032714844,12207400
2022-06-22,93.08999633789062,95.93000030517578,92.8499984741211,93.94000244140625,90.66288757324219,7652000
2022-06-23,94.62999725341797,95.31999969482422,92.11000061035156,93.27999877929688,90.0259017944336,8286300
2022-06-24,95.31999969482422,98.27999877929688,94.66999816894531,97.36000061035156,93.96356201171875,10582900
2022-06-27,97.97000122070312,98.87000274658203,96.54000091552734,97.61000061035156,94.2048568725586,4950100
2022-06-28,98.11000061035156,98.91000366210938,94.73999786376953,95.0199966430664,91.70520782470703,6494200
2022-06-29,93.97000122070312,94.19999694824219,91.41000366210938,91.94000244140625,88.73265075683594,7570200
2022-06-30,90.25,93.5199966430664,89.2699966430664,90.9800033569336,87.80613708496094,8183600
2022-07-01,88.72000122070312,88.72000122070312,84.45999908447266,86.2699966430664,83.26045227050781,13121600
2022-07-05,83.23999786376953,86.2300033569336,82.66999816894531,86.0,82.99986267089844,9549900
2022-07-06,86.25,87.4800033569336,84.94999694824219,86.55999755859375,83.54032897949219,5732400
2022-07-07,88.69000244140625,91.16000366210938,88.66999816894531,90.75,87.58416748046875,7469600
2022-07-08,89.63999938964844,91.6500015258789,89.30000305175781,91.19000244140625,88.00880432128906,4890800
2022-07-11,89.5,90.06999969482422,87.81999969482422,88.62000274658203,85.52845001220703,5319300
2022-07-12,89.23999786376953,90.0199966430664,88.08999633789062,88.7300033569336,85.6346206665039,5492300
2022-07-13,86.52999877929688,90.12000274658203,86.4800033569336,89.08000183105469,85.972412109375,5786900
2022-07-14,88.4800033569336,92.08000183105469,86.41000366210938,91.66999816894531,88.47206115722656,8686500
2022-07-15,92.36000061035156,94.58999633789062,90.20999908447266,94.47000122070312,91.17439270019531,8051200
2022-07-18,95.76000213623047,96.4000015258789,92.55000305175781,93.13999938964844,89.8907699584961,5683400
2022-07-19,94.68000030517578,98.63999938964844,94.37000274658203,98.2300033569336,94.80321502685547,8203200
2022-07-20,97.58999633789062,102.86000061035156,97.51000213623047,102.2300033569336,98.6636734008789,8314000
2022-07-21,103.54000091552734,103.97000122070312,101.0199966430664,103.83999633789062,100.2175064086914,5463800
2022-07-22,103.70999908447266,103.95999908447266,100.94000244140625,101.66999816894531,98.12322235107422,5100400
2022-07-25,100.51000213623047,101.2699966430664,99.45999908447266,101.0,97.47657775878906,4367000
2022-07-26,100.58000183105469,100.9800033569336,98.56999969482422,98.91000366210938,95.4594955444336,5073900
2022-07-27,100.56999969482422,104.5,100.05999755859375,103.45999908447266,99.85076904296875,7275000
2022-07-28,103.37000274658203,105.29000091552734,100.75,105.16000366210938,101.491455078125,6090500
2022-07-29,103.5,106.55000305175781,103.04000091552734,105.9800033569336,102.28286743164062,5817700
2022-08-01,104.48999786376953,107.33999633789062,103.66999816894531,106.4000015258789,102.68822479248047,4737500
2022-08-02,104.70999908447266,106.54000091552734,103.66000366210938,104.98999786376953,101.32740783691406,4137900
2022-08-03,105.73999786376953,110.5999984741211,105.68000030517578,109.01000213623047,105.20716094970703,6088000
2022-08-04,109.41999816894531,111.19000244140625,109.02999877929688,111.05999755859375,107.18563842773438,5279600
2022-08-05,109.05999755859375,111.22000122070312,107.44000244140625,109.62000274658203,105.79588317871094,4784000
2022-08-08,109.19999694824219,110.36000061035156,105.94000244140625,107.83000183105469,104.0683364868164,6038600
2022-08-09,103.75,103.97000122070312,97.87999725341797,99.66000366210938,96.18333435058594,10355800
2022-08-10,102.7699966430664,105.12999725341797,100.94000244140625,105.05000305175781,101.38529205322266,8599800
2022-08-11,105.79000091552734,108.91000366210938,104.98999786376953,105.52999877929688,101.84855651855469,5555600
2022-08-12,106.19999694824219,111.31999969482422,105.76000213623047,110.37999725341797,106.52935791015625,6644700
2022-08-15,109.80000305175781,111.6500015258789,108.0,109.77999877929688,105.9502944946289,8342600
2022-08-16,108.44000244140625,109.58999633789062,107.01000213623047,108.48999786376953,104.70528411865234,4892400
2022-08-17,107.0,107.2699966430664,104.12000274658203,106.0,102.30215454101562,5495600
2022-08-18,106.68000030517578,109.33000183105469,105.5,108.2699966430664,104.49296569824219,10062400
2022-08-19,106.62999725341797,107.30000305175781,103.3499984741211,104.62999725341797,100.97996520996094,12380900
2022-08-22,102.80000305175781,103.41999816894531,100.3499984741211,100.80999755859375,97.29322814941406,6180100
2022-08-23,101.11000061035156,103.30999755859375,101.05000305175781,101.93000030517578,98.37413024902344,4882300
2022-08-24,101.25,102.08999633789062,100.13999938964844,101.4800033569336,98.1903076171875,4741200
2022-08-25,101.97000122070312,105.18000030517578,101.47000122070312,105.0,101.59618377685547,7645200
2022-08-26,105.0,105.0,98.55000305175781,98.80000305175781,95.59718322753906,7757100
2022-08-29,97.55000305175781,98.70999908447266,96.37000274658203,96.54000091552734,93.41043853759766,5609700
2022-08-30,97.91000366210938,98.27999877929688,93.55999755859375,94.5199966430664,91.45592498779297,11623200
2022-08-31,94.70999908447266,94.81999969482422,92.61000061035156,94.06999969482422,91.02051544189453,8729700
2022-09-01,91.54000091552734,91.97000122070312,89.02999877929688,91.80999755859375,88.83377838134766,9953700
2022-09-02,93.1500015258789,93.83999633789062,90.54000091552734,91.23999786376953,88.28226470947266,6795400
2022-09-06,91.12000274658203,91.5999984741211,89.22000122070312,90.29000091552734,87.36306762695312,5922500
2022-09-07,90.56999969482422,92.7699966430664,89.87999725341797,91.94000244140625,88.95955657958984,5567500
2022-09-08,91.0199966430664,93.83000183105469,90.26000213623047,93.79000091552734,90.74959564208984,5233000
2022-09-09,95.12000274658203,97.01000213623047,95.05999755859375,96.51000213623047,93.38140869140625,5094300
2022-09-12,96.9000015258789,97.66999816894531,95.23999786376953,96.30000305175781,93.17823791503906,5329300
2022-09-13,92.43000030517578,93.3499984741211,90.0,90.38999938964844,87.4598159790039,8422200
2022-09-14,91.94000244140625,91.94000244140625,89.5999984741211,90.63999938964844,87.70169830322266,5828200
2022-09-15,90.04000091552734,90.81999969482422,88.08999633789062,88.91999816894531,86.0374526977539,7120300
2022-09-16,87.62000274658203,89.3499984741211,86.94000244140625,88.87000274658203,85.98908996582031,10893600
2022-09-19,87.8499984741211,90.29000091552734,87.70999908447266,89.72000122070312,86.81153869628906,5260300
2022-09-20,88.0199966430664,89.0199966430664,87.3499984741211,88.12000274658203,85.26339721679688,4435700
2022-09-21,88.37000274658203,91.26000213623047,87.05000305175781,87.08999633789062,84.26676940917969,6953400
2022-09-22,86.63999938964844,86.79000091552734,84.58999633789062,85.04000091552734,82.28323364257812,8558400
2022-09-23,84.19000244140625,84.4800033569336,82.69999694824219,84.29000091552734,81.55755615234375,7384500
2022-09-26,84.29000091552734,85.58000183105469,82.83999633789062,82.94000244140625,80.25132751464844,7015800
2022-09-27,84.43000030517578,85.18000030517578,82.52999877929688,84.1500015258789,81.42208099365234,6220000
2022-09-28,83.0,86.4000015258789,82.83999633789062,86.0,83.21212005615234,7992500
2022-09-29,84.75,85.0999984741211,83.19999694824219,84.41999816894531,81.68333435058594,8542500
2022-09-30,81.94000244140625,84.45999908447266,81.52999877929688,81.93000030517578,79.27406311035156,9051000
2022-10-03,83.04000091552734,87.61000061035156,83.01000213623047,86.25,83.45402526855469,9631500
2022-10-04,89.12000274658203,90.2699966430664,88.47000122070312,89.41000366210938,86.51156616210938,7914900
2022-10-05,87.6500015258789,90.16999816894531,86.19000244140625,89.22000122070312,86.3277359008789,7608600
2022-10-06,88.9800033569336,91.19000244140625,87.87999725341797,88.12000274658203,85.26339721679688,6686700
2022-10-07,85.16999816894531,85.54000091552734,82.0199966430664,82.5999984741211,79.92232513427734,10029900
2022-10-10,82.0,82.12999725341797,77.36000061035156,79.19000244140625,76.62287902832031,14211900
2022-10-11,77.73999786376953,78.7699966430664,74.97000122070312,76.30000305175781,73.82657623291016,12441100
2022-10-12,76.55000305175781,77.0,75.47000122070312,76.01000213623047,73.54597473144531,7770200
2022-10-13,72.18000030517578,81.5199966430664,71.12000274658203,79.41999816894531,76.84540557861328,17560200
2022-10-14,79.55999755859375,79.9000015258789,74.58999633789062,74.81999969482422,72.39454650878906,10453000
2022-10-17,77.20999908447266,77.88999938964844,74.16000366210938,74.41000366210938,71.9978256225586,10772300
2022-10-18,76.69000244140625,77.44000244140625,74.1500015258789,75.2300033569336,72.79125213623047,10231000
2022-10-19,75.0,77.79000091552734,74.44000244140625,77.26000213623047,74.75544738769531,10579200
2022-10-20,78.36000061035156,82.12000274658203,77.20999908447266,78.66000366210938,76.11006164550781,13287900
2022-10-21,78.83000183105469,82.6500015258789,78.12999725341797,82.41999816894531,79.7481689453125,11569500
2022-10-24,82.83000183105469,85.08000183105469,81.9000015258789,84.94000244140625,82.18648529052734,12005000
2022-10-25,85.94000244140625,88.5,85.75,87.52999877929688,84.69251251220703,10349400
2022-10-26,86.47000122070312,90.25,85.80000305175781,88.13999938964844,85.28275299072266,8989100
2022-10-27,88.77999877929688,89.98999786376953,86.37000274658203,86.54000091552734,83.73461151123047,6822500
2022-10-28,86.62000274658203,89.93000030517578,86.45999908447266,89.72000122070312,86.81153869628906,6388600
2022-10-31,88.86000061035156,89.4000015258789,87.66000366210938,88.29000091552734,85.42788696289062,6875400
2022-11-01,90.5,90.80000305175781,89.0,89.79000091552734,86.87925720214844,6105600
2022-11-02,90.3499984741211,93.29000091552734,87.52999877929688,87.76000213623047,84.91508483886719,10650300
2022-11-03,85.95999908447266,87.70999908447266,84.69999694824219,86.30000305175781,83.50239562988281,6849700
2022-11-04,90.05000305175781,91.80000305175781,88.83999633789062,91.69999694824219,88.72732543945312,8692700
2022-11-07,92.26000213623047,95.12000274658203,92.0999984741211,95.04000091552734,91.95907592773438,7684200
2022-11-08,96.9800033569336,98.79000091552734,94.77999877929688,97.45999908447266,94.30061340332031,10067000
2022-11-09,95.27999877929688,96.61000061035156,94.23999786376953,94.37999725341797,91.32046508789062,6864600
2022-11-10,100.16000366210938,104.88999938964844,99.4800033569336,104.79000091552734,101.39301300048828,11692800
2022-11-11,105.30999755859375,110.88999938964844,104.79000091552734,110.52999877929688,106.9469223022461,11160000
2022-11-14,108.86000061035156,110.2300033569336,107.44999694824219,107.61000061035156,104.12158203125,7761700
2022-11-15,111.16999816894531,112.12000274658203,108.7699966430664,110.45999908447266,106.87920379638672,9438600
2022-11-16,105.37999725341797,107.12999725341797,102.98999786376953,104.22000122070312,100.84148406982422,12082500
2022-11-17,100.41999816894531,105.5999984741211,100.20999908447266,104.44999694824219,101.06402587890625,10682800
2022-11-18,109.98999786376953,110.0,103.6500015258789,104.69999694824219,101.305908203125,10921100
2022-11-21,103.52999877929688,105.91000366210938,101.83999633789062,105.13999938964844,101.73164367675781,9282400
2022-11-22,105.91999816894531,107.29000091552734,103.8499984741211,107.04000091552734,103.570068359375,8497200
2022-11-23,106.31999969482422,108.56999969482422,106.31999969482422,107.66999816894531,104.43331146240234,4077500
2022-11-25,106.91999816894531,107.5,105.79000091552734,105.81999969482422,102.638916015625,3012500
2022-11-28,104.0,105.08999633789062,102.80999755859375,103.47000122070312,100.35957336425781,6382700
2022-11-29,104.05999755859375,104.91999816894531,102.91999816894531,103.25,100.14618682861328,3450400
2022-11-30,103.97000122070312,109.63999938964844,102.66000366210938,109.5999984741211,106.30529022216797,11167000
2022-12-01,110.1500015258789,110.66999816894531,105.76000213623047,107.01000213623047,103.79315185546875,6976200
2022-12-02,104.31999969482422,107.31999969482422,104.22000122070312,106.70999908447266,103.50215911865234,3903300
2022-12-05,106.37000274658203,107.69000244140625,105.20999908447266,106.43000030517578,103.23058319091797,4692500
2022-12-06,106.81999969482422,107.06999969482422,103.7699966430664,104.70999908447266,101.56228637695312,4571700
2022-12-07,104.70999908447266,107.6500015258789,104.13999938964844,106.11000061035156,102.92021179199219,6383600
2022-12-08,107.04000091552734,109.44000244140625,106.5,108.61000061035156,105.34504699707031,5493200
2022-12-09,107.77999877929688,109.73999786376953,107.0,107.33999633789062,104.11323547363281,4705700
2022-12-12,106.81999969482422,109.41999816894531,105.63999938964844,109.37000274658203,106.08220672607422,4831400
2022-12-13,115.38999938964844,116.08999633789062,111.16000366210938,111.87000274658203,108.50704193115234,9557300
2022-12-14,111.36000061035156,112.61000061035156,108.55000305175781,109.63999938964844,106.3440933227539,6429300
2022-12-15,107.75,108.0199966430664,104.0199966430664,104.55999755859375,101.41680145263672,6773500
2022-12-16,104.1500015258789,105.93000030517578,103.55000305175781,104.7300033569336,101.5816879272461,12925700
2022-12-19,104.83000183105469,105.05999755859375,102.66999816894531,103.98999786376953,100.86392211914062,6162500
2022-12-20,102.06999969482422,104.61000061035156,102.04000091552734,103.5,100.38866424560547,4761800
2022-12-21,104.62999725341797,106.51000213623047,104.19999694824219,105.9000015258789,102.71652221679688,4889100
2022-12-22,102.11000061035156,102.61000061035156,95.97000122070312,97.5999984741211,94.66602325439453,11326600
2022-12-23,96.69000244140625,97.38999938964844,95.33000183105469,97.22000122070312,94.29743957519531,4753500
2022-12-27,96.18000030517578,96.83999633789062,95.16999816894531,95.33999633789062,92.47396850585938,6121400
2022-12-28,94.66999816894531,95.77999877929688,93.68000030517578,94.2300033569336,91.3973388671875,4274000
2022-12-29,96.05000305175781,97.63999938964844,95.12999725341797,97.13999938964844,94.21983337402344,5071800
2022-12-30,95.5999984741211,97.4800033569336,95.02999877929688,97.37999725341797,94.45262145996094,3407000
2023-01-03,99.7699966430664,100.0199966430664,96.12000274658203,96.7300033569336,93.82217407226562,5921500
2023-01-04,98.22000122070312,99.62000274658203,97.19000244140625,99.30999755859375,96.32462310791016,6289500
2023-01-05,97.83999633789062,99.23999786376953,97.36000061035156,97.91999816894531,94.9764175415039,4557100
2023-01-06,100.0,104.86000061035156,98.58000183105469,104.2699966430664,101.1355209350586,7241700
2023-01-09,105.55000305175781,108.76000213623047,104.16000366210938,106.48999786376953,103.28878784179688,6212300
2023-01-10,106.13999938964844,108.19000244140625,105.86000061035156,108.04000091552734,104.79219055175781,4638800
2023-01-11,106.68000030517578,110.19000244140625,106.52999877929688,110.05999755859375,106.75145721435547,5532600
2023-01-12,110.58000183105469,111.88999938964844,107.2300033569336,110.19999694824219,106.88723754882812,5330900
2023-01-13,107.52999877929688,110.19999694824219,107.44000244140625,109.97000122070312,106.6641845703125,5641600
2023-01-17,109.41000366210938,110.62999725341797,107.77999877929688,109.41000366210938,106.12100219726562,4848100
2023-01-18,110.76000213623047,112.38999938964844,109.58000183105469,109.69999694824219,106.40229034423828,5374100
2023-01-19,109.48999786376953,109.63999938964844,106.08999633789062,106.16000366210938,102.96870422363281,5325100
2023-01-20,106.80000305175781,109.77999877929688,106.48999786376953,109.6500015258789,106.3537826538086,5078500
2023-01-23,108.52999877929688,114.91000366210938,108.5,114.16000366210938,110.72821044921875,7669300
2023-01-24,113.47000122070312,114.06999969482422,112.47000122070312,112.98999786376953,109.5933837890625,3504700
2023-01-25,110.98999786376953,114.44000244140625,109.41000366210938,113.94999694824219,110.5245361328125,5957600
2023-01-26,114.4000015258789,115.76000213623047,112.2699966430664,115.58000183105469,112.10552978515625,5813000
2023-01-27,112.62000274658203,113.88999938964844,110.69999694824219,112.5,109.11811828613281,8705700
2023-01-30,110.69000244140625,110.97000122070312,107.97000122070312,108.19999694824219,104.9473648071289,7351700
2023-01-31,108.95999908447266,111.55999755859375,108.61000061035156,111.48999786376953,108.13848114013672,6577100
2023-02-01,112.11000061035156,120.12999725341797,111.91000366210938,119.01000213623047,115.43241882324219,9886400
2023-02-02,120.30999755859375,124.91999816894531,120.30000305175781,124.26000213623047,120.52460479736328,11206500
2023-02-03,122.91999816894531,123.66999816894531,119.61000061035156,119.9800033569336,116.37326049804688,6156900
2023-02-06,118.20999908447266,119.44000244140625,116.91000366210938,117.69000244140625,114.152099609375,5331000
2023-02-07,117.38999938964844,121.29000091552734,116.75,120.5199966430664,116.89700317382812,4935300
2023-02-08,119.1500015258789,119.37000274658203,115.47000122070312,115.94999694824219,112.46440124511719,6460500
2023-02-09,118.36000061035156,119.55999755859375,115.08000183105469,116.08000183105469,112.59049987792969,5512200
2023-02-10,114.80000305175781,114.97000122070312,112.97000122070312,114.7699966430664,111.31986999511719,4374400
2023-02-13,115.16999816894531,116.72000122070312,114.55000305175781,116.52999877929688,113.02696228027344,4198200
2023-02-14,114.87000274658203,119.01000213623047,113.8499984741211,118.44000244140625,114.87955474853516,4870700
2023-02-15,117.0,119.58000183105469,115.98999786376953,119.45999908447266,115.86886596679688,4980000
2023-02-16,116.87999725341797,118.08000183105469,115.13999938964844,115.38999938964844,111.92122650146484,9117600
2023-02-17,116.77999877929688,117.4000015258789,113.37999725341797,115.44000244140625,111.9697265625,9287100
2023-02-21,113.63999938964844,114.83000183105469,110.93000030517578,111.27999877929688,107.9347915649414,7583900
2023-02-22,111.12000274658203,112.37999725341797,109.4800033569336,110.41000366210938,107.34175109863281,5089200
2023-02-23,112.54000091552734,113.95999908447266,109.91000366210938,112.91000366210938,109.77227783203125,7136100
2023-02-24,111.01000213623047,112.0999984741211,110.37999725341797,111.30999755859375,108.21672058105469,5808400
2023-02-27,113.51000213623047,113.88999938964844,111.48999786376953,112.06999969482422,108.95559692382812,5362700
2023-02-28,116.13999938964844,118.06999969482422,114.8499984741211,116.1500015258789,112.92223358154297,13010900
2023-03-01,117.69999694824219,119.31999969482422,116.94000244140625,117.26000213623047,114.00138854980469,6756800
2023-03-02,115.44999694824219,119.08999633789062,113.93000030517578,118.44999694824219,115.15831756591797,6502200
2023-03-03,118.75,119.13999938964844,116.94999694824219,118.95999908447266,115.65413665771484,7232400
2023-03-06,119.8499984741211,121.5,118.22000122070312,118.54000091552734,115.24580383300781,5775700
2023-03-07,118.33000183105469,118.72000122070312,115.66000366210938,116.37000274658203,113.1361083984375,5225900
2023-03-08,116.62000274658203,119.0999984741211,116.62000274658203,118.6500015258789,115.35275268554688,4474900
2023-03-09,118.69000244140625,120.95999908447266,116.8499984741211,117.04000091552734,113.78748321533203,5701400
2023-03-10,118.33999633789062,118.62000274658203,113.91999816894531,114.38999938964844,111.21114349365234,7009600
2023-03-13,113.79000091552734,117.31999969482422,111.91999816894531,115.83999633789062,112.62081909179688,8221300
2023-03-14,118.77999877929688,121.23999786376953,117.87999725341797,120.33999633789062,116.99578857421875,8322400
2023-03-15,118.5199966430664,118.83000183105469,115.69999694824219,118.4800033569336,115.1874771118164,9517700
2023-03-16,118.20999908447266,123.43000030517578,116.9000015258789,122.83000183105469,119.41658782958984,6787700
2023-03-17,123.6500015258789,124.38999938964844,121.62000274658203,122.5999984741211,119.19297790527344,13761500
2023-03-20,123.0,124.76000213623047,122.43000030517578,124.04000091552734,120.59295654296875,4974700
2023-03-21,123.87999725341797,125.62000274658203,118.41000366210938,120.4000015258789,117.05411529541016,10090100
2023-03-22,120.2699966430664,123.73999786376953,118.69000244140625,118.86000061035156,115.5569076538086,8342500
2023-03-23,121.2699966430664,124.98999786376953,120.16999816894531,122.77999877929688,119.36797332763672,6182200
2023-03-24,121.63999938964844,122.12000274658203,118.05000305175781,119.52999877929688,116.20829010009766,6354500
2023-03-27,120.75,120.9800033569336,118.31999969482422,118.87000274658203,115.566650390625,4628200
2023-03-28,118.88999938964844,119.05999755859375,115.58000183105469,116.4000015258789,113.16526794433594,5523800
2023-03-29,118.72000122070312,121.01000213623047,117.36000061035156,119.8499984741211,116.5194091796875,7865300
2023-03-30,122.0,123.37999725341797,121.33999633789062,122.11000061035156,118.71659851074219,6213800
2023-03-31,121.5199966430664,123.5199966430664,121.0,122.83000183105469,119.41658782958984,5016500
2023-04-03,121.62999725341797,122.44000244140625,120.5999984741211,122.31999969482422,118.9207763671875,5146800
2023-04-04,122.94000244140625,122.97000122070312,119.38999938964844,120.12000274658203,116.78189849853516,4772200
2023-04-05,119.58999633789062,119.69000244140625,115.6500015258789,117.31999969482422,114.0597152709961,6691700
2023-04-06,114.18000030517578,115.29000091552734,111.87000274658203,114.44999694824219,111.26944732666016,6275000
2023-04-10,112.47000122070312,116.70999908447266,112.44999694824219,116.5,113.26250457763672,4096500
2023-04-11,117.33000183105469,117.83000183105469,116.08000183105469,116.37999725341797,113.14582824707031,3373000
2023-04-12,117.7300033569336,117.80000305175781,112.87000274658203,113.16000366210938,110.01531219482422,5838900
2023-04-13,113.52999877929688,113.91000366210938,111.5199966430664,113.47000122070312,110.31670379638672,5299500
2023-04-14,113.36000061035156,115.05000305175781,111.37000274658203,112.9000015258789,109.76254272460938,5211600
2023-04-17,109.22000122070312,111.97000122070312,109.0,111.79000091552734,108.68338775634766,6952200
2023-04-18,112.5,113.58999633789062,110.52999877929688,111.2699966430664,108.1778335571289,5055000
2023-04-19,109.8499984741211,110.61000061035156,109.12000274658203,110.33999633789062,107.27366638183594,6796800
2023-04-20,111.25,116.33000183105469,111.25,114.38999938964844,111.21114349365234,8699500
2023-04-21,113.47000122070312,114.0999984741211,112.20999908447266,113.45999908447266,110.30696868896484,4516800
2023-04-24,113.48999786376953,113.94000244140625,112.54000091552734,113.61000061035156,110.45280456542969,3218100
2023-04-25,112.5,113.66000366210938,110.41999816894531,110.61000061035156,107.53618621826172,6282600
2023-04-26,111.16000366210938,111.5,109.81999969482422,110.30999755859375,107.2445297241211,6245800
2023-04-27,111.30000305175781,112.18000030517578,109.1500015258789,111.68000030517578,108.5764389038086,9447000
2023-04-28,111.69999694824219,113.26000213623047,111.12000274658203,113.02999877929688,109.88892364501953,8064400
2023-05-01,113.30000305175781,114.44000244140625,112.0999984741211,112.94999694824219,109.81114959716797,4171600
2023-05-02,112.91999816894531,113.38999938964844,111.19999694824219,112.16000366210938,109.0431137084961,4850200
2023-05-03,111.94000244140625,115.2699966430664,111.88999938964844,113.29000091552734,110.14170837402344,5624100
2023-05-04,113.05000305175781,113.41000366210938,111.72000122070312,112.44999694824219,109.32504272460938,3579600
2023-05-05,113.69999694824219,116.62000274658203,112.97000122070312,116.05999755859375,112.834716796875,4874200
2023-05-08,116.87000274658203,117.58999633789062,114.93000030517578,115.75,112.53334045410156,3247600
2023-05-09,114.08000183105469,114.41000366210938,112.86000061035156,113.83999633789062,110.67642974853516,3173700
2023-05-10,115.5199966430664,116.23999786376953,114.13999938964844,115.41000366210938,112.2027816772461,4101000
2023-05-11,115.30000305175781,115.83999633789062,113.91000366210938,115.45999908447266,112.25139617919922,3630400
2023-05-12,116.70999908447266,117.06999969482422,114.98999786376953,116.08999633789062,112.86387634277344,3838700
2023-05-15,116.69000244140625,121.26000213623047,116.0199966430664,121.11000061035156,117.74437713623047,5859200
2023-05-16,120.83000183105469,123.06999969482422,120.44000244140625,120.91999816894531,117.55966186523438,5080700
2023-05-17,122.25,126.30000305175781,121.87999725341797,125.69999694824219,122.20683288574219,7349600
2023-05-18,125.80999755859375,132.05999755859375,125.76000213623047,129.9199981689453,126.3095932006836,10891200
2023-05-19,128.3000030517578,128.32000732421875,125.25,126.94999694824219,123.42208099365234,10257200
2023-05-22,127.2300033569336,127.55999755859375,125.6500015258789,126.55000305175781,123.0332260131836,4709100
2023-05-23,125.88999938964844,126.7300033569336,124.19000244140625,124.48999786376953,121.03046417236328,4604500
2023-05-24,121.91999816894531,122.62000274658203,120.18000030517578,121.7300033569336,118.65217590332031,6315600
2023-05-25,127.16999816894531,130.72999572753906,126.12999725341797,130.47000122070312,127.17117309570312,9575700
2023-05-26,130.77000427246094,136.69000244140625,129.99000549316406,136.05999755859375,132.6197967529297,9083800
2023-05-30,138.0,138.8000030517578,135.49000549316406,136.57000732421875,133.11695861816406,7753800
2023-05-31,133.60000610351562,135.75,132.16000366210938,133.3000030517578,129.92959594726562,11368600
2023-06-01,133.72999572753906,136.19000244140625,131.69000244140625,134.8300018310547,131.4209442138672,5007000
2023-06-02,135.13999938964844,135.3300018310547,132.3800048828125,134.6300048828125,131.22598266601562,5327400
2023-06-05,134.82000732421875,135.14999389648438,133.0399932861328,133.72999572753906,130.34872436523438,3798300
2023-06-06,131.39999389648438,135.35000610351562,130.75,133.94000244140625,130.55343627929688,5468900
2023-06-07,135.27000427246094,137.0399932861328,133.5800018310547,135.00999450683594,131.59640502929688,4835700
2023-06-08,135.85000610351562,136.75999450683594,134.14999389648438,136.1999969482422,132.7563018798828,4507000
2023-06-09,137.7899932861328,137.97999572753906,135.82000732421875,136.1199951171875,132.6782989501953,3675200
2023-06-12,137.74000549316406,140.22999572753906,136.8300018310547,140.00999450683594,136.46995544433594,5931900
2023-06-13,141.5,142.52999877929688,139.41000366210938,141.7899932861328,138.20494079589844,6859500
2023-06-14,138.41000366210938,141.36000061035156,138.22999572753906,141.1699981689453,137.60061645507812,6474600
2023-06-15,138.69000244140625,141.42999267578125,137.92999267578125,140.11000061035156,136.56744384765625,5524400
2023-06-16,140.88999938964844,140.9499969482422,138.1300048828125,138.92999267578125,135.41725158691406,8847400
2023-06-20,139.11000061035156,140.32000732421875,137.27000427246094,138.52000427246094,135.01763916015625,3840000
2023-06-21,138.52999877929688,139.16000366210938,135.8699951171875,136.6699981689453,133.2144012451172,4715300
2023-06-22,135.0,139.60000610351562,135.0,138.9199981689453,135.40753173828125,3763600
2023-06-23,136.5500030517578,136.7899932861328,134.83999633789062,136.07000732421875,132.62954711914062,6956900
2023-06-26,136.47000122070312,140.8699951171875,136.47000122070312,139.8000030517578,136.26527404785156,7256100
2023-06-27,140.14999389648438,146.69000244140625,139.9600067138672,146.5500030517578,142.84461975097656,7343900
2023-06-28,142.8000030517578,145.9199981689453,142.0500030517578,144.02999877929688,140.38832092285156,6645200
2023-06-29,144.69000244140625,145.25,143.50999450683594,144.22999572753906,140.58322143554688,3916500
2023-06-30,145.3000030517578,145.5500030517578,143.44000244140625,144.5399932861328,140.8854217529297,6142600
2023-07-03,144.02000427246094,145.91000366210938,143.3800048828125,145.47000122070312,141.79193115234375,2533600
2023-07-05,144.25,144.9199981689453,142.16000366210938,142.25999450683594,138.66307067871094,5198400
2023-07-06,140.66000366210938,141.3300018310547,138.75999450683594,140.3800048828125,136.83059692382812,5793500
2023-07-07,139.6199951171875,142.1199951171875,139.41000366210938,139.57000732421875,136.0410919189453,3459400
2023-07-10,139.77999877929688,141.8800048828125,139.6999969482422,140.55999755859375,137.00608825683594,6364400
2023-07-11,140.17999267578125,140.44000244140625,134.00999450683594,137.55999755859375,134.08189392089844,7706100
2023-07-12,139.2100067138672,139.6999969482422,137.85000610351562,138.88999938964844,135.37826538085938,5590100
2023-07-13,140.1199951171875,143.66000366210938,140.02000427246094,142.64999389648438,139.04319763183594,5410800
2023-07-14,144.57000732421875,145.38999938964844,142.3800048828125,142.74000549316406,139.1309356689453,6058800
2023-07-17,142.97999572753906,146.5,141.8300018310547,145.5,141.82113647460938,6306700
2023-07-18,143.8000030517578,145.14999389648438,141.91000366210938,144.50999450683594,140.8561553955078,6492700
2023-07-19,144.0500030517578,144.64999389648438,141.17999267578125,141.77999877929688,138.19522094726562,5379400
2023-07-20,137.82000732421875,138.19000244140625,133.52000427246094,134.0399932861328,130.65090942382812,9883200
2023-07-21,135.22000122070312,137.3000030517578,135.19000244140625,136.39999389648438,132.9512176513672,15686100
2023-07-24,137.60000610351562,139.0800018310547,136.85000610351562,138.35000610351562,134.8519287109375,5276000
2023-07-25,138.69000244140625,141.39999389648438,138.5,140.05999755859375,136.51870727539062,5038500
2023-07-26,137.6300048828125,140.2899932861328,136.80999755859375,139.02000427246094,135.50497436523438,4050400
2023-07-27,144.22999572753906,150.42999267578125,144.2100067138672,146.13999938964844,142.44497680664062,8928900
2023-07-28,149.5800018310547,153.27999877929688,148.6999969482422,151.92999267578125,148.08859252929688,7802000
2023-07-31,151.92999267578125,152.67999267578125,150.52000427246094,151.58999633789062,147.75714111328125,4184400
2023-08-01,150.9199981689453,152.86000061035156,150.27999877929688,152.6300048828125,148.7708740234375,3088100
2023-08-02,150.6199951171875,150.6199951171875,146.8800048828125,147.3300018310547,143.60488891601562,5468300
2023-08-03,146.00999450683594,148.6999969482422,145.36000061035156,147.80999755859375,144.07276916503906,4338600
2023-08-04,147.52000427246094,149.07000732421875,145.07000732421875,145.66000366210938,141.9771270751953,3984500
2023-08-07,147.0500030517578,150.69000244140625,147.02999877929688,150.3800048828125,146.57774353027344,3896100
2023-08-08,148.14999389648438,148.30999755859375,145.89999389648438,148.00999450683594,144.26768493652344,3443700
2023-08-09,147.97999572753906,148.91000366210938,144.8000030517578,145.16000366210938,141.48974609375,4796600
2023-08-10,146.77000427246094,147.97999572753906,143.10000610351562,144.61000061035156,140.95361328125,4018300
2023-08-11,142.22000122070312,142.47000122070312,138.52999877929688,138.8300018310547,135.31979370117188,5193200
2023-08-14,138.1999969482422,141.94000244140625,137.6699981689453,141.88999938964844,138.30245971679688,4850400
2023-08-15,141.27000427246094,141.85000610351562,139.74000549316406,140.0800018310547,136.53819274902344,3384900
2023-08-16,140.52999877929688,141.25999450683594,138.1699981689453,138.25,134.75445556640625,4613000
2023-08-17,139.19000244140625,139.7899932861328,136.57000732421875,137.58999633789062,134.11114501953125,7065700
2023-08-18,137.3300018310547,143.64999389648438,135.52999877929688,142.66000366210938,139.05296325683594,11541800
2023-08-21,143.27999877929688,149.22000122070312,143.16000366210938,148.77000427246094,145.00845336914062,8121900
2023-08-22,150.75999450683594,151.14999389648438,146.94000244140625,147.85000610351562,144.1117401123047,4865900
2023-08-23,147.00999450683594,148.57000732421875,146.0500030517578,148.0,144.57083129882812,5300400
2023-08-24,149.5399932861328,149.9499969482422,141.82000732421875,142.52000427246094,139.21783447265625,6771000
2023-08-25,143.58999633789062,144.9600067138672,140.9600067138672,144.36000061035156,141.01516723632812,4720600
2023-08-28,145.30999755859375,147.19000244140625,144.0399932861328,145.4199981689453,142.05059814453125,3565800
2023-08-29,143.86000061035156,150.52000427246094,143.86000061035156,149.97999572753906,146.5049591064453,5017200
2023-08-30,149.19000244140625,151.57000732421875,148.17999267578125,150.9499969482422,147.4525146484375,4000000
2023-08-31,149.41000366210938,153.38999938964844,149.41000366210938,152.75999450683594,149.22056579589844,6593800
2023-09-01,154.5,154.5399932861328,152.5,153.99000549316406,150.4220733642578,3693100
2023-09-05,153.97000122070312,154.82000732421875,152.32000732421875,153.61000061035156,150.0508575439453,4266700
2023-09-06,153.25,155.25999450683594,151.5500030517578,153.17999267578125,149.6308135986328,3109600
2023-09-07,149.22000122070312,149.49000549316406,145.1300048828125,148.22999572753906,144.79550170898438,6720300
2023-09-08,147.72000122070312,148.5,146.17999267578125,147.52999877929688,144.11172485351562,4473300
2023-09-11,150.0,150.0,144.0399932861328,146.7100067138672,143.31072998046875,4145000
2023-09-12,146.02999877929688,146.44000244140625,143.72000122070312,143.97000122070312,140.63424682617188,4470600
2023-09-13,144.2100067138672,147.11000061035156,143.8000030517578,144.5800018310547,141.2300567626953,4625200
2023-09-14,146.41000366210938,146.7100067138672,143.94000244140625,144.57000732421875,141.22032165527344,5629800
2023-09-15,140.85000610351562,141.22000122070312,136.7100067138672,138.25,135.04676818847656,13654600
2023-09-18,137.8800048828125,140.97999572753906,137.52000427246094,140.27000427246094,137.0199737548828,5607700
2023-09-19,139.7100067138672,140.0500030517578,136.6699981689453,137.7100067138672,134.51925659179688,6365400
2023-09-20,138.75999450683594,139.66000366210938,136.88999938964844,136.97000122070312,133.79640197753906,5806900
2023-09-21,135.02000427246094,137.50999450683594,134.94000244140625,135.19000244140625,132.05767822265625,5241000
2023-09-22,136.99000549316406,138.30999755859375,135.75,136.1699981689453,133.01492309570312,5301100
2023-09-25,135.88999938964844,137.0399932861328,134.72000122070312,136.58999633789062,133.42518615722656,5161300
2023-09-26,135.61000061035156,136.02999877929688,133.5399932861328,134.0800018310547,130.97340393066406,5343000
2023-09-27,135.22000122070312,136.07000732421875,133.10000610351562,135.05999755859375,131.9306640625,6296200
2023-09-28,134.67999267578125,139.8000030517578,134.27999877929688,138.22000122070312,135.01744079589844,5341600
2023-09-29,140.22000122070312,141.55999755859375,138.07000732421875,138.4499969482422,135.24212646484375,4448200
2023-10-02,138.86000061035156,141.41000366210938,137.25999450683594,139.50999450683594,136.2775421142578,4896900
2023-10-03,138.67999267578125,140.00999450683594,135.42999267578125,136.72000122070312,133.5522003173828,6173000
2023-10-04,137.57000732421875,139.61000061035156,136.97000122070312,139.3000030517578,136.0724334716797,5543600
2023-10-05,139.4499969482422,140.14999389648438,137.77999877929688,139.27999877929688,136.05287170410156,4310400
2023-10-06,138.0500030517578,141.16000366210938,135.14999389648438,140.2899932861328,137.03945922851562,5234400
2023-10-09,139.47000122070312,140.92999267578125,137.75999450683594,140.14999389648438,136.90274047851562,3271500
2023-10-10,141.0399932861328,142.72999572753906,140.35000610351562,141.39999389648438,138.123779296875,3342900
2023-10-11,142.82000732421875,142.94000244140625,140.80999755859375,142.17999267578125,138.88568115234375,5136900
2023-10-12,143.0,148.39999389648438,142.77000427246094,145.0,141.6403350830078,8109900
2023-10-13,147.0500030517578,147.10000610351562,140.72000122070312,141.13999938964844,137.86978149414062,6600500
2023-10-16,141.75999450683594,142.66000366210938,139.74000549316406,141.0,137.73304748535156,6097400
2023-10-17,139.1300048828125,142.7899932861328,136.80999755859375,142.72000122070312,139.41317749023438,5915900
2023-10-18,139.89999389648438,142.47999572753906,138.10000610351562,141.4499969482422,138.172607421875,5357900
2023-10-19,142.83999633789062,143.0500030517578,133.77000427246094,134.42999267578125,131.3152618408203,9400300
2023-10-20,134.52000427246094,136.14999389648438,133.36000061035156,134.1199951171875,131.01243591308594,6149500
2023-10-23,133.1999969482422,135.80999755859375,131.89999389648438,134.22999572753906,131.119873046875,3820100
2023-10-24,135.3300018310547,135.5500030517578,133.50999450683594,134.89999389648438,131.7743682861328,5238800
2023-10-25,133.07000732421875,133.25999450683594,129.75,130.11000061035156,127.0953598022461,7118100
2023-10-26,131.11000061035156,134.41000366210938,130.50999450683594,130.83999633789062,127.80844116210938,5462700
2023-10-27,131.27000427246094,133.11000061035156,130.55999755859375,131.3000030517578,128.25779724121094,4397300
2023-10-30,131.9600067138672,132.9600067138672,129.82000732421875,131.02999877929688,127.99404907226562,4604600
2023-10-31,131.8000030517578,132.5500030517578,129.2100067138672,132.35000610351562,129.28347778320312,4108100
2023-11-01,133.02999877929688,135.8300018310547,132.77999877929688,135.2899932861328,132.15533447265625,5127800
2023-11-02,137.80999755859375,139.77999877929688,136.6699981689453,138.50999450683594,135.30072021484375,6088400
2023-11-03,139.49000549316406,141.77000427246094,139.07000732421875,139.75,136.5120086669922,5560300
2023-11-06,140.39999389648438,140.7899932861328,139.2100067138672,140.36000061035156,137.1078643798828,4823200
2023-11-07,140.0,141.9199981689453,139.69000244140625,141.74000549316406,138.45591735839844,4886800
2023-11-08,142.3699951171875,144.52999877929688,141.61000061035156,144.22999572753906,140.88816833496094,4305900
2023-11-09,144.89999389648438,147.2100067138672,142.88999938964844,143.1699981689453,139.85276794433594,4979900
2023-11-10,145.19000244140625,150.99000549316406,144.6699981689453,150.67999267578125,147.18875122070312,6699400
2023-11-13,149.0,150.25,147.5500030517578,149.74000549316406,146.2705535888672,4125200
2023-11-14,153.02999877929688,154.91000366210938,152.13999938964844,154.0800018310547,150.50997924804688,6505000
2023-11-15,154.97000122070312,156.77000427246094,154.05999755859375,155.3699951171875,151.77008056640625,4383300
2023-11-16,155.39999389648438,157.75999450683594,151.1999969482422,154.80999755859375,151.22305297851562,10513800
2023-11-17,142.0399932861328,149.0500030517578,141.94000244140625,148.58999633789062,145.14715576171875,18912700
2023-11-20,148.8800048828125,153.0,148.80999755859375,152.57000732421875,149.03497314453125,7087400
2023-11-21,151.57000732421875,151.80999755859375,148.1699981689453,149.25,145.79190063476562,6517900
2023-11-22,151.02999877929688,153.7899932861328,149.02000427246094,149.47999572753906,146.33030700683594,5071300
2023-11-24,149.3300018310547,150.66000366210938,149.3300018310547,150.33999633789062,147.1721649169922,1992000
2023-11-27,149.5,151.75999450683594,148.77000427246094,150.80999755859375,147.6322784423828,3429700
2023-11-28,149.36000061035156,149.99000549316406,146.50999450683594,148.05999755859375,144.94020080566406,5799600
2023-11-29,150.24000549316406,152.82000732421875,148.85000610351562,149.36000061035156,146.2128143310547,4975600
2023-11-30,150.41000366210938,150.47999572753906,147.0399932861328,149.77999877929688,146.62396240234375,7555600
2023-12-01,149.55999755859375,151.97999572753906,148.6300048828125,151.58999633789062,148.39581298828125,4929400
2023-12-04,150.0399932861328,150.66000366210938,145.66000366210938,148.27000427246094,145.1457977294922,5859600
2023-12-05,146.52999877929688,147.47000122070312,145.22000122070312,146.14999389648438,143.07044982910156,5206300
2023-12-06,148.67999267578125,148.72000122070312,144.69000244140625,144.6999969482422,141.6510009765625,4491100
2023-12-07,146.9600067138672,148.5399932861328,144.57000732421875,148.38999938964844,145.2632598876953,5753600
2023-12-08,147.4199981689453,148.80999755859375,145.99000549316406,147.72000122070312,144.60739135742188,4990200
2023-12-11,149.2100067138672,155.66000366210938,149.13999938964844,155.13999938964844,151.8710174560547,6945800
2023-12-12,155.13999938964844,158.17999267578125,154.63999938964844,157.22000122070312,153.9071807861328,5705200
2023-12-13,157.02999877929688,158.3800048828125,154.6300048828125,156.99000549316406,153.6820526123047,5561700
2023-12-14,157.77000427246094,163.05999755859375,157.7100067138672,161.74000549316406,158.3319854736328,7401200
2023-12-15,162.2100067138672,164.2100067138672,161.49000549316406,161.9499969482422,158.5375518798828,8577200
2023-12-18,160.88999938964844,161.35000610351562,157.72999572753906,160.36000061035156,156.9810333251953,4772300
2023-12-19,160.5800018310547,162.72999572753906,160.02000427246094,162.3300018310547,158.90951538085938,4958200
2023-12-20,160.80999755859375,162.0,156.8300018310547,156.9199981689453,153.61349487304688,5488700
2023-12-21,161.0,161.82000732421875,159.5800018310547,161.38999938964844,157.9893035888672,4257300
2023-12-22,161.60000610351562,163.0,160.83999633789062,162.0500030517578,158.63543701171875,2770600
2023-12-26,162.3000030517578,164.97000122070312,162.10000610351562,164.27999877929688,160.8184356689453,2520500
2023-12-27,164.5399932861328,164.99000549316406,163.52999877929688,164.2100067138672,160.74993896484375,3319600
2023-12-28,165.0,165.00999450683594,162.85000610351562,163.1199951171875,159.68287658691406,2909700
2023-12-29,163.11000061035156,163.55999755859375,160.6999969482422,162.07000732421875,158.655029296875,2980700
2024-01-02,160.0,160.11000061035156,153.42999267578125,154.3699951171875,151.1172332763672,8607300
2024-01-03,151.7100067138672,153.1699981689453,150.72999572753906,151.4499969482422,148.2587890625,6100100
2024-01-04,149.8000030517578,152.0,148.75,149.30999755859375,146.16387939453125,6196100
2024-01-05,150.0800018310547,151.52000427246094,148.0500030517578,149.0,145.86041259765625,5400100
2024-01-08,149.8300018310547,152.7899932861328,149.72000122070312,151.55999755859375,148.366455078125,6515500
2024-01-09,149.8699951171875,151.69000244140625,148.92999267578125,151.02999877929688,147.84762573242188,5606700
2024-01-10,151.77000427246094,151.89999389648438,148.24000549316406,149.80999755859375,146.65335083007812,5035700
2024-01-11,150.25,152.44000244140625,148.47999572753906,151.9499969482422,148.7482147216797,5995600
2024-01-12,152.1999969482422,152.39999389648438,150.3699951171875,151.25,148.06300354003906,4083700
2024-01-16,151.3000030517578,154.24000549316406,149.83999633789062,153.75999450683594,150.52011108398438,6528000
2024-01-17,153.11000061035156,153.75,150.1999969482422,153.3699951171875,150.13829040527344,6630600
2024-01-18,158.66000366210938,160.74000549316406,156.77999877929688,160.33999633789062,156.96144104003906,8133700
2024-01-19,162.57000732421875,168.27999877929688,162.3000030517578,167.94000244140625,164.4013214111328,9159000
2024-01-22,168.17999267578125,171.91000366210938,167.63999938964844,168.3000030517578,164.7537384033203,7176400
2024-01-23,167.75999450683594,168.0,164.7100067138672,167.0500030517578,163.53009033203125,5053600
2024-01-24,171.38999938964844,175.9600067138672,170.6699981689453,174.13999938964844,170.4706573486328,9729000
2024-01-25,177.1699981689453,178.39999389648438,172.42999267578125,172.6300048828125,168.9924774169922,7234400
2024-01-26,169.07000732421875,169.57000732421875,166.6199951171875,166.89999389648438,163.3832244873047,6653700
2024-01-29,166.30999755859375,168.50999450683594,166.0800018310547,168.47999572753906,164.92996215820312,5370700
2024-01-30,167.3300018310547,169.1699981689453,165.82000732421875,166.24000549316406,162.73712158203125,5255300
2024-01-31,164.0,166.6199951171875,160.9600067138672,164.3000030517578,160.83804321289062,6049400
2024-02-01,165.4600067138672,167.74000549316406,164.8300018310547,166.97000122070312,163.45175170898438,4082600
2024-02-02,165.9199981689453,169.17999267578125,165.4600067138672,168.17999267578125,164.63626098632812,4740800
2024-02-05,168.60000610351562,172.27999877929688,168.27999877929688,171.08999633789062,167.48492431640625,5749100
2024-02-06,170.99000549316406,172.7100067138672,167.5,168.6999969482422,165.14529418945312,4550100
2024-02-07,170.49000549316406,172.91000366210938,168.8300018310547,170.89999389648438,167.29896545410156,5103400
2024-02-08,169.99000549316406,175.0,169.3800048828125,173.88999938964844,170.22592163085938,7327900
2024-02-09,179.0399932861328,186.14999389648438,178.61000061035156,185.83999633789062,181.92413330078125,9539900
2024-02-12,185.27000427246094,188.2100067138672,184.63999938964844,185.5399932861328,181.63046264648438,7085400
2024-02-13,178.60000610351562,182.19000244140625,176.94000244140625,180.30999755859375,176.5106658935547,9692500
2024-02-14,182.63999938964844,186.97999572753906,182.63999938964844,186.19000244140625,182.26675415039062,8437900
2024-02-15,189.0,189.47000122070312,186.3800048828125,187.66000366210938,183.70579528808594,8622900
2024-02-16,202.02000427246094,206.77000427246094,197.3000030517578,199.57000732421875,195.36483764648438,15557900
2024-02-20,195.58999633789062,195.86000061035156,186.1199951171875,189.13999938964844,185.1546173095703,11216100
2024-02-21,187.9199981689453,190.3699951171875,185.88999938964844,190.3300018310547,186.63531494140625,6977500
2024-02-22,198.27999877929688,201.5500030517578,196.6699981689453,199.72999572753906,195.85281372070312,10225900
2024-02-23,199.32000732421875,201.33999633789062,196.61000061035156,197.16000366210938,193.3327178955078,5108100
2024-02-26,199.8000030517578,203.99000549316406,199.1300048828125,203.5500030517578,199.59869384765625,6466600
2024-02-27,203.72999572753906,204.44000244140625,201.22000122070312,202.86000061035156,198.92208862304688,5167100
2024-02-28,198.49000549316406,199.17999267578125,196.49000549316406,197.5399932861328,193.70533752441406,6207900
2024-02-29,199.91000366210938,202.0,197.25999450683594,201.6199951171875,197.70611572265625,9449600
2024-03-01,203.77000427246094,211.3800048828125,203.55999755859375,210.25,206.1686248779297,7647400
2024-03-04,212.0,213.3699951171875,209.0399932861328,209.49000549316406,205.42337036132812,7089800
2024-03-05,207.75,210.75999450683594,204.77999877929688,207.38999938964844,203.36415100097656,6100200
2024-03-06,209.9499969482422,213.50999450683594,209.1300048828125,212.1699981689453,208.05133056640625,5642400
2024-03-07,213.22999572753906,214.25999450683594,211.50999450683594,212.61000061035156,208.48280334472656,6363100
2024-03-08,212.47999572753906,213.60000610351562,205.38999938964844,205.55999755859375,201.56967163085938,6940800
2024-03-11,203.27999877929688,203.27999877929688,197.61000061035156,201.3699951171875,197.46099853515625,6566600
2024-03-12,203.8800048828125,205.00999450683594,199.33999633789062,204.94000244140625,200.96168518066406,7211300
2024-03-13,202.97000122070312,203.8800048828125,199.94000244140625,200.55999755859375,196.66671752929688,5050300
2024-03-14,201.92999267578125,202.39999389648438,199.0500030517578,200.75,196.85302734375,4934900
2024-03-15,199.44000244140625,201.27999877929688,197.0,198.64999389648438,194.79380798339844,9936400
2024-03-18,201.67999267578125,203.1699981689453,199.6300048828125,200.72999572753906,196.8334197998047,5062300
2024-03-19,199.17999267578125,201.5500030517578,197.3000030517578,201.33999633789062,197.43157958984375,4624500
2024-03-20,201.0,205.9199981689453,198.8000030517578,205.05999755859375,201.07936096191406,4278000
2024-03-21,213.3699951171875,214.91000366210938,210.36000061035156,210.8000030517578,206.7079620361328,6145200
2024-03-22,208.50999450683594,211.72000122070312,208.42999267578125,210.25,206.1686248779297,3829200
2024-03-25,207.6300048828125,211.30999755859375,207.35000610351562,208.4600067138672,204.41336059570312,3137600
2024-03-26,209.7899932861328,211.2100067138672,206.57000732421875,206.6699981689453,202.6580810546875,3607400
2024-03-27,208.0399932861328,208.49000549316406,203.89999389648438,208.0,203.9622802734375,3123900
2024-03-28,207.55999755859375,207.64999389648438,202.7100067138672,206.22999572753906,202.2266387939453,5750100
2024-04-01,206.92999267578125,211.77000427246094,205.9600067138672,208.69000244140625,204.63890075683594,3189700
2024-04-02,206.5800018310547,206.5800018310547,203.39999389648438,206.11000061035156,202.10897827148438,4311400
2024-04-03,203.60000610351562,209.14999389648438,203.5,207.3800048828125,203.35433959960938,3375600
2024-04-04,211.61000061035156,213.0399932861328,201.6699981689453,203.38999938964844,199.44180297851562,6242800
2024-04-05,204.89999389648438,209.52999877929688,204.89999389648438,207.85000610351562,203.81521606445312,3330700
2024-04-08,212.86000061035156,213.0,208.1300048828125,209.0399932861328,204.98208618164062,4435500
2024-04-09,211.35000610351562,212.10000610351562,207.6300048828125,210.41000366210938,206.3254852294922,3659200
2024-04-10,208.88999938964844,211.66000366210938,208.1199951171875,209.25,205.18801879882812,4645300
2024-04-11,209.4600067138672,213.3300018310547,208.36000061035156,212.97999572753906,208.8456268310547,4291600
2024-04-12,208.0,209.9499969482422,206.91000366210938,207.86000061035156,203.8250274658203,5854800
2024-04-15,211.89999389648438,214.4600067138672,204.27000427246094,205.67999267578125,201.6873321533203,4492500
2024-04-16,206.33999633789062,210.4199981689453,205.75,209.47999572753906,205.41357421875,3749200
2024-04-17,206.08999633789062,207.0,198.10000610351562,199.88999938964844,196.00970458984375,6350300
2024-04-18,197.47000122070312,198.4199981689453,193.52000427246094,194.32000732421875,190.54786682128906,6219400
2024-04-19,194.25999450683594,194.69000244140625,188.16000366210938,189.77000427246094,186.086181640625,6495200
2024-04-22,191.5500030517578,191.77999877929688,186.86000061035156,189.4600067138672,185.78221130371094,7149800
2024-04-23,190.25,194.5,189.97000122070312,193.24000549316406,189.4888153076172,4425900
2024-04-24,197.99000549316406,199.36000061035156,192.72000122070312,196.05999755859375,192.2540740966797,4609400
2024-04-25,196.27999877929688,198.4499969482422,193.60000610351562,197.5,193.6661376953125,4238300
2024-04-26,197.02999877929688,203.99000549316406,197.02999877929688,203.3800048828125,199.43199157714844,3933500
2024-04-29,203.50999450683594,205.2899932861328,201.77999877929688,205.25999450683594,201.27548217773438,2789200
2024-04-30,203.6699981689453,205.8300018310547,198.57000732421875,198.64999389648438,194.79380798339844,3898200
2024-05-01,196.0800018310547,200.67999267578125,192.69000244140625,193.99000549316406,190.22425842285156,5815500
2024-05-02,196.25999450683594,198.47999572753906,193.27999877929688,197.91000366210938,194.0681915283203,3523200
2024-05-03,202.0,205.27000427246094,199.9499969482422,204.08999633789062,200.12818908691406,3818500
2024-05-06,205.30999755859375,209.17999267578125,204.3000030517578,208.86000061035156,204.8055877685547,3638500
2024-05-07,209.24000549316406,209.47000122070312,207.22000122070312,207.32000732421875,203.29550170898438,3200900
2024-05-08,205.91000366210938,207.9600067138672,204.75,207.36000061035156,203.33473205566406,2932300
2024-05-09,207.36000061035156,208.25,205.72000122070312,206.3300018310547,202.32470703125,2758200
2024-05-10,208.8000030517578,212.57000732421875,208.52000427246094,209.72999572753906,205.65870666503906,3502900
2024-05-13,208.39999389648438,208.47000122070312,205.44000244140625,206.6300048828125,202.61886596679688,3526900
2024-05-14,205.83999633789062,210.10000610351562,204.7100067138672,209.82000732421875,205.7469482421875,3442200
2024-05-15,212.5,217.61000061035156,210.85000610351562,217.49000549316406,213.26809692382812,5820900
2024-05-16,218.22000122070312,218.75,213.9199981689453,214.02999877929688,209.87522888183594,7977900
2024-05-17,216.39999389648438,219.36000061035156,210.22999572753906,212.0800018310547,207.9630889892578,8031800
2024-05-20,212.14999389648438,221.75,212.11000061035156,219.9499969482422,215.68032836914062,5954500
2024-05-21,218.0,220.25999450683594,215.80999755859375,219.8000030517578,215.53321838378906,3918200
2024-05-22,220.52000427246094,220.72999572753906,216.22999572753906,218.14999389648438,214.30526733398438,5047000
2024-05-23,225.0,225.07000732421875,216.3300018310547,217.9499969482422,214.1088104248047,5806600
2024-05-24,220.1999969482422,223.1199951171875,218.63999938964844,220.88999938964844,216.9969940185547,3795700
2024-05-28,222.14999389648438,223.22000122070312,219.8800048828125,221.32000732421875,217.4193878173828,5509400
2024-05-29,217.58999633789062,220.64999389648438,217.16000366210938,219.0500030517578,215.18939208984375,4718800
2024-05-30,217.97000122070312,219.69000244140625,215.5,216.5399932861328,212.7236328125,4059200
2024-05-31,216.75,218.50999450683594,209.02000427246094,215.0800018310547,211.28936767578125,13548700
2024-06-03,218.3300018310547,218.35000610351562,208.92999267578125,214.2100067138672,210.43470764160156,3828100
2024-06-04,213.8000030517578,214.35000610351562,209.02999877929688,212.22000122070312,208.4797821044922,4379600
2024-06-05,219.60000610351562,224.72000122070312,218.19000244140625,223.3699951171875,219.43325805664062,7887900
2024-06-06,221.6699981689453,223.25999450683594,219.02000427246094,221.75,217.84182739257812,3951200
2024-06-07,224.2100067138672,224.5500030517578,220.0800018310547,221.72999572753906,217.82217407226562,3627200
2024-06-10,219.7100067138672,228.8300018310547,219.6300048828125,228.16000366210938,224.13885498046875,4796900
2024-06-11,227.27000427246094,230.07000732421875,224.63999938964844,229.97000122070312,225.9169464111328,4768600
2024-06-12,231.42999267578125,238.39999389648438,230.77999877929688,237.64999389648438,233.46156311035156,5573500
2024-06-13,231.47000122070312,238.36000061035156,231.4199981689453,237.5500030517578,233.36334228515625,3682400
2024-06-14,234.0800018310547,238.25999450683594,233.6199951171875,237.02999877929688,232.85252380371094,3306500
2024-06-17,236.6699981689453,243.27999877929688,236.27000427246094,242.86000061035156,238.5797576904297,4974600
2024-06-18,242.77999877929688,249.4199981689453,242.08999633789062,247.8300018310547,243.46218872070312,5256900
2024-06-20,247.0,247.8300018310547,238.66000366210938,239.99000549316406,235.76036071777344,7045000
2024-06-21,238.32000732421875,238.47999572753906,232.8300018310547,235.41000366210938,231.26107788085938,15289800
2024-06-24,233.0,235.41000366210938,229.42999267578125,229.83999633789062,225.78921508789062,5928700
2024-06-25,231.0399932861328,234.5500030517578,228.5399932861328,234.27000427246094,230.14114379882812,4594900
2024-06-26,235.0,236.9199981689453,230.8000030517578,232.1699981689453,228.07815551757812,4818700
2024-06-27,237.5,237.82000732421875,231.8000030517578,232.52999877929688,228.4318084716797,4309600
2024-06-28,235.35000610351562,241.2899932861328,233.91000366210938,235.99000549316406,231.83084106445312,6387400
2024-07-01,236.86000061035156,238.36000061035156,233.0800018310547,237.41000366210938,233.225830078125,4239600
2024-07-02,235.02000427246094,241.0,235.02000427246094,240.86000061035156,236.61502075195312,3510600
2024-07-03,241.63999938964844,244.72000122070312,239.85000610351562,243.30999755859375,239.02183532714844,2768800
2024-07-05,244.69000244140625,244.72000122070312,240.8699951171875,242.58999633789062,238.3145294189453,4076200
2024-07-08,243.11000061035156,247.17999267578125,243.11000061035156,246.2899932861328,241.94931030273438,3782100
2024-07-09,248.0,252.1300048828125,247.47999572753906,251.47000122070312,247.03799438476562,4889900
2024-07-10,253.0,255.88999938964844,250.66000366210938,254.97000122070312,250.476318359375,4258100
2024-07-11,255.57000732421875,255.57000732421875,241.10000610351562,241.25999450683594,237.00794982910156,5623800
2024-07-12,241.61000061035156,248.77000427246094,240.5399932861328,243.39999389648438,239.1102294921875,5396300
2024-07-15,244.52000427246094,248.80999755859375,243.61000061035156,245.5500030517578,241.2223663330078,3674300
2024-07-16,246.9600067138672,247.52000427246094,241.94000244140625,245.83999633789062,241.5072479248047,4124800
2024-07-17,231.24000549316406,233.32000732421875,219.75999450683594,220.07000732421875,216.19140625,10538900
2024-07-18,222.14999389648438,222.3300018310547,213.25,217.64999389648438,213.8140869140625,7715800
2024-07-19,217.5,218.27999877929688,209.6699981689453,210.25999450683594,206.5543212890625,6517100
2024-07-22,216.22999572753906,224.08999633789062,213.36000061035156,223.47000122070312,219.53150939941406,7515600
2024-07-23,220.4499969482422,221.9499969482422,218.6199951171875,219.64999389648438,215.77880859375,3635300
2024-07-24,217.3699951171875,217.77000427246094,205.52999877929688,206.52999877929688,202.89004516601562,9263400
2024-07-25,207.14999389648438,209.2100067138672,200.3300018310547,202.32000732421875,198.75424194335938,9961400
2024-07-26,206.99000549316406,208.36000061035156,202.80999755859375,206.47000122070312,202.8311004638672,5209000
2024-07-29,208.3000030517578,212.52999877929688,204.88999938964844,205.57000732421875,201.94699096679688,4199200
2024-07-30,208.25999450683594,209.1699981689453,195.33999633789062,196.74000549316406,193.27261352539062,7652600
2024-07-31,206.10000610351562,212.8699951171875,204.5,212.1999969482422,208.4601287841797,11123700
2024-08-01,204.1300048828125,209.0800018310547,192.32000732421875,196.3000030517578,192.84033203125,11268300
2024-08-02,187.8699951171875,189.57000732421875,179.6300048828125,181.80999755859375,178.605712890625,12991600
2024-08-05,175.16000366210938,187.1699981689453,171.61000061035156,181.88999938964844,178.684326171875,10079100
2024-08-06,183.32000732421875,188.50999450683594,180.3000030517578,183.30999755859375,180.07931518554688,5803900
2024-08-07,190.0,191.39999389648438,177.94000244140625,178.50999450683594,175.36387634277344,6652100
2024-08-08,185.25999450683594,190.8300018310547,181.19000244140625,190.5500030517578,187.19171142578125,8637100
2024-08-09,190.00999450683594,193.32000732421875,188.0500030517578,191.17999267578125,187.81057739257812,5050800
2024-08-12,191.5,196.39999389648438,190.35000610351562,193.08999633789062,189.68695068359375,5568100
2024-08-13,196.44000244140625,201.8300018310547,193.72000122070312,200.8000030517578,197.26104736328125,6198900
2024-08-14,202.69000244140625,204.80999755859375,197.72999572753906,201.6300048828125,198.07640075683594,5377900
2024-08-15,207.30999755859375,213.0,205.1300048828125,211.8300018310547,208.09664916992188,12073500
2024-08-16,204.9499969482422,208.88999938964844,201.17999267578125,207.89999389648438,204.2359161376953,11644600
2024-08-19,207.0,211.11000061035156,202.5,210.94000244140625,207.2223358154297,5285400
2024-08-20,209.2899932861328,210.58999633789062,204.35000610351562,206.16000366210938,202.526611328125,4860300
2024-08-21,208.0500030517578,210.0,206.57000732421875,209.1199951171875,205.43441772460938,4460500
2024-08-22,208.6300048828125,210.33999633789062,199.44000244140625,200.1999969482422,197.0485382080078,6621900
2024-08-23,202.16000366210938,205.8300018310547,200.17999267578125,202.6699981689453,199.47964477539062,5296400
2024-08-26,200.6699981689453,201.25999450683594,195.14999389648438,196.22999572753906,193.14100646972656,7333900
2024-08-27,194.77999877929688,196.8000030517578,191.7899932861328,195.77000427246094,192.68826293945312,6632500
2024-08-28,194.67999267578125,196.63999938964844,190.8000030517578,192.88999938964844,189.85362243652344,6412500
2024-08-29,196.6699981689453,198.30999755859375,191.6699981689453,192.97999572753906,189.9421844482422,6730300
2024-08-30,197.52999877929688,197.83999633789062,192.5500030517578,197.25999450683594,194.15478515625,7313800
2024-09-03,193.0800018310547,194.07000732421875,182.5,183.3699951171875,180.48345947265625,12163400
2024-09-04,179.99000549316406,184.32000732421875,177.42999267578125,182.3800048828125,179.50904846191406,6378100
2024-09-05,179.0399932861328,183.74000549316406,177.88999938964844,180.24000549316406,177.40274047851562,6495000
2024-09-06,179.5,180.7100067138672,173.38999938964844,174.75,171.99916076660156,8887900
2024-09-09,177.10000610351562,178.5500030517578,174.57000732421875,177.5500030517578,174.75506591796875,7492500
2024-09-10,177.97000122070312,178.50999450683594,174.11000061035156,178.0500030517578,175.2471923828125,5367900
2024-09-11,180.24000549316406,186.41000366210938,175.41000366210938,185.94000244140625,183.0130157470703,8187100
2024-09-12,184.36000061035156,185.1300048828125,180.0500030517578,183.2100067138672,180.32598876953125,8011700
2024-09-13,185.3000030517578,188.8000030517578,184.9499969482422,188.47000122070312,185.50318908691406,4851300
2024-09-16,185.0,187.91000366210938,183.13999938964844,187.5800018310547,184.62716674804688,5915800
2024-09-17,189.5,190.5,185.97999572753906,188.58999633789062,185.62127685546875,4026100
2024-09-18,190.75999450683594,191.66000366210938,185.75,186.13999938964844,183.20985412597656,4266900
2024-09-19,194.5500030517578,198.3300018310547,192.91000366210938,196.7100067138672,193.6134796142578,7326100
2024-09-20,194.35000610351562,195.52999877929688,189.47000122070312,192.16000366210938,189.1350860595703,14306900
2024-09-23,194.4199981689453,195.63999938964844,192.69000244140625,194.0399932861328,190.9854736328125,4457900
2024-09-24,196.50999450683594,197.85000610351562,193.75999450683594,196.77999877929688,193.682373046875,4849700
2024-09-25,195.2899932861328,200.2899932861328,195.2899932861328,197.30999755859375,194.2040252685547,5060100
2024-09-26,210.82000732421875,212.14999389648438,202.5,209.61000061035156,206.3103790283203,7849800
2024-09-27,211.0800018310547,211.3300018310547,204.0,204.9199981689453,201.69424438476562,4524800
2024-09-30,201.0,204.30999755859375,198.69000244140625,202.0500030517578,198.86941528320312,5746000
2024-10-01,203.41000366210938,204.05999755859375,193.63999938964844,197.1999969482422,194.09573364257812,6930100
2024-10-02,197.8300018310547,204.50999450683594,196.74000549316406,201.14999389648438,197.98358154296875,5536600
2024-10-03,197.7100067138672,203.1300048828125,197.7100067138672,199.58999633789062,196.44813537597656,3813300
2024-10-04,204.6199951171875,204.9199981689453,199.50999450683594,201.97000122070312,198.79066467285156,4131100
2024-10-07,199.3800048828125,201.58999633789062,198.22999572753906,200.1300048828125,196.97964477539062,3711100
2024-10-08,200.1300048828125,202.5500030517578,198.6699981689453,200.8800048828125,197.71783447265625,3616100
2024-10-09,201.39999389648438,205.58999633789062,200.6300048828125,205.05999755859375,201.83203125,4141600
2024-10-10,201.02000427246094,204.25,199.9499969482422,203.9600067138672,200.7493438720703,3796800
2024-10-11,202.13999938964844,207.22999572753906,202.13999938964844,205.05999755859375,201.83203125,2604100
2024-10-14,206.9600067138672,214.25,206.9600067138672,213.88999938964844,210.52305603027344,5239300
2024-10-15,213.67999267578125,215.6999969482422,189.57000732421875,191.02000427246094,188.01304626464844,16613200
2024-10-16,193.22000122070312,193.22000122070312,183.89999389648438,184.58999633789062,181.6842498779297,10972600
2024-10-17,190.0,190.8000030517578,183.0,183.24000549316406,180.3555145263672,9727100
2024-10-18,186.27999877929688,186.7899932861328,184.63999938964844,186.36000061035156,183.4263916015625,5758600
2024-10-21,186.16000366210938,186.7100067138672,184.10000610351562,184.4600067138672,181.55628967285156,4918100
2024-10-22,184.60000610351562,185.27999877929688,182.57000732421875,183.0,180.11927795410156,6753600
2024-10-23,181.9499969482422,183.74000549316406,179.7899932861328,182.6999969482422,179.82398986816406,6015200
2024-10-24,186.8800048828125,187.8000030517578,183.22999572753906,183.75,180.8574676513672,6122100
2024-10-25,186.49000549316406,189.1999969482422,186.1699981689453,186.52000427246094,183.58387756347656,4794700
2024-10-28,186.52000427246094,187.63999938964844,184.41000366210938,185.33999633789062,182.4224395751953,4101000
2024-10-29,185.33999633789062,191.52999877929688,184.64999389648438,190.1199951171875,187.12718200683594,6007400
2024-10-30,187.0,188.19000244140625,184.6999969482422,185.3000030517578,182.38307189941406,5851300
2024-10-31,185.2100067138672,185.2100067138672,179.27999877929688,181.5800018310547,178.72164916992188,7307500
2024-11-01,181.8300018310547,185.47000122070312,181.22000122070312,183.3800048828125,180.49330139160156,6318900
2024-11-04,183.1999969482422,183.86000061035156,180.4600067138672,181.82000732421875,178.95787048339844,3857600
2024-11-05,183.3000030517578,186.75,183.10000610351562,186.47999572753906,183.54449462890625,4053000
2024-11-06,188.9600067138672,189.3800048828125,184.75,187.52000427246094,184.568115234375,6393300
2024-11-07,190.9600067138672,194.3300018310547,190.9600067138672,194.08999633789062,191.03469848632812,5274700
2024-11-08,192.2899932861328,194.10000610351562,191.27000427246094,192.02999877929688,189.0071258544922,4767300
2024-11-11,192.30999755859375,193.1999969482422,186.4600067138672,188.55999755859375,185.59176635742188,5475200
2024-11-12,188.7100067138672,189.75,184.47000122070312,186.61000061035156,183.67247009277344,5478400
2024-11-13,184.07000732421875,185.47999572753906,182.52000427246094,182.7899932861328,179.91256713867188,8634600
2024-11-14,186.77999877929688,187.6199951171875,185.08999633789062,186.0,183.07203674316406,11747400
2024-11-15,168.33999633789062,174.07000732421875,167.3300018310547,168.8800048828125,166.2215576171875,16287500
2024-11-18,167.67999267578125,171.6699981689453,166.85000610351562,170.72999572753906,168.0424346923828,8324400
2024-11-19,168.33999633789062,169.9600067138672,167.49000549316406,169.30999755859375,166.644775390625,8651100
2024-11-20,169.30999755859375,170.52999877929688,167.05999755859375,170.49000549316406,167.8061981201172,6197300
2024-11-21,171.22000122070312,177.07000732421875,171.0500030517578,175.75,173.3902130126953,8917400
2024-11-22,175.1199951171875,176.0800018310547,173.3800048828125,174.8800048828125,172.53189086914062,4242600
2024-11-25,176.7100067138672,177.19000244140625,171.92999267578125,174.5500030517578,172.20632934570312,8926500
2024-11-26,175.33999633789062,175.49000549316406,170.92999267578125,173.1999969482422,170.8744354248047,6517100
2024-11-27,173.1999969482422,173.33999633789062,168.75999450683594,171.32000732421875,169.0196990966797,4348700
2024-11-29,176.3800048828125,178.42999267578125,174.25999450683594,174.7100067138672,172.3641815185547,5944400
2024-12-02,175.47999572753906,184.27000427246094,174.7100067138672,183.27000427246094,180.80921936035156,9100600
2024-12-03,181.2100067138672,183.25999450683594,180.8000030517578,183.16000366210938,180.70071411132812,5939900
2024-12-04,185.33999633789062,185.6999969482422,180.4499969482422,181.16000366210938,178.72755432128906,5819800
2024-12-05,176.5399932861328,179.4199981689453,170.5500030517578,172.02999877929688,169.72015380859375,8663800
2024-12-06,172.16000366210938,173.32000732421875,171.35000610351562,173.02000427246094,170.69686889648438,6058500
2024-12-09,171.97000122070312,174.5,170.2100067138672,171.86000061035156,169.55242919921875,7647100
2024-12-10,173.5,173.8800048828125,167.44000244140625,168.1699981689453,165.9119873046875,8230900
2024-12-11,169.72999572753906,173.1999969482422,169.49000549316406,171.1300048828125,168.83226013183594,6698600
2024-12-12,169.6999969482422,170.11000061035156,166.80999755859375,169.0800018310547,166.8097686767578,6108500
2024-12-13,169.10000610351562,171.52999877929688,167.77000427246094,169.35000610351562,167.07614135742188,7051700
2024-12-16,170.0399932861328,171.74000549316406,168.85000610351562,169.41000366210938,167.1353302001953,6643000
2024-12-17,169.0,170.75,168.3699951171875,170.33999633789062,168.05282592773438,6817600
2024-12-18,170.94000244140625,174.42999267578125,164.5500030517578,165.4499969482422,163.22850036621094,9000700
2024-12-19,162.7899932861328,165.24000549316406,161.02999877929688,161.44000244140625,159.27236938476562,9252600
2024-12-20,159.97999572753906,164.72999572753906,158.9600067138672,163.58999633789062,161.3934783935547,15336700
2024-12-23,164.77000427246094,167.69000244140625,164.1699981689453,167.4600067138672,165.21153259277344,5040200
2024-12-24,167.42999267578125,168.72000122070312,166.89999389648438,168.3699951171875,166.10928344726562,2595800
2024-12-26,167.35000610351562,168.85000610351562,166.75,167.5500030517578,165.30032348632812,2793700
2024-12-27,166.14999389648438,167.1999969482422,164.6300048828125,166.8300018310547,164.5899658203125,3599600
2024-12-30,164.0,164.97000122070312,161.97000122070312,163.63999938964844,161.4428253173828,4763100
2024-12-31,164.42999267578125,165.17999267578125,161.97000122070312,162.6300048828125,160.4463653564453,3565500
2025-01-02,164.47000122070312,166.7100067138672,162.8300018310547,163.8699951171875,161.66970825195312,4164600
2025-01-03,165.3800048828125,170.4199981689453,164.77000427246094,170.05999755859375,167.776611328125,5719800
2025-01-06,174.97999572753906,180.3800048828125,174.86000061035156,177.47999572753906,175.0969696044922,8475500
2025-01-07,180.07000732421875,181.83999633789062,176.39999389648438,177.82000732421875,175.4324188232422,7332100
2025-01-08,177.75,178.1699981689453,174.83999633789062,176.99000549316406,174.6135711669922,4581700
2025-01-10,174.72000122070312,174.72000122070312,169.50999450683594,171.64999389648438,169.3452606201172,6325300
2025-01-13,169.10000610351562,171.61000061035156,167.72999572753906,170.86000061035156,168.5658721923828,5465800
2025-01-14,171.86000061035156,173.6999969482422,170.32000732421875,173.64999389648438,171.31838989257812,3842100
2025-01-15,176.75,179.50999450683594,175.8800048828125,178.3800048828125,175.98489379882812,5908600
2025-01-16,185.8000030517578,191.7100067138672,183.00999450683594,186.47999572753906,183.97613525390625,10825400
2025-01-17,193.0,193.16000366210938,188.7899932861328,192.0500030517578,189.47132873535156,8115100
2025-01-21,194.74000549316406,195.22000122070312,190.82000732421875,192.8699951171875,190.2803192138672,7959100
2025-01-22,196.8300018310547,200.5500030517578,195.3300018310547,195.50999450683594,192.8848876953125,7288600
2025-01-23,190.1300048828125,191.1999969482422,187.7899932861328,190.6999969482422,188.1394805908203,6307300
2025-01-24,190.88999938964844,191.27999877929688,185.61000061035156,186.75,184.2425079345703,6088400
2025-01-27,179.5500030517578,179.55999755859375,170.4199981689453,174.57000732421875,172.22605895996094,12150200
2025-01-28,173.75,174.8300018310547,170.0,172.85000610351562,170.52915954589844,7360500
2025-01-29,180.0,180.2100067138672,173.77999877929688,175.27999877929688,172.92649841308594,5679900
2025-01-30,179.39999389648438,183.27000427246094,177.4600067138672,181.72000122070312,179.2800750732422,6013800
2025-01-31,182.58999633789062,186.44000244140625,180.05999755859375,180.35000610351562,177.92848205566406,5898400
2025-02-03,175.32000732421875,180.25,174.24000549316406,178.8000030517578,176.3992462158203,5321300
2025-02-04,175.47000122070312,179.3000030517578,175.4499969482422,178.55999755859375,176.16249084472656,4687100
2025-02-05,176.72999572753906,181.00999450683594,175.27999877929688,180.6699981689453,178.244140625,3958500
2025-02-06,179.61000061035156,183.0800018310547,178.55999755859375,182.8000030517578,180.34556579589844,4479100
2025-02-07,183.13999938964844,183.5399932861328,178.72999572753906,180.0,177.5831298828125,4992000
2025-02-10,182.86000061035156,184.02999877929688,181.4199981689453,183.66000366210938,181.19398498535156,5744100
2025-02-11,181.8000030517578,183.5800018310547,181.08999633789062,183.1999969482422,180.74017333984375,3913300
2025-02-12,179.4199981689453,181.52999877929688,178.2899932861328,180.88999938964844,178.461181640625,6640800
2025-02-13,180.30999755859375,184.52000427246094,179.6199951171875,184.27000427246094,181.7958221435547,10302000
2025-02-14,174.83999633789062,176.0,168.61000061035156,169.1999969482422,166.9281463623047,12452800
2025-02-18,171.7899932861328,173.75999450683594,169.10000610351562,172.0,169.6905517578125,10704900
2025-02-19,172.30999755859375,174.89999389648438,171.1300048828125,174.05999755859375,171.72288513183594,5797000
2025-02-20,175.13999938964844,178.3699951171875,174.5,176.00999450683594,174.04669189453125,6687300
2025-02-21,176.1300048828125,176.25,170.60000610351562,171.97999572753906,170.0616455078125,7365400
2025-02-24,173.77000427246094,175.22999572753906,168.33999633789062,168.57000732421875,166.68966674804688,7126200
2025-02-25,168.1199951171875,169.67999267578125,164.4499969482422,165.5399932861328,163.6934814453125,8570300
2025-02-26,167.3800048828125,170.25,166.4199981689453,168.50999450683594,166.6303253173828,5048500
2025-02-27,170.25,170.57000732421875,156.3800048828125,156.63999938964844,154.8927459716797,9543600
2025-02-28,157.2899932861328,160.0500030517578,153.9499969482422,158.07000732421875,156.30679321289062,9427600
2025-03-03,159.72999572753906,160.32000732421875,150.6699981689453,152.1300048828125,150.43307495117188,9259100
2025-03-04,153.05999755859375,156.22999572753906,149.5500030517578,152.8699951171875,151.16481018066406,8538600
2025-03-05,153.13999938964844,155.8699951171875,150.0,155.32000732421875,153.58749389648438,5860000
2025-03-06,151.5399932861328,154.0500030517578,149.60000610351562,151.5399932861328,149.849609375,6967800
2025-03-07,151.4600067138672,156.35000610351562,150.19000244140625,155.67999267578125,153.94345092773438,5537800
2025-03-10,152.4199981689453,154.4499969482422,147.8800048828125,149.99000549316406,148.31692504882812,8008400
2025-03-11,148.97000122070312,150.50999450683594,145.3699951171875,146.99000549316406,145.35040283203125,7739900
2025-03-12,151.72000122070312,151.72000122070312,148.44000244140625,149.05999755859375,147.39730834960938,8482200
2025-03-13,148.88999938964844,153.05999755859375,148.3699951171875,149.9499969482422,148.27737426757812,5702200
2025-03-14,152.1300048828125,156.5,152.1300048828125,155.66000366210938,153.92367553710938,5138800
2025-03-17,152.9499969482422,157.2100067138672,152.83999633789062,155.4600067138672,153.72592163085938,4764300
2025-03-18,154.32000732421875,154.94000244140625,151.80999755859375,153.50999450683594,151.79766845703125,4282300
2025-03-19,153.17999267578125,157.07000732421875,152.7899932861328,154.4600067138672,152.73709106445312,4426500
2025-03-20,152.22999572753906,155.6199951171875,151.67999267578125,154.3800048828125,152.65797424316406,5480300
2025-03-21,150.2899932861328,152.19000244140625,149.00999450683594,152.1199951171875,150.42315673828125,15911300
2025-03-24,155.5,156.27000427246094,154.60000610351562,154.9499969482422,153.22158813476562,5855200
2025-03-25,154.83999633789062,154.9499969482422,152.52000427246094,153.63999938964844,151.92620849609375,5093700
2025-03-26,153.13999938964844,153.99000549316406,149.50999450683594,150.67999267578125,148.99923706054688,4850800
2025-03-27,149.8300018310547,149.89999389648438,146.94000244140625,147.67999267578125,146.03269958496094,6933800
2025-03-28,148.8000030517578,149.8000030517578,144.1199951171875,145.05999755859375,143.44190979003906,7715000
2025-03-31,142.77000427246094,145.67999267578125,141.16000366210938,145.1199951171875,143.50125122070312,7116300
2025-04-01,144.10000610351562,146.11000061035156,141.8000030517578,145.66000366210938,144.03521728515625,5869500
2025-04-02,144.02999877929688,149.30999755859375,143.83999633789062,147.75,146.1019287109375,4904800
2025-04-03,141.0,141.8699951171875,135.39999389648438,135.50999450683594,133.9984588623047,11779600
2025-04-04,129.11000061035156,132.4600067138672,123.94000244140625,126.94999694824219,125.53392028808594,15564000
2025-04-07,124.97000122070312,141.57000732421875,123.73999786376953,132.85000610351562,131.36813354492188,18941900
2025-04-08,138.41000366210938,140.6999969482422,127.5,128.9600067138672,127.52153015136719,16423700
2025-04-09,129.5800018310547,150.9600067138672,128.60000610351562,149.72999572753906,148.05979919433594,20667300
2025-04-10,142.22999572753906,143.80999755859375,133.49000549316406,138.24000549316406,136.697998046875,16290700
2025-04-11,138.57000732421875,146.22999572753906,135.5,144.94000244140625,143.32325744628906,10617200
2025-04-14,146.8800048828125,147.6999969482422,142.13999938964844,144.52999877929688,142.91783142089844,6835900
2025-04-15,144.97000122070312,147.0399932861328,144.24000549316406,145.4499969482422,143.82757568359375,5259900
2025-04-16,137.82000732421875,141.0800018310547,134.35000610351562,138.19000244140625,136.6485595703125,9279100
2025-04-17,138.99000549316406,139.64999389648438,136.94000244140625,137.4600067138672,135.92669677734375,6494800
2025-04-21,135.1300048828125,136.00999450683594,132.8000030517578,135.55999755859375,134.04788208007812,8395300
2025-04-22,137.17999267578125,139.0800018310547,136.32000732421875,138.3000030517578,136.75732421875,5222700
2025-04-23,144.85000610351562,147.8300018310547,142.74000549316406,143.5800018310547,141.9784393310547,7994300
2025-04-24,147.61000061035156,150.39999389648438,145.35000610351562,150.1699981689453,148.4949188232422,7609200
2025-04-25,148.1999969482422,152.61000061035156,147.8699951171875,151.5500030517578,149.8595428466797,4805200
2025-04-28,150.7899932861328,151.8699951171875,147.50999450683594,150.7899932861328,149.10800170898438,7052500
2025-04-29,149.0,151.07000732421875,147.91000366210938,149.5500030517578,147.88185119628906,5721300
2025-04-30,145.97000122070312,151.0399932861328,144.7100067138672,150.7100067138672,149.02890014648438,7273600
2025-05-01,151.63999938964844,152.27999877929688,148.74000549316406,148.9600067138672,147.29840087890625,6732000
2025-05-02,152.7899932861328,156.6999969482422,152.69000244140625,155.10000610351562,153.3699493408203,6083200
2025-05-05,154.11000061035156,156.63999938964844,153.85000610351562,154.61000061035156,152.88540649414062,4069300
2025-05-06,152.0,154.47999572753906,151.89999389648438,153.02999877929688,151.32302856445312,3471700
2025-05-07,153.35000610351562,156.1999969482422,151.50999450683594,155.80999755859375,154.07200622558594,5499000
2025-05-08,158.02999877929688,158.8000030517578,155.80999755859375,156.0,154.2598876953125,4824600
2025-05-09,156.92999267578125,158.0,154.64999389648438,155.61000061035156,153.87423706054688,3884200
2025-05-12,166.44000244140625,169.8000030517578,165.64999389648438,167.99000549316406,166.11614990234375,11724100
2025-05-13,168.8699951171875,174.17999267578125,168.47000122070312,173.02999877929688,171.09991455078125,8980200
2025-05-14,173.4499969482422,175.27999877929688,173.0500030517578,174.13999938964844,172.1975555419922,7069700
2025-05-15,171.75,176.3800048828125,171.1999969482422,174.75,172.80075073242188,12811600
2025-05-16,168.42999267578125,169.47000122070312,161.9199981689453,165.57000732421875,163.72315979003906,16540400
2025-05-19,162.5399932861328,166.0,162.3699951171875,165.94000244140625,164.08901977539062,7465700
2025-05-20,165.0500030517578,165.94000244140625,164.22999572753906,165.72999572753906,163.88134765625,5372400
2025-05-21,163.5399932861328,166.2899932861328,161.6699981689453,162.22999572753906,160.42039489746094,5658600
2025-05-22,160.69000244140625,163.3000030517578,160.27999877929688,160.52000427246094,159.18081665039062,6355700
2025-05-23,156.63999938964844,158.41000366210938,155.66000366210938,157.50999450683594,156.1959228515625,5733400
2025-05-27,160.6300048828125,162.47999572753906,159.1699981689453,161.8300018310547,160.47987365722656,8470400
2025-05-28,161.91000366210938,163.6699981689453,160.8800048828125,161.58999633789062,160.24188232421875,6727200
2025-05-29,165.4600067138672,165.5399932861328,158.4499969482422,159.47999572753906,158.14950561523438,6845600
2025-05-30,159.0399932861328,159.22999572753906,153.47000122070312,156.75,155.44229125976562,15273600
2025-06-02,155.7899932861328,157.6199951171875,155.42999267578125,157.27000427246094,155.95794677734375,5875300
2025-06-03,156.92999267578125,161.9499969482422,156.36000061035156,161.74000549316406,160.39065551757812,6355400
2025-06-04,162.5,163.47999572753906,160.17999267578125,161.92999267578125,160.57904052734375,5990600
2025-06-05,163.22000122070312,165.6199951171875,161.10000610351562,164.19000244140625,162.82020568847656,7386800
2025-06-06,165.44000244140625,169.52999877929688,165.44000244140625,166.74000549316406,165.34893798828125,5717500
2025-06-09,167.80999755859375,171.82000732421875,167.80999755859375,169.7899932861328,168.37347412109375,6320000
2025-06-10,170.5800018310547,174.38999938964844,169.99000549316406,173.77000427246094,172.32029724121094,5711600
2025-06-11,174.24000549316406,175.7899932861328,170.3300018310547,172.7899932861328,171.34844970703125,6133200
2025-06-12,172.49000549316406,175.36000061035156,172.27999877929688,175.0,173.54002380371094,4468500
2025-06-13,171.05999755859375,173.5800018310547,170.38999938964844,170.58999633789062,169.16680908203125,5297100
2025-06-16,173.02000427246094,176.8800048828125,172.7899932861328,176.5500030517578,175.07708740234375,6712900
2025-06-17,176.27999877929688,178.32000732421875,174.05999755859375,174.08999633789062,172.6376190185547,6631400
2025-06-18,175.25999450683594,175.25999450683594,171.80999755859375,172.83999633789062,171.39804077148438,4946900
2025-06-20,174.47000122070312,175.3699951171875,165.91000366210938,169.4600067138672,168.0462646484375,18396600
2025-06-23,170.25999450683594,172.2899932861328,168.72000122070312,171.9600067138672,170.525390625,6838800
2025-06-24,175.07000732421875,180.52000427246094,175.0,180.17999267578125,178.67678833007812,7254500
2025-06-25,181.11000061035156,183.2100067138672,180.5,183.07000732421875,181.54269409179688,5431800
2025-06-26,183.19000244140625,184.5,182.05999755859375,183.52000427246094,181.9889373779297,5199700
2025-06-27,184.3800048828125,185.8000030517578,181.1199951171875,183.2100067138672,181.68153381347656,14202800
2025-06-30,183.8000030517578,184.77000427246094,182.52999877929688,183.07000732421875,181.54269409179688,4070700
2025-07-01,182.44000244140625,184.92999267578125,180.89999389648438,183.75999450683594,182.22694396972656,6572300
2025-07-02,182.6300048828125,190.91000366210938,181.6300048828125,190.00999450683594,188.42478942871094,8800600
2025-07-03,189.35000610351562,192.0399932861328,189.27000427246094,191.0500030517578,189.45611572265625,3568500
2025-07-07,189.0399932861328,191.64999389648438,188.61000061035156,190.77999877929688,189.1883544921875,6577400
2025-07-08,192.13999938964844,196.3000030517578,191.52000427246094,194.99000549316406,193.3632354736328,8097100
2025-07-09,195.8000030517578,197.9600067138672,194.24000549316406,195.38999938964844,193.75990295410156,6170800
2025-07-10,198.0,199.4199981689453,196.64999389648438,198.02999877929688,196.37786865234375,5229100
2025-07-11,196.85000610351562,198.77999877929688,196.14999389648438,197.92999267578125,196.27870178222656,4424400
2025-07-14,195.61000061035156,198.82000732421875,194.49000549316406,197.10000610351562,195.4556427001953,7264000
2025-07-15,200.0800018310547,201.11000061035156,198.5,199.2899932861328,197.6273651123047,6007100
2025-07-16,194.0,195.16000366210938,189.75,194.80999755859375,193.18475341796875,9400000
2025-07-17,192.6199951171875,194.02999877929688,191.9499969482422,192.52000427246094,190.9138641357422,5704000
2025-07-18,193.05999755859375,193.57000732421875,190.13999938964844,190.44000244140625,188.85121154785156,4757100
2025-07-21,190.7899932861328,194.39999389648438,190.77999877929688,192.61000061035156,191.00311279296875,5061500
2025-07-22,192.27000427246094,192.5,185.1300048828125,187.13999938964844,185.5787353515625,7074500
2025-07-23,187.67999267578125,189.39999389648438,186.13999938964844,187.00999450683594,185.44981384277344,5419800
2025-07-24,188.16000366210938,190.0399932861328,187.07000732421875,188.1199951171875,186.55055236816406,4819900
2025-07-25,185.80999755859375,186.52000427246094,184.10000610351562,185.69000244140625,184.14083862304688,6608700
2025-07-28,189.00999450683594,190.5,188.6300048828125,190.27000427246094,188.68263244628906,4913000
2025-07-29,191.6199951171875,192.4499969482422,187.9499969482422,188.41000366210938,186.83816528320312,4605400
2025-07-30,189.72999572753906,190.8699951171875,187.74000549316406,189.38999938964844,187.8099822998047,4018500
2025-07-31,177.8800048828125,181.47000122070312,174.50999450683594,180.05999755859375,178.55780029296875,11375400
2025-08-01,176.60000610351562,181.6300048828125,176.25,179.99000549316406,178.48838806152344,8393200
2025-08-04,182.0,183.0,180.5,182.82000732421875,181.2947998046875,4189300
2025-08-05,182.6699981689453,183.25999450683594,177.39999389648438,179.14999389648438,177.65538024902344,5292000
2025-08-06,178.8800048828125,179.24000549316406,175.47999572753906,178.13999938964844,176.65382385253906,5857800
2025-08-07,184.35000610351562,186.8000030517578,181.86000061035156,183.14999389648438,181.6220245361328,6616600
2025-08-08,183.14999389648438,185.3800048828125,182.6199951171875,184.8699951171875,183.32766723632812,4338400
2025-08-11,187.14999389648438,189.72000122070312,183.77999877929688,184.3800048828125,182.84178161621094,7816000
2025-08-12,185.72999572753906,189.72999572753906,184.27999877929688,188.4499969482422,186.87779235839844,5915400
2025-08-13,189.8000030517578,191.13999938964844,188.72999572753906,190.02999877929688,188.4446258544922,5923400
2025-08-14,187.86000061035156,190.02999877929688,186.77999877929688,188.24000549316406,186.6695556640625,10992400
2025-08-15,162.6999969482422,167.5,161.7100067138672,161.75999450683594,160.4104766845703,31803300
2025-08-18,161.80999755859375,164.5500030517578,161.75,163.52999877929688,162.1657257080078,10125800
2025-08-19,164.24000549316406,165.1999969482422,161.49000549316406,162.22000122070312,160.8666534423828,8921500
2025-08-20,161.8000030517578,161.97000122070312,157.94000244140625,160.9600067138672,159.61715698242188,9323300
2025-08-21,159.94000244140625,161.2899932861328,159.0800018310547,159.83999633789062,158.96078491210938,8294900
2025-08-22,160.67999267578125,165.0,159.97999572753906,162.49000549316406,161.59619140625,7448100
2025-08-25,162.30999755859375,162.6199951171875,160.75,161.99000549316406,161.0989532470703,4186800
2025-08-26,162.00999450683594,164.80999755859375,161.67999267578125,164.50999450683594,163.6051025390625,6770200
2025-08-27,163.25999450683594,164.64999389648438,162.5500030517578,164.38999938964844,163.48573303222656,4633500
2025-08-28,164.72000122070312,166.16000366210938,163.74000549316406,165.27000427246094,164.36093139648438,7899500
2025-08-29,162.8699951171875,163.66000366210938,159.42999267578125,160.75999450683594,159.87571716308594,7202100
2025-09-02,156.72000122070312,158.3000030517578,156.00999450683594,157.57000732421875,156.70327758789062,7683400
2025-09-03,158.0500030517578,158.0500030517578,154.47000122070312,156.25,155.39053344726562,7335000
2025-09-04,155.94000244140625,159.6699981689453,155.39999389648438,158.24000549316406,157.3695831298828,6245100
2025-09-05,160.25999450683594,162.85000610351562,158.82000732421875,162.75,161.85476684570312,7046800
2025-09-08,163.80999755859375,164.64999389648438,161.85000610351562,162.0500030517578,161.1586151123047,7933600
2025-09-09,161.9199981689453,164.25999450683594,161.75,163.5,162.6006622314453,5315400
2025-09-10,164.3000030517578,165.39999389648438,162.5500030517578,163.4199981689453,162.52108764648438,5690200
2025-09-11,164.0,170.66000366210938,164.0,170.14999389648438,169.2140655517578,8999900
2025-09-12,167.91000366210938,169.6699981689453,167.17999267578125,167.8000030517578,166.8769989013672,5170600
2025-09-15,169.11000061035156,171.05999755859375,168.52999877929688,170.92999267578125,169.9897918701172,5597600
2025-09-16,172.4600067138672,174.10000610351562,171.5800018310547,173.5399932861328,172.58541870117188,6447500
2025-09-17,174.25,179.5500030517578,173.97000122070312,178.1300048828125,177.1501922607422,9588300
2025-09-18,188.0,191.5500030517578,183.8300018310547,189.75999450683594,188.71620178222656,15473700
2025-09-19,190.82000732421875,191.85000610351562,188.66000366210938,190.10000610351562,189.05433654785156,18903500
2025-09-22,193.19000244140625,201.14999389648438,192.42999267578125,200.52000427246094,199.41702270507812,15475500
2025-09-23,201.22999572753906,204.10000610351562,198.8000030517578,200.8699951171875,199.7650909423828,12417900
2025-09-24,199.0800018310547,203.75,197.39999389648438,201.44000244140625,200.33197021484375,6360500
2025-09-25,199.0399932861328,200.72000122070312,196.1999969482422,199.60000610351562,198.50209045410156,6027600
2025-09-26,200.0,205.1999969482422,197.38999938964844,203.9199981689453,202.79832458496094,7363300
2025-09-29,206.33999633789062,210.5,204.67999267578125,204.9499969482422,203.82264709472656,9295400
2025-09-30,204.36000061035156,210.27000427246094,202.8699951171875,204.74000549316406,203.61380004882812,12253800
2025-10-01,204.74000549316406,218.44000244140625,203.61000061035156,217.74000549316406,216.54229736328125,12699200
2025-10-02,225.0,226.41000366210938,218.72999572753906,223.58999633789062,222.36012268066406,11166000
2025-10-03,219.91000366210938,220.5,215.60000610351562,217.52999877929688,216.3334503173828,9269800
2025-10-06,222.33999633789062,226.49000549316406,220.77000427246094,223.91000366210938,222.67837524414062,7891900
2025-10-07,223.91000366210938,224.8300018310547,211.27000427246094,211.55999755859375,210.3962860107422,10543300
2025-10-08,210.0,218.64999389648438,209.0,217.50999450683594,216.31353759765625,7875500
2025-10-09,217.0,220.86000061035156,215.50999450683594,220.3000030517578,219.08819580078125,6701400
2025-10-10,220.6999969482422,224.47000122070312,209.72999572753906,209.9499969482422,208.79513549804688,12829700
2025-10-13,220.35000610351562,221.1300048828125,217.02999877929688,219.47999572753906,218.27272033691406,7853000
2025-10-14,213.89999389648438,221.64999389648438,213.7100067138672,218.19000244140625,216.9898223876953,8260000
2025-10-15,223.9600067138672,228.10000610351562,220.52000427246094,227.5800018310547,226.3281707763672,8033600
2025-10-16,230.60000610351562,232.07000732421875,224.02999877929688,227.72000122070312,226.4674072265625,7742800
2025-10-17,226.47000122070312,227.36000061035156,222.6999969482422,224.99000549316406,223.75241088867188,5272800
2025-10-20,227.14999389648438,231.3300018310547,226.52999877929688,228.1300048828125,226.87515258789062,5494800
2025-10-21,225.9199981689453,228.16000366210938,225.2100067138672,226.0,224.75686645507812,4557500
2025-10-22,226.0,226.77000427246094,216.07000732421875,220.55999755859375,219.34677124023438,7498100
2025-10-23,218.38999938964844,230.5500030517578,218.1199951171875,228.47000122070312,227.2132568359375,7001900
2025-10-24,229.0,230.72000122070312,226.2899932861328,228.75,227.4917449951172,5346700
2025-10-27,233.0,235.7899932861328,231.1300048828125,231.3300018310547,230.05755615234375,7671700
2025-10-28,229.67999267578125,231.02000427246094,227.0800018310547,227.63999938964844,226.38784790039062,6118500
2025-10-29,232.89999389648438,237.38999938964844,232.0,235.75,234.45323181152344,7784500
2025-10-30,237.77999877929688,242.5,232.0800018310547,232.5500030517578,231.2708282470703,7317700
2025-10-31,233.74000549316406,237.91000366210938,230.4499969482422,233.10000610351562,231.8177947998047,6532600
2025-11-03,235.6699981689453,239.7899932861328,234.0,237.7100067138672,236.40245056152344,6160600
2025-11-04,231.4199981689453,236.97000122070312,229.77000427246094,230.19000244140625,228.92381286621094,6896400
2025-11-05,230.19000244140625,241.91000366210938,230.10000610351562,240.88999938964844,239.56495666503906,7230800
2025-11-06,240.77000427246094,240.77000427246094,232.92999267578125,233.52999877929688,232.24542236328125,9278400
2025-11-07,232.27000427246094,232.52000427246094,223.3800048828125,230.07000732421875,228.8044891357422,6892800
2025-11-10,236.22999572753906,236.5399932861328,232.05999755859375,235.0800018310547,233.78692626953125,7673700
2025-11-11,232.57000732421875,233.25,227.0,228.6699981689453,227.41217041015625,6237600
2025-11-12,231.22999572753906,231.83999633789062,228.89999389648438,230.72999572753906,229.46083068847656,5955400
2025-11-13,227.38999938964844,229.0,219.6300048828125,223.22999572753906,222.00209045410156,13465900
2025-11-14,203.75,226.16000366210938,203.39999389648438,226.00999450683594,224.7667999267578,15254400
2025-11-17,224.1999969482422,231.7100067138672,223.25999450683594,228.7100067138672,227.45196533203125,8713600
2025-11-18,226.47999572753906,227.6199951171875,219.4199981689453,225.1199951171875,223.88169860839844,12167400
2025-11-19,227.2899932861328,235.91000366210938,226.5,235.1300048828125,233.83663940429688,8870500
2025-11-20,238.7899932861328,240.75999450683594,218.9600067138672,220.22999572753906,219.44790649414062,9264000
2025-11-21,219.1999969482422,228.16000366210938,215.5,224.00999450683594,223.2144775390625,8596800
2025-11-24,222.86000061035156,233.1999969482422,222.86000061035156,230.91000366210938,230.08999633789062,8806600
2025-11-25,237.5500030517578,244.6199951171875,233.13999938964844,242.4600067138672,241.59896850585938,8330300
2025-11-26,242.8300018310547,252.66000366210938,242.8300018310547,249.97000122070312,249.08230590820312,8791100
2025-11-28,250.8000030517578,252.47999572753906,247.85000610351562,252.25,251.35421752929688,2916300
2025-12-01,250.22999572753906,255.7899932861328,248.52999877929688,254.75,253.8453369140625,6842400
2025-12-02,255.6300048828125,267.04998779296875,255.6300048828125,265.3299865722656,264.38775634765625,9196800
2025-12-03,265.29998779296875,269.1499938964844,259.7099914550781,268.6300048828125,267.676025390625,7999600
2025-12-04,268.3399963378906,272.760009765625,266.0,269.44000244140625,268.483154296875,6348800
2025-12-05,269.7900085449219,273.5899963378906,267.3599853515625,268.0,267.0482482910156,5373400
2025-12-08,269.5,272.1600036621094,266.5400085449219,268.1600036621094,267.2077331542969,5338100
2025-12-09,266.07000732421875,268.7099914550781,264.7300109863281,267.1400146484375,266.1913146972656,4062600
2025-12-10,266.7699890136719,276.1000061035156,265.8599853515625,275.1499938964844,274.1728515625,6244600
2025-12-11,271.2200012207031,271.989990234375,262.8299865722656,270.1099853515625,269.1507568359375,7061200
2025-12-12,267.260009765625,269.7099914550781,257.1300048828125,259.2099914550781,258.2894592285156,6739300
2025-12-15,263.42999267578125,265.69000244140625,259.7900085449219,261.2699890136719,260.3421630859375,6406000
2025-12-16,259.7900085449219,261.5799865722656,255.3000030517578,258.8399963378906,257.9207763671875,5859700
2025-12-17,258.1600036621094,260.1000061035156,246.9199981689453,248.27000427246094,247.3883514404297,7855400
2025-12-18,259.0899963378906,260.82000732421875,252.22999572753906,253.5,252.59976196289062,8741200
2025-12-19,255.7100067138672,261.32000732421875,253.5800018310547,256.4100036621094,255.4994354248047,25749700
2025-12-22,262.8299865722656,262.8299865722656,257.6000061035156,259.010009765625,258.0901794433594,4182000
2025-12-23,258.1600036621094,260.45001220703125,257.8800048828125,260.2300109863281,259.3058776855469,3791500
2025-12-24,260.2300109863281,261.4800109863281,259.3299865722656,260.7799987792969,259.85394287109375,1279500
2025-12-26,261.8399963378906,262.94000244140625,260.20001220703125,261.8999938964844,260.96990966796875,1836000
2025-12-29,260.82000732421875,264.6499938964844,260.0,263.04998779296875,262.1158142089844,2601600
2025-12-30,264.19000244140625,265.010009765625,259.7799987792969,259.9700012207031,259.0467834472656,2185100
2025-12-31,261.4700012207031,261.8299865722656,255.9600067138672,256.989990234375,256.0773620605469,3025800
2026-01-02,267.0799865722656,271.2300109863281,265.1000061035156,268.8699951171875,267.9151916503906,7553200
2026-01-05,276.1199951171875,287.739990234375,276.1199951171875,284.32000732421875,283.3103332519531,10398700
2026-01-06,285.42999267578125,298.2200012207031,285.42999267578125,296.010009765625,294.9588317871094,7237900
2026-01-07,292.0,295.25,290.0,292.20001220703125,291.1623229980469,6148400
2026-01-08,290.70001220703125,291.9200134277344,279.45001220703125,281.6400146484375,280.63983154296875,5500700
2026-01-09,288.3999938964844,302.7799987792969,286.5,301.17999267578125,300.1104431152344,9427600
2026-01-12,301.7200012207031,309.5,300.5899963378906,307.239990234375,306.14892578125,6612800
2026-01-13,307.05999755859375,310.6400146484375,302.5899963378906,304.8699951171875,303.7873229980469,7146500
2026-01-14,301.4700012207031,301.94000244140625,297.0,301.8900146484375,300.81793212890625,6545200
2026-01-15,328.0799865722656,331.0,318.8299865722656,319.0799865722656,317.94683837890625,11262800
2026-01-16,325.7200012207031,330.19000244140625,320.1700134277344,327.010009765625,325.8487243652344,11399300
2026-01-20,316.1000061035156,324.489990234375,315.70001220703125,318.2300109863281,317.09991455078125,9387300
2026-01-21,319.4800109863281,328.69000244140625,316.9100036621094,325.239990234375,324.0849914550781,7914000
2026-01-22,332.989990234375,333.0299987792969,317.4599914550781,318.7900085449219,317.6579284667969,6036100
2026-01-23,318.9800109863281,323.6400146484375,311.07000732421875,322.3800048828125,321.23516845703125,6201000
2026-01-26,322.0,322.0,316.57000732421875,319.4599914550781,318.3255310058594,4777200
2026-01-27,324.45001220703125,336.4700012207031,323.2900085449219,332.7099914550781,331.5284729003906,8033000
2026-01-28,341.92999267578125,344.0400085449219,332.9599914550781,336.75,335.55413818359375,8470000
2026-01-29,340.739990234375,344.6000061035156,328.8800048828125,341.3399963378906,340.1278381347656,7350500
2026-01-30,332.92999267578125,340.95001220703125,321.5400085449219,322.32000732421875,321.1753845214844,9814100
2026-02-02,320.6000061035156,330.44000244140625,319.8500061035156,328.3999938964844,327.2337951660156,7409600
2026-02-03,336.94000244140625,338.44000244140625,311.95001220703125,318.6700134277344,317.5383605957031,10697000
2026-02-04,323.989990234375,323.989990234375,287.489990234375,297.6000061035156,296.54315185546875,14719400
2026-02-05,300.07000732421875,304.3500061035156,292.32000732421875,303.989990234375,302.91046142578125,8514300
2026-02-06,309.4100036621094,324.3999938964844,308.29998779296875,322.510009765625,321.3647155761719,8344400
2026-02-09,317.55999755859375,332.3999938964844,316.1000061035156,330.57000732421875,329.3960876464844,7458900
2026-02-10,329.8599853515625,334.6099853515625,321.5199890136719,329.07000732421875,327.90142822265625,6785800
2026-02-11,337.9100036621094,344.3399963378906,330.8900146484375,339.8800048828125,338.6730041503906,7160900
2026-02-12,339.8800048828125,341.07000732421875,325.55999755859375,328.3900146484375,327.22381591796875,9764400
2026-02-13,364.95001220703125,376.32000732421875,353.260009765625,354.9100036621094,353.649658203125,15706000
2026-02-17,351.0,362.6300048828125,347.6600036621094,359.1300048828125,357.8546447753906,8791300
2026-02-18,361.6300048828125,374.0,359.260009765625,369.29998779296875,367.9885559082031,8784300
2026-02-19,362.20001220703125,370.07000732421875,360.3999938964844,369.8299865722656,368.9762268066406,6640100
2026-02-20,366.2699890136719,377.1099853515625,366.2699890136719,375.3800048828125,374.5134582519531,8178700
2026-02-23,372.3999938964844,378.8599853515625,369.67999267578125,373.54998779296875,372.6876525878906,6077400
2026-02-24,376.5899963378906,380.510009765625,368.0,377.92999267578125,377.05755615234375,5711800
2026-02-25,385.0,395.95001220703125,384.0,394.95001220703125,394.03826904296875,9745000
2026-02-26,391.79998779296875,393.4700012207031,366.5400085449219,375.7200012207031,374.8526611328125,7717100
2026-02-27,365.94000244140625,378.5799865722656,365.6099853515625,372.29998779296875,371.4405517578125,9041400
2026-03-02,366.5799865722656,373.80999755859375,363.2799987792969,372.17999267578125,371.3208312988281,5802100
2026-03-03,350.8999938964844,359.5299987792969,348.5899963378906,351.32000732421875,350.5090026855469,7982000
2026-03-04,359.2200012207031,362.3399963378906,350.70001220703125,357.760009765625,356.93414306640625,5980400
2026-03-05,351.0400085449219,354.760009765625,336.29998779296875,346.5299987792969,345.73004150390625,5899700
2026-03-06,329.5199890136719,341.3999938964844,321.739990234375,324.739990234375,323.9903259277344,8655200
2026-03-09,320.4800109863281,339.1600036621094,316.6600036621094,338.94000244140625,338.1575622558594,9504100
2026-03-10,339.8500061035156,355.2799987792969,339.0,345.8800048828125,345.0815734863281,6121100
2026-03-11,348.0,353.0,343.5299987792969,351.07000732421875,350.25958251953125,4517200
2026-03-12,344.19000244140625,345.4800109863281,334.010009765625,337.2699890136719,336.4914245605469,5978200
2026-03-13,342.4700012207031,349.25,340.2799987792969,341.5299987792969,340.7416076660156,5332200
2026-03-16,347.70001220703125,350.75,343.57000732421875,346.17999267578125,345.380859375,4427000
2026-03-17,346.17999267578125,352.80999755859375,343.010009765625,352.4599914550781,351.6463317871094,4833900
2026-03-18,353.3900146484375,357.8599853515625,349.2300109863281,349.4700012207031,348.66326904296875,5170500
2026-03-19,340.739990234375,359.04998779296875,338.0899963378906,357.2099914550781,356.3853759765625,6459700
2026-03-20,359.7699890136719,362.0,346.6600036621094,357.05999755859375,356.2357177734375,17587900
2026-03-23,367.82000732421875,374.25,361.45001220703125,361.7900085449219,360.954833984375,6490700
2026-03-24,358.1600036621094,379.989990234375,358.0,373.989990234375,373.12664794921875,6406200
2026-03-25,371.0,375.67999267578125,360.6600036621094,369.3399963378906,368.48736572265625,5052000
2026-03-26,358.3699951171875,359.4800109863281,337.5299987792969,338.54998779296875,337.7684631347656,9261000
2026-03-27,337.6300048828125,345.69000244140625,334.3399963378906,337.1700134277344,336.39166259765625,5984800
2026-03-30,344.0,344.5400085449219,320.69000244140625,323.1199951171875,322.37408447265625,6568100
2026-03-31,328.8299865722656,342.05999755859375,325.4599914550781,341.7900085449219,341.0010070800781,8335600
2026-04-01,345.2900085449219,359.0,341.42999267578125,353.79998779296875,352.9832458496094,5974800
2026-04-02,338.0,354.30999755859375,337.25,348.4700012207031,347.6655578613281,4269400
2026-04-06,351.0199890136719,353.5,345.8299865722656,352.6199951171875,351.8059997558594,2505500
2026-04-07,348.1499938964844,356.0,345.5,354.30999755859375,353.4920654296875,4024800
2026-04-08,378.8900146484375,389.29998779296875,377.7799987792969,385.7200012207031,384.82958984375,7628500
2026-04-09,385.25,398.739990234375,385.1300048828125,397.80999755859375,396.89166259765625,5373600
2026-04-10,402.5,407.2900085449219,398.9800109863281,399.489990234375,398.5677795410156,6399900
2026-04-13,397.8500061035156,400.5,389.5899963378906,395.7300109863281,394.8164978027344,5246600
2026-04-14,400.0,401.04998779296875,391.010009765625,395.6400146484375,394.7266845703125,5353200
2026-04-15,389.2099914550781,394.6099853515625,379.67999267578125,394.260009765625,393.349853515625,5925100
2026-04-16,388.95001220703125,393.510009765625,384.29998779296875,389.8999938964844,388.99993896484375,5113000
2026-04-17,397.75,400.5,390.4100036621094,396.94000244140625,396.023681640625,6017900
2026-04-20,397.6000061035156,398.489990234375,390.3800048828125,391.6199951171875,390.7159729003906,3747500
2026-04-21,393.0,397.510009765625,391.05999755859375,394.3299865722656,393.4197082519531,5414900
2026-04-22,399.8699951171875,404.0799865722656,391.260009765625,403.4800109863281,402.548583984375,5268100
2026-04-23,406.1700134277344,413.82000732421875,397.1400146484375,403.9100036621094,402.9775695800781,4420800
2026-04-24,412.5,420.5,410.30999755859375,417.0400085449219,416.0773010253906,6159600
2026-04-27,416.0,417.0,398.0,404.8599853515625,403.9253845214844,5663400
2026-04-28,386.0,390.07000732421875,377.79998779296875,381.1099853515625,380.2301940917969,10396200
2026-04-29,383.8699951171875,386.010009765625,377.07000732421875,382.5899963378906,381.7068176269531,5116400
2026-04-30,385.5400085449219,396.010009765625,384.55999755859375,394.489990234375,393.5793151855469,7050000
2026-05-01,389.45001220703125,398.6400146484375,386.20001220703125,389.0799865722656,388.1817932128906,4586500
2026-05-04,387.1600036621094,401.0,385.6499938964844,391.3800048828125,390.47650146484375,5062300
2026-05-05,404.3900146484375,414.5,400.25,410.82000732421875,409.8716125488281,6321100
2026-05-06,421.0,432.80999755859375,417.75,428.6199951171875,427.6305236816406,7241200
2026-05-07,426.3599853515625,427.70001220703125,406.010009765625,410.6400146484375,409.69207763671875,7741800
2026-05-08,423.1099853515625,438.0400085449219,417.8999938964844,435.44000244140625,434.434814453125,8165200
2026-05-11,439.25,448.45001220703125,437.2699890136719,443.6199951171875,442.59588623046875,8324000
2026-05-12,436.79998779296875,437.04998779296875,416.55999755859375,431.20001220703125,430.20458984375,9319400
2026-05-13,435.9100036621094,440.5,422.29998779296875,436.6099853515625,435.6020812988281,7839400
2026-05-14,443.3399963378906,448.45001220703125,438.0,440.55999755859375,439.5429992675781,14936200
2026-05-15,428.4200134277344,444.5,421.55999755859375,436.6199951171875,435.612060546875,12768700
2026-05-18,441.30999755859375,441.7099914550781,408.0899963378906,413.57000732421875,412.61529541015625,8265000
2026-05-19,404.3699951171875,415.4599914550781,397.3699951171875,406.9100036621094,405.97064208984375,8418700
2026-05-20,416.45001220703125,427.5,415.8500061035156,426.8500061035156,425.8646240234375,6888400
2026-05-21,424.19000244140625,430.9800109863281,421.6099853515625,427.3599853515625,426.90350341796875,5682900
2026-05-22,434.3500061035156,438.1300048828125,430.2900085449219,432.1600036621094,431.6983947753906,4889300
2026-05-26,444.739990234375,456.7799987792969,438.0,454.8900146484375,454.40411376953125,8044400
2026-05-27,461.2200012207031,462.3999938964844,441.1199951171875,448.25,447.77117919921875,5047600
2026-05-28,446.1300048828125,457.67999267578125,438.25,449.67999267578125,449.19964599609375,5675600
2026-05-29,452.7699890136719,460.4599914550781,445.70001220703125,450.05999755859375,449.5792541503906,8546800
2026-06-01,444.5400085449219,463.8800048828125,438.2200012207031,458.1700134277344,457.68060302734375,6613700
2026-06-02,465.29998779296875,491.510009765625,461.45001220703125,490.04998779296875,489.5265197753906,10440700
2026-06-03,487.95001220703125,508.260009765625,487.3599853515625,500.7699890136719,500.2350769042969,8964900
2026-06-04,485.6600036621094,510.75,480.1099853515625,501.70001220703125,501.16412353515625,6729000
2026-06-05,479.7099914550781,484.8999938964844,452.9100036621094,453.010009765625,452.526123046875,11909400
2026-06-08,476.0,497.7099914550781,471.1199951171875,492.1700134277344,491.644287109375,9726900
2026-06-09,501.7200012207031,525.97998046875,466.510009765625,499.2099914550781,498.6767578125,11731700
2026-06-10,502.7900085449219,534.4400024414062,494.8800048828125,497.010009765625,496.4791259765625,11393800
2026-06-11,522.489990234375,557.6199951171875,519.9000244140625,552.6400146484375,552.0496826171875,12427700
2026-06-12,548.6199951171875,569.9500122070312,544.0700073242188,567.25,566.6441040039062,8055800
2026-06-15,589.97998046875,599.6199951171875,580.510009765625,585.780029296875,585.154296875,11664400
2026-06-16,581.989990234375,600.9099731445312,567.6500244140625,568.22998046875,567.6229858398438,10906100
2026-06-17,592.02001953125,623.3499755859375,590.8300170898438,592.9199829101562,592.28662109375,11045500
2026-06-18,622.52001953125,638.9000244140625,612.5,617.1099853515625,616.4508056640625,16781200
2026-06-22,626.219970703125,641.1799926757812,620.6900024414062,640.1799926757812,639.4961547851562,10737300
2026-06-23,581.9299926757812,592.5,573.510009765625,585.8800048828125,585.2542114257812,12035100
2026-06-24,585.239990234375,594.27001953125,569.489990234375,588.969970703125,588.3408203125,10726700
2026-06-25,637.739990234375,669.219970703125,609.7000122070312,668.0,667.2864379882812,16477800
2026-06-26,642.760009765625,660.1900024414062,622.0,626.8400268554688,626.1704711914062,28138600
2026-06-29,635.4299926757812,708.989990234375,632.1099853515625,694.6400146484375,693.8980102539062,14165300
2026-06-30,697.5,739.6699829101562,696.0,723.0,722.2277221679688,16461200
2026-07-01,668.4099731445312,693.780029296875,639.0599975585938,650.9099731445312,650.2146606445312,16089200
2026-07-02,656.6900024414062,657.0,581.9000244140625,603.0399780273438,602.3958129882812,15071700
2026-07-06,627.760009765625,629.0,591.6799926757812,592.7899780273438,592.1567993164062,8622800
2026-07-07,545.3499755859375,558.280029296875,527.6300048828125,554.5,553.90771484375,12552400
2026-07-08,547.0999755859375,578.1400146484375,546.1799926757812,570.5,569.890625,7535700
2026-07-09,627.3099975585938,629.97998046875,585.4500122070312,588.6599731445312,588.0311889648438,14418000
2026-07-10,578.239990234375,609.219970703125,573.3900146484375,602.5,601.8564453125,6279300
2026-07-13,582.010009765625,590.02001953125,568.1500244140625,575.3900146484375,574.775390625,7561700
2026-07-14,613.9000244140625,614.1400146484375,584.0,595.7000122070312,595.063720703125,6513900
2026-07-15,610.3800048828125,611.719970703125,557.1599731445312,579.4299926757812,578.81103515625,8168200
2026-07-16,562.5399780273438,591.0900268554688,557.27001953125,560.9299926757812,560.330810546875,8406100
2026-07-17,532.4000244140625,551.1799926757812,513.219970703125,529.6599731445312,529.0941772460938,10326500
2026-07-20,545.6300048828125,554.989990234375,522.9600219726562,525.7000122070312,525.1384887695312,6558300
2026-07-21,564.9500122070312,572.5,552.0,564.5499877929688,563.9469604492188,7636400
2026-07-22,544.3099975585938,563.3400268554688,543.1799926757812,553.9199829101562,553.3283081054688,4963500
2026-07-23,548.969970703125,576.489990234375,547.3900146484375,562.7999877929688,562.1987915039062,5706400
2026-07-24,556.2100219726562,562.7999877929688,530.010009765625,536.25,535.6771850585938,6262200
2026-07-27,539.5399780273438,548.5499877929688,493.6400146484375,516.8900146484375,516.337890625,8011400
2026-07-28,490.9200134277344,495.0,467.010009765625,476.4599914550781,475.9510498046875,9891300
2026-07-29,463.4200134277344,475.0,436.3299865722656,436.45001220703125,435.9837951660156,10166900
2026-07-30,482.4800109863281,508.5400085449219,476.1199951171875,501.7699890136719,501.2340087890625,12166300
2026-07-31,531.6900024414062,536.5399780273438,502.9100036621094,507.6700134277344,507.12774658203125,7411500
2026-08-03,498.8599853515625,519.5,491.67999267578125,518.2100219726562,517.656494140625,5978900
2026-08-04,544.6500244140625,549.6699829101562,535.5499877929688,546.6199951171875,546.0361328125,7971700
2026-08-05,544.510009765625,554.0800170898438,530.5700073242188,534.239990234375,533.6693115234375,5358100
2026-08-06,525.3400268554688,539.5,511.04998779296875,527.47998046875,526.9165649414062,4173200
2026-08-07,539.5900268554688,545.9400024414062,528.0,539.1400146484375,538.5641479492188,4555000
2026-08-10,555.0,555.3200073242188,521.5700073242188,522.1199951171875,521.562255859375,7019400
2026-08-11,539.989990234375,539.989990234375,522.6599731445312,525.6099853515625,525.0485229492188,6973800
2026-08-12,548.0,553.75,544.9000244140625,548.1500244140625,547.5645141601562,7495000
2026-08-13,548.8099975585938,563.760009765625,531.7899780273438,534.5399780273438,533.968994140625,12963300
2026-08-14,499.3999938964844,523.0,497.1000061035156,507.17999267578125,506.63824462890625,13132300
2026-08-17,518.0,539.8099975585938,515.1199951171875,535.3099975585938,534.7382202148438,9624100
2026-08-18,507.3699951171875,516.8300170898438,497.7300109863281,514.3300170898438,513.7806396484375,8611900
2026-08-19,508.4100036621094,513.47998046875,488.54998779296875,496.1700134277344,495.6400146484375,6571200
2026-08-20,489.5799865722656,499.8900146484375,487.4700012207031,496.2099914550781,496.2099914550781,6604500
2026-08-21,503.0,503.5,483.1300048828125,492.32000732421875,492.32000732421875,5526800
2026-08-24,481.8800048828125,489.739990234375,473.6700134277344,484.19000244140625,484.19000244140625,9264700
2026-08-25,490.05999755859375,492.29998779296875,475.8800048828125,480.0400085449219,480.0400085449219,5185200
2026-08-26,479.739990234375,480.6700134277344,472.3999938964844,479.760009765625,479.760009765625,5193000
2026-08-27,481.5,484.9800109863281,471.0,482.3599853515625,482.3599853515625,6285600
2026-08-28,477.9649963378906,477.9649963378906,460.5199890136719,461.6700134277344,461.6700134277344,6506714
