date,open,high,low,close,adj_close,volume
2021-07-21,53.81999969482422,53.900001525878906,53.41999816894531,53.880001068115234,46.85043716430664,14068600
2021-07-22,53.90999984741211,54.54999923706055,53.77999877929688,54.540000915527344,47.42432022094727,15729800
2021-07-23,54.88999938964844,55.34000015258789,54.5099983215332,55.22999954223633,48.02431106567383,13042500
2021-07-26,55.130001068115234,55.650001525878906,55.130001068115234,55.470001220703125,48.23299407958984,10097400
2021-07-27,55.380001068115234,55.40999984741211,54.790000915527344,55.27999877929688,48.067779541015625,14738700
2021-07-28,55.459999084472656,55.52000045776367,54.40999984741211,54.77000045776367,47.62431335449219,18835700
2021-07-29,55.0,55.34999847412109,54.900001525878906,55.06999969482422,47.88518524169922,10680200
2021-07-30,55.08000183105469,55.4900016784668,55.0099983215332,55.369998931884766,48.146034240722656,13438800
2021-08-02,55.59999847412109,55.93999862670898,55.2599983215332,55.45000076293945,48.215606689453125,12468800
2021-08-03,55.540000915527344,56.41999816894531,55.27000045776367,56.25,48.91122817993164,17357400
2021-08-04,56.369998931884766,56.369998931884766,55.470001220703125,55.68999862670898,48.42428588867188,11662400
2021-08-05,55.52000045776367,55.97999954223633,55.5,55.7599983215332,48.48515701293945,10785200
2021-08-06,55.470001220703125,55.95000076293945,55.150001525878906,55.59000015258789,48.33733749389648,18386100
2021-08-09,55.81999969482422,56.06999969482422,55.400001525878906,55.470001220703125,48.23299407958984,8707200
2021-08-10,55.5,55.66999816894531,55.25,55.61000061035156,48.3547248840332,10441900
2021-08-11,55.88999938964844,56.0099983215332,55.59999847412109,55.86000061035156,48.57210922241211,12604500
2021-08-12,55.84999847412109,56.45000076293945,55.65999984741211,56.38999938964844,49.03295516967773,11209700
2021-08-13,56.38999938964844,56.619998931884766,56.2599983215332,56.470001220703125,49.10251998901367,10841700
2021-08-16,56.29999923706055,56.43000030517578,55.93000030517578,56.27999877929688,48.93731689453125,14407400
2021-08-17,55.869998931884766,56.02000045776367,55.630001068115234,56.0099983215332,48.70253753662109,11987500
2021-08-18,55.790000915527344,56.13999938964844,55.02999877929688,55.150001525878906,47.95474624633789,17111700
2021-08-19,54.7599983215332,57.4900016784668,54.59000015258789,57.27000045776367,49.798152923583984,39881600
2021-08-20,57.25,58.34000015258789,56.84999847412109,58.220001220703125,50.624210357666016,21876500
2021-08-23,57.84999847412109,58.70000076293945,57.7400016784668,58.540000915527344,50.902462005615234,16225400
2021-08-24,58.4900016784668,59.43000030517578,58.43000030517578,59.31999969482422,51.58070373535156,17658300
2021-08-25,59.540000915527344,60.27000045776367,59.16999816894531,59.34999847412109,51.60677719116211,18069600
2021-08-26,59.41999816894531,59.630001068115234,58.9900016784668,59.20000076293945,51.47635269165039,13729400
2021-08-27,59.27000045776367,59.34999847412109,58.86000061035156,59.02000045776367,51.31983184814453,14795200
2021-08-30,58.97999954223633,59.220001220703125,58.79999923706055,59.130001068115234,51.41548156738281,11798600
2021-08-31,59.11000061035156,59.18000030517578,58.58000183105469,59.02000045776367,51.31983947753906,19873900
2021-09-01,59.02000045776367,59.13999938964844,58.65999984741211,59.040000915527344,51.33723068237305,11629700
2021-09-02,59.34999847412109,59.720001220703125,59.060001373291016,59.52999877929688,51.7632942199707,12855700
2021-09-03,59.33000183105469,59.65999984741211,59.27999877929688,59.41999816894531,51.66764068603516,9732200
2021-09-07,59.2400016784668,59.369998931884766,58.75,58.880001068115234,51.19810485839844,15503600
2021-09-08,58.54999923706055,58.93000030517578,58.4900016784668,58.68000030517578,51.024192810058594,13124500
2021-09-09,58.45000076293945,58.93999862670898,58.25,58.59999847412109,50.95462417602539,14958800
2021-09-10,58.75,58.95000076293945,57.81999969482422,57.88999938964844,50.33726119995117,13622100
2021-09-13,58.15999984741211,58.52999877929688,57.72999954223633,58.09999847412109,50.519866943359375,13553200
2021-09-14,58.2400016784668,58.470001220703125,57.65999984741211,57.869998931884766,50.31987380981445,12810300
2021-09-15,57.77999877929688,59.59999847412109,57.060001373291016,57.560001373291016,50.0503158569336,37524600
2021-09-16,58.310001373291016,58.81999969482422,57.130001068115234,57.33000183105469,49.8503303527832,24029600
2021-09-17,57.38999938964844,57.45000076293945,56.470001220703125,56.84999847412109,49.43294525146485,40262700
2021-09-20,56.380001068115234,56.400001525878906,55.290000915527344,55.88999938964844,48.59819412231445,21897000
2021-09-21,55.959999084472656,56.369998931884766,55.22999954223633,55.2599983215332,48.05037689208984,18700600
2021-09-22,55.7599983215332,56.130001068115234,55.369998931884766,55.52000045776367,48.276466369628906,17940600
2021-09-23,55.70000076293945,56.900001525878906,55.59999847412109,56.68999862670898,49.29383087158203,16262500
2021-09-24,56.45000076293945,56.810001373291016,56.220001220703125,56.72999954223633,49.3286018371582,13156400
2021-09-27,56.459999084472656,56.66999816894531,56.04999923706055,56.220001220703125,48.88514709472656,13859500
2021-09-28,55.77999877929688,55.9900016784668,55.40999984741211,55.52000045776367,48.27647399902344,17803200
2021-09-29,55.619998931884766,55.97999954223633,55.34000015258789,55.47999954223633,48.24169158935547,14051700
2021-09-30,55.79999923706055,55.900001525878906,54.40999984741211,54.43000030517578,47.32868194580078,18538000
2021-10-01,54.59999847412109,55.40999984741211,54.040000915527344,55.13999938964844,47.94603729248047,18338000
2021-10-04,54.5,54.68000030517578,53.95000076293945,54.22999954223633,47.47332000732422,17084100
2021-10-05,54.130001068115234,55.02999877929688,54.130001068115234,54.68999862670898,47.87601089477539,14135000
2021-10-06,54.349998474121094,54.380001068115234,52.97999954223633,53.939998626708984,47.037109375,26339200
2021-10-07,54.4900016784668,55.40999984741211,54.349998474121094,55.02000045776367,47.97889709472656,14725500
2021-10-08,55.20000076293945,55.29999923706055,54.75,55.08000183105469,48.03121566772461,9255500
2021-10-11,55.25,55.380001068115234,54.900001525878906,54.93000030517578,47.90040969848633,8117600
2021-10-12,54.9900016784668,55.060001373291016,54.06999969482422,54.279998779296875,47.333595275878906,14241900
2021-10-13,54.31999969482422,54.75,54.08000183105469,54.619998931884766,47.63009262084961,13737100
2021-10-14,55.09000015258789,55.849998474121094,54.97999954223633,55.650001525878906,48.52827072143555,14455900
2021-10-15,55.88999938964844,55.88999938964844,54.959999084472656,55.25,48.17945861816406,15202200
2021-10-18,55.040000915527344,55.4900016784668,54.56999969482422,55.189998626708984,48.12713623046875,10989600
2021-10-19,55.290000915527344,55.779998779296875,55.029998779296875,55.7400016784668,48.60676574707031,13258400
2021-10-20,55.79999923706055,56.22999954223633,55.79999923706055,56.20000076293945,49.00789260864258,11613600
2021-10-21,56.040000915527344,56.119998931884766,55.529998779296875,55.689998626708984,48.56315231323242,12619900
2021-10-22,55.54999923706055,55.86000061035156,54.939998626708984,55.11000061035156,48.05738067626953,15026600
2021-10-25,55.11000061035156,55.41999816894531,54.810001373291016,55.13999938964844,48.08353805541992,10218900
2021-10-26,55.560001373291016,56.349998474121094,55.400001525878906,55.810001373291016,48.66779327392578,15250000
2021-10-27,56.130001068115234,56.720001220703125,55.93000030517578,56.18000030517578,48.990447998046875,16279000
2021-10-28,56.22999954223633,56.689998626708984,55.88999938964844,56.2400016784668,49.042762756347656,11209200
2021-10-29,56.31999969482422,56.58000183105469,55.86000061035156,55.970001220703125,48.80732345581055,13550400
2021-11-01,55.869998931884766,56.25,55.5,56.099998474121094,48.92068862915039,14341400
2021-11-02,56.369998931884766,57.869998931884766,56.279998779296875,57.619998931884766,50.24616622924805,22097900
2021-11-03,57.58000183105469,57.93000030517578,57.119998931884766,57.650001525878906,50.27231979370117,13219400
2021-11-04,57.599998474121094,57.689998626708984,56.560001373291016,57.119998931884766,49.81016159057617,18070400
2021-11-05,57.380001068115234,57.79999923706055,56.93000030517578,57.06999969482422,49.76655578613281,15637700
2021-11-08,57.099998474121094,57.52000045776367,56.59000015258789,57.0,49.70551300048828,15045300
2021-11-09,57.06999969482422,57.630001068115234,56.900001525878906,57.439998626708984,50.08920669555664,14459800
2021-11-10,57.900001525878906,58.630001068115234,57.689998626708984,57.77000045776367,50.37697219848633,17876300
2021-11-11,57.56999969482422,57.77000045776367,56.689998626708984,56.7599983215332,49.496219635009766,17440700
2021-11-12,56.970001220703125,57.150001525878906,56.310001373291016,56.81999969482422,49.54854202270508,16663600
2021-11-15,56.93000030517578,57.70000076293945,56.83000183105469,57.27000045776367,49.94095993041992,19041800
2021-11-16,57.2400016784668,58.08000183105469,56.93000030517578,57.0,49.70551300048828,21136900
2021-11-17,56.61000061035156,57.13999938964844,56.27000045776367,56.7599983215332,49.496219635009766,31496300
2021-11-18,52.72999954223633,53.93000030517578,51.08000183105469,53.630001068115234,46.766788482666016,70834000
2021-11-19,53.54999923706055,53.689998626708984,52.779998779296875,53.25,46.43540954589844,30030800
2021-11-22,53.349998474121094,55.529998779296875,53.29999923706055,54.599998474121094,47.612648010253906,39949300
2021-11-23,54.61000061035156,55.58000183105469,54.470001220703125,55.29999923706055,48.22306823730469,25653100
2021-11-24,55.150001525878906,55.75,55.150001525878906,55.540000915527344,48.43235397338867,19328700
2021-11-26,54.459999084472656,55.189998626708984,54.459999084472656,54.66999816894531,47.67369079589844,16730300
2021-11-29,55.13999938964844,56.189998626708984,54.83000183105469,55.7599983215332,48.62419509887695,25724500
2021-11-30,55.58000183105469,55.599998474121094,54.150001525878906,54.84000015258789,47.82193374633789,45141300
2021-12-01,55.529998779296875,56.380001068115234,54.93000030517578,55.029998779296875,47.98762130737305,24120500
2021-12-02,55.150001525878906,56.61000061035156,55.08000183105469,56.150001525878906,48.964290618896484,22384700
2021-12-03,56.29999923706055,56.81999969482422,55.66999816894531,56.22999954223633,49.0340461730957,26235400
2021-12-06,56.70000076293945,57.16999816894531,56.470001220703125,56.959999084472656,49.670623779296875,23172800
2021-12-07,57.099998474121094,58.220001220703125,57.0099983215332,58.08000183105469,50.64729309082031,24254800
2021-12-08,58.08000183105469,58.130001068115234,56.630001068115234,57.02000045776367,49.72295379638672,23631300
2021-12-09,57.20000076293945,57.83000183105469,56.93000030517578,57.54999923706055,50.185123443603516,16480200
2021-12-10,57.90999984741211,59.34000015258789,57.90999984741211,59.25,51.667564392089844,19901500
2021-12-13,59.099998474121094,59.5099983215332,58.540000915527344,58.61000061035156,51.10947799682617,18496300
2021-12-14,58.34000015258789,58.529998779296875,57.369998931884766,57.77000045776367,50.37697219848633,19114200
2021-12-15,57.91999816894531,60.029998779296875,57.900001525878906,59.93000030517578,52.26055145263672,27953900
2021-12-16,60.04999923706055,60.7599983215332,59.869998931884766,60.310001373291016,52.5919189453125,24599300
2021-12-17,60.27000045776367,60.79999923706055,59.790000915527344,60.459999084472656,52.72271728515625,62171000
2021-12-20,59.66999816894531,60.40999984741211,59.29999923706055,60.36000061035156,52.63552474975586,21342100
2021-12-21,60.439998626708984,61.2400016784668,60.0,61.029998779296875,53.219783782958984,20761100
2021-12-22,60.970001220703125,61.599998474121094,60.619998931884766,61.529998779296875,53.655784606933594,17095500
2021-12-23,61.790000915527344,62.900001525878906,61.790000915527344,62.279998779296875,54.30980682373047,17771400
2021-12-27,62.40999984741211,63.470001220703125,62.279998779296875,63.41999816894531,55.30392074584961,14779700
2021-12-28,63.41999816894531,63.84000015258789,63.22999954223633,63.529998779296875,55.39984130859375,12865000
2021-12-29,63.650001525878906,64.29000091552734,63.54999923706055,63.959999084472656,55.774810791015625,15069900
2021-12-30,64.04000091552734,64.13999938964844,63.470001220703125,63.619998931884766,55.47832107543945,9076700
2021-12-31,63.54999923706055,63.81999969482422,63.31999969482422,63.369998931884766,55.260311126708984,10359100
2022-01-03,62.900001525878906,63.349998474121094,62.5,63.15999984741211,55.07719039916992,17184300
2022-01-04,62.439998626708984,62.810001373291016,61.11000061035156,61.25,53.726356506347656,29682500
2022-01-05,61.189998626708984,61.63999938964844,60.25,60.279998779296875,52.87550735473633,30317900
2022-01-06,60.0,61.130001068115234,59.90999984741211,60.91999816894531,53.436893463134766,19616600
2022-01-07,60.869998931884766,61.5,60.66999816894531,61.130001068115234,53.62110137939453,20152400
2022-01-10,60.869998931884766,61.900001525878906,60.52000045776367,61.81999969482422,54.226341247558594,24715300
2022-01-11,61.599998474121094,62.43000030517578,61.439998626708984,62.369998931884766,54.70878219604492,22804200
2022-01-12,62.400001525878906,62.81999969482422,61.91999816894531,62.119998931884766,54.4894905090332,13405400
2022-01-13,62.08000183105469,62.150001525878906,61.209999084472656,61.5,53.945648193359375,14871600
2022-01-14,61.470001220703125,61.5,60.939998626708984,61.36000061035156,53.822853088378906,18831900
2022-01-18,59.97999954223633,60.220001220703125,59.4900016784668,59.72999954223633,52.393062591552734,26545800
2022-01-19,58.0,59.4900016784668,57.779998779296875,58.900001525878906,51.6650276184082,24333900
2022-01-20,58.9900016784668,59.34000015258789,58.02000045776367,58.08000183105469,50.945743560791016,17726500
2022-01-21,58.06999969482422,58.34000015258789,56.61000061035156,56.68000030517578,49.717708587646484,25914000
2022-01-24,56.15999984741211,57.0,54.869998931884766,56.900001525878906,49.91069412231445,34180100
2022-01-25,56.09000015258789,56.689998626708984,55.06999969482422,56.11000061035156,49.217735290527344,25156400
2022-01-26,56.11000061035156,56.45000076293945,54.86000061035156,55.33000183105469,48.533538818359375,28632700
2022-01-27,55.5099983215332,56.529998779296875,54.400001525878906,54.619998931884766,47.9107551574707,25967400
2022-01-28,54.5,55.65999984741211,53.45000076293945,55.61000061035156,48.779151916503906,30976600
2022-01-31,55.43000030517578,55.86000061035156,54.869998931884766,55.66999816894531,48.831783294677734,29925300
2022-02-01,55.45000076293945,55.5,54.7400016784668,55.369998931884766,48.56863021850586,22438500
2022-02-02,55.22999954223633,56.31999969482422,55.16999816894531,56.16999816894531,49.27035903930664,23316700
2022-02-03,55.869998931884766,56.150001525878906,55.060001373291016,55.20000076293945,48.41950607299805,19260500
2022-02-04,54.88999938964844,55.619998931884766,54.38999938964844,55.150001525878906,48.37565994262695,19675900
2022-02-07,55.33000183105469,55.529998779296875,54.70000076293945,55.16999816894531,48.393192291259766,14450200
2022-02-08,55.060001373291016,55.4900016784668,54.709999084472656,55.34000015258789,48.54231643676758,15219900
2022-02-09,55.81999969482422,56.380001068115234,55.47999954223633,56.290000915527344,49.37562561035156,19136700
2022-02-10,55.2400016784668,56.029998779296875,54.7400016784668,54.869998931884766,48.13004684448242,19730600
2022-02-11,54.869998931884766,55.09000015258789,53.77000045776367,53.900001525878906,47.279197692871094,20132500
2022-02-14,53.40999984741211,53.650001525878906,52.70000076293945,53.18000030517578,46.64763259887695,21868400
2022-02-15,53.720001220703125,54.29999923706055,53.63999938964844,54.27000045776367,47.60374450683594,17678000
2022-02-16,54.130001068115234,54.439998626708984,53.38999938964844,54.25,47.586204528808594,20388700
2022-02-17,55.5,57.060001373291016,55.400001525878906,55.77000045776367,48.919490814208984,32884700
2022-02-18,55.459999084472656,57.689998626708984,55.380001068115234,57.209999084472656,50.18260192871094,35626200
2022-02-22,56.93000030517578,57.13999938964844,55.7400016784668,56.29999923706055,49.3843879699707,25188300
2022-02-23,56.61000061035156,56.9900016784668,54.369998931884766,54.439998626708984,47.75286865234375,22033700
2022-02-24,54.06999969482422,54.83000183105469,53.209999084472656,54.72999954223633,48.00723648071289,27739300
2022-02-25,54.97999954223633,56.220001220703125,54.4900016784668,56.040000915527344,49.15632629394531,18963700
2022-02-28,55.40999984741211,56.0,54.75,55.77000045776367,48.919490814208984,23868700
2022-03-01,55.529998779296875,55.849998474121094,54.2599983215332,54.619998931884766,47.9107551574707,17799600
2022-03-02,54.77000045776367,56.380001068115234,54.709999084472656,56.150001525878906,49.25281524658203,18660000
2022-03-03,56.7400016784668,57.0,55.84000015258789,56.06999969482422,49.18264389038086,16794600
2022-03-04,55.66999816894531,56.900001525878906,55.25,56.5099983215332,49.568599700927734,16729000
2022-03-07,56.310001373291016,56.439998626708984,55.52000045776367,55.59000015258789,48.76160430908203,21350900
2022-03-08,55.70000076293945,55.86000061035156,54.06999969482422,54.400001525878906,47.7177848815918,23642400
2022-03-09,55.63999938964844,56.25,55.25,55.91999816894531,49.05107116699219,19150900
2022-03-10,54.400001525878906,55.15999984741211,53.970001220703125,54.709999084472656,47.98970413208008,18550900
2022-03-11,55.290000915527344,56.209999084472656,54.599998474121094,54.689998626708984,47.972145080566406,20330300
2022-03-14,54.72999954223633,55.400001525878906,54.0,54.29999923706055,47.630069732666016,17977500
2022-03-15,54.41999816894531,55.72999954223633,54.41999816894531,55.599998474121094,48.77036666870117,18829100
2022-03-16,55.93000030517578,56.0,54.599998474121094,55.810001373291016,48.954586029052734,21821800
2022-03-17,55.4900016784668,56.29999923706055,55.349998474121094,56.16999816894531,49.27035903930664,18830500
2022-03-18,56.029998779296875,56.41999816894531,55.540000915527344,55.970001220703125,49.09492492675781,51807200
2022-03-21,56.060001373291016,56.54999923706055,55.52000045776367,56.0,49.121238708496094,29174600
2022-03-22,56.36000061035156,56.720001220703125,56.09000015258789,56.16999816894531,49.27035903930664,29287900
2022-03-23,55.900001525878906,56.09000015258789,54.45000076293945,54.47999954223633,47.7879524230957,19742100
2022-03-24,54.66999816894531,54.689998626708984,53.68000030517578,54.5,47.805503845214844,20551500
2022-03-25,54.61000061035156,55.18000030517578,54.400001525878906,54.970001220703125,48.21776580810547,18090600
2022-03-28,54.79999923706055,55.15999984741211,54.41999816894531,55.13999938964844,48.36687469482422,17164600
2022-03-29,55.66999816894531,56.310001373291016,55.040000915527344,55.66999816894531,48.831783294677734,20036500
2022-03-30,55.75,56.939998626708984,55.59000015258789,56.04999923706055,49.16510009765625,16125400
2022-03-31,56.040000915527344,56.880001068115234,55.720001220703125,55.7599983215332,48.910709381103516,27587700
2022-04-01,56.16999816894531,56.189998626708984,54.88999938964844,55.65999984741211,48.82301330566406,17465100
2022-04-04,55.459999084472656,56.119998931884766,54.9900016784668,55.869998931884766,49.00720977783203,19629200
2022-04-05,55.20000076293945,55.59000015258789,54.66999816894531,54.91999816894531,48.5037956237793,16063600
2022-04-06,54.689998626708984,54.7599983215332,53.84000015258789,54.369998931884766,48.01805114746094,19644100
2022-04-07,54.43000030517578,54.849998474121094,53.7400016784668,54.630001068115234,48.247684478759766,15739000
2022-04-08,54.84000015258789,54.90999984741211,54.0099983215332,54.279998779296875,47.938568115234375,18148200
2022-04-11,53.91999816894531,53.95000076293945,52.790000915527344,52.880001068115234,46.70212936401367,20992100
2022-04-12,51.70000076293945,52.95000076293945,51.47999954223633,51.81999969482422,45.765968322753906,25254200
2022-04-13,51.84000015258789,52.36000061035156,51.40999984741211,52.150001525878906,46.057411193847656,17004600
2022-04-14,52.08000183105469,52.380001068115234,51.119998931884766,51.16999816894531,45.1919059753418,18024800
2022-04-18,50.880001068115234,51.560001373291016,50.79999923706055,51.11000061035156,45.138916015625,13990700
2022-04-19,51.0,51.939998626708984,50.91999816894531,51.83000183105469,45.77479934692383,15490900
2022-04-20,52.220001220703125,53.66999816894531,52.150001525878906,53.02000045776367,46.825775146484375,19526200
2022-04-21,53.34000015258789,53.83000183105469,52.72999954223633,52.779998779296875,46.61381530761719,17147300
2022-04-22,52.91999816894531,52.959999084472656,51.290000915527344,51.36000061035156,45.359710693359375,17693000
2022-04-25,51.45000076293945,51.97999954223633,50.540000915527344,51.939998626708984,45.871952056884766,18677000
2022-04-26,51.880001068115234,51.939998626708984,50.869998931884766,50.900001525878906,44.95344924926758,19238300
2022-04-27,50.90999984741211,51.11000061035156,49.25,49.310001373291016,43.54920959472656,33668600
2022-04-28,49.529998779296875,50.779998779296875,49.209999084472656,50.630001068115234,44.71500015258789,20170700
2022-04-29,50.5099983215332,50.63999938964844,48.869998931884766,48.97999954223633,43.25775909423828,20281400
2022-05-02,49.34000015258789,49.90999984741211,48.93000030517578,49.86000061035156,44.03494644165039,22499200
2022-05-03,49.77000045776367,50.36000061035156,49.529998779296875,49.91999816894531,44.08793640136719,15828200
2022-05-04,50.029998779296875,51.65999984741211,49.66999816894531,51.58000183105469,45.55400848388672,23942300
2022-05-05,51.150001525878906,51.209999084472656,49.15999984741211,49.61000061035156,43.81414794921875,24846500
2022-05-06,49.150001525878906,49.84000015258789,48.849998474121094,49.33000183105469,43.566871643066406,21743900
2022-05-09,49.0,49.41999816894531,48.66999816894531,48.959999084472656,43.24010467529297,22421200
2022-05-10,49.709999084472656,50.2400016784668,49.150001525878906,49.54999923706055,43.76115798950195,21741100
2022-05-11,49.09000015258789,49.63999938964844,48.58000183105469,48.650001525878906,42.96631622314453,23872100
2022-05-12,48.630001068115234,48.779998779296875,47.470001220703125,48.290000915527344,42.648380279541016,25951000
2022-05-13,48.709999084472656,49.630001068115234,48.529998779296875,49.560001373291016,43.77000045776367,18954500
2022-05-16,49.65999984741211,49.65999984741211,48.880001068115234,49.0,43.275421142578125,20254500
2022-05-17,49.68000030517578,50.720001220703125,49.5099983215332,50.599998474121094,44.68850326538086,18780600
2022-05-18,50.470001220703125,50.470001220703125,48.209999084472656,48.36000061035156,42.71019744873047,40672700
2022-05-19,43.060001373291016,43.93000030517578,41.02000045776367,41.720001220703125,36.84593200683594,97674600
2022-05-20,41.86000061035156,43.0,41.52000045776367,42.939998626708984,37.92339324951172,46148700
2022-05-23,43.34000015258789,43.81999969482422,42.939998626708984,43.349998474121094,38.28550338745117,27366600
2022-05-24,43.400001525878906,44.060001373291016,42.5,43.77000045776367,38.656436920166016,30053900
2022-05-25,43.75,44.41999816894531,43.189998626708984,44.0,38.85956954956055,25504600
2022-05-26,44.04999923706055,45.529998779296875,44.04999923706055,44.9900016784668,39.73390579223633,28294700
2022-05-27,45.119998931884766,45.63999938964844,44.95000076293945,45.619998931884766,40.29029846191406,23882100
2022-05-31,45.27000045776367,45.61000061035156,44.7400016784668,45.04999923706055,39.78689193725586,64821200
2022-06-01,45.54999923706055,45.79999923706055,44.77000045776367,45.22999954223633,39.94586944580078,20666000
2022-06-02,45.18000030517578,45.79999923706055,44.900001525878906,45.790000915527344,40.44044494628906,20546800
2022-06-03,45.54999923706055,45.7400016784668,45.119998931884766,45.25,39.96352767944336,17947000
2022-06-06,45.599998474121094,46.09000015258789,45.130001068115234,45.33000183105469,40.03418731689453,12641900
2022-06-07,44.81999969482422,45.650001525878906,44.720001220703125,45.56999969482422,40.24614334106445,14667200
2022-06-08,45.45000076293945,45.630001068115234,44.880001068115234,44.91999816894531,39.67207717895508,16263800
2022-06-09,44.83000183105469,45.27000045776367,44.2400016784668,44.2599983215332,39.089176177978516,18417700
2022-06-10,43.79999923706055,43.9900016784668,43.290000915527344,43.4900016784668,38.40913772583008,20262400
2022-06-13,43.060001373291016,43.84000015258789,42.88999938964844,43.2400016784668,38.1883544921875,29050800
2022-06-14,43.630001068115234,43.70000076293945,42.56999969482422,42.90999984741211,37.896907806396484,22499100
2022-06-15,43.369998931884766,44.43000030517578,43.099998474121094,43.79999923706055,38.68292236328125,22525100
2022-06-16,42.810001373291016,43.40999984741211,42.810001373291016,43.31999969482422,38.25901412963867,27049000
2022-06-17,43.36000061035156,44.0,43.2400016784668,43.38999938964844,38.320823669433594,59678600
2022-06-21,43.810001373291016,44.279998779296875,43.70000076293945,44.13999938964844,38.983211517333984,23277900
2022-06-22,43.470001220703125,44.119998931884766,43.16999816894531,43.56999969482422,38.47979736328125,19942300
2022-06-23,43.40999984741211,43.459999084472656,42.720001220703125,42.93000030517578,37.91455841064453,33801700
2022-06-24,43.439998626708984,44.220001220703125,43.2400016784668,44.099998474121094,38.947872161865234,30543800
2022-06-27,44.290000915527344,44.290000915527344,43.630001068115234,43.77000045776367,38.656436920166016,22755300
2022-06-28,43.90999984741211,44.470001220703125,42.9900016784668,43.060001373291016,38.02938461303711,20091300
2022-06-29,43.13999938964844,43.2599983215332,42.689998626708984,42.880001068115234,37.870418548583984,13450800
2022-06-30,42.369998931884766,43.13999938964844,42.189998626708984,42.63999938964844,37.65845489501953,24947900
2022-07-01,42.52000045776367,42.70000076293945,41.56999969482422,42.599998474121094,37.623111724853516,24338500
2022-07-05,41.52000045776367,41.970001220703125,40.81999969482422,41.959999084472656,37.39143371582031,24442600
2022-07-06,42.119998931884766,42.93000030517578,42.0099983215332,42.689998626708984,38.04194641113281,17250400
2022-07-07,42.880001068115234,43.36000061035156,42.790000915527344,43.220001220703125,38.514244079589844,22316700
2022-07-08,43.029998779296875,43.61000061035156,42.939998626708984,43.38999938964844,38.665733337402344,11817000
2022-07-11,43.34000015258789,43.68000030517578,43.06999969482422,43.25,38.54098129272461,15245200
2022-07-12,43.58000183105469,43.83000183105469,42.65999984741211,42.86000061035156,38.19343566894531,17385300
2022-07-13,41.849998474121094,43.04999923706055,41.79999923706055,42.70000076293945,38.050865173339844,16854200
2022-07-14,41.790000915527344,42.470001220703125,41.349998474121094,42.33000183105469,37.72114944458008,17336200
2022-07-15,42.5,43.130001068115234,42.5,43.06999969482422,38.38057327270508,19897800
2022-07-18,43.29999923706055,43.31999969482422,42.40999984741211,42.599998474121094,37.96174621582031,16743800
2022-07-19,42.81999969482422,44.09000015258789,42.650001525878906,44.029998779296875,39.236053466796875,22861400
2022-07-20,44.08000183105469,44.31999969482422,43.65999984741211,44.130001068115234,39.32516098022461,15599200
2022-07-21,44.290000915527344,44.689998626708984,44.06999969482422,44.58000183105469,39.72616958618164,15364600
2022-07-22,44.779998779296875,44.91999816894531,44.25,44.459999084472656,39.61922836303711,14854600
2022-07-25,44.65999984741211,44.65999984741211,44.11000061035156,44.34000015258789,39.512290954589844,12954700
2022-07-26,44.369998931884766,44.540000915527344,43.75,43.83000183105469,39.057830810546875,19513000
2022-07-27,44.189998626708984,44.790000915527344,43.83000183105469,44.63999938964844,39.77963638305664,22349000
2022-07-28,44.880001068115234,45.869998931884766,44.709999084472656,45.619998931884766,40.652931213378906,17576200
2022-07-29,45.11000061035156,45.4900016784668,44.83000183105469,45.369998931884766,40.43014907836914,23701700
2022-08-01,45.060001373291016,45.43000030517578,44.7599983215332,45.279998779296875,40.34995651245117,14153400
2022-08-02,45.52000045776367,45.70000076293945,44.900001525878906,44.91999816894531,40.02914810180664,15005400
2022-08-03,44.900001525878906,45.81999969482422,44.790000915527344,45.709999084472656,40.73313522338867,14943800
2022-08-04,45.900001525878906,45.93000030517578,45.0099983215332,45.380001068115234,40.439064025878906,15249300
2022-08-05,44.90999984741211,45.06999969482422,44.540000915527344,45.0099983215332,40.10934829711914,19533900
2022-08-08,45.4900016784668,45.52000045776367,44.86000061035156,45.02000045776367,40.118263244628906,15465600
2022-08-09,45.150001525878906,45.18000030517578,44.720001220703125,44.91999816894531,40.02914810180664,12826200
2022-08-10,45.709999084472656,46.060001373291016,45.43000030517578,46.02000045776367,41.00938034057617,18935400
2022-08-11,46.11000061035156,46.43000030517578,45.77000045776367,45.900001525878906,40.90244674682617,15849000
2022-08-12,46.09000015258789,46.61000061035156,45.970001220703125,46.61000061035156,41.535152435302734,16967600
2022-08-15,46.38999938964844,46.619998931884766,46.029998779296875,46.59000015258789,41.51732635498047,15456100
2022-08-16,46.56999969482422,47.0099983215332,46.439998626708984,46.77000045776367,41.6777229309082,21153700
2022-08-17,46.36000061035156,47.099998474121094,46.22999954223633,46.65999984741211,41.57969665527344,27975600
2022-08-18,49.79999923706055,50.0,49.11000061035156,49.369998931884766,43.994632720947266,39999900
2022-08-19,49.0099983215332,49.459999084472656,48.540000915527344,48.70000076293945,43.3975830078125,23130400
2022-08-22,48.470001220703125,48.5,47.52000045776367,47.709999084472656,42.51537322998047,20534100
2022-08-23,47.59000015258789,48.040000915527344,47.38999938964844,47.40999984741211,42.2480354309082,13764600
2022-08-24,47.09000015258789,47.40999984741211,46.869998931884766,47.06999969482422,41.945064544677734,14946500
2022-08-25,47.25,47.43000030517578,46.84000015258789,47.27000045776367,42.123287200927734,23039300
2022-08-26,47.08000183105469,47.27000045776367,45.880001068115234,45.88999938964844,40.89353942871094,20309800
2022-08-29,45.720001220703125,46.0,45.4900016784668,45.709999084472656,40.73313522338867,13425700
2022-08-30,45.75,45.869998931884766,44.959999084472656,45.2400016784668,40.31431579589844,14279100
2022-08-31,45.779998779296875,45.83000183105469,44.59000015258789,44.720001220703125,39.850914001464844,23006100
2022-09-01,44.56999969482422,45.34000015258789,44.400001525878906,45.290000915527344,40.35886001586914,16236400
2022-09-02,45.709999084472656,45.91999816894531,44.279998779296875,44.59000015258789,39.735076904296875,14720900
2022-09-06,44.65999984741211,44.790000915527344,43.97999954223633,44.470001220703125,39.628143310546875,14366100
2022-09-07,44.75,45.16999816894531,44.349998474121094,45.02000045776367,40.118263244628906,18297400
2022-09-08,44.7599983215332,45.470001220703125,44.619998931884766,45.369998931884766,40.43014907836914,14231500
2022-09-09,45.65999984741211,45.88999938964844,45.400001525878906,45.77000045776367,40.78660202026367,15499300
2022-09-12,46.11000061035156,46.72999954223633,45.970001220703125,46.400001525878906,41.34800720214844,17923000
2022-09-13,45.720001220703125,45.90999984741211,44.02000045776367,44.11000061035156,39.30734634399414,23028600
2022-09-14,44.040000915527344,44.27000045776367,43.560001373291016,43.959999084472656,39.173675537109375,27551500
2022-09-15,43.810001373291016,43.869998931884766,43.09000015258789,43.290000915527344,38.57661819458008,18148600
2022-09-16,43.11000061035156,43.58000183105469,42.790000915527344,43.29999923706055,38.585533142089844,32696100
2022-09-19,42.900001525878906,43.439998626708984,42.7599983215332,43.29999923706055,38.585533142089844,13667500
2022-09-20,43.0099983215332,43.02000045776367,42.2599983215332,42.58000183105469,37.94392776489258,16813900
2022-09-21,42.31999969482422,42.869998931884766,41.56999969482422,41.59000015258789,37.06172561645508,21415900
2022-09-22,41.34000015258789,41.54999923706055,41.13999938964844,41.150001525878906,36.66962432861328,16691000
2022-09-23,41.25,41.25,40.119998931884766,40.65999984741211,36.23297119140625,19067700
2022-09-26,40.65999984741211,41.189998626708984,40.369998931884766,40.58000183105469,36.161678314208984,22694800
2022-09-27,41.13999938964844,41.459999084472656,40.22999954223633,40.52000045776367,36.10821533203125,15027900
2022-09-28,40.849998474121094,41.56999969482422,40.59000015258789,41.34000015258789,36.83893585205078,23217700
2022-09-29,41.04999923706055,41.099998474121094,40.150001525878906,40.56999969482422,36.152774810791016,19496400
2022-09-30,40.65999984741211,41.040000915527344,39.959999084472656,40.0,35.644840240478516,27989900
2022-10-03,40.66999816894531,41.529998779296875,40.470001220703125,41.290000915527344,36.79438400268555,22203600
2022-10-04,41.560001373291016,42.040000915527344,41.38999938964844,41.81999969482422,37.612831115722656,22889400
2022-10-05,41.59000015258789,42.25,41.400001525878906,41.9900016784668,37.76573181152344,14289700
2022-10-06,41.650001525878906,42.09000015258789,41.369998931884766,41.52000045776367,37.343013763427734,18198800
2022-10-07,41.25,41.25,40.08000183105469,40.27000045776367,36.2187614440918,19055400
2022-10-10,40.630001068115234,40.810001373291016,39.599998474121094,39.88999938964844,35.87699508666992,16628400
2022-10-11,39.810001373291016,40.11000061035156,39.27000045776367,39.58000183105469,35.59819030761719,19386400
2022-10-12,39.70000076293945,39.86000061035156,39.25,39.27000045776367,35.31936264038086,17279900
2022-10-13,39.029998779296875,40.79999923706055,38.599998474121094,40.61000061035156,36.524566650390625,26328300
2022-10-14,40.84000015258789,40.959999084472656,39.91999816894531,40.20000076293945,36.15581512451172,19571000
2022-10-17,41.040000915527344,41.529998779296875,40.95000076293945,41.29999923706055,37.1451530456543,27845200
2022-10-18,41.91999816894531,42.220001220703125,41.2599983215332,41.790000915527344,37.58584976196289,18223300
2022-10-19,41.630001068115234,42.2400016784668,41.470001220703125,41.880001068115234,37.66679000854492,19071700
2022-10-20,41.560001373291016,42.619998931884766,41.459999084472656,41.709999084472656,37.51389694213867,16830500
2022-10-21,41.849998474121094,42.970001220703125,41.810001373291016,42.79999923706055,38.49423599243164,25035000
2022-10-24,43.119998931884766,43.72999954223633,42.900001525878906,43.540000915527344,39.1598014831543,18785300
2022-10-25,43.34000015258789,44.400001525878906,43.20000076293945,44.36000061035156,39.897308349609375,19165200
2022-10-26,44.93000030517578,45.22999954223633,44.279998779296875,44.380001068115234,39.9152946472168,20051000
2022-10-27,44.77000045776367,45.09000015258789,44.36000061035156,44.41999816894531,39.95126724243164,18102500
2022-10-28,44.689998626708984,45.709999084472656,44.650001525878906,45.63999938964844,41.04853820800781,17978300
2022-10-31,45.310001373291016,45.63999938964844,45.060001373291016,45.43000030517578,40.85966110229492,17793700
2022-11-01,45.58000183105469,45.790000915527344,45.060001373291016,45.459999084472656,40.88663864135742,12088700
2022-11-02,45.470001220703125,46.209999084472656,44.54999923706055,44.56999969482422,40.086185455322266,15308800
2022-11-03,44.029998779296875,44.150001525878906,43.38999938964844,43.849998474121094,39.43860626220703,17895600
2022-11-04,44.5,45.08000183105469,43.83000183105469,44.52000045776367,40.04121017456055,19648700
2022-11-07,44.83000183105469,44.97999954223633,44.40999984741211,44.54999923706055,40.06818771362305,21383000
2022-11-08,44.689998626708984,45.349998474121094,44.18000030517578,44.61000061035156,40.12215805053711,17503100
2022-11-09,44.5099983215332,44.720001220703125,43.88999938964844,43.90999984741211,39.49256896972656,19311700
2022-11-10,45.70000076293945,45.810001373291016,44.650001525878906,45.65999984741211,41.06652069091797,27190100
2022-11-11,45.18000030517578,45.31999969482422,43.91999816894531,44.790000915527344,40.2840461730957,25961800
2022-11-14,44.83000183105469,45.439998626708984,44.68000030517578,44.7400016784668,40.239078521728516,21091300
2022-11-15,45.040000915527344,45.2400016784668,44.45000076293945,44.900001525878906,40.38298416137695,19318000
2022-11-16,44.939998626708984,44.97999954223633,44.29999923706055,44.38999938964844,39.924278259277344,24939600
2022-11-17,46.189998626708984,46.849998474121094,45.15999984741211,46.59000015258789,41.90296936035156,38887800
2022-11-18,46.90999984741211,48.040000915527344,46.86000061035156,47.790000915527344,42.982242584228516,30843200
2022-11-21,47.61000061035156,48.290000915527344,47.560001373291016,47.619998931884766,42.82933807373047,17049500
2022-11-22,48.0,48.41999816894531,47.7599983215332,48.380001068115234,43.51288604736328,16367800
2022-11-23,48.400001525878906,48.9900016784668,48.31999969482422,48.56999969482422,43.68377685546875,12065600
2022-11-25,48.75,49.04999923706055,48.349998474121094,48.400001525878906,43.530879974365234,8492600
2022-11-28,48.290000915527344,48.470001220703125,47.91999816894531,48.08000183105469,43.24306869506836,14976600
2022-11-29,48.25,48.40999984741211,47.84000015258789,48.279998779296875,43.422943115234375,13779300
2022-11-30,48.16999816894531,49.83000183105469,47.959999084472656,49.720001220703125,44.71809005737305,29919700
2022-12-01,49.880001068115234,50.459999084472656,49.689998626708984,49.970001220703125,44.94293212890625,18559500
2022-12-02,49.22999954223633,49.84000015258789,48.91999816894531,49.70000076293945,44.700096130371094,12325100
2022-12-05,49.54999923706055,49.63999938964844,49.16999816894531,49.33000183105469,44.36731719970703,13795900
2022-12-06,49.439998626708984,49.439998626708984,48.2599983215332,48.59000015258789,43.701759338378906,15443800
2022-12-07,48.400001525878906,48.54999923706055,48.060001373291016,48.18000030517578,43.3330078125,15171700
2022-12-08,48.65999984741211,49.20000076293945,48.619998931884766,48.9900016784668,44.06151580810547,16015800
2022-12-09,49.099998474121094,49.16999816894531,48.439998626708984,48.459999084472656,43.584835052490234,14303200
2022-12-12,48.79999923706055,49.31999969482422,48.369998931884766,49.29999923706055,44.34033203125,15425300
2022-12-13,50.33000183105469,50.709999084472656,49.22999954223633,49.63999938964844,44.6461296081543,22705900
2022-12-14,49.7400016784668,50.060001373291016,48.81999969482422,49.29999923706055,44.34033203125,19050400
2022-12-15,48.959999084472656,49.04999923706055,47.7400016784668,48.150001525878906,43.3060302734375,19372500
2022-12-16,47.40999984741211,48.0,47.08000183105469,47.810001373291016,43.00022506713867,66125400
2022-12-19,47.65999984741211,47.959999084472656,47.13999938964844,47.400001525878906,42.63147735595703,17986300
2022-12-20,47.40999984741211,47.560001373291016,46.790000915527344,47.369998931884766,42.60448455810547,15086200
2022-12-21,47.689998626708984,47.959999084472656,47.41999816894531,47.65999984741211,42.86531448364258,15599400
2022-12-22,47.4900016784668,47.4900016784668,46.689998626708984,47.31999969482422,42.55952072143555,23118500
2022-12-23,47.25,47.4900016784668,47.0099983215332,47.47999954223633,42.70343780517578,9554400
2022-12-27,47.66999816894531,47.709999084472656,47.220001220703125,47.529998779296875,42.7484016418457,12066200
2022-12-28,47.689998626708984,47.77000045776367,46.97999954223633,47.06999969482422,42.33467483520508,9847400
2022-12-29,47.2599983215332,47.7400016784668,47.2599983215332,47.5,42.7214241027832,11396500
2022-12-30,47.27000045776367,47.66999816894531,46.95000076293945,47.63999938964844,42.84733200073242,13199800
2023-01-03,47.86000061035156,48.04999923706055,47.310001373291016,47.939998626708984,43.11714172363281,17718900
2023-01-04,48.279998779296875,48.47999954223633,47.16999816894531,47.54999923706055,43.10808181762695,18339800
2023-01-05,47.4900016784668,47.4900016784668,46.7599983215332,46.880001068115234,42.50067138671875,17372100
2023-01-06,47.459999084472656,48.59000015258789,47.279998779296875,48.31999969482422,43.80615997314453,20823000
2023-01-09,48.2599983215332,49.209999084472656,48.220001220703125,48.58000183105469,44.041873931884766,13938000
2023-01-10,48.79999923706055,49.209999084472656,48.59000015258789,48.810001373291016,44.25038146972656,12474400
2023-01-11,48.83000183105469,49.22999954223633,48.70000076293945,49.209999084472656,44.61301040649414,12530900
2023-01-12,49.209999084472656,49.43000030517578,48.849998474121094,49.0,44.422630310058594,14241700
2023-01-13,48.560001373291016,49.02000045776367,48.41999816894531,48.880001068115234,44.313838958740234,12649300
2023-01-17,48.91999816894531,48.939998626708984,47.95000076293945,48.08000183105469,43.58857727050781,19290800
2023-01-18,48.189998626708984,48.27000045776367,46.88999938964844,46.900001525878906,42.5188102722168,19882200
2023-01-19,46.95000076293945,47.04999923706055,46.38999938964844,46.459999084472656,42.11989974975586,19118600
2023-01-20,46.060001373291016,46.83000183105469,45.66999816894531,46.779998779296875,42.41001510620117,21847200
2023-01-23,46.900001525878906,47.869998931884766,46.810001373291016,47.5,43.062767028808594,15180500
2023-01-24,47.4900016784668,48.02000045776367,47.060001373291016,47.810001373291016,43.34379577636719,14872700
2023-01-25,47.97999954223633,48.08000183105469,47.22999954223633,47.97999954223633,43.49791717529297,14638700
2023-01-26,48.150001525878906,48.470001220703125,47.83000183105469,48.34000015258789,43.82428741455078,12952700
2023-01-27,48.099998474121094,48.72999954223633,47.970001220703125,48.5099983215332,43.9784049987793,13414800
2023-01-30,48.13999938964844,48.5,48.119998931884766,48.220001220703125,43.71549987792969,19261900
2023-01-31,48.119998931884766,48.689998626708984,48.04999923706055,48.66999816894531,44.12345886230469,16821600
2023-02-01,48.38999938964844,48.900001525878906,47.5099983215332,48.56999969482422,44.03280258178711,19639400
2023-02-02,48.529998779296875,49.560001373291016,48.36000061035156,49.31999969482422,44.71274185180664,17883800
2023-02-03,49.29999923706055,49.29999923706055,48.5099983215332,48.630001068115234,44.08720397949219,17980000
2023-02-06,48.06999969482422,48.279998779296875,47.52000045776367,47.56999969482422,43.126216888427734,13991600
2023-02-07,47.2400016784668,48.150001525878906,46.970001220703125,47.84000015258789,43.37099075317383,16675200
2023-02-08,47.380001068115234,47.540000915527344,46.77000045776367,46.959999084472656,42.57320785522461,18905500
2023-02-09,47.22999954223633,47.40999984741211,46.43000030517578,46.72999954223633,42.364688873291016,18598400
2023-02-10,46.70000076293945,47.31999969482422,46.63999938964844,47.2599983215332,42.845176696777344,17397300
2023-02-13,47.45000076293945,47.9900016784668,47.38999938964844,47.86000061035156,43.389129638671875,19422100
2023-02-14,47.779998779296875,48.0,47.18000030517578,47.70000076293945,43.24407958984375,19134400
2023-02-15,47.5,48.52000045776367,47.33000183105469,48.45000076293945,43.924007415771484,27071200
2023-02-16,49.9900016784668,51.7400016784668,49.79999923706055,50.9900016784668,46.22673797607422,48125300
2023-02-17,51.33000183105469,51.439998626708984,50.599998474121094,50.77000045776367,46.02728271484375,25321400
2023-02-21,50.709999084472656,50.7599983215332,49.619998931884766,49.689998626708984,45.04817199707031,25100500
2023-02-22,49.849998474121094,49.849998474121094,48.88999938964844,49.310001373291016,44.70368194580078,20301900
2023-02-23,49.540000915527344,49.68000030517578,48.54999923706055,49.209999084472656,44.61301040649414,14066200
2023-02-24,48.810001373291016,48.900001525878906,48.16999816894531,48.47999954223633,43.95120620727539,17251600
2023-02-27,48.95000076293945,49.34000015258789,48.54999923706055,48.72999954223633,44.177852630615234,14776400
2023-02-28,48.810001373291016,48.93000030517578,48.380001068115234,48.41999816894531,43.89681625366211,16622400
2023-03-01,48.439998626708984,48.59000015258789,48.02000045776367,48.34000015258789,43.82428741455078,13449300
2023-03-02,48.31999969482422,48.630001068115234,48.119998931884766,48.529998779296875,43.99654006958008,18281800
2023-03-03,48.9900016784668,49.36000061035156,48.81999969482422,49.279998779296875,44.676475524902344,15969900
2023-03-06,49.459999084472656,49.810001373291016,49.2400016784668,49.41999816894531,44.80339431762695,13878400
2023-03-07,49.56999969482422,49.7599983215332,48.630001068115234,48.90999984741211,44.341033935546875,17506600
2023-03-08,49.02000045776367,49.27000045776367,48.7400016784668,49.11000061035156,44.52235412597656,12055500
2023-03-09,49.29999923706055,49.689998626708984,48.709999084472656,48.810001373291016,44.25038146972656,12497700
2023-03-10,48.88999938964844,49.16999816894531,48.29999923706055,48.560001373291016,44.02373123168945,16338200
2023-03-13,48.529998779296875,48.880001068115234,48.119998931884766,48.40999984741211,43.88774490356445,20280800
2023-03-14,48.68000030517578,49.2599983215332,48.5099983215332,49.04999923706055,44.467960357666016,17679600
2023-03-15,48.369998931884766,49.11000061035156,48.369998931884766,49.060001373291016,44.477027893066406,17354900
2023-03-16,48.68000030517578,50.290000915527344,48.5099983215332,50.119998931884766,45.4379997253418,21425100
2023-03-17,50.2599983215332,50.54999923706055,49.7400016784668,50.189998626708984,45.501468658447266,47642700
2023-03-20,50.220001220703125,51.040000915527344,50.0099983215332,50.939998626708984,46.181400299072266,22699700
2023-03-21,51.209999084472656,51.33000183105469,50.33000183105469,50.66999816894531,45.936622619628906,23334000
2023-03-22,50.7400016784668,50.75,49.41999816894531,49.459999084472656,44.83965301513672,21399400
2023-03-23,49.560001373291016,50.25,49.40999984741211,49.72999954223633,45.084442138671875,17775400
2023-03-24,49.900001525878906,50.54999923706055,49.5,50.5099983215332,45.79157638549805,19438800
2023-03-27,50.70000076293945,50.95000076293945,50.47999954223633,50.540000915527344,45.81877899169922,15857200
2023-03-28,50.31999969482422,50.599998474121094,50.27000045776367,50.38999938964844,45.68278503417969,11124300
2023-03-29,50.72999954223633,51.27000045776367,50.63999938964844,51.16999816894531,46.38991928100586,18463400
2023-03-30,51.58000183105469,51.68000030517578,51.130001068115234,51.43000030517578,46.62563705444336,11754600
2023-03-31,51.439998626708984,52.349998474121094,51.38999938964844,52.279998779296875,47.39623260498047,20588800
2023-04-03,52.060001373291016,52.560001373291016,51.9900016784668,52.310001373291016,47.423423767089844,16884600
2023-04-04,52.029998779296875,52.119998931884766,51.43000030517578,51.81999969482422,47.33208465576172,13599900
2023-04-05,52.06999969482422,52.290000915527344,51.68000030517578,51.81999969482422,47.33208465576172,13797900
2023-04-06,50.91999816894531,51.560001373291016,50.72999954223633,51.27000045776367,46.82971954345703,14749000
2023-04-10,51.11000061035156,51.400001525878906,50.880001068115234,51.33000183105469,46.884521484375,10177700
2023-04-11,51.119998931884766,51.29999923706055,50.52000045776367,50.619998931884766,46.23601150512695,15957900
2023-04-12,50.81999969482422,50.95000076293945,50.04999923706055,50.11000061035156,45.77019119262695,16100700
2023-04-13,50.209999084472656,50.83000183105469,50.09000015258789,50.79999923706055,46.40042495727539,15451700
2023-04-14,50.52000045776367,50.849998474121094,50.20000076293945,50.540000915527344,46.162940979003906,12360100
2023-04-17,50.560001373291016,50.68000030517578,50.04999923706055,50.279998779296875,45.925453186035156,12042300
2023-04-18,50.380001068115234,50.689998626708984,50.06999969482422,50.310001373291016,45.9528694152832,15203600
2023-04-19,49.22999954223633,49.27000045776367,47.9900016784668,48.040000915527344,43.87945556640625,30466700
2023-04-20,47.61000061035156,47.650001525878906,46.36000061035156,46.58000183105469,42.545894622802734,39769400
2023-04-21,46.56999969482422,47.119998931884766,46.2400016784668,47.029998779296875,42.956932067871094,20861000
2023-04-24,47.04999923706055,47.45000076293945,47.0,47.38999938964844,43.2857551574707,17359900
2023-04-25,47.369998931884766,47.43000030517578,46.810001373291016,47.09000015258789,43.01173782348633,20281600
2023-04-26,46.7599983215332,46.849998474121094,46.43000030517578,46.540000915527344,42.509361267089844,22390500
2023-04-27,46.779998779296875,46.79999923706055,45.970001220703125,46.560001373291016,42.52762985229492,22845400
2023-04-28,46.689998626708984,47.2599983215332,46.61000061035156,47.25,43.157875061035156,19665000
2023-05-01,47.20000076293945,47.52000045776367,47.130001068115234,47.34000015258789,43.24007797241211,13122300
2023-05-02,46.90999984741211,47.08000183105469,46.060001373291016,46.36000061035156,42.34496307373047,20175100
2023-05-03,46.41999816894531,46.54999923706055,45.86000061035156,45.959999084472656,41.97959899902344,20765700
2023-05-04,45.77000045776367,45.93000030517578,45.560001373291016,45.70000076293945,41.74211120605469,17748900
2023-05-05,46.119998931884766,46.36000061035156,45.91999816894531,46.25,42.244476318359375,14317400
2023-05-08,46.439998626708984,46.52000045776367,46.09000015258789,46.34000015258789,42.32667922973633,12000000
2023-05-09,45.97999954223633,46.52000045776367,45.91999816894531,46.470001220703125,42.4454231262207,15221900
2023-05-10,46.70000076293945,46.93000030517578,46.150001525878906,46.709999084472656,42.66463851928711,15625100
2023-05-11,46.83000183105469,46.849998474121094,46.20000076293945,46.369998931884766,42.354087829589844,12521900
2023-05-12,46.279998779296875,46.810001373291016,46.279998779296875,46.709999084472656,42.66463851928711,14097500
2023-05-15,46.79999923706055,47.2599983215332,46.560001373291016,47.099998474121094,43.0208625793457,13204400
2023-05-16,47.2400016784668,47.33000183105469,46.79999923706055,46.91999816894531,42.856449127197266,16496300
2023-05-17,47.150001525878906,47.7599983215332,47.0099983215332,47.630001068115234,43.50496292114258,29326000
2023-05-18,45.7599983215332,48.25,45.70000076293945,48.20000076293945,44.02560043334961,41475700
2023-05-19,48.43000030517578,49.34000015258789,48.400001525878906,49.130001068115234,44.875057220458984,28564100
2023-05-22,49.11000061035156,49.22999954223633,48.77000045776367,48.81999969482422,44.59191131591797,18667500
2023-05-23,48.61000061035156,49.349998474121094,48.599998474121094,48.90999984741211,44.67410659790039,17645900
2023-05-24,48.95000076293945,49.0,48.16999816894531,48.40999984741211,44.2174072265625,15452900
2023-05-25,47.77000045776367,49.22999954223633,47.720001220703125,49.029998779296875,44.78371810913086,21717000
2023-05-26,49.11000061035156,50.09000015258789,49.11000061035156,49.86000061035156,45.54182815551758,19825600
2023-05-30,49.9900016784668,50.4900016784668,49.7400016784668,50.16999816894531,45.824989318847656,19074800
2023-05-31,49.90999984741211,50.029998779296875,49.61000061035156,49.66999816894531,45.36829376220703,51990300
2023-06-01,49.7599983215332,50.09000015258789,49.2599983215332,49.7400016784668,45.43223190307617,17817000
2023-06-02,49.869998931884766,50.25,49.72999954223633,50.02000045776367,45.6879768371582,19155400
2023-06-05,50.220001220703125,50.58000183105469,50.040000915527344,50.209999084472656,45.861515045166016,13964100
2023-06-06,49.790000915527344,49.90999984741211,49.13999938964844,49.810001373291016,45.49616622924805,16029600
2023-06-07,49.70000076293945,50.13999938964844,49.650001525878906,49.779998779296875,45.46875762939453,15950600
2023-06-08,49.91999816894531,50.0,49.56999969482422,49.68000030517578,45.37742233276367,13289100
2023-06-09,49.529998779296875,49.970001220703125,49.369998931884766,49.65999984741211,45.359153747558594,12173400
2023-06-12,49.91999816894531,50.5099983215332,49.66999816894531,50.47999954223633,46.10813522338867,15495000
2023-06-13,50.689998626708984,50.939998626708984,50.45000076293945,50.79999923706055,46.40042495727539,24035500
2023-06-14,50.79999923706055,51.220001220703125,50.630001068115234,50.959999084472656,46.54656982421875,16630700
2023-06-15,50.90999984741211,52.06999969482422,50.83000183105469,51.93000030517578,47.432559967041016,22496900
2023-06-16,52.20000076293945,52.40999984741211,51.93000030517578,52.06999969482422,47.56043243408203,37134400
2023-06-20,51.939998626708984,52.08000183105469,51.470001220703125,51.54999923706055,47.085472106933594,20138000
2023-06-21,51.380001068115234,51.400001525878906,50.81999969482422,50.849998474121094,46.446102142333984,16939600
2023-06-22,50.650001525878906,51.13999938964844,50.43000030517578,51.119998931884766,46.69270324707031,14993800
2023-06-23,50.63999938964844,50.720001220703125,50.09000015258789,50.33000183105469,45.971126556396484,16544600
2023-06-26,50.310001373291016,50.79999923706055,50.18000030517578,50.209999084472656,45.861515045166016,13032100
2023-06-27,50.310001373291016,51.040000915527344,50.25,50.86000061035156,46.45523452758789,12981000
2023-06-28,50.779998779296875,51.02000045776367,50.439998626708984,50.869998931884766,46.464359283447266,11387600
2023-06-29,50.86000061035156,51.27000045776367,50.81999969482422,51.209999084472656,46.7749137878418,14246000
2023-06-30,51.880001068115234,52.2599983215332,51.52000045776367,51.7400016784668,47.25901412963867,18188300
2023-07-03,51.36000061035156,51.83000183105469,51.33000183105469,51.81999969482422,47.33208465576172,7338300
2023-07-05,50.970001220703125,51.56999969482422,50.93000030517578,51.5099983215332,47.40571594238281,14950500
2023-07-06,51.06999969482422,51.189998626708984,50.650001525878906,51.11000061035156,47.03758239746094,13931100
2023-07-07,51.0,51.650001525878906,50.7400016784668,50.9900016784668,46.927146911621094,15580400
2023-07-10,51.06999969482422,51.5,51.02000045776367,51.400001525878906,47.30447006225586,19046500
2023-07-11,51.56999969482422,52.150001525878906,51.540000915527344,52.119998931884766,47.96710205078125,14998300
2023-07-12,51.560001373291016,51.93000030517578,50.529998779296875,50.7400016784668,46.69706344604492,26332500
2023-07-13,50.689998626708984,51.619998931884766,50.650001525878906,51.529998779296875,47.42411804199219,17864800
2023-07-14,50.41999816894531,50.970001220703125,50.060001373291016,50.380001068115234,46.365745544433594,19566600
2023-07-17,50.20000076293945,50.95000076293945,50.13999938964844,50.810001373291016,46.76148986816406,16140700
2023-07-18,50.97999954223633,51.369998931884766,50.849998474121094,51.2400016784668,47.1572265625,16430800
2023-07-19,52.209999084472656,52.439998626708984,51.70000076293945,52.43000030517578,48.252403259277344,21745000
2023-07-20,52.060001373291016,52.869998931884766,51.91999816894531,52.369998931884766,48.19718933105469,22784400
2023-07-21,52.75,53.0,52.529998779296875,52.630001068115234,48.43647766113281,51284800
2023-07-24,52.689998626708984,53.310001373291016,52.66999816894531,53.11000061035156,48.87822723388672,18390200
2023-07-25,53.189998626708984,53.7599983215332,53.11000061035156,53.599998474121094,49.32917022705078,16136600
2023-07-26,53.540000915527344,53.650001525878906,52.959999084472656,53.220001220703125,48.979461669921875,13563700
2023-07-27,53.599998474121094,53.88999938964844,52.86000061035156,53.0,48.7769889831543,15795500
2023-07-28,52.060001373291016,52.41999816894531,51.77000045776367,52.09000015258789,47.93949508666992,27491300
2023-07-31,51.84000015258789,52.18000030517578,51.7400016784668,52.040000915527344,47.89347839355469,14193500
2023-08-01,52.56999969482422,52.779998779296875,52.310001373291016,52.65999984741211,48.464080810546875,15286200
2023-08-02,52.380001068115234,53.11000061035156,52.31999969482422,52.58000183105469,48.39046096801758,17693700
2023-08-03,52.4900016784668,53.27000045776367,52.2400016784668,53.150001525878906,48.91503143310547,15186400
2023-08-04,52.880001068115234,53.31999969482422,52.540000915527344,52.630001068115234,48.43647766113281,12266700
2023-08-07,52.970001220703125,53.06999969482422,52.68000030517578,53.0099983215332,48.786190032958984,11327900
2023-08-08,52.65999984741211,53.130001068115234,52.36000061035156,53.060001373291016,48.83220672607422,12224800
2023-08-09,52.900001525878906,53.45000076293945,52.65999984741211,52.9900016784668,48.767784118652344,18765500
2023-08-10,53.40999984741211,54.13999938964844,53.16999816894531,53.369998931884766,49.11750793457031,16329500
2023-08-11,53.349998474121094,53.95000076293945,53.189998626708984,53.790000915527344,49.50404739379883,14344500
2023-08-14,53.79999923706055,54.130001068115234,53.720001220703125,53.880001068115234,49.58687973022461,20707300
2023-08-15,53.619998931884766,53.72999954223633,53.18000030517578,53.349998474121094,49.099098205566406,20173400
2023-08-16,53.189998626708984,53.52000045776367,52.869998931884766,52.959999084472656,48.74017333984375,26470200
2023-08-17,54.439998626708984,55.84000015258789,54.369998931884766,54.72999954223633,50.369140625,45278000
2023-08-18,54.630001068115234,55.459999084472656,54.619998931884766,55.040000915527344,50.654449462890625,28839800
2023-08-21,55.20000076293945,55.790000915527344,55.150001525878906,55.439998626708984,51.02257537841797,18283200
2023-08-22,55.47999954223633,55.81999969482422,55.279998779296875,55.459999084472656,51.040985107421875,15661300
2023-08-23,55.61000061035156,56.20000076293945,55.400001525878906,55.97999954223633,51.519535064697266,18250000
2023-08-24,56.31999969482422,56.47999954223633,55.209999084472656,55.2400016784668,50.8385124206543,17586400
2023-08-25,55.25,55.869998931884766,55.25,55.70000076293945,51.26185607910156,15731800
2023-08-28,55.88999938964844,56.279998779296875,55.68000030517578,56.20000076293945,51.722015380859375,15189900
2023-08-29,56.349998474121094,56.79999923706055,56.11000061035156,56.560001373291016,52.05332946777344,17859100
2023-08-30,56.630001068115234,56.90999984741211,56.540000915527344,56.810001373291016,52.28341293334961,12145400
2023-08-31,57.099998474121094,57.529998779296875,56.88999938964844,57.349998474121094,52.7803840637207,22619700
2023-09-01,57.38999938964844,58.189998626708984,57.38999938964844,57.84000015258789,53.231346130371094,14080400
2023-09-05,57.81999969482422,57.81999969482422,57.22999954223633,57.2599983215332,52.697547912597656,13885000
2023-09-06,57.099998474121094,57.470001220703125,57.06999969482422,57.15999984741211,52.60551834106445,11380400
2023-09-07,56.970001220703125,57.09000015258789,56.65999984741211,56.790000915527344,52.26500701904297,14762000
2023-09-08,56.7599983215332,57.06999969482422,56.560001373291016,56.66999816894531,52.15456771850586,13992000
2023-09-11,56.720001220703125,56.970001220703125,56.439998626708984,56.84000015258789,52.3110237121582,15842300
2023-09-12,56.650001525878906,56.86000061035156,56.34000015258789,56.38999938964844,51.896881103515625,13916100
2023-09-13,56.31999969482422,56.529998779296875,56.08000183105469,56.279998779296875,51.79564666748047,13092200
2023-09-14,56.41999816894531,56.470001220703125,56.08000183105469,56.369998931884766,51.87846755981445,15760300
2023-09-15,56.310001373291016,56.38999938964844,55.540000915527344,56.040000915527344,51.57476806640625,44029200
2023-09-18,56.0099983215332,56.279998779296875,55.83000183105469,56.11000061035156,51.63918685913086,11825000
2023-09-19,56.18000030517578,56.209999084472656,55.459999084472656,55.84000015258789,51.39069747924805,10748500
2023-09-20,55.95000076293945,56.04999923706055,55.439998626708984,55.5,51.07779312133789,12219900
2023-09-21,53.40999984741211,54.099998474121094,52.849998474121094,53.34000015258789,49.089900970458984,37436100
2023-09-22,53.400001525878906,53.83000183105469,53.20000076293945,53.56999969482422,49.30156707763672,17869500
2023-09-25,53.459999084472656,53.68000030517578,53.15999984741211,53.47999954223633,49.21874237060547,14224400
2023-09-26,53.18000030517578,53.29999923706055,52.58000183105469,52.709999084472656,48.51009750366211,15618400
2023-09-27,52.88999938964844,53.369998931884766,52.529998779296875,53.20000076293945,48.96105194091797,15845500
2023-09-28,53.369998931884766,54.189998626708984,53.349998474121094,53.880001068115234,49.58687973022461,17204400
2023-09-29,54.15999984741211,54.20000076293945,53.5,53.7599983215332,49.47643280029297,13951200
2023-10-02,53.84000015258789,54.400001525878906,53.810001373291016,54.38999938964844,50.056236267089844,13934000
2023-10-03,53.86000061035156,53.88999938964844,53.349998474121094,53.650001525878906,49.73179626464844,15700600
2023-10-04,53.65999984741211,53.849998474121094,53.220001220703125,53.45000076293945,49.546409606933594,17009000
2023-10-05,53.400001525878906,53.470001220703125,52.58000183105469,53.06999969482422,49.19415283203125,14929400
2023-10-06,52.9900016784668,53.75,52.7400016784668,53.45000076293945,49.546409606933594,15665500
2023-10-09,53.349998474121094,53.959999084472656,53.25,53.91999816894531,49.98207473754883,10163600
2023-10-10,53.959999084472656,54.09000015258789,53.650001525878906,53.869998931884766,49.93572998046875,13105600
2023-10-11,53.93000030517578,54.130001068115234,53.349998474121094,53.65999984741211,49.741065979003906,12658000
2023-10-12,54.02000045776367,54.220001220703125,53.5099983215332,53.849998474121094,49.91718673706055,11846100
2023-10-13,53.880001068115234,54.119998931884766,53.439998626708984,53.77000045776367,49.84302520751953,14413800
2023-10-16,54.06999969482422,54.59000015258789,54.040000915527344,54.15999984741211,50.204551696777344,11736600
2023-10-17,53.790000915527344,53.97999954223633,53.16999816894531,53.939998626708984,50.000614166259766,17105900
2023-10-18,53.790000915527344,54.189998626708984,53.599998474121094,53.77000045776367,49.84302520751953,13087300
2023-10-19,53.7599983215332,53.93000030517578,53.20000076293945,53.31999969482422,49.42589569091797,16325600
2023-10-20,53.38999938964844,53.59000015258789,52.79999923706055,52.93000030517578,49.06437683105469,23888700
2023-10-23,52.81999969482422,52.849998474121094,52.15999984741211,52.20000076293945,48.387691497802734,17760000
2023-10-24,52.2599983215332,53.04999923706055,52.060001373291016,53.0099983215332,49.13853454589844,14824200
2023-10-25,53.11000061035156,53.369998931884766,52.33000183105469,52.400001525878906,48.573089599609375,14384700
2023-10-26,51.869998931884766,52.130001068115234,51.310001373291016,51.369998931884766,47.618309020996094,17594500
2023-10-27,51.63999938964844,52.150001525878906,51.400001525878906,51.560001373291016,47.794437408447266,13333900
2023-10-30,51.349998474121094,51.63999938964844,51.09000015258789,51.56999969482422,47.80370330810547,13322400
2023-10-31,51.75,52.16999816894531,51.68000030517578,52.130001068115234,48.32280731201172,13509300
2023-11-01,52.040000915527344,52.279998779296875,51.79999923706055,52.189998626708984,48.37842559814453,14300700
2023-11-02,52.31999969482422,52.79999923706055,52.18000030517578,52.75,48.897525787353516,17459700
2023-11-03,53.2599983215332,53.45000076293945,52.630001068115234,53.0099983215332,49.13853454589844,17644900
2023-11-06,52.970001220703125,53.29999923706055,52.880001068115234,53.290000915527344,49.39809036254883,15429600
2023-11-07,53.34000015258789,53.439998626708984,52.970001220703125,53.130001068115234,49.24977493286133,15153100
2023-11-08,53.38999938964844,53.5,52.77000045776367,53.0,49.12926483154297,13633800
2023-11-09,52.119998931884766,52.56999969482422,51.75,52.0,48.20229721069336,21039400
2023-11-10,52.25,52.630001068115234,51.93000030517578,52.59000015258789,48.74921798706055,17369000
2023-11-13,52.47999954223633,52.63999938964844,52.09000015258789,52.22999954223633,48.41549301147461,14931600
2023-11-14,52.470001220703125,53.369998931884766,52.470001220703125,53.16999816894531,49.28685760498047,18331000
2023-11-15,53.27000045776367,53.43000030517578,53.040000915527344,53.279998779296875,49.38882064819336,32188200
2023-11-16,47.40999984741211,48.060001373291016,46.20000076293945,48.040000915527344,44.53151321411133,79057800
2023-11-17,48.04999923706055,48.36000061035156,47.72999954223633,47.7599983215332,44.2719612121582,32593700
2023-11-20,47.560001373291016,48.369998931884766,47.54999923706055,48.27000045776367,44.74470520019531,27421000
2023-11-21,48.27000045776367,48.349998474121094,47.65999984741211,47.79999923706055,44.30904006958008,21510500
2023-11-22,48.08000183105469,48.349998474121094,47.95000076293945,48.08000183105469,44.56859588623047,17308400
2023-11-24,48.09000015258789,48.400001525878906,48.04999923706055,48.36000061035156,44.82814407348633,8209500
2023-11-27,48.33000183105469,48.369998931884766,47.90999984741211,47.93000030517578,44.42953872680664,17651600
2023-11-28,47.95000076293945,48.189998626708984,47.810001373291016,47.849998474121094,44.35538101196289,16360900
2023-11-29,48.11000061035156,48.439998626708984,48.029998779296875,48.04999923706055,44.540775299072266,16700500
2023-11-30,48.189998626708984,48.5,47.939998626708984,48.380001068115234,44.846675872802734,37165000
2023-12-01,48.279998779296875,48.779998779296875,48.02000045776367,48.470001220703125,44.93010330200195,18744700
2023-12-04,48.060001373291016,48.18000030517578,47.779998779296875,48.04999923706055,44.540775299072266,17812900
2023-12-05,47.75,47.959999084472656,47.59000015258789,47.93000030517578,44.42953872680664,20985000
2023-12-06,48.06999969482422,48.209999084472656,47.650001525878906,47.70000076293945,44.21633529663086,19535500
2023-12-07,47.90999984741211,48.36000061035156,47.79999923706055,48.2599983215332,44.73543930053711,20478500
2023-12-08,48.279998779296875,48.59000015258789,48.209999084472656,48.380001068115234,44.846675872802734,16039900
2023-12-11,48.939998626708984,49.439998626708984,48.849998474121094,49.38999938964844,45.78291320800781,25618900
2023-12-12,49.58000183105469,49.59000015258789,49.11000061035156,49.33000183105469,45.727298736572266,18712200
2023-12-13,49.2400016784668,49.70000076293945,48.810001373291016,49.689998626708984,46.061004638671875,18689200
2023-12-14,50.0,50.0099983215332,49.16999816894531,49.439998626708984,45.82926559448242,28418700
2023-12-15,49.4900016784668,49.93000030517578,49.43000030517578,49.869998931884766,46.22785568237305,58860100
2023-12-18,49.91999816894531,50.29999923706055,49.400001525878906,50.2400016784668,46.57083511352539,20453100
2023-12-19,50.369998931884766,50.459999084472656,49.84000015258789,50.18000030517578,46.515220642089844,17035800
2023-12-20,50.119998931884766,50.33000183105469,49.790000915527344,49.79999923706055,46.16297149658203,17812200
2023-12-21,49.93000030517578,49.97999954223633,49.380001068115234,49.70000076293945,46.07027053833008,18772300
2023-12-22,49.84000015258789,50.38999938964844,49.84000015258789,50.09000015258789,46.43179702758789,12903800
2023-12-26,50.11000061035156,50.400001525878906,50.04999923706055,50.279998779296875,46.607906341552734,9721200
2023-12-27,50.29999923706055,50.560001373291016,50.279998779296875,50.439998626708984,46.756229400634766,10414300
2023-12-28,50.58000183105469,50.630001068115234,50.41999816894531,50.47999954223633,46.793312072753906,8549900
2023-12-29,50.45000076293945,50.59000015258789,50.220001220703125,50.52000045776367,46.83039474487305,12492900
2024-01-02,50.4900016784668,50.86000061035156,50.25,50.5099983215332,46.821109771728516,20242900
2024-01-03,50.16999816894531,50.68000030517578,49.939998626708984,50.5099983215332,47.18544387817383,20303900
2024-01-04,50.439998626708984,50.5099983215332,49.9900016784668,50.08000183105469,46.78376388549805,18134100
2024-01-05,50.18000030517578,50.369998931884766,49.869998931884766,50.09000015258789,46.793087005615234,13989300
2024-01-08,49.75,50.5,49.689998626708984,50.459999084472656,47.138736724853516,18070300
2024-01-09,49.959999084472656,50.040000915527344,49.43000030517578,49.90999984741211,46.62493896484375,20489200
2024-01-10,50.0,50.31999969482422,49.81999969482422,50.2400016784668,46.93321990966797,15174200
2024-01-11,50.45000076293945,50.5,50.040000915527344,50.439998626708984,47.120052337646484,16458300
2024-01-12,50.5,50.81999969482422,50.29999923706055,50.34000015258789,47.026641845703125,18785700
2024-01-16,50.25,50.59000015258789,50.06999969482422,50.59000015258789,47.26018142700195,17015900
2024-01-17,50.2400016784668,50.43000030517578,49.90999984741211,50.29999923706055,46.9892692565918,17370600
2024-01-18,50.29999923706055,50.79999923706055,50.279998779296875,50.75,47.40965270996094,18487500
2024-01-19,50.75,51.38999938964844,50.72999954223633,51.27000045776367,47.89542770385742,23015300
2024-01-22,51.54999923706055,51.779998779296875,51.40999984741211,51.56999969482422,48.175682067871094,20298700
2024-01-23,51.38999938964844,51.81999969482422,51.29999923706055,51.7599983215332,48.35316848754883,15044300
2024-01-24,52.0,52.0,51.209999084472656,51.310001373291016,47.93279266357422,19458500
2024-01-25,51.75,52.560001373291016,51.75,52.33000183105469,48.885658264160156,18936600
2024-01-26,52.41999816894531,52.619998931884766,51.9900016784668,52.13999938964844,48.708160400390625,13160300
2024-01-29,51.84000015258789,52.38999938964844,51.83000183105469,52.290000915527344,48.84828567504883,13492400
2024-01-30,52.29999923706055,52.41999816894531,52.0,52.2400016784668,48.80158996582031,14322100
2024-01-31,51.849998474121094,51.939998626708984,50.06999969482422,50.18000030517578,46.87717056274414,29311800
2024-02-01,50.22999954223633,50.459999084472656,49.81999969482422,50.18000030517578,46.87717056274414,20635700
2024-02-02,50.13999938964844,50.380001068115234,49.619998931884766,50.18000030517578,46.87717056274414,20533100
2024-02-05,49.939998626708984,50.150001525878906,49.2599983215332,49.5099983215332,46.25127410888672,19602000
2024-02-06,50.310001373291016,50.61000061035156,49.790000915527344,49.97999954223633,46.690330505371094,19265800
2024-02-07,50.29999923706055,50.349998474121094,49.459999084472656,49.77000045776367,46.49415969848633,16794400
2024-02-08,49.900001525878906,49.9900016784668,49.54999923706055,49.95000076293945,46.66231918334961,19599000
2024-02-09,49.93000030517578,50.2599983215332,49.630001068115234,50.130001068115234,46.83046340942383,24076900
2024-02-12,50.029998779296875,50.20000076293945,49.529998779296875,49.9900016784668,46.699676513671875,19046300
2024-02-13,49.619998931884766,49.939998626708984,49.13999938964844,49.63999938964844,46.37271499633789,23633700
2024-02-14,49.56999969482422,50.34000015258789,49.54999923706055,50.279998779296875,46.9705810546875,31176400
2024-02-15,48.2599983215332,49.689998626708984,48.189998626708984,49.060001373291016,45.830894470214844,42766500
2024-02-16,48.75,49.08000183105469,48.38999938964844,48.439998626708984,45.25170135498047,24912300
2024-02-20,47.970001220703125,48.470001220703125,47.849998474121094,48.279998779296875,45.10222625732422,26402500
2024-02-21,48.45000076293945,48.52000045776367,47.900001525878906,48.47999954223633,45.289058685302734,15981300
2024-02-22,48.27000045776367,48.70000076293945,48.150001525878906,48.56999969482422,45.37314224243164,22020300
2024-02-23,48.619998931884766,49.13999938964844,48.5,48.86000061035156,45.6440544128418,13141900
2024-02-26,48.849998474121094,48.900001525878906,48.36000061035156,48.400001525878906,45.214332580566406,13018700
2024-02-27,48.150001525878906,48.45000076293945,48.02000045776367,48.310001373291016,45.1302604675293,12515400
2024-02-28,48.20000076293945,48.47999954223633,48.0099983215332,48.060001373291016,44.896705627441406,14635100
2024-02-29,48.189998626708984,48.47999954223633,48.130001068115234,48.369998931884766,45.186302185058594,22962500
2024-03-01,48.11000061035156,48.41999816894531,47.65999984741211,48.400001525878906,45.214332580566406,18508100
2024-03-04,48.369998931884766,49.470001220703125,48.22999954223633,49.130001068115234,45.89628601074219,25214500
2024-03-05,49.040000915527344,49.06999969482422,48.56999969482422,48.95000076293945,45.728126525878906,18101300
2024-03-06,48.97999954223633,49.40999984741211,48.970001220703125,49.16999816894531,45.93363952636719,20903600
2024-03-07,49.439998626708984,49.47999954223633,48.83000183105469,48.900001525878906,45.681419372558594,21224700
2024-03-08,48.869998931884766,49.779998779296875,48.849998474121094,49.5,46.2419319152832,19316200
2024-03-11,49.720001220703125,50.29999923706055,49.58000183105469,50.220001220703125,46.9145393371582,17715100
2024-03-12,50.540000915527344,50.54999923706055,49.88999938964844,50.06999969482422,46.774410247802734,17590400
2024-03-13,50.029998779296875,50.150001525878906,49.83000183105469,50.11000061035156,46.811771392822266,16669900
2024-03-14,50.27000045776367,50.349998474121094,49.599998474121094,49.790000915527344,46.512840270996094,17239400
2024-03-15,49.790000915527344,49.959999084472656,48.900001525878906,48.93000030517578,45.70944595336914,57049200
2024-03-18,49.220001220703125,49.65999984741211,48.97999954223633,49.27000045776367,46.027069091796875,17406700
2024-03-19,49.119998931884766,49.599998474121094,48.970001220703125,49.13999938964844,45.90562057495117,19601100
2024-03-20,49.040000915527344,49.58000183105469,48.939998626708984,49.54999923706055,46.28863525390625,18554100
2024-03-21,49.709999084472656,50.189998626708984,49.560001373291016,49.880001068115234,46.59691619873047,26102900
2024-03-22,50.04999923706055,50.099998474121094,49.720001220703125,49.779998779296875,46.50349044799805,15022900
2024-03-25,49.560001373291016,49.7599983215332,49.290000915527344,49.68000030517578,46.41008377075195,16191200
2024-03-26,49.54999923706055,49.810001373291016,49.47999954223633,49.54999923706055,46.28863525390625,13842900
2024-03-27,49.77000045776367,49.900001525878906,49.40999984741211,49.77000045776367,46.49415969848633,17231000
2024-03-28,49.88999938964844,50.20000076293945,49.810001373291016,49.90999984741211,46.62493896484375,18139700
2024-04-01,49.959999084472656,50.20000076293945,49.869998931884766,50.040000915527344,46.74638366699219,15138100
2024-04-02,49.959999084472656,50.09000015258789,49.150001525878906,49.36000061035156,46.11113739013672,16414400
2024-04-03,48.79999923706055,49.220001220703125,48.65999984741211,48.7400016784668,45.90394592285156,22210000
2024-04-04,49.09000015258789,49.54999923706055,48.040000915527344,48.11000061035156,45.31059646606445,17374000
2024-04-05,47.959999084472656,48.66999816894531,47.88999938964844,48.54999923706055,45.724998474121094,18661300
2024-04-08,48.189998626708984,48.65999984741211,48.15999984741211,48.2400016784668,45.43303298950195,15375700
2024-04-09,48.84000015258789,50.20000076293945,48.52000045776367,50.0099983215332,47.10003662109375,26686600
2024-04-10,49.72999954223633,49.77000045776367,48.810001373291016,49.209999084472656,46.346588134765625,20026400
2024-04-11,49.31999969482422,49.59000015258789,49.0,49.529998779296875,46.647972106933594,15703900
2024-04-12,49.209999084472656,49.22999954223633,48.439998626708984,48.4900016784668,45.66849136352539,16418100
2024-04-15,49.720001220703125,49.790000915527344,48.20000076293945,48.2400016784668,45.43303298950195,20310800
2024-04-16,48.470001220703125,48.5099983215332,47.84000015258789,47.91999816894531,45.13165283203125,14233400
2024-04-17,48.0,48.279998779296875,47.709999084472656,47.790000915527344,45.009220123291016,14407600
2024-04-18,48.40999984741211,48.40999984741211,47.880001068115234,48.11000061035156,45.31059646606445,13080900
2024-04-19,48.38999938964844,48.43000030517578,48.029998779296875,48.31999969482422,45.50837326049805,20964400
2024-04-22,48.4900016784668,48.59000015258789,48.0,48.13999938964844,45.33885955810547,20135700
2024-04-23,48.13999938964844,48.459999084472656,48.060001373291016,48.31999969482422,45.50837326049805,16261700
2024-04-24,48.04999923706055,48.380001068115234,47.91999816894531,48.349998474121094,45.5366325378418,14828500
2024-04-25,48.779998779296875,48.93000030517578,47.849998474121094,48.099998474121094,45.301177978515625,18790900
2024-04-26,47.63999938964844,48.279998779296875,47.61000061035156,47.86000061035156,45.07514953613281,14658900
2024-04-29,47.9900016784668,48.310001373291016,47.58000183105469,47.779998779296875,44.99980163574219,11599500
2024-04-30,47.61000061035156,47.689998626708984,46.970001220703125,46.97999954223633,44.2463493347168,18535400
2024-05-01,46.70000076293945,47.56999969482422,46.68000030517578,46.84000015258789,44.114501953125,18266400
2024-05-02,47.029998779296875,47.119998931884766,46.599998474121094,46.790000915527344,44.067405700683594,15441700
2024-05-03,47.099998474121094,47.400001525878906,46.84000015258789,47.119998931884766,44.378204345703125,17935300
2024-05-06,47.220001220703125,47.439998626708984,46.970001220703125,47.11000061035156,44.36878967285156,14163000
2024-05-07,47.209999084472656,47.459999084472656,47.0099983215332,47.279998779296875,44.528892517089844,14308200
2024-05-08,47.439998626708984,48.13999938964844,47.25,48.0,45.207000732421875,15130200
2024-05-09,48.0,48.09000015258789,47.650001525878906,47.790000915527344,45.009220123291016,12449300
2024-05-10,48.0,48.099998474121094,47.70000076293945,48.060001373291016,45.26350784301758,12096900
2024-05-13,48.310001373291016,48.81999969482422,48.22999954223633,48.68000030517578,45.847434997558594,15149100
2024-05-14,48.97999954223633,49.18000030517578,48.349998474121094,48.95000076293945,46.10171890258789,17379700
2024-05-15,49.189998626708984,49.72999954223633,48.72999954223633,49.66999816894531,46.77983093261719,37342100
2024-05-16,50.08000183105469,50.11000061035156,48.16999816894531,48.34000015258789,45.52721405029297,47829400
2024-05-17,48.2599983215332,48.560001373291016,48.11000061035156,48.16999816894531,45.36710739135742,22020300
2024-05-20,48.0,48.06999969482422,47.0099983215332,47.130001068115234,44.38762664794922,22040700
2024-05-21,47.119998931884766,47.150001525878906,46.61000061035156,46.939998626708984,44.208675384521484,25172200
2024-05-22,47.099998474121094,47.84000015258789,47.040000915527344,47.43000030517578,44.670169830322266,19940600
2024-05-23,47.150001525878906,47.189998626708984,46.5099983215332,46.599998474121094,43.888465881347656,18837500
2024-05-24,46.630001068115234,46.79999923706055,46.380001068115234,46.41999816894531,43.71893310546875,11941100
2024-05-28,46.150001525878906,46.88999938964844,45.97999954223633,46.279998779296875,43.58708190917969,18178800
2024-05-29,45.900001525878906,46.33000183105469,45.849998474121094,46.08000183105469,43.39872360229492,16001100
2024-05-30,46.099998474121094,46.459999084472656,46.0,46.119998931884766,43.4363899230957,19894200
2024-05-31,46.13999938964844,46.56999969482422,46.0099983215332,46.5,43.794281005859375,39269100
2024-06-03,46.720001220703125,46.77000045776367,46.279998779296875,46.650001525878906,43.93556213378906,23295000
2024-06-04,46.650001525878906,47.599998474121094,46.5099983215332,47.41999816894531,44.66074752807617,23330300
2024-06-05,47.52000045776367,47.630001068115234,45.63999938964844,46.02000045776367,43.34221649169922,28746400
2024-06-06,45.939998626708984,46.38999938964844,45.779998779296875,46.22999954223633,43.53998947143555,15456100
2024-06-07,45.95000076293945,46.290000915527344,45.790000915527344,45.84000015258789,43.17268753051758,15734600
2024-06-10,45.79999923706055,45.86000061035156,45.27000045776367,45.849998474121094,43.18210983276367,13400400
2024-06-11,45.689998626708984,45.93000030517578,45.36000061035156,45.77000045776367,43.10676574707031,17450700
2024-06-12,45.9900016784668,46.08000183105469,45.38999938964844,45.619998931884766,42.965484619140625,16803100
2024-06-13,45.41999816894531,45.54999923706055,45.119998931884766,45.52000045776367,42.87130355834961,16149000
2024-06-14,45.31999969482422,45.709999084472656,44.970001220703125,45.68000030517578,43.021995544433594,15274200
2024-06-17,45.400001525878906,45.709999084472656,44.95000076293945,45.689998626708984,43.031410217285156,16382000
2024-06-18,45.5,45.9900016784668,45.5,45.970001220703125,43.29512023925781,17627000
2024-06-20,45.90999984741211,46.869998931884766,45.86000061035156,46.720001220703125,44.001487731933594,25613200
2024-06-21,47.099998474121094,47.84000015258789,47.04999923706055,47.290000915527344,44.53831481933594,64967000
2024-06-24,47.4900016784668,47.779998779296875,47.02000045776367,47.279998779296875,44.528892517089844,19136200
2024-06-25,47.27000045776367,47.81999969482422,46.9900016784668,47.380001068115234,44.623077392578125,17615800
2024-06-26,47.060001373291016,47.40999984741211,46.79999923706055,46.86000061035156,44.13333511352539,13981300
2024-06-27,46.779998779296875,47.5099983215332,46.77000045776367,47.45000076293945,44.68900680541992,16541900
2024-06-28,47.54999923706055,47.86000061035156,47.34000015258789,47.5099983215332,44.74551010131836,23921100
2024-07-01,47.47999954223633,47.84000015258789,47.349998474121094,47.52000045776367,44.75492858886719,17776000
2024-07-02,47.400001525878906,47.790000915527344,46.959999084472656,47.279998779296875,44.528892517089844,19794200
2024-07-03,47.150001525878906,47.52000045776367,47.040000915527344,47.09000015258789,44.34994888305664,8118300
2024-07-05,46.43000030517578,46.7599983215332,46.310001373291016,46.650001525878906,44.31196594238281,14692600
2024-07-08,46.349998474121094,46.779998779296875,45.95000076293945,46.060001373291016,43.75152587890625,19320900
2024-07-09,46.0,46.099998474121094,45.650001525878906,45.79999923706055,43.504554748535156,17343400
2024-07-10,46.060001373291016,46.290000915527344,45.83000183105469,46.27000045776367,43.95100402832031,18737300
2024-07-11,46.18000030517578,46.90999984741211,46.18000030517578,46.7599983215332,44.41644287109375,19741200
2024-07-12,46.779998779296875,47.86000061035156,46.650001525878906,47.380001068115234,45.005374908447266,20936100
2024-07-15,47.40999984741211,47.4900016784668,46.790000915527344,47.400001525878906,45.02437210083008,15925900
2024-07-16,47.45000076293945,47.970001220703125,47.220001220703125,47.41999816894531,45.04336166381836,17037300
2024-07-17,47.459999084472656,48.7400016784668,47.349998474121094,48.52000045776367,46.08823776245117,26638700
2024-07-18,48.150001525878906,48.63999938964844,47.97999954223633,48.040000915527344,45.63229751586914,18462500
2024-07-19,48.09000015258789,48.099998474121094,47.13999938964844,47.31999969482422,44.94838333129883,18289200
2024-07-22,47.31999969482422,47.380001068115234,46.77000045776367,46.81999969482422,44.47343444824219,19899400
2024-07-23,46.75,46.779998779296875,46.34000015258789,46.36000061035156,44.0364875793457,16372000
2024-07-24,46.540000915527344,47.040000915527344,46.2400016784668,46.849998474121094,44.501922607421875,25318200
2024-07-25,47.369998931884766,48.189998626708984,47.060001373291016,47.2400016784668,44.87238693237305,20631200
2024-07-26,47.31999969482422,48.0099983215332,47.2400016784668,47.880001068115234,45.480316162109375,16104900
2024-07-29,47.81999969482422,48.209999084472656,47.439998626708984,47.9900016784668,45.584800720214844,11475700
2024-07-30,48.189998626708984,48.54999923706055,47.88999938964844,48.13999938964844,45.72728729248047,20166000
2024-07-31,48.40999984741211,48.77000045776367,48.2400016784668,48.45000076293945,46.02174377441406,19953600
2024-08-01,48.619998931884766,48.720001220703125,47.20000076293945,47.38999938964844,45.014862060546875,18837500
2024-08-02,47.68000030517578,47.75,46.349998474121094,46.65999984741211,44.32145690917969,24000200
2024-08-05,46.54999923706055,46.68000030517578,44.689998626708984,44.7400016784668,42.497684478759766,29669600
2024-08-06,44.75,45.7400016784668,44.63999938964844,45.15999984741211,42.89664077758789,20524000
2024-08-07,45.41999816894531,46.209999084472656,45.09000015258789,45.119998931884766,42.858638763427734,18301100
2024-08-08,45.279998779296875,46.27000045776367,45.279998779296875,45.83000183105469,43.53305435180664,18369100
2024-08-09,45.70000076293945,46.060001373291016,45.2400016784668,45.470001220703125,43.19109344482422,21217600
2024-08-12,45.529998779296875,45.7400016784668,44.5,44.86000061035156,42.611671447753906,20289500
2024-08-13,44.97999954223633,45.38999938964844,44.88999938964844,45.369998931884766,43.09611129760742,20976900
2024-08-14,45.13999938964844,45.7400016784668,45.040000915527344,45.439998626708984,43.162601470947266,30675600
2024-08-15,48.75,50.279998779296875,48.15999984741211,48.529998779296875,46.09773635864258,45976400
2024-08-16,48.63999938964844,49.72999954223633,48.5,49.459999084472656,46.98112106323242,27424900
2024-08-19,49.33000183105469,49.9900016784668,49.29999923706055,49.97999954223633,47.475059509277344,16436600
2024-08-20,49.97999954223633,50.369998931884766,49.599998474121094,50.2400016784668,47.72203063964844,18697300
2024-08-21,50.290000915527344,50.54999923706055,50.029998779296875,50.45000076293945,47.9215087890625,21177600
2024-08-22,50.720001220703125,50.93000030517578,50.18000030517578,50.220001220703125,47.70303726196289,19143100
2024-08-23,50.5099983215332,50.77000045776367,50.31999969482422,50.7400016784668,48.19697189331055,16474100
2024-08-26,50.790000915527344,51.02000045776367,50.720001220703125,50.790000915527344,48.24446487426758,12016800
2024-08-27,50.66999816894531,50.84000015258789,50.400001525878906,50.709999084472656,48.16847229003906,10243900
2024-08-28,50.45000076293945,50.56999969482422,49.40999984741211,49.849998474121094,47.35157012939453,14571400
2024-08-29,49.970001220703125,50.81999969482422,49.880001068115234,50.38999938964844,47.86450958251953,16324100
2024-08-30,50.54999923706055,50.689998626708984,50.06999969482422,50.540000915527344,48.00699234008789,15615800
2024-09-03,50.310001373291016,50.5,49.900001525878906,50.060001373291016,47.55105972290039,14918600
2024-09-04,49.81999969482422,50.040000915527344,49.58000183105469,49.70000076293945,47.20909118652344,16411700
2024-09-05,49.5,49.650001525878906,48.939998626708984,49.130001068115234,46.667659759521484,16312000
2024-09-06,48.869998931884766,49.22999954223633,48.20000076293945,48.5,46.069236755371094,21040500
2024-09-09,48.470001220703125,49.150001525878906,48.2599983215332,48.70000076293945,46.25921630859375,18677600
2024-09-10,48.790000915527344,48.970001220703125,48.439998626708984,48.790000915527344,46.34470748901367,11754700
2024-09-11,48.75,49.209999084472656,47.849998474121094,49.11000061035156,46.6486701965332,15106600
2024-09-12,49.09000015258789,49.63999938964844,48.86000061035156,49.61000061035156,47.12360382080078,13229500
2024-09-13,49.7400016784668,50.060001373291016,49.66999816894531,49.79999923706055,47.304080963134766,10168900
2024-09-16,49.880001068115234,51.06999969482422,49.779998779296875,51.029998779296875,48.472442626953125,16668200
2024-09-17,51.02000045776367,51.41999816894531,50.56999969482422,50.61000061035156,48.073486328125,13230300
2024-09-18,50.38999938964844,51.13999938964844,50.27000045776367,50.56999969482422,48.03549575805664,12697700
2024-09-19,51.40999984741211,51.720001220703125,51.150001525878906,51.439998626708984,48.86189270019531,16274000
2024-09-20,51.45000076293945,52.33000183105469,51.41999816894531,51.970001220703125,49.365325927734375,44096600
2024-09-23,52.060001373291016,52.439998626708984,51.88999938964844,52.189998626708984,49.57429885864258,18343400
2024-09-24,52.209999084472656,52.56999969482422,52.0099983215332,52.52000045776367,49.88777160644531,26479300
2024-09-25,52.56999969482422,52.72999954223633,52.369998931884766,52.650001525878906,50.01124954223633,22422200
2024-09-26,53.0,53.290000915527344,52.7599983215332,52.849998474121094,50.20121383666992,18374000
2024-09-27,53.040000915527344,53.220001220703125,52.86000061035156,53.02000045776367,50.362693786621094,13868300
2024-09-30,53.02000045776367,53.310001373291016,52.650001525878906,53.220001220703125,50.552669525146484,17807500
2024-10-01,53.11000061035156,53.20000076293945,52.310001373291016,52.7400016784668,50.09674072265625,16621800
2024-10-02,52.400001525878906,52.84000015258789,52.130001068115234,52.619998931884766,50.36472702026367,11071300
2024-10-03,52.189998626708984,52.65999984741211,52.15999984741211,52.43000030517578,50.18287658691406,11029100
2024-10-04,52.79999923706055,52.90999984741211,52.40999984741211,52.75,50.489166259765625,11724100
2024-10-07,52.58000183105469,52.849998474121094,52.369998931884766,52.5099983215332,50.25944519042969,10941700
2024-10-08,52.63999938964844,52.77000045776367,52.20000076293945,52.72999954223633,50.47001647949219,12365000
2024-10-09,52.650001525878906,53.68000030517578,52.540000915527344,53.560001373291016,51.26444625854492,10586100
2024-10-10,53.70000076293945,53.810001373291016,53.41999816894531,53.540000915527344,51.245304107666016,9377500
2024-10-11,53.52000045776367,54.33000183105469,53.52000045776367,54.25,51.92487335205078,12704500
2024-10-14,54.310001373291016,54.40999984741211,53.790000915527344,54.27000045776367,51.94401931762695,11428600
2024-10-15,54.41999816894531,54.61000061035156,53.91999816894531,54.08000183105469,51.76216125488281,20066300
2024-10-16,55.0,56.40999984741211,54.83000183105469,56.380001068115234,53.963584899902344,32382300
2024-10-17,56.380001068115234,56.58000183105469,55.849998474121094,56.400001525878906,53.982730865478516,18383400
2024-10-18,56.40999984741211,56.869998931884766,56.209999084472656,56.7599983215332,54.32728958129883,17679800
2024-10-21,56.689998626708984,57.060001373291016,56.5099983215332,56.59000015258789,54.164581298828125,14083600
2024-10-22,56.0,56.900001525878906,55.86000061035156,56.599998474121094,54.174156188964844,14956300
2024-10-23,56.15999984741211,56.59000015258789,55.9900016784668,56.279998779296875,53.867862701416016,18723000
2024-10-24,56.380001068115234,56.54999923706055,55.810001373291016,55.959999084472656,53.56158447265625,14699600
2024-10-25,56.25,56.630001068115234,55.66999816894531,55.7400016784668,53.35101318359375,14680500
2024-10-28,55.900001525878906,55.97999954223633,55.209999084472656,55.279998779296875,52.91073226928711,12912300
2024-10-29,55.369998931884766,56.11000061035156,55.27000045776367,55.68000030517578,53.29358673095703,18810100
2024-10-30,55.56999969482422,56.040000915527344,55.369998931884766,55.59000015258789,53.20744323730469,13284300
2024-10-31,55.43000030517578,55.5099983215332,54.709999084472656,54.77000045776367,52.422584533691406,22023400
2024-11-01,54.7400016784668,55.810001373291016,54.529998779296875,55.5,53.12130355834961,19235600
2024-11-04,55.45000076293945,55.90999984741211,55.119998931884766,55.83000183105469,53.437156677246094,13269900
2024-11-05,55.900001525878906,56.27000045776367,55.5,56.15999984741211,53.753013610839844,10183600
2024-11-06,57.189998626708984,58.09000015258789,56.959999084472656,57.869998931884766,55.38972091674805,20506000
2024-11-07,57.79999923706055,58.29999923706055,57.540000915527344,58.08000183105469,55.59072494506836,17880200
2024-11-08,58.09000015258789,58.20000076293945,57.65999984741211,58.060001373291016,55.57157897949219,17517700
2024-11-11,59.0,59.380001068115234,58.36000061035156,58.630001068115234,56.117149353027344,17827000
2024-11-12,58.7599983215332,59.040000915527344,58.43000030517578,58.709999084472656,56.1937141418457,16609400
2024-11-13,58.150001525878906,59.279998779296875,57.84000015258789,59.18000030517578,56.64357376098633,36350600
2024-11-14,58.9900016784668,58.9900016784668,57.52000045776367,57.91999816894531,55.43757629394531,33747700
2024-11-15,57.45000076293945,58.099998474121094,57.22999954223633,57.459999084472656,54.997291564941406,28173700
2024-11-18,57.54999923706055,57.9900016784668,57.22999954223633,57.310001373291016,54.85372543334961,23769300
2024-11-19,56.68000030517578,57.040000915527344,56.349998474121094,57.0099983215332,54.56658172607422,17476200
2024-11-20,56.84000015258789,57.5,56.61000061035156,57.5,55.035579681396484,15345000
2024-11-21,57.290000915527344,57.93000030517578,57.099998474121094,57.560001373291016,55.09300994873047,16162400
2024-11-22,57.59000015258789,58.70000076293945,57.459999084472656,58.54999923706055,56.04057312011719,14952100
2024-11-25,58.650001525878906,58.959999084472656,58.2599983215332,58.7400016784668,56.222434997558594,52408200
2024-11-26,59.0,59.63999938964844,58.939998626708984,59.59000015258789,57.03600311279297,14209700
2024-11-27,59.61000061035156,59.869998931884766,58.93000030517578,59.290000915527344,56.74885940551758,12703300
2024-11-29,59.06999969482422,59.59000015258789,59.040000915527344,59.209999084472656,56.67228698730469,11618400
2024-12-02,59.25,59.70000076293945,59.13999938964844,59.43000030517578,56.88286209106445,15977400
2024-12-03,59.43000030517578,59.529998779296875,59.16999816894531,59.47999954223633,56.93071746826172,11746000
2024-12-04,59.63999938964844,59.84000015258789,59.27000045776367,59.619998931884766,57.06471633911133,16872100
2024-12-05,59.790000915527344,60.22999954223633,59.70000076293945,60.02000045776367,57.44757080078125,19121700
2024-12-06,60.0,60.08000183105469,59.77000045776367,59.88999938964844,57.32314682006836,14622700
2024-12-09,59.83000183105469,59.880001068115234,58.86000061035156,58.95000076293945,56.42343521118164,16517500
2024-12-10,58.5,58.86000061035156,58.130001068115234,58.720001220703125,56.20329666137695,14480200
2024-12-11,58.880001068115234,58.959999084472656,58.310001373291016,58.59000015258789,56.078861236572266,26842900
2024-12-12,58.689998626708984,59.7400016784668,58.630001068115234,58.849998474121094,56.32771301269531,17704600
2024-12-13,58.619998931884766,58.939998626708984,58.380001068115234,58.619998931884766,56.107574462890625,14129700
2024-12-16,58.470001220703125,58.4900016784668,57.849998474121094,58.349998474121094,55.849143981933594,26883200
2024-12-17,58.380001068115234,59.06999969482422,58.16999816894531,58.52000045776367,56.011863708496094,24912500
2024-12-18,58.709999084472656,58.709999084472656,57.47999954223633,57.529998779296875,55.064292907714844,24195100
2024-12-19,57.38999938964844,58.13999938964844,57.34000015258789,57.630001068115234,55.160011291503906,21947800
2024-12-20,57.56999969482422,58.779998779296875,57.27000045776367,58.52000045776367,56.011863708496094,69544600
2024-12-23,58.130001068115234,59.02000045776367,58.119998931884766,58.97999954223633,56.4521484375,18671200
2024-12-24,58.79999923706055,59.849998474121094,58.79999923706055,59.849998474121094,57.28485870361328,9922300
2024-12-26,59.619998931884766,60.060001373291016,59.400001525878906,59.97999954223633,57.40928649902344,8524500
2024-12-27,59.56999969482422,60.02000045776367,59.13999938964844,59.61000061035156,57.055145263671875,13021400
2024-12-30,59.09000015258789,59.38999938964844,58.40999984741211,59.189998626708984,56.65314483642578,12948100
2024-12-31,59.220001220703125,59.380001068115234,58.77000045776367,59.20000076293945,56.6627197265625,14173000
2025-01-02,59.27000045776367,59.68000030517578,58.56999969482422,59.099998474121094,56.56700134277344,16144300
2025-01-03,58.84000015258789,59.16999816894531,58.36000061035156,58.86000061035156,56.721187591552734,18859000
2025-01-06,58.90999984741211,59.58000183105469,58.59000015258789,58.77000045776367,56.63446044921875,18543300
2025-01-07,58.970001220703125,59.25,58.650001525878906,58.93000030517578,56.78864288330078,16863800
2025-01-08,58.88999938964844,59.2400016784668,58.27000045776367,59.20000076293945,57.048831939697266,14400300
2025-01-10,58.790000915527344,59.060001373291016,58.540000915527344,58.7400016784668,56.605552673339844,17274500
2025-01-13,58.91999816894531,58.93000030517578,58.16999816894531,58.7599983215332,56.62482452392578,19340700
2025-01-14,58.970001220703125,59.34000015258789,58.75,59.33000183105469,57.17411422729492,16715500
2025-01-15,59.86000061035156,60.34000015258789,59.59000015258789,59.97999954223633,57.80049514770508,19185100
2025-01-16,60.18000030517578,60.45000076293945,59.779998779296875,59.81999969482422,57.646305084228516,18445700
2025-01-17,60.7599983215332,60.95000076293945,60.20000076293945,60.22999954223633,58.041404724121094,23876400
2025-01-21,60.470001220703125,61.33000183105469,60.279998779296875,61.029998779296875,58.81233596801758,18623800
2025-01-22,61.040000915527344,61.7599983215332,60.9900016784668,61.630001068115234,59.39053726196289,19436600
2025-01-23,61.79999923706055,62.31999969482422,61.380001068115234,62.22999954223633,59.96873092651367,14212000
2025-01-24,62.060001373291016,62.290000915527344,61.86000061035156,62.22999954223633,59.96873092651367,17232900
2025-01-27,61.38999938964844,61.459999084472656,58.7599983215332,59.08000183105469,56.93319320678711,33730300
2025-01-28,59.02000045776367,59.560001373291016,58.91999816894531,59.43000030517578,57.270477294921875,25473300
2025-01-29,59.95000076293945,60.540000915527344,59.5099983215332,59.54999923706055,57.386112213134766,17925300
2025-01-30,60.470001220703125,61.08000183105469,60.25,60.470001220703125,58.2726936340332,17079000
2025-01-31,60.529998779296875,61.189998626708984,60.459999084472656,60.599998474121094,58.39796447753906,16554200
2025-02-03,60.189998626708984,61.2599983215332,59.54999923706055,61.040000915527344,58.82197570800781,20375700
2025-02-04,60.84000015258789,61.59000015258789,60.72999954223633,61.34000015258789,59.11107635498047,12742700
2025-02-05,61.45000076293945,62.709999084472656,61.29999923706055,62.56999969482422,60.29637908935547,18997400
2025-02-06,62.81999969482422,62.90999984741211,62.06999969482422,62.27000045776367,60.00728225708008,15521800
2025-02-07,62.7400016784668,63.25,62.209999084472656,62.27000045776367,60.00728225708008,23861000
2025-02-10,63.119998931884766,63.150001525878906,62.380001068115234,62.810001373291016,60.52765655517578,15816200
2025-02-11,62.529998779296875,62.79999923706055,62.18000030517578,62.43000030517578,60.161460876464844,17702500
2025-02-12,61.439998626708984,62.560001373291016,61.20000076293945,62.529998779296875,60.25783157348633,30116300
2025-02-13,66.0999984741211,66.5,62.720001220703125,63.84000015258789,61.52022933959961,43257700
2025-02-14,63.790000915527344,65.06999969482422,63.439998626708984,64.87000274658203,62.51279830932617,23693300
2025-02-18,65.30000305175781,66.25,64.43000030517578,64.58999633789062,62.242977142333984,22047500
2025-02-19,64.5199966430664,64.95999908447266,64.29000091552734,64.83999633789062,62.483890533447266,14164100
2025-02-20,64.95999908447266,65.2300033569336,64.2699966430664,64.66999816894531,62.320064544677734,14836600
2025-02-21,64.68000030517578,64.95999908447266,63.880001068115234,63.97999954223633,61.65514373779297,18905800
2025-02-24,64.43000030517578,64.58000183105469,63.150001525878906,63.2400016784668,60.94203567504883,17287500
2025-02-25,64.5999984741211,64.63999938964844,63.31999969482422,64.2699966430664,61.93460464477539,22100100
2025-02-26,64.05000305175781,64.77999877929688,63.939998626708984,64.08000183105469,61.75150680541992,13452300
2025-02-27,64.7699966430664,65.29000091552734,63.75,63.810001373291016,61.49131774902344,24695600
2025-02-28,63.93000030517578,64.16000366210938,62.83000183105469,64.11000061035156,61.78042221069336,26711800
2025-03-03,64.38999938964844,64.87999725341797,63.189998626708984,63.47999954223633,61.173309326171875,21810700
2025-03-04,63.7400016784668,63.90999984741211,62.61000061035156,63.2599983215332,60.9613037109375,24588300
2025-03-05,63.22999954223633,64.18000030517578,62.79999923706055,63.959999084472656,61.6358642578125,14931500
2025-03-06,63.79999923706055,64.0199966430664,62.7599983215332,63.40999984741211,61.10585021972656,23155100
2025-03-07,62.900001525878906,64.16999816894531,62.189998626708984,63.939998626708984,61.61659240722656,21154800
2025-03-10,63.47999954223633,63.689998626708984,61.68000030517578,62.060001373291016,59.804908752441406,27417600
2025-03-11,62.279998779296875,62.380001068115234,60.529998779296875,60.66999816894531,58.465415954589844,25787400
2025-03-12,60.959999084472656,61.18000030517578,60.25,60.459999084472656,58.26304626464844,18935300
2025-03-13,60.40999984741211,60.4900016784668,59.22999954223633,59.66999816894531,57.50175476074219,16463300
2025-03-14,60.31999969482422,60.619998931884766,59.91999816894531,60.5,58.30159378051758,16250700
2025-03-17,60.400001525878906,61.209999084472656,60.34000015258789,60.88999938964844,58.677425384521484,15335800
2025-03-18,60.66999816894531,60.79999923706055,59.66999816894531,60.29999923706055,58.10886001586914,16669000
2025-03-19,60.630001068115234,61.58000183105469,60.5,61.119998931884766,58.89906311035156,15488800
2025-03-20,60.47999954223633,61.02000045776367,60.34000015258789,60.619998931884766,58.417236328125,16528600
2025-03-21,60.16999816894531,60.400001525878906,59.43000030517578,60.29999923706055,58.10886001586914,65935200
2025-03-24,61.040000915527344,61.380001068115234,60.880001068115234,60.970001220703125,58.754512786865234,28335600
2025-03-25,60.84000015258789,61.209999084472656,60.70000076293945,60.9900016784668,58.77378845214844,20877600
2025-03-26,61.029998779296875,61.84000015258789,61.0099983215332,61.79999923706055,59.55435562133789,30621200
2025-03-27,61.88999938964844,61.97999954223633,61.33000183105469,61.400001525878906,59.16889190673828,25720200
2025-03-28,61.65999984741211,61.779998779296875,60.5099983215332,60.86000061035156,58.64851760864258,24931700
2025-03-31,60.630001068115234,61.900001525878906,60.2400016784668,61.709999084472656,59.467628479003906,29335700
2025-04-01,61.380001068115234,62.040000915527344,61.060001373291016,61.79999923706055,59.55435562133789,17381400
2025-04-02,61.20000076293945,61.869998931884766,61.099998474121094,61.81999969482422,59.573631286621094,18610700
2025-04-03,59.380001068115234,59.91999816894531,57.2599983215332,57.310001373291016,55.59623336791992,40006300
2025-04-04,56.65999984741211,57.470001220703125,54.439998626708984,54.540000915527344,52.90907287597656,42924400
2025-04-07,53.380001068115234,56.119998931884766,52.11000061035156,54.40999984741211,52.78295135498047,46816200
2025-04-08,54.7400016784668,55.869998931884766,52.720001220703125,53.189998626708984,51.59943389892578,37377000
2025-04-09,53.08000183105469,58.43000030517578,52.66999816894531,58.130001068115234,56.39170837402344,53380800
2025-04-10,57.81999969482422,57.939998626708984,55.0,56.59000015258789,54.897762298583984,31964600
2025-04-11,56.66999816894531,57.79999923706055,56.279998779296875,57.33000183105469,55.61563491821289,23036900
2025-04-14,57.88999938964844,58.209999084472656,57.099998474121094,57.40999984741211,55.693241119384766,15657700
2025-04-15,57.869998931884766,57.90999984741211,57.060001373291016,57.20000076293945,55.489524841308594,18543600
2025-04-16,56.56999969482422,57.08000183105469,55.41999816894531,55.7599983215332,54.09258270263672,20551300
2025-04-17,56.20000076293945,56.40999984741211,55.689998626708984,55.7599983215332,54.09258270263672,15910400
2025-04-21,55.15999984741211,55.33000183105469,53.83000183105469,54.369998931884766,52.7441520690918,15578800
2025-04-22,55.220001220703125,55.279998779296875,54.59000015258789,55.040000915527344,53.39411544799805,19961800
2025-04-23,56.150001525878906,56.97999954223633,55.5,55.630001068115234,53.96647644042969,30231500
2025-04-24,55.29999923706055,56.56999969482422,55.15999984741211,56.290000915527344,54.60673904418945,22782300
2025-04-25,56.209999084472656,56.779998779296875,56.06999969482422,56.709999084472656,55.01417541503906,16493500
2025-04-28,56.529998779296875,57.33000183105469,56.41999816894531,56.84000015258789,55.140289306640625,23140600
2025-04-29,56.689998626708984,57.4900016784668,56.630001068115234,57.34000015258789,55.625335693359375,13466000
2025-04-30,57.099998474121094,57.90999984741211,56.459999084472656,57.72999954223633,56.0036735534668,19921200
2025-05-01,57.779998779296875,58.470001220703125,57.68000030517578,58.119998931884766,56.38201141357422,16420800
2025-05-02,59.060001373291016,59.41999816894531,58.7400016784668,59.33000183105469,57.55583572387695,18753200
2025-05-05,59.0,59.650001525878906,58.880001068115234,59.31999969482422,57.5461311340332,14758500
2025-05-06,58.630001068115234,59.5099983215332,58.58000183105469,59.220001220703125,57.44911575317383,13766500
2025-05-07,59.20000076293945,59.900001525878906,59.06999969482422,59.56999969482422,57.78865432739258,14078300
2025-05-08,59.959999084472656,60.279998779296875,59.43000030517578,59.709999084472656,57.92446517944336,16196700
2025-05-09,60.65999984741211,60.83000183105469,59.439998626708984,59.77000045776367,57.982669830322266,17480700
2025-05-12,61.61000061035156,61.849998474121094,61.119998931884766,61.66999816894531,59.82585525512695,23700000
2025-05-13,61.68000030517578,62.2400016784668,61.61000061035156,61.779998779296875,59.93256378173828,18591200
2025-05-14,61.630001068115234,61.869998931884766,60.849998474121094,61.290000915527344,59.457218170166016,34509200
2025-05-15,63.06999969482422,65.75,62.91999816894531,64.26000213623047,62.338409423828125,60718000
2025-05-16,63.90999984741211,64.02999877929688,62.97999954223633,63.619998931884766,61.7175407409668,30289900
2025-05-19,63.43000030517578,64.12999725341797,63.18000030517578,63.91999816894531,62.00857162475586,16249000
2025-05-20,63.7400016784668,63.849998474121094,63.06999969482422,63.41999816894531,61.523521423339844,14995200
2025-05-21,62.9900016784668,63.90999984741211,62.970001220703125,63.20000076293945,61.31010437011719,15595900
2025-05-22,63.40999984741211,63.720001220703125,62.95000076293945,63.36000061035156,61.4653205871582,15641100
2025-05-23,62.709999084472656,63.220001220703125,62.529998779296875,63.11000061035156,61.22279739379883,15645400
2025-05-27,63.7599983215332,63.9900016784668,63.34000015258789,63.75,61.843658447265625,17429400
2025-05-28,63.88999938964844,63.9900016784668,63.25,63.34000015258789,61.445919036865234,13814500
2025-05-29,63.72999954223633,63.7400016784668,62.4900016784668,63.04999923706055,61.16459274291992,13982800
2025-05-30,62.91999816894531,63.18000030517578,62.29999923706055,63.040000915527344,61.154884338378906,25829000
2025-06-02,62.72999954223633,63.880001068115234,62.709999084472656,63.849998474121094,61.94066619873047,15816000
2025-06-03,63.79999923706055,64.45999908447266,63.720001220703125,64.36000061035156,62.43541717529297,15156900
2025-06-04,64.66000366210938,64.88999938964844,64.3499984741211,64.38999938964844,62.464515686035156,14770900
2025-06-05,64.4800033569336,64.91000366210938,64.27999877929688,64.62000274658203,62.68764114379883,17025200
2025-06-06,65.31999969482422,66.16000366210938,65.2300033569336,66.05999755859375,64.0845718383789,20943800
2025-06-09,66.11000061035156,66.36000061035156,65.58999633789062,65.9000015258789,63.92937469482422,13689800
2025-06-10,66.01000213623047,66.08000183105469,64.80999755859375,65.1500015258789,63.201786041259766,17214900
2025-06-11,65.11000061035156,65.1500015258789,63.869998931884766,64.19000244140625,62.270503997802734,20442600
2025-06-12,64.31999969482422,65.20999908447266,64.11000061035156,65.0999984741211,63.153289794921875,15160800
2025-06-13,64.58999633789062,64.72000122070312,63.93000030517578,64.08999633789062,62.17348861694336,14635000
2025-06-16,65.19000244140625,65.61000061035156,64.8499984741211,65.51000213623047,63.551021575927734,16957700
2025-06-17,65.63999938964844,66.1500015258789,65.0199966430664,65.33000183105469,63.37641525268555,18845200
2025-06-18,65.69000244140625,66.33999633789062,65.37999725341797,65.83999633789062,63.871150970458984,22664200
2025-06-20,66.48999786376953,66.6500015258789,65.72000122070312,66.31999969482422,64.33679962158203,50421700
2025-06-23,66.3499984741211,67.48999786376953,66.20999908447266,67.37999725341797,65.36510467529297,34030000
2025-06-24,67.77999877929688,68.04000091552734,67.36000061035156,67.88999938964844,65.85985565185547,23162700
2025-06-25,67.8499984741211,68.52999877929688,67.77999877929688,68.19000244140625,66.15089416503906,19395700
2025-06-26,68.72000122070312,69.16000366210938,68.41999816894531,68.94999694824219,66.88815307617188,23154000
2025-06-27,68.87000274658203,69.22000122070312,68.33999633789062,68.6500015258789,66.59712219238281,26224600
2025-06-30,68.83000183105469,69.77999877929688,68.75,69.37999725341797,67.3052978515625,32561200
2025-07-01,69.37999725341797,69.55000305175781,68.63999938964844,69.0999984741211,67.0336685180664,21939500
2025-07-02,68.68000030517578,68.94000244140625,68.18000030517578,68.58999633789062,66.53893280029297,16655200
2025-07-03,68.18000030517578,69.47000122070312,68.18000030517578,69.37000274658203,67.70027923583984,17973500
2025-07-07,69.08000183105469,69.30000305175781,68.61000061035156,68.93000030517578,67.2708740234375,23985200
2025-07-08,68.80000305175781,68.91999816894531,68.3499984741211,68.58999633789062,66.93905639648438,21182600
2025-07-09,68.54000091552734,69.31999969482422,68.30999755859375,69.2699966430664,67.6026840209961,23765900
2025-07-10,69.26000213623047,69.38999938964844,68.55999755859375,68.76000213623047,67.10496520996094,15005300
2025-07-11,68.29000091552734,68.5,67.69000244140625,67.94999694824219,66.31446075439453,14699400
2025-07-14,67.83000183105469,68.02999877929688,67.19999694824219,67.81999969482422,66.1875991821289,16451400
2025-07-15,67.68000030517578,67.87999725341797,67.1500015258789,67.18000030517578,65.56299591064453,13944600
2025-07-16,67.1500015258789,67.55999755859375,66.9800033569336,67.37000274658203,65.74842834472656,15156100
2025-07-17,67.55000305175781,68.47000122070312,67.51000213623047,68.30000305175781,66.65603637695312,20400000
2025-07-18,68.77999877929688,68.83999633789062,67.95999908447266,68.05000305175781,66.41206359863281,16145100
2025-07-21,67.9000015258789,68.62000274658203,67.79000091552734,68.33999633789062,66.695068359375,14674200
2025-07-22,68.33999633789062,68.5999984741211,68.08000183105469,68.16000366210938,66.5194091796875,14527200
2025-07-23,68.3499984741211,68.83000183105469,68.05999755859375,68.62000274658203,66.96833801269531,13042300
2025-07-24,68.36000061035156,68.58999633789062,67.91999816894531,68.29000091552734,66.64627838134766,13534000
2025-07-25,68.37999725341797,68.81999969482422,68.06999969482422,68.69000244140625,67.03665161132812,11590000
2025-07-28,67.75,67.95999908447266,67.37000274658203,67.91999816894531,66.2851791381836,20558400
2025-07-29,68.2300033569336,68.72000122070312,67.83000183105469,67.95999908447266,66.32421875,15261800
2025-07-30,67.83999633789062,68.58000183105469,67.3499984741211,68.27999877929688,66.63652038574219,15518200
2025-07-31,68.30999755859375,69.1500015258789,67.87999725341797,68.08000183105469,66.44132995605469,18529200
2025-08-01,67.51000213623047,67.61000061035156,66.5199966430664,67.11000061035156,65.49467468261719,21650000
2025-08-04,67.7699966430664,68.51000213623047,67.61000061035156,68.48999786376953,66.84146118164062,17052200
2025-08-05,68.69000244140625,68.87000274658203,67.44000244140625,67.5199966430664,65.89480590820312,15434500
2025-08-06,67.95999908447266,69.3499984741211,67.7699966430664,69.20999908447266,67.54412841796875,23107800
2025-08-07,69.80000305175781,70.13999938964844,69.20999908447266,69.9000015258789,68.217529296875,22579600
2025-08-08,70.23999786376953,72.0199966430664,70.22000122070312,71.79000091552734,70.0620346069336,31662400
2025-08-11,72.30000305175781,72.55000305175781,70.33999633789062,70.66999816894531,68.96898651123047,28911400
2025-08-12,70.79000091552734,71.5,70.55999755859375,71.37999725341797,69.66189575195312,21912100
2025-08-13,71.86000061035156,72.02999877929688,70.25,70.4000015258789,68.70548248291016,38096400
2025-08-14,68.0,70.61000061035156,67.4800033569336,69.30000305175781,67.63197326660156,39317300
2025-08-15,68.44999694824219,68.6500015258789,65.86000061035156,66.19999694824219,64.60657501220703,40877300
2025-08-18,66.08000183105469,67.11000061035156,65.75,66.94999694824219,65.3385238647461,20903400
2025-08-19,66.76000213623047,67.5199966430664,66.4800033569336,66.76000213623047,65.15309143066406,18746600
2025-08-20,66.81999969482422,67.19000244140625,66.54000091552734,67.11000061035156,65.49467468261719,14946400
2025-08-21,67.0999984741211,67.22000122070312,66.47000122070312,67.0199966430664,65.40684509277344,12456600
2025-08-22,67.33000183105469,68.04000091552734,67.01000213623047,67.31999969482422,65.69961547851562,16830600
2025-08-25,67.27999877929688,67.5,67.11000061035156,67.13999938964844,65.52395629882812,11724500
2025-08-26,67.16999816894531,68.75,67.11000061035156,68.38999938964844,66.74386596679688,28307900
2025-08-27,68.31999969482422,68.75,68.1500015258789,68.44000244140625,66.79266357421875,13876700
2025-08-28,68.36000061035156,69.58000183105469,68.3499984741211,69.43000030517578,67.75883483886719,15256000
2025-08-29,69.11000061035156,69.45999908447266,68.83000183105469,69.08999633789062,67.42701721191406,14953000
2025-09-02,68.11000061035156,68.31999969482422,67.37999725341797,67.80000305175781,66.16807556152344,18928800
2025-09-03,68.05000305175781,68.12999725341797,67.33000183105469,67.66999816894531,66.04119873046875,14320100
2025-09-04,68.0999984741211,68.41000366210938,67.41000366210938,67.98999786376953,66.35350036621094,14388500
2025-09-05,67.72000122070312,68.0999984741211,66.4800033569336,66.9000015258789,65.28974151611328,21050800
2025-09-08,66.72000122070312,67.01000213623047,66.3499984741211,66.87999725341797,65.27021026611328,14038000
2025-09-09,66.73999786376953,67.44000244140625,66.63999938964844,67.33999633789062,65.71914672851562,11649400
2025-09-10,67.58999633789062,68.31999969482422,67.12000274658203,68.12999725341797,66.49011993408203,14689500
2025-09-11,68.30999755859375,68.56999969482422,67.51000213623047,67.69000244140625,66.06072235107422,17560800
2025-09-12,66.87999725341797,67.33999633789062,66.12999725341797,66.52999877929688,64.92863464355469,18529200
2025-09-15,66.51000213623047,67.19999694824219,66.3499984741211,67.0199966430664,65.40684509277344,16203100
2025-09-16,67.0199966430664,67.37999725341797,66.55000305175781,66.93000030517578,65.31901550292969,18019300
2025-09-17,67.0,67.87999725341797,66.37999725341797,67.72000122070312,66.09000396728516,18652100
2025-09-18,67.9000015258789,68.76000213623047,67.4800033569336,68.68000030517578,67.02688598632812,20279000
2025-09-19,68.91999816894531,68.91999816894531,67.18000030517578,68.20999908447266,66.56819915771484,47822500
2025-09-22,67.86000061035156,68.0,67.30000305175781,67.75,66.11927032470703,20396700
2025-09-23,67.58000183105469,68.22000122070312,67.06999969482422,67.54000091552734,65.91433715820312,22240000
2025-09-24,67.69999694824219,67.86000061035156,66.88999938964844,67.31999969482422,65.69961547851562,17433100
2025-09-25,67.31999969482422,68.23999786376953,67.11000061035156,67.8499984741211,66.21686553955078,22351700
2025-09-26,67.87000274658203,67.91000366210938,66.8499984741211,67.22000122070312,65.60203552246094,15077400
2025-09-29,67.72000122070312,67.94999694824219,67.44000244140625,67.72000122070312,66.09000396728516,14358300
2025-09-30,67.70999908447266,68.7699966430664,67.69000244140625,68.41999816894531,66.77313995361328,20498900
2025-10-01,67.9000015258789,68.81999969482422,67.69000244140625,68.75,67.09520721435547,15530700
2025-10-02,69.18000030517578,69.48999786376953,68.26000213623047,68.30999755859375,66.6657943725586,15708300
2025-10-03,67.94999694824219,68.58000183105469,67.6500015258789,67.91999816894531,66.68543243408203,11113200
2025-10-06,68.44000244140625,68.94999694824219,67.80999755859375,68.91000366210938,67.65744018554688,21952700
2025-10-07,68.91999816894531,69.22000122070312,68.44000244140625,68.98999786376953,67.7359848022461,16493200
2025-10-08,69.80999755859375,70.76000213623047,69.0,70.33000183105469,69.05162811279297,34246300
2025-10-09,70.30999755859375,70.62000274658203,69.02999877929688,69.95999908447266,68.68836212158203,21209500
2025-10-10,70.41000366210938,70.80999755859375,67.88999938964844,67.94000244140625,66.70507049560547,20961500
2025-10-13,68.55000305175781,68.88999938964844,67.12999725341797,67.45999908447266,66.23379516601562,14127900
2025-10-14,67.11000061035156,69.16000366210938,66.80999755859375,68.66000366210938,67.4119873046875,15402000
2025-10-15,69.30999755859375,70.30000305175781,68.81999969482422,69.5199966430664,68.25634765625,16260500
2025-10-16,69.77999877929688,70.06999969482422,68.56999969482422,69.08999633789062,67.83416748046875,13950600
2025-10-17,69.05999755859375,70.7699966430664,68.94999694824219,70.12999725341797,68.85526275634766,16286900
2025-10-20,70.12000274658203,70.97000122070312,70.12000274658203,70.6500015258789,69.36581420898438,12183500
2025-10-21,70.58000183105469,71.23999786376953,70.37999725341797,70.72000122070312,69.43453979492188,15763300
2025-10-22,70.86000061035156,70.97000122070312,69.8499984741211,70.66000366210938,69.3756332397461,14967200
2025-10-23,70.5999984741211,71.23999786376953,70.2300033569336,70.2699966430664,68.99271392822266,14614100
2025-10-24,70.63999938964844,70.94000244140625,70.05999755859375,70.62999725341797,69.3461685180664,13075600
2025-10-27,70.54000091552734,71.45999908447266,70.43000030517578,71.38999938964844,70.09235382080078,15986800
2025-10-28,71.19999694824219,72.68000030517578,71.02999877929688,72.62000274658203,71.30000305175781,19896800
2025-10-29,72.68000030517578,72.81999969482422,70.91999816894531,71.33000183105469,70.03345489501953,18020600
2025-10-30,71.37000274658203,73.11000061035156,71.33999633789062,72.91000366210938,71.5847396850586,18101800
2025-10-31,72.72000122070312,73.4800033569336,72.43000030517578,73.11000061035156,71.78108978271484,24008000
2025-11-03,74.61000061035156,74.83999633789062,73.62000274658203,74.44999694824219,73.09673309326172,21733400
2025-11-04,73.9000015258789,73.98999786376953,71.9800033569336,72.31999969482422,71.00545501708984,22345000
2025-11-05,72.22000122070312,72.58000183105469,71.33999633789062,72.0999984741211,70.7894515991211,16113500
2025-11-06,71.70999908447266,72.2300033569336,70.69000244140625,71.04000091552734,69.74872589111328,16469900
2025-11-07,71.38999938964844,71.58999633789062,70.54000091552734,71.06999969482422,69.7781753540039,16913700
2025-11-10,71.76000213623047,72.5,71.1500015258789,72.08999633789062,70.77963256835938,22201200
2025-11-11,71.73999786376953,72.25,71.0999984741211,71.70999908447266,70.40653991699219,21412900
2025-11-12,71.91000366210938,74.20999908447266,71.72000122070312,73.95999908447266,72.61564636230469,57591600
2025-11-13,77.94999694824219,79.5,76.6500015258789,77.37999725341797,75.97348022460938,57638500
2025-11-14,76.58000183105469,78.66999816894531,75.83999633789062,78.0,76.58220672607422,38819600
2025-11-17,77.88999938964844,79.38999938964844,77.47000122070312,77.77999877929688,76.3662109375,28720100
2025-11-18,77.55000305175781,78.19999694824219,76.44999694824219,77.37000274658203,75.96366119384766,26025500
2025-11-19,77.30000305175781,78.93000030517578,77.16000366210938,78.38999938964844,76.96512603759766,24759700
2025-11-20,79.12000274658203,80.05999755859375,75.31999969482422,75.44000244140625,74.0687484741211,27381900
2025-11-21,75.63999938964844,76.94000244140625,75.47000122070312,76.0999984741211,74.71675109863281,24428800
2025-11-24,76.48999786376953,76.87999725341797,75.68000030517578,76.23999786376953,74.85420227050781,26691500
2025-11-25,76.48999786376953,77.05999755859375,76.08000183105469,76.31999969482422,74.93275451660156,18818800
2025-11-26,76.45999908447266,76.5999984741211,75.33999633789062,76.06999969482422,74.68728637695312,15972600
2025-11-28,76.13999938964844,76.95999908447266,75.80999755859375,76.94000244140625,75.5414810180664,7320900
2025-12-01,76.66999816894531,76.81999969482422,75.93000030517578,76.04000091552734,74.6578369140625,15529600
2025-12-02,76.16000366210938,77.0,75.76000213623047,76.87000274658203,75.47274780273438,14619100
2025-12-03,76.58999633789062,77.81999969482422,75.6500015258789,77.75,76.33675384521484,16088400
2025-12-04,77.69000244140625,77.86000061035156,77.16999816894531,77.76000213623047,76.3465805053711,12572600
2025-12-05,77.97000122070312,78.19000244140625,77.4000015258789,77.97000122070312,76.55274963378906,12579400
2025-12-08,78.20999908447266,79.37999725341797,78.12000274658203,78.86000061035156,77.42658233642578,17454500
2025-12-09,78.79000091552734,79.87999725341797,78.51000213623047,79.51000213623047,78.06477355957031,15737500
2025-12-10,78.83000183105469,80.81999969482422,78.80000305175781,80.25,78.79131317138672,21302700
2025-12-11,80.23999786376953,80.37000274658203,78.83000183105469,79.2699966430664,77.82911682128906,18652300
2025-12-12,79.45999908447266,79.55999755859375,77.72000122070312,77.80000305175781,76.38584899902344,16672300
2025-12-15,78.20999908447266,78.70999908447266,77.54000091552734,78.25,76.82767486572266,17646000
2025-12-16,78.11000061035156,78.61000061035156,77.37999725341797,77.55000305175781,76.14039611816406,17737200
2025-12-17,77.9000015258789,78.19999694824219,75.91999816894531,76.0,74.61856842041016,26094400
2025-12-18,76.33000183105469,77.80999755859375,76.26000213623047,76.94999694824219,75.55130004882812,19249400
2025-12-19,76.97000122070312,79.16999816894531,76.79000091552734,78.41999816894531,76.99458312988281,84881900
2025-12-22,79.0199966430664,79.1500015258789,77.95999908447266,78.11000061035156,76.69021606445312,18016100
2025-12-23,77.61000061035156,78.12000274658203,77.58999633789062,78.0199966430664,76.60183715820312,16712600
2025-12-24,78.0199966430664,78.29000091552734,77.8499984741211,78.0199966430664,76.60183715820312,9104400
2025-12-26,78.0999984741211,78.27999877929688,77.93000030517578,78.16000366210938,76.73931121826172,10158000
2025-12-29,78.02999877929688,78.30000305175781,77.5199966430664,77.79000091552734,76.37602233886719,17941800
2025-12-30,77.80999755859375,77.80999755859375,77.16999816894531,77.41000366210938,76.00293731689453,13952200
2025-12-31,77.33999633789062,77.81999969482422,76.87999725341797,77.02999877929688,75.62984466552734,13570500
2026-01-02,76.6500015258789,76.94999694824219,75.61000061035156,76.04000091552734,75.05733489990234,15749800
2026-01-05,76.44999694824219,76.7699966430664,75.20999908447266,75.58000183105469,74.60327911376953,16328800
2026-01-06,75.52999877929688,75.7300033569336,74.80999755859375,75.2300033569336,74.25780487060547,17017200
2026-01-07,75.12000274658203,75.37999725341797,74.19999694824219,74.72000122070312,73.75439453125,20347400
2026-01-08,74.30999755859375,74.45999908447266,73.55000305175781,73.95999908447266,73.00421142578125,17192200
2026-01-09,73.44999694824219,74.33000183105469,73.33999633789062,73.87999725341797,72.92524719238281,19104100
2026-01-12,72.91000366210938,74.05000305175781,72.80000305175781,74.01000213623047,73.05357360839844,20985700
2026-01-13,73.98999786376953,75.5,73.86000061035156,75.47000122070312,74.49470520019531,17809900
2026-01-14,74.93000030517578,75.11000061035156,73.81999969482422,74.41000366210938,73.44840240478516,17801300
2026-01-15,75.22000122070312,76.05000305175781,74.91000366210938,75.25,74.27754211425781,18213000
2026-01-16,75.63999938964844,75.98999786376953,74.5999984741211,75.19000244140625,74.21832275390625,25743300
2026-01-20,74.5199966430664,74.87000274658203,73.20999908447266,73.3499984741211,72.402099609375,23999700
2026-01-21,73.94999694824219,74.36000061035156,73.01000213623047,73.69000244140625,72.73770904541016,18210200
2026-01-22,74.11000061035156,74.77999877929688,73.87999725341797,74.33000183105469,73.36943817138672,12879800
2026-01-23,73.94999694824219,75.06999969482422,73.70999908447266,74.58999633789062,73.6260757446289,13125500
2026-01-26,76.47000122070312,77.41999816894531,75.63999938964844,77.01000213623047,76.01480102539062,24714400
2026-01-27,77.19000244140625,78.91000366210938,77.05000305175781,78.68000030517578,77.66322326660156,17756700
2026-01-28,78.93000030517578,79.04000091552734,78.0199966430664,78.95999908447266,77.9395980834961,14022900
2026-01-29,79.11000061035156,79.4800033569336,77.62999725341797,78.43000030517578,77.41645812988281,22642900
2026-01-30,78.08999633789062,78.80000305175781,77.72000122070312,78.31999969482422,77.30786895751953,26458400
2026-02-02,78.12000274658203,81.16000366210938,78.0,80.63999938964844,79.59788513183594,28238600
2026-02-03,80.80999755859375,83.25,80.80999755859375,83.11000061035156,82.03597259521484,34962100
2026-02-04,83.9800033569336,84.23999786376953,81.13999938964844,81.16000366210938,80.11117553710938,39765700
2026-02-05,80.86000061035156,83.30999755859375,80.80999755859375,82.36000061035156,81.29566192626953,24236500
2026-02-06,83.55999755859375,85.0,82.80999755859375,84.81999969482422,83.72386932373047,23936600
2026-02-09,84.7300033569336,87.25,84.30999755859375,86.77999877929688,85.6585464477539,22908400
2026-02-10,86.97000122070312,88.19000244140625,86.12999725341797,86.29000091552734,85.17488098144531,32113800
2026-02-11,86.05999755859375,87.13999938964844,85.12999725341797,85.54000091552734,84.4345703125,34455800
2026-02-12,79.61000061035156,80.37000274658203,74.08999633789062,75.0,74.03077697753906,68098600
2026-02-13,74.37999725341797,77.30000305175781,73.41999816894531,76.8499984741211,75.85686492919922,42886400
2026-02-17,76.94999694824219,77.56999969482422,76.4800033569336,76.8499984741211,75.85686492919922,24792700
2026-02-18,76.55000305175781,78.5999984741211,76.48999786376953,78.18000030517578,77.169677734375,20648800
2026-02-19,77.98999786376953,79.16000366210938,77.87000274658203,78.55999755859375,77.54476928710938,18443200
2026-02-20,78.12999725341797,79.33000183105469,78.12999725341797,79.19999694824219,78.17649841308594,29461600
2026-02-23,78.8499984741211,79.4800033569336,76.94000244140625,77.73999786376953,76.73536682128906,24485900
2026-02-24,77.73999786376953,78.70999908447266,77.47000122070312,78.13999938964844,77.13019561767578,19485100
2026-02-25,78.44999694824219,79.41999816894531,78.26000213623047,79.12000274658203,78.0975341796875,22721800
2026-02-26,78.94000244140625,79.33999633789062,77.72000122070312,78.0999984741211,77.0907211303711,19608000
2026-02-27,77.6500015258789,79.52999877929688,77.06999969482422,79.45999908447266,78.43313598632812,27498000
2026-03-02,78.75,79.5199966430664,77.69000244140625,79.41999816894531,78.3936538696289,18540400
2026-03-03,78.37999725341797,79.44000244140625,77.56999969482422,78.95999908447266,77.9395980834961,17521100
2026-03-04,79.19999694824219,80.95999908447266,78.52999877929688,80.87000274658203,79.8249282836914,20388100
2026-03-05,79.98999786376953,81.16999816894531,79.05000305175781,80.01000213623047,78.97603607177734,26844800
2026-03-06,78.5199966430664,79.5199966430664,78.3499984741211,78.63999938964844,77.62373352050781,20621200
2026-03-09,77.18000030517578,77.55999755859375,75.19999694824219,76.20999908447266,75.22513580322266,32855900
2026-03-10,77.13999938964844,79.01000213623047,77.0999984741211,77.69999694824219,76.69587707519531,24836000
2026-03-11,77.63999938964844,78.5,77.12000274658203,78.0999984741211,77.0907211303711,14719900
2026-03-12,76.94999694824219,78.12999725341797,76.94999694824219,77.73999786376953,76.73536682128906,19969500
2026-03-13,78.06999969482422,79.26000213623047,77.94000244140625,78.33000183105469,77.31774139404297,19080400
2026-03-16,78.91999816894531,79.16999816894531,78.19000244140625,78.9000015258789,77.88037872314453,14715100
2026-03-17,79.18000030517578,80.05000305175781,78.81999969482422,79.2699966430664,78.2455825805664,16210500
2026-03-18,79.73999786376953,80.02999877929688,77.52999877929688,77.5999984741211,76.59718322753906,18827600
2026-03-19,77.55000305175781,78.87999725341797,76.91999816894531,78.51000213623047,77.49541473388672,17519600
2026-03-20,78.44999694824219,79.04000091552734,76.70999908447266,77.6500015258789,76.64653015136719,90380800
2026-03-23,78.63999938964844,79.51000213623047,78.41999816894531,78.81999969482422,77.80140686035156,20072200
2026-03-24,78.37000274658203,80.94000244140625,78.12999725341797,80.86000061035156,79.81505584716797,23528000
2026-03-25,81.0,82.68000030517578,80.88999938964844,81.83000183105469,80.77251434326172,23146000
2026-03-26,82.06999969482422,83.11000061035156,81.80999755859375,82.16000366210938,81.09825897216797,26649600
2026-03-27,81.9800033569336,82.12000274658203,79.4000015258789,79.91999816894531,78.88719177246094,20557400
2026-03-30,79.86000061035156,80.38999938964844,76.58999633789062,77.04000091552734,76.04441833496094,24306300
2026-03-31,77.88999938964844,78.19000244140625,76.30999755859375,77.58999633789062,76.58731079101562,25105700
2026-04-01,78.0,79.12000274658203,77.80999755859375,77.93000030517578,76.92291259765625,21309000
2026-04-02,76.7300033569336,79.0999984741211,76.54000091552734,79.0199966430664,78.42147064208984,12634900
2026-04-06,79.12000274658203,80.4800033569336,79.0199966430664,80.44000244140625,79.83071899414062,16388600
2026-04-07,80.0199966430664,80.88999938964844,79.41999816894531,80.68000030517578,80.06890106201172,13428100
2026-04-08,82.30999755859375,83.73999786376953,81.5,83.69999694824219,83.06602478027344,19621900
2026-04-09,83.8499984741211,84.7699966430664,82.1500015258789,83.16999816894531,82.5400390625,17611700
2026-04-10,83.88999938964844,84.55999755859375,81.62000274658203,82.22000122070312,81.59723663330078,17571100
2026-04-13,82.04000091552734,82.38999938964844,81.25,82.3499984741211,81.72624969482422,19997500
2026-04-14,82.02999877929688,82.6500015258789,81.36000061035156,82.61000061035156,81.98428344726562,17856800
2026-04-15,82.52999877929688,82.66000366210938,80.87999725341797,82.36000061035156,81.73617553710938,15066400
2026-04-16,82.08000183105469,84.52999877929688,82.0,84.5,83.8599624633789,14609000
2026-04-17,85.19000244140625,86.37999725341797,84.5999984741211,86.25,85.59671020507812,20321900
2026-04-20,86.19999694824219,88.3499984741211,85.86000061035156,87.70999908447266,87.04564666748047,16695600
2026-04-21,87.91999816894531,89.80000305175781,87.16000366210938,89.69999694824219,89.02057647705078,18653400
2026-04-22,89.93000030517578,90.44999694824219,89.4800033569336,89.80000305175781,89.11981964111328,16986100
2026-04-23,89.31999969482422,90.0,88.2699966430664,88.58999633789062,87.91898345947266,21156700
2026-04-24,87.41000366210938,89.7300033569336,87.41000366210938,89.01000213623047,88.33580780029297,18969900
2026-04-27,89.27999877929688,89.5,87.63999938964844,88.26000213623047,87.59149169921875,13810500
2026-04-28,88.55000305175781,88.55000305175781,85.77999877929688,86.86000061035156,86.20209503173828,16889300
2026-04-29,87.31999969482422,89.62999725341797,86.83999633789062,89.56999969482422,88.89156341552734,15427900
2026-04-30,89.81999969482422,91.66999816894531,89.31999969482422,91.5,90.80694580078125,21686700
2026-05-01,91.75,92.91999816894531,91.16000366210938,91.8499984741211,91.154296875,16095700
2026-05-04,91.8499984741211,93.0999984741211,91.19000244140625,92.62999725341797,91.92838287353516,12684800
2026-05-05,93.81999969482422,94.72000122070312,93.37999725341797,94.30000305175781,93.58574676513672,13456200
2026-05-06,92.63999938964844,93.41999816894531,91.0,91.63999938964844,90.94588470458984,27026600
2026-05-07,92.0,92.7300033569336,91.61000061035156,92.16000366210938,91.46195220947266,17062300
2026-05-08,93.33000183105469,97.0199966430664,93.13999938964844,96.56999969482422,95.83854675292969,24652500
2026-05-11,96.3499984741211,98.83000183105469,95.33000183105469,98.72000122070312,97.97225952148438,31852500
2026-05-12,99.5199966430664,99.93000030517578,97.7699966430664,99.29000091552734,98.5379409790039,28810800
2026-05-13,99.4000015258789,102.01000213623047,99.29000091552734,101.87000274658203,101.09840393066406,45241600
2026-05-14,117.55000305175781,119.36000061035156,113.97000122070312,115.52999877929688,114.65493774414062,70932300
2026-05-15,114.61000061035156,118.83000183105469,114.0,118.20999908447266,117.31462860107422,38519600
2026-05-18,118.80000305175781,119.38999938964844,116.02999877929688,118.87999725341797,117.97955322265625,24763500
2026-05-19,117.04000091552734,118.5,114.79000091552734,115.37999725341797,114.50607299804688,32525500
2026-05-20,115.69000244140625,116.91999816894531,113.8499984741211,114.3499984741211,113.48387145996094,26154800
2026-05-21,114.12999725341797,118.5999984741211,113.56999969482422,118.19999694824219,117.30470275878906,22700600
2026-05-22,118.45999908447266,120.79000091552734,117.68000030517578,120.41000366210938,119.49797821044922,22237200
2026-05-26,120.54000091552734,120.7699966430664,117.0999984741211,118.33000183105469,117.43373107910156,26607200
2026-05-27,117.94000244140625,120.38999938964844,116.7699966430664,119.66999816894531,118.7635726928711,21705100
2026-05-28,120.52999877929688,120.72000122070312,117.95999908447266,118.63999938964844,117.74137878417969,20631300
2026-05-29,117.81999969482422,121.43000030517578,117.01000213623047,120.41999816894531,119.50789642333984,42179300
2026-06-01,119.80000305175781,121.94999694824219,118.30000305175781,121.33000183105469,120.41100311279297,23966800
2026-06-02,122.48999786376953,128.22000122070312,122.48999786376953,128.0,127.03047943115234,26451500
2026-06-03,126.16000366210938,129.4199981689453,124.91999816894531,126.5,125.54183959960938,29972500
2026-06-04,126.05999755859375,130.3699951171875,124.13999938964844,130.0,129.0153350830078,23339500
2026-06-05,128.66000366210938,128.83999633789062,121.55000305175781,121.63999938964844,120.7186508178711,33169300
2026-06-08,123.55999755859375,126.44000244140625,122.0,124.1500015258789,123.20964813232422,24288200
2026-06-09,123.26000213623047,124.22000122070312,117.0999984741211,120.36000061035156,119.44834899902344,22744100
2026-06-10,119.72000122070312,120.94999694824219,118.36000061035156,118.80000305175781,117.9001693725586,19740500
2026-06-11,117.18000030517578,122.55000305175781,116.5,121.83000183105469,120.90721893310547,24625500
2026-06-12,122.3499984741211,122.79000091552734,120.7300033569336,121.0999984741211,120.18274688720703,18222800
2026-06-15,122.55999755859375,122.58999633789062,119.52999877929688,120.16999816894531,119.2597885131836,23148000
2026-06-16,120.29000091552734,120.7699966430664,119.19999694824219,119.56999969482422,118.66433715820312,16644300
2026-06-17,118.95999908447266,119.66000366210938,116.94000244140625,117.33000183105469,116.4413070678711,18472000
2026-06-18,118.5999984741211,120.31999969482422,117.30000305175781,119.54000091552734,118.63455963134766,52284400
2026-06-22,119.5999984741211,122.08999633789062,119.5999984741211,121.52999877929688,120.60948944091797,20174100
2026-06-23,118.54000091552734,122.33999633789062,117.6500015258789,121.1500015258789,120.23236846923828,22654400
2026-06-24,120.56999969482422,122.88999938964844,119.02999877929688,119.7300033569336,118.82312774658203,21752900
2026-06-25,120.80999755859375,121.13999938964844,117.55999755859375,118.97000122070312,118.06888580322266,26918700
2026-06-26,117.18000030517578,117.18000030517578,112.86000061035156,113.7699966430664,112.90826416015625,51641400
2026-06-29,114.9800033569336,118.18000030517578,114.7300033569336,117.69999694824219,116.8084945678711,22447200
2026-06-30,116.77999877929688,119.0999984741211,116.19999694824219,117.45999908447266,116.5703125,32465500
2026-07-01,116.54000091552734,117.43000030517578,114.98999786376953,117.01000213623047,116.12372589111328,32016000
2026-07-02,117.02999877929688,117.13999938964844,111.9000015258789,112.69000244140625,111.8364486694336,24251000
2026-07-06,113.05000305175781,115.4800033569336,112.68000030517578,113.9800033569336,113.53984069824219,22920000
2026-07-07,112.79000091552734,114.02999877929688,111.66999816894531,111.79000091552734,111.3582992553711,16650900
2026-07-08,111.68000030517578,114.05000305175781,111.33000183105469,113.81999969482422,113.38045501708984,18314100
2026-07-09,115.27999877929688,119.4800033569336,115.27999877929688,118.30999755859375,117.85311889648438,21293400
2026-07-10,117.62999725341797,121.61000061035156,117.02999877929688,121.30999755859375,120.8415298461914,26178700
2026-07-13,119.97000122070312,120.33999633789062,117.26000213623047,119.25,118.78948974609375,17569200
2026-07-14,119.75,120.05999755859375,116.55999755859375,117.08999633789062,116.63782501220703,21935600
2026-07-15,117.19999694824219,117.5,110.22000122070312,111.7699966430664,111.33837127685547,23829100
2026-07-16,110.22000122070312,111.23999786376953,107.52999877929688,109.66000366210938,109.23652648925781,25222400
2026-07-17,109.1500015258789,113.2300033569336,108.91000366210938,111.94000244140625,111.50772094726562,28459500
2026-07-20,112.27999877929688,113.2300033569336,110.6500015258789,110.69999694824219,110.27250671386719,15821200
2026-07-21,112.69999694824219,113.18000030517578,110.93000030517578,112.18000030517578,111.74679565429688,17031500
2026-07-22,111.5199966430664,113.77999877929688,111.36000061035156,112.20999908447266,111.77667236328125,13726600
2026-07-23,112.0,113.9000015258789,111.83000183105469,112.76000213623047,112.32455444335938,15175500
2026-07-24,112.37000274658203,114.56999969482422,112.19999694824219,114.16999816894531,113.7291030883789,19131700
2026-07-27,115.16000366210938,115.37999725341797,112.73999786376953,114.56999969482422,114.1275634765625,15974600
2026-07-28,114.12999725341797,117.06999969482422,111.7300033569336,115.58000183105469,115.1336669921875,27972100
2026-07-29,117.0199966430664,117.27999877929688,112.3499984741211,112.4800033569336,112.04563903808594,22761500
2026-07-30,112.69000244140625,114.33000183105469,111.66000366210938,113.55999755859375,113.1214599609375,25570000
2026-07-31,115.33000183105469,117.25,113.88999938964844,115.98999786376953,115.54207611083984,18812000
2026-08-03,114.5999984741211,116.2699966430664,113.81999969482422,115.86000061035156,115.41258239746094,17712400
2026-08-04,119.38999938964844,121.9000015258789,118.7300033569336,121.73999786376953,121.2698745727539,26637900
2026-08-05,124.0,124.20999908447266,114.87999725341797,121.5,121.03079986572266,18468700
2026-08-06,121.4800033569336,122.19000244140625,119.9000015258789,120.87999725341797,120.41319274902344,14049700
2026-08-07,121.87999725341797,122.58999633789062,119.44999694824219,121.43000030517578,120.96106719970703,15964600
2026-08-10,123.05000305175781,124.70999908447266,122.2699966430664,122.56999969482422,122.09666442871094,21131900
2026-08-11,123.0,123.16000366210938,120.12000274658203,120.43000030517578,119.96493530273438,16377800
2026-08-12,122.75,124.44999694824219,122.26000213623047,123.87999725341797,123.40160369873047,36223000
2026-08-13,113.93000030517578,115.94999694824219,111.4800033569336,113.47000122070312,113.03181457519531,61560400
2026-08-14,112.80000305175781,113.68000030517578,110.05999755859375,111.68000030517578,111.24872589111328,29415200
2026-08-17,110.95999908447266,113.8499984741211,110.80999755859375,112.9000015258789,112.4640121459961,22793800
2026-08-18,111.75,112.75,110.36000061035156,111.61000061035156,111.17899322509766,20060500
2026-08-19,112.30000305175781,112.37999725341797,110.51000213623047,110.55000305175781,110.12309265136719,18019600
2026-08-20,110.12999725341797,111.58000183105469,109.2300033569336,109.58999633789062,109.16678619384766,12637900
2026-08-21,110.8499984741211,112.19000244140625,110.44999694824219,111.04000091552734,110.61119842529297,18407800
2026-08-24,109.97000122070312,111.22000122070312,109.30000305175781,110.2300033569336,109.80432891845703,12632700
2026-08-25,112.2300033569336,112.5,110.61000061035156,111.11000061035156,110.68092346191406,11818200
2026-08-26,111.51000213623047,112.94999694824219,111.19000244140625,112.36000061035156,111.92609405517578,10311500
2026-08-27,112.1500015258789,112.56999969482422,111.61000061035156,112.1500015258789,111.71691131591797,13545800
2026-08-28,112.30999755859375,112.5,109.70999908447266,109.93000030517578,109.50547790527344,13040600
2026-08-31,110.27999877929688,111.37999725341797,109.61000061035156,110.48999786376953,110.06331634521484,20842200
2026-09-01,110.05000305175781,110.72000122070312,108.93000030517578,109.73999786376953,109.31621551513672,14168800
2026-09-02,110.31999969482422,110.51000213623047,108.4000015258789,109.45999908447266,109.03729248046875,11367100
2026-09-03,108.80000305175781,109.66999816894531,107.5999984741211,108.61000061035156,108.19058227539062,14215100
2026-09-04,109.63999938964844,110.36000061035156,109.0,109.19999694824219,108.7782974243164,12374300
2026-09-08,109.37000274658203,109.63999938964844,108.4800033569336,109.16999816894531,108.7484130859375,14683500
2026-09-09,109.27999877929688,110.43000030517578,108.9800033569336,109.43000030517578,109.00740814208984,10834200
2026-09-10,108.73999786376953,109.88999938964844,107.36000061035156,107.44000244140625,107.02510070800781,11544000
2026-09-11,108.88999938964844,112.22000122070312,108.36000061035156,112.12999725341797,111.69698333740234,14156800
2026-09-14,109.97000122070312,111.73999786376953,109.38999938964844,110.05999755859375,109.63497924804688,12540800
2026-09-15,110.91999816894531,111.69000244140625,109.62000274658203,110.06999969482422,109.64494323730469,15604300
2026-09-16,110.66000366210938,110.98999786376953,107.55000305175781,107.73999786376953,107.32393646240234,15554800
2026-09-17,109.72000122070312,111.44000244140625,109.31999969482422,110.23999786376953,109.81427764892578,16153200
2026-09-18,110.3499984741211,110.80999755859375,108.08999633789062,109.51000213623047,109.08710479736328,41295900
2026-09-21,109.80999755859375,111.5,108.83000183105469,111.45999908447266,111.02957153320312,21567200
2026-09-22,110.27999877929688,110.43000030517578,104.51000213623047,106.44000244140625,106.02896118164062,32892700
2026-09-23,106.22000122070312,106.87999725341797,105.91000366210938,106.43000030517578,106.01899719238281,17630900
2026-09-24,105.6500015258789,107.05999755859375,105.05999755859375,106.97000122070312,106.55691528320312,32360400
2026-09-25,106.98999786376953,108.63999938964844,106.52999877929688,106.69999694824219,106.28794860839844,19950000
2026-09-28,106.5199966430664,107.68000030517578,105.9800033569336,106.73999786376953,106.32779693603516,19356400
2026-09-29,107.2699966430664,107.4000015258789,106.05999755859375,106.94000244140625,106.52703094482422,11743600
2026-09-30,107.02999877929688,108.66999816894531,107.0199966430664,107.62999725341797,107.21436309814453,17001600
2026-10-01,108.04000091552734,109.08000183105469,106.91999816894531,108.76000213623047,108.34000396728516,12758100
2026-10-02,109.83000183105469,112.2300033569336,109.0,112.19999694824219,112.19999694824219,17495000
2026-10-05,111.9800033569336,113.19000244140625,111.54000091552734,112.81999969482422,112.81999969482422,18540800
