date,open,high,low,close,adj_close,volume
2021-07-21,143.88999938964844,143.88999938964844,140.1999969482422,140.72000122070312,137.07730102539062,2071100
2021-07-22,140.07000732421875,142.4600067138672,140.07000732421875,142.2899932861328,138.6066436767578,1913200
2021-07-23,142.64999389648438,145.36000061035156,141.77000427246094,144.99000549316406,141.23680114746094,2269500
2021-07-26,145.1199951171875,146.00999450683594,143.8000030517578,145.25,141.49000549316406,1307000
2021-07-27,145.05999755859375,145.22000122070312,140.32000732421875,141.92999267578125,138.2559814453125,2126600
2021-07-28,142.35000610351562,145.1699981689453,142.24000549316406,143.55999755859375,139.84381103515625,1353700
2021-07-29,143.9499969482422,144.6300048828125,142.8800048828125,143.3800048828125,139.6684112548828,1643100
2021-07-30,142.83999633789062,145.39999389648438,142.4499969482422,143.9600067138672,140.2334442138672,2825200
2021-08-02,145.0,145.63999938964844,143.80999755859375,144.11000061035156,140.37953186035156,2054200
2021-08-03,142.63999938964844,143.32000732421875,137.1699981689453,139.8000030517578,136.18109130859375,4492500
2021-08-04,139.52000427246094,141.33999633789062,138.36000061035156,139.91000366210938,136.28829956054688,2897400
2021-08-05,144.8300018310547,146.5,134.83999633789062,136.8699951171875,133.32696533203125,5516100
2021-08-06,136.47000122070312,137.3300018310547,135.41000366210938,136.33999633789062,132.81069946289062,2401300
2021-08-09,136.7100067138672,137.83999633789062,135.42999267578125,136.16000366210938,132.63534545898438,1723064
2021-08-10,136.11000061035156,137.08999633789062,135.16000366210938,137.02999877929688,133.48284912109375,2210377
2021-08-11,137.9199981689453,138.44500732421875,137.05999755859375,138.3000030517578,134.7199249267578,1841281
2021-08-12,138.11000061035156,139.02000427246094,136.92999267578125,138.99000549316406,135.39210510253906,1871643
2021-08-13,138.94000244140625,139.39999389648438,138.19000244140625,138.67999267578125,135.09011840820312,1572699
2021-08-16,137.9600067138672,140.02000427246094,137.39999389648438,140.0,136.37591552734375,1789060
2021-08-17,139.1699981689453,142.15899658203125,138.63999938964844,141.0399932861328,137.38900756835938,2340827
2021-08-18,140.94000244140625,141.89999389648438,139.8249969482422,139.99000549316406,136.36619567871094,2091059
2021-08-19,139.3800048828125,141.41000366210938,139.0800018310547,140.60000610351562,136.9604034423828,1888512
2021-08-20,140.9199981689453,141.77499389648438,139.6300048828125,140.1699981689453,136.54151916503906,2329934
2021-08-23,140.14999389648438,143.5,139.32000732421875,142.82000732421875,139.1229248046875,1895942
2021-08-24,143.16000366210938,144.35000610351562,142.16000366210938,142.57000732421875,138.87940979003906,1502193
2021-08-25,142.77000427246094,142.77000427246094,140.01060485839844,141.86000061035156,138.1877899169922,1638165
2021-08-26,141.97999572753906,142.88999938964844,141.17999267578125,141.47000122070312,137.80787658691406,1016396
2021-08-27,141.52000427246094,143.32000732421875,141.2100067138672,142.94000244140625,139.23980712890625,1143969
2021-08-30,142.1999969482422,144.3300018310547,141.00999450683594,143.2899932861328,139.58078002929688,2011369
2021-08-31,143.66000366210938,147.1300048828125,142.60000610351562,145.2100067138672,141.61911010742188,3467609
2021-09-01,145.33999633789062,147.0,144.9499969482422,146.42999267578125,142.80889892578125,1570086
2021-09-02,146.8699951171875,147.75999450683594,144.99000549316406,145.39999389648438,141.80438232421875,2240597
2021-09-03,144.9600067138672,146.94500732421875,144.9600067138672,146.60000610351562,142.97470092773438,1192674
2021-09-07,147.08999633789062,147.08999633789062,145.1199951171875,145.22000122070312,141.62884521484375,1495691
2021-09-08,145.75999450683594,147.5399932861328,143.89999389648438,144.10000610351562,140.53651428222656,2200367
2021-09-09,143.27000427246094,144.24000549316406,140.80999755859375,142.30999755859375,138.79080200195312,2624679
2021-09-10,142.02000427246094,146.92999267578125,141.47000122070312,145.1300048828125,141.5410614013672,3664201
2021-09-13,145.41000366210938,146.91000366210938,143.91000366210938,144.67999267578125,141.10218811035156,2131579
2021-09-14,145.22000122070312,145.93499755859375,144.30999755859375,145.3699951171875,141.775146484375,1318419
2021-09-15,142.14999389648438,142.24000549316406,135.83999633789062,137.0399932861328,133.651123046875,6358999
2021-09-16,137.91000366210938,139.6999969482422,135.52499389648438,135.9600067138672,132.59783935546875,4637594
2021-09-17,135.1699981689453,135.55999755859375,133.1999969482422,133.8800048828125,130.56927490234375,4178675
2021-09-20,131.97999572753906,132.52999877929688,128.75999450683594,130.08999633789062,126.87298583984375,3533237
2021-09-21,130.00999450683594,130.49989318847656,126.55999755859375,126.76000213623047,123.62535858154297,3689788
2021-09-22,126.19000244140625,127.62000274658203,124.87999725341797,126.4000015258789,123.27425384521484,4214447
2021-09-23,126.98999786376953,129.1199951171875,126.11499786376953,127.88999938964844,124.72742462158203,2571710
2021-09-24,127.04000091552734,130.02000427246094,126.86000061035156,129.89999389648438,126.68769836425781,2327378
2021-09-27,129.27000427246094,132.55999755859375,128.94000244140625,131.97999572753906,128.71624755859375,3326994
2021-09-28,131.86000061035156,135.0,131.52000427246094,133.77000427246094,130.46202087402344,4349772
2021-09-29,133.85000610351562,139.58999633789062,133.80999755859375,137.94000244140625,134.5288848876953,5656553
2021-09-30,139.30999755859375,144.125,138.85000610351562,142.25,138.73228454589844,5018452
2021-10-01,141.89999389648438,144.11000061035156,139.5399932861328,143.58999633789062,140.0391387939453,3196229
2021-10-04,143.36000061035156,145.4600067138672,140.02000427246094,143.16000366210938,139.6198272705078,3215830
2021-10-05,143.1300048828125,144.72999572753906,142.60000610351562,144.08999633789062,140.52676391601562,2682152
2021-10-06,143.5800018310547,143.5800018310547,132.86000061035156,134.07000732421875,130.7545928955078,8344344
2021-10-07,134.75999450683594,138.1199951171875,134.39999389648438,137.58999633789062,134.18748474121094,3627336
2021-10-08,137.47999572753906,140.55999755859375,137.41000366210938,139.99000549316406,136.5281982421875,2163164
2021-10-11,139.9199981689453,140.61000061035156,137.50999450683594,139.47000122070312,136.02105712890625,1908240
2021-10-12,139.52999877929688,139.8300018310547,136.0,136.6699981689453,133.29029846191406,3092043
2021-10-13,136.9600067138672,137.75999450683594,132.95010375976562,136.44000244140625,133.06593322753906,3097484
2021-10-14,136.72000122070312,137.66000366210938,134.6199951171875,135.7100067138672,132.35401916503906,2434432
2021-10-15,135.85000610351562,136.69000244140625,133.27000427246094,134.75,131.41773986816406,3298904
2021-10-18,134.64999389648438,135.72999572753906,134.1999969482422,134.7100067138672,131.37875366210938,1755898
2021-10-19,135.47999572753906,136.77000427246094,134.5,136.75,133.36830139160156,1614628
2021-10-20,137.4600067138672,139.32000732421875,137.2100067138672,139.1999969482422,135.7576904296875,1763163
2021-10-21,139.2100067138672,140.83999633789062,138.27000427246094,140.6300048828125,137.15232849121094,1853825
2021-10-22,141.0,144.16000366210938,140.60000610351562,141.07000732421875,137.58143615722656,2495305
2021-10-25,141.11000061035156,143.7899932861328,140.5,142.19000244140625,138.67376708984375,2155559
2021-10-26,142.9199981689453,144.11000061035156,141.72000122070312,142.39999389648438,138.87860107421875,1542995
2021-10-27,142.67999267578125,142.75999450683594,140.30999755859375,140.3699951171875,136.89878845214844,1696972
2021-10-28,140.25,141.19000244140625,139.10000610351562,140.22999572753906,136.76222229003906,1372571
2021-10-29,140.4199981689453,140.83999633789062,138.91000366210938,140.25,136.78176879882812,1990465
2021-11-01,140.91000366210938,143.41000366210938,140.02000427246094,141.77000427246094,138.26416015625,2068342
2021-11-02,141.55499267578125,141.75,138.74000549316406,140.1699981689453,136.70370483398438,2514665
2021-11-03,137.6999969482422,140.72000122070312,136.4199981689453,139.5,136.05027770996094,3562328
2021-11-04,143.375,146.72000122070312,142.0,142.47999572753906,138.9565887451172,3496280
2021-11-05,144.19000244140625,144.6999969482422,138.61000061035156,139.57000732421875,136.1186065673828,2757821
2021-11-08,139.99000549316406,140.32000732421875,137.63999938964844,138.16000366210938,134.74339294433594,2538269
2021-11-09,139.35000610351562,141.0,138.6699981689453,139.7899932861328,136.33309936523438,1796079
2021-11-10,139.6699981689453,141.9600067138672,138.5,139.27999877929688,135.83570861816406,2058869
2021-11-11,140.14999389648438,145.80999755859375,139.75,144.4499969482422,140.87789916992188,3109450
2021-11-12,143.86000061035156,146.58999633789062,143.5399932861328,145.44000244140625,141.84344482421875,1613575
2021-11-15,143.61000061035156,144.38999938964844,137.63999938964844,141.27999877929688,137.7863006591797,3850868
2021-11-16,141.1699981689453,143.36000061035156,138.57000732421875,139.55999755859375,136.10882568359375,2977490
2021-11-17,138.6199951171875,140.6999969482422,137.6020050048828,138.13999938964844,134.7239532470703,2245866
2021-11-18,137.27999877929688,137.82000732421875,135.11000061035156,137.3300018310547,133.9339141845703,4120538
2021-11-19,137.25999450683594,137.4199981689453,132.19000244140625,132.38999938964844,129.11611938476562,3972541
2021-11-22,131.6999969482422,131.8300018310547,125.30999755859375,126.27999877929688,123.1572036743164,5198570
2021-11-23,125.75,129.2100067138672,125.58999633789062,128.41000366210938,125.23453521728516,3765512
2021-11-24,128.25,128.57000732421875,124.80999755859375,126.6500015258789,123.51805877685547,2851123
2021-11-26,130.8000030517578,130.88999938964844,125.47000122070312,125.97000122070312,122.85488891601562,2264114
2021-11-29,125.9000015258789,126.11000061035156,123.06999969482422,124.87999725341797,121.79183197021484,2279178
2021-11-30,125.87999725341797,128.58999633789062,123.27999877929688,124.22000122070312,121.14815521240234,5192786
2021-12-01,125.0999984741211,125.95999908447266,120.08000183105469,120.2300033569336,117.25684356689453,3654289
2021-12-02,120.6520004272461,123.76000213623047,120.6520004272461,122.58999633789062,119.5584716796875,3107393
2021-12-03,123.63999938964844,125.5999984741211,123.08999633789062,125.2699966430664,122.17218780517578,3371301
2021-12-06,127.44000244140625,127.80999755859375,124.875,126.30999755859375,123.18647003173828,2863915
2021-12-07,127.25,128.0,125.93000030517578,126.1500015258789,123.19624328613281,2650223
2021-12-08,126.37999725341797,127.32499694824219,125.12999725341797,126.37000274658203,123.41109466552734,2553671
2021-12-09,126.48999786376953,126.875,124.69000244140625,125.0,122.07315826416016,2485292
2021-12-10,126.1500015258789,127.37000274658203,124.66000366210938,125.63999938964844,122.69817352294922,2186565
2021-12-13,125.63999938964844,128.3000030517578,125.63999938964844,126.7699966430664,123.80171203613281,2292854
2021-12-14,125.9800033569336,128.33999633789062,125.9800033569336,126.8499984741211,123.87985229492188,2107833
2021-12-15,127.69999694824219,129.23500061035156,125.81999969482422,128.89999389648438,125.8818359375,2471034
2021-12-16,128.61000061035156,129.77999877929688,128.02000427246094,129.38999938964844,126.36036682128906,1694823
2021-12-17,129.33999633789062,130.8000030517578,127.27999877929688,127.5199966430664,124.5341567993164,3514937
2021-12-20,126.45999908447266,130.1300048828125,126.45999908447266,129.9199981689453,126.87796020507812,2592145
2021-12-21,130.97000122070312,132.32000732421875,129.19000244140625,132.1699981689453,129.07528686523438,2251400
2021-12-22,132.0800018310547,133.2449951171875,130.5500030517578,131.47000122070312,128.39163208007812,2153728
2021-12-23,131.27999877929688,133.00999450683594,130.86000061035156,132.5399932861328,129.4365997314453,1594118
2021-12-27,133.27000427246094,133.75,132.3000030517578,133.0399932861328,129.92495727539062,1377314
2021-12-28,133.24000549316406,134.97000122070312,133.0399932861328,133.47000122070312,130.34483337402344,1230735
2021-12-29,133.89999389648438,134.1699981689453,131.88499450683594,133.13999938964844,130.02256774902344,912350
2021-12-30,133.6999969482422,135.60000610351562,133.6999969482422,134.4600067138672,131.31166076660156,1177048
2021-12-31,134.4600067138672,134.99000549316406,131.64999389648438,131.89999389648438,128.8115692138672,1610904
2022-01-03,131.92999267578125,135.97999572753906,131.75,134.9499969482422,131.7901611328125,2033926
2022-01-04,134.32000732421875,136.3000030517578,133.77999877929688,135.75999450683594,132.58120727539062,2110753
2022-01-05,136.3000030517578,137.47500610351562,133.6300048828125,133.8000030517578,130.66712951660156,2531646
2022-01-06,133.27999877929688,133.97000122070312,129.4199981689453,129.69000244140625,126.65337371826172,2270757
2022-01-07,129.08999633789062,132.47000122070312,127.27999877929688,131.77999877929688,128.69439697265625,2436038
2022-01-10,131.41000366210938,132.1699981689453,128.14999389648438,128.89999389648438,125.8818359375,3053203
2022-01-11,127.56999969482422,130.9600067138672,127.55000305175781,130.8000030517578,127.73735809326172,1797209
2022-01-12,131.2384033203125,132.91000366210938,129.97000122070312,132.5,129.3975372314453,1677661
2022-01-13,133.02999877929688,133.02999877929688,130.50999450683594,130.83999633789062,127.77645111083984,1343587
2022-01-14,130.0399932861328,130.75,128.72000122070312,130.44000244140625,127.38580322265625,1633377
2022-01-18,138.43499755859375,142.5500030517578,133.4499969482422,133.91000366210938,130.7745361328125,8759476
2022-01-19,135.52000427246094,138.22000122070312,134.6999969482422,136.91000366210938,133.7042999267578,3820256
2022-01-20,137.85000610351562,141.99000549316406,137.85000610351562,138.8800048828125,135.62815856933594,3116937
2022-01-21,138.27999877929688,140.69000244140625,138.08999633789062,139.00999450683594,135.755126953125,3120019
2022-01-24,137.08999633789062,139.39999389648438,131.89999389648438,135.1999969482422,132.0343475341797,4262190
2022-01-25,133.57000732421875,134.02000427246094,129.5399932861328,131.00999450683594,127.94242095947266,2386389
2022-01-26,131.07000732421875,132.3300018310547,128.8300018310547,129.97999572753906,126.93656921386719,2334031
2022-01-27,130.77000427246094,134.0399932861328,130.64999389648438,131.05999755859375,127.99124145507812,1782104
2022-01-28,131.16000366210938,132.22999572753906,129.5800018310547,131.9199981689453,128.8311309814453,2155020
2022-01-31,131.14999389648438,135.73789978027344,129.24000549316406,132.66000366210938,129.55380249023438,4471167
2022-02-01,133.0800018310547,133.4600067138672,129.07009887695312,129.94000244140625,126.89751434326172,3827957
2022-02-02,125.72000122070312,137.58999633789062,125.61000061035156,137.1699981689453,133.9582061767578,5723709
2022-02-03,135.27999877929688,139.61000061035156,134.2899932861328,137.2899932861328,134.0753936767578,3409361
2022-02-04,135.35000610351562,138.3800048828125,134.69000244140625,137.7100067138672,134.48558044433594,2397235
2022-02-07,138.0,138.0800018310547,135.60000610351562,136.39999389648438,133.20623779296875,1726078
2022-02-08,136.32000732421875,137.25,134.25,134.3699951171875,131.22377014160156,2264932
2022-02-09,135.75999450683594,135.99989318847656,132.5800018310547,135.7899932861328,132.61050415039062,1955847
2022-02-10,133.19000244140625,136.89999389648438,133.19000244140625,134.97999572753906,131.81948852539062,1718625
2022-02-11,134.97999572753906,136.4199981689453,133.8000030517578,134.10000610351562,130.9600830078125,1647896
2022-02-14,133.88059997558594,134.4600067138672,132.44000244140625,133.39999389648438,130.27647399902344,1680483
2022-02-15,134.39999389648438,135.4600067138672,133.36000061035156,134.5,131.35072326660156,1739105
2022-02-16,133.75,134.60000610351562,131.4550018310547,133.2899932861328,130.1690673828125,2369315
2022-02-17,133.07000732421875,133.07000732421875,129.9250030517578,130.39999389648438,127.34674835205078,1735704
2022-02-18,130.00999450683594,131.1699981689453,128.9199981689453,129.3300018310547,126.30178833007812,2002007
2022-02-22,128.0500030517578,129.63499450683594,126.5999984741211,127.08999633789062,124.11421203613281,2182632
2022-02-23,127.87999725341797,129.25,126.4800033569336,126.72000122070312,123.75289154052734,1908796
2022-02-24,123.91000366210938,127.66999816894531,123.80000305175781,127.5,124.5146255493164,2083595
2022-02-25,128.33999633789062,129.02999877929688,126.86000061035156,128.7100067138672,125.69629669189453,2058616
2022-02-28,127.76000213623047,131.49000549316406,127.76000213623047,130.08999633789062,127.04399108886719,3489109
2022-03-01,130.5500030517578,131.5919952392578,127.52999877929688,128.14999389648438,125.14940643310547,1420351
2022-03-02,128.24000549316406,129.72000122070312,127.62000274658203,129.25999450683594,126.2334213256836,1641760
2022-03-03,130.19000244140625,130.3957061767578,127.43000030517578,127.83999633789062,124.84666442871094,1305810
2022-03-04,126.77999877929688,127.69000244140625,126.23999786376953,126.48999786376953,123.52828216552734,1845592
2022-03-07,126.47000122070312,128.5500030517578,125.06999969482422,126.26000213623047,123.30366516113281,2060195
2022-03-08,125.4800033569336,125.87000274658203,122.19999694824219,122.66999816894531,119.95923614501953,2211699
2022-03-09,124.04000091552734,125.95999908447266,123.29000091552734,125.5199966430664,122.74624633789062,2139504
2022-03-10,124.62999725341797,125.9761962890625,122.66000366210938,123.68000030517578,120.9469223022461,1222004
2022-03-11,124.62999725341797,125.45999908447266,122.16999816894531,122.33000183105469,119.62675476074219,1195222
2022-03-14,122.18000030517578,122.43000030517578,118.23999786376953,119.12999725341797,116.49745178222656,1968240
2022-03-15,119.13999938964844,121.11000061035156,117.58000183105469,120.80000305175781,118.13054656982422,1815930
2022-03-16,121.29000091552734,123.88999938964844,121.12999725341797,123.80000305175781,121.06426239013672,1627844
2022-03-17,123.44000244140625,125.23999786376953,122.66999816894531,125.18000030517578,122.41377258300781,1297256
2022-03-18,124.2699966430664,126.4800033569336,123.38999938964844,126.27999877929688,123.48946380615234,2653589
2022-03-21,125.08999633789062,126.4000015258789,124.63770294189453,125.55999755859375,122.78536224365234,1222219
2022-03-22,125.94999694824219,128.17999267578125,124.75,127.93000030517578,125.10301208496094,1710095
2022-03-23,127.37999725341797,128.05999755859375,124.05999755859375,124.63999938964844,121.88569641113281,2158381
2022-03-24,125.05999755859375,125.56999969482422,123.62999725341797,125.56999969482422,122.7951431274414,2273433
2022-03-25,126.02999877929688,127.51000213623047,125.30000305175781,127.31999969482422,124.50647735595703,1315571
2022-03-28,127.66999816894531,128.1199951171875,126.1500015258789,128.0399932861328,125.2105712890625,1065951
2022-03-29,129.22999572753906,129.72000122070312,127.30000305175781,128.8300018310547,125.98310089111328,1495354
2022-03-30,128.02999877929688,128.8699951171875,127.12999725341797,127.68000030517578,124.8585205078125,1096969
2022-03-31,128.17999267578125,128.19000244140625,125.8499984741211,126.51000213623047,123.7143783569336,1750974
2022-04-01,126.8499984741211,127.19000244140625,123.33999633789062,125.2300033569336,122.46265411376953,2193977
2022-04-04,125.80999755859375,128.55999755859375,125.45010375976562,128.02000427246094,125.19100952148438,1522626
2022-04-05,127.1500015258789,128.72999572753906,125.5,125.86000061035156,123.07875061035156,1012427
2022-04-06,125.26000213623047,126.98999786376953,124.36000061035156,124.8499984741211,122.09105682373047,1972003
2022-04-07,124.94000244140625,125.33999633789062,122.52999877929688,123.4000015258789,120.67310333251953,1758031
2022-04-08,122.87999725341797,124.56999969482422,122.2300033569336,123.4800033569336,120.7513427734375,1282430
2022-04-11,123.22000122070312,124.72000122070312,122.33000183105469,122.58000183105469,119.8712158203125,1793128
2022-04-12,123.37000274658203,124.55000305175781,122.94999694824219,123.56999969482422,120.83934783935547,2581850
2022-04-13,123.98999786376953,124.1500015258789,122.27999877929688,123.62000274658203,120.88823699951172,1532550
2022-04-14,123.62999725341797,123.95999908447266,121.19039916992188,122.5999984741211,119.8907699584961,2036378
2022-04-18,122.33999633789062,123.44999694824219,121.1500015258789,122.16000366210938,119.46050262451172,1536681
2022-04-19,120.12000274658203,124.30999755859375,120.12000274658203,124.04000091552734,121.2989501953125,1547319
2022-04-20,124.0999984741211,124.8499984741211,123.12999725341797,123.30999755859375,120.58509826660156,1571594
2022-04-21,123.43000030517578,125.68000030517578,123.43000030517578,123.73999786376953,121.00556945800781,2442419
2022-04-22,124.82499694824219,128.5500030517578,123.63130187988281,128.08999633789062,125.25945281982422,4237329
2022-04-25,127.7300033569336,128.67999267578125,125.16999816894531,128.14999389648438,125.31813049316406,2718513
2022-04-26,127.7699966430664,128.00999450683594,124.33499908447266,124.62999725341797,121.87591552734375,1911643
2022-04-27,124.47000122070312,124.5999984741211,121.01000213623047,121.22000122070312,118.54127502441406,2553126
2022-04-28,122.81999969482422,124.29499816894531,121.66999816894531,123.41000366210938,120.6828842163086,1662976
2022-04-29,123.01000213623047,124.02249908447266,117.73999786376953,118.05000305175781,115.44132995605469,3008156
2022-05-02,118.75,121.56999969482422,117.75,120.0,117.34823608398438,2932181
2022-05-03,120.04499816894531,122.69000244140625,120.0199966430664,122.51000213623047,119.80274963378906,2319208
2022-05-04,122.87999725341797,123.8499984741211,120.3499984741211,123.72000122070312,120.98604583740234,1865158
2022-05-05,123.08999633789062,123.58999633789062,118.30000305175781,119.61000061035156,116.96685028076172,2135284
2022-05-06,119.16000366210938,119.5,114.38999938964844,115.29000091552734,112.7423095703125,2122454
2022-05-09,114.29000091552734,114.79000091552734,111.69999694824219,112.04000091552734,109.56413269042969,3465598
2022-05-10,113.05999755859375,113.62969970703125,109.23999786376953,111.5999984741211,109.13386535644531,6505849
2022-05-11,114.5999984741211,126.2699966430664,114.11000061035156,120.48999786376953,117.8274154663086,7986692
2022-05-12,118.31999969482422,122.16000366210938,118.31999969482422,120.94999694824219,118.27723693847656,4544994
2022-05-13,121.62000274658203,125.27999877929688,121.13999938964844,124.94000244140625,122.17906188964844,3682502
2022-05-16,125.0,128.89500427246094,124.41999816894531,127.38999938964844,124.57493591308594,2901927
2022-05-17,126.61000061035156,132.5800018310547,126.55000305175781,128.47000122070312,125.63106536865234,3920224
2022-05-18,126.9000015258789,130.11000061035156,126.55999755859375,128.97000122070312,126.12001037597656,4177266
2022-05-19,129.02000427246094,133.13999938964844,128.4499969482422,130.02000427246094,127.14681243896484,3542845
2022-05-20,130.82000732421875,132.5800018310547,126.52010345458984,130.75999450683594,127.8704605102539,4727685
2022-05-23,134.55999755859375,137.72999572753906,132.6199951171875,133.77000427246094,130.81394958496094,4590046
2022-05-24,132.6999969482422,137.7899932861328,132.48500061035156,136.67999267578125,133.6596221923828,4920052
2022-05-25,135.9600067138672,137.66000366210938,134.47000122070312,137.35000610351562,134.31484985351562,2717192
2022-05-26,137.47999572753906,139.25,137.3300018310547,138.67999267578125,135.6154327392578,1685749
2022-05-27,139.0,140.16000366210938,137.5500030517578,138.52999877929688,135.46878051757812,2411921
2022-05-31,137.89999389648438,139.25999450683594,136.32000732421875,138.64999389648438,135.58612060546875,2880309
2022-06-01,139.4199981689453,140.10499572753906,137.47999572753906,139.52999877929688,136.44664001464844,2134672
2022-06-02,138.72999572753906,141.74000549316406,137.6199951171875,141.5,138.37313842773438,2868314
2022-06-03,140.69000244140625,142.7899932861328,140.16000366210938,141.0,137.88417053222656,2924203
2022-06-06,141.4600067138672,142.22500610351562,139.8699951171875,140.35000610351562,137.24853515625,1649212
2022-06-07,139.02999877929688,141.02000427246094,138.72000122070312,140.97000122070312,138.04173278808594,1847272
2022-06-08,140.6300048828125,141.46499633789062,138.75,139.22000122070312,136.32806396484375,1702486
2022-06-09,138.3300018310547,140.17999267578125,135.77999877929688,135.80999755859375,132.98887634277344,2239861
2022-06-10,133.52999877929688,134.97999572753906,132.75,133.44000244140625,130.66812133789062,2052784
2022-06-13,131.25999450683594,131.91000366210938,128.6699981689453,128.75999450683594,126.0853500366211,2809732
2022-06-14,129.16000366210938,129.77000427246094,126.27999877929688,127.37000274658203,124.7242202758789,2422079
2022-06-15,127.6500015258789,130.60000610351562,127.05000305175781,129.25999450683594,126.57495880126953,2210076
2022-06-16,126.87000274658203,128.72999572753906,126.02999877929688,127.9800033569336,125.32156372070312,2329607
2022-06-17,127.76000213623047,129.5399932861328,125.8499984741211,128.5399932861328,125.8698959350586,3725984
2022-06-21,129.77999877929688,130.94000244140625,128.5800018310547,130.38999938964844,127.68151092529297,2222922
2022-06-22,129.1999969482422,130.72999572753906,128.82000732421875,129.02999877929688,126.34973907470703,2083487
2022-06-23,128.97999572753906,130.0,127.70999908447266,128.9600067138672,126.28120422363281,2048797
2022-06-24,130.1999969482422,131.0500030517578,128.5399932861328,130.1999969482422,127.49542999267578,6940471
2022-06-27,129.1199951171875,129.7899932861328,123.23999786376953,125.5999984741211,122.99098205566406,3597591
2022-06-28,125.91100311279297,126.56999969482422,122.61000061035156,122.87999725341797,120.3274917602539,3250629
2022-06-29,123.05000305175781,124.0199966430664,121.67500305175781,122.83000183105469,120.27852630615234,1973636
2022-06-30,122.43000030517578,123.3499984741211,121.06999969482422,121.6500015258789,119.12303161621094,2318967
2022-07-01,120.9000015258789,123.01750183105469,120.70999908447266,122.7300033569336,120.18059539794922,1185926
2022-07-05,121.5199966430664,125.0,120.54000091552734,124.75,122.15863037109375,1773113
2022-07-06,124.88999938964844,125.2699966430664,123.5,124.3499984741211,121.76696014404297,1517666
2022-07-07,124.13999938964844,126.34500122070312,123.76499938964844,125.5999984741211,122.99098205566406,1770121
2022-07-08,124.83000183105469,126.44999694824219,124.19999694824219,125.62999725341797,123.0203628540039,1385980
2022-07-11,125.30000305175781,125.61000061035156,123.68000030517578,123.83999633789062,121.26754760742188,1291294
2022-07-12,123.7300033569336,124.9800033569336,121.7249984741211,121.9800033569336,119.44618225097656,1249994
2022-07-13,120.25,122.38500213623047,119.54000091552734,121.68000030517578,119.15241241455078,1725950
2022-07-14,121.05000305175781,122.4000015258789,120.19000244140625,122.29000091552734,119.74974822998047,1315421
2022-07-15,122.75,124.12000274658203,122.72000122070312,123.16000366210938,120.60166931152344,1244683
2022-07-18,124.12000274658203,125.22000122070312,123.19000244140625,123.62000274658203,121.05211639404297,1584532
2022-07-19,124.70999908447266,126.87999725341797,124.08999633789062,126.75,124.11709594726562,1854790
2022-07-20,126.79000091552734,128.27000427246094,126.22000122070312,127.58999633789062,124.93963623046875,1365142
2022-07-21,128.11000061035156,130.3800048828125,127.22000122070312,130.2100067138672,127.50524139404297,2306137
2022-07-22,130.00999450683594,132.02000427246094,129.77000427246094,130.16000366210938,127.45626831054688,1486222
2022-07-25,130.0,130.85000610351562,129.50999450683594,129.9199981689453,127.22124481201172,1404631
2022-07-26,130.72000122070312,133.4600067138672,129.77000427246094,130.75,128.0340118408203,1571292
2022-07-27,130.4600067138672,132.9600067138672,129.80999755859375,132.17999267578125,129.43426513671875,1697897
2022-07-28,132.49000549316406,133.6199951171875,131.39999389648438,133.17999267578125,130.41354370117188,1441725
2022-07-29,132.1699981689453,132.94000244140625,130.07000732421875,131.22999572753906,128.50401306152344,2530834
2022-08-01,130.58999633789062,131.85000610351562,129.7899932861328,130.8699951171875,128.1515350341797,1652565
2022-08-02,129.75,130.60000610351562,128.72999572753906,128.88999938964844,126.212646484375,2184851
2022-08-03,131.13999938964844,134.9199981689453,130.41000366210938,133.27999877929688,130.511474609375,2210807
2022-08-04,133.3699951171875,133.8000030517578,131.99000549316406,133.24000549316406,130.47227478027344,1666349
2022-08-05,132.10000610351562,132.67999267578125,131.2100067138672,132.55999755859375,129.80641174316406,1178665
2022-08-08,132.75,133.4199981689453,130.58999633789062,131.0500030517578,128.32778930664062,1585769
2022-08-09,130.0500030517578,130.5800018310547,128.05999755859375,129.27999877929688,126.59453582763672,1977415
2022-08-10,130.83999633789062,132.1999969482422,130.1020050048828,131.16000366210938,128.4355010986328,1640549
2022-08-11,131.99000549316406,132.27999877929688,129.58999633789062,129.67999267578125,126.98626708984375,1435351
2022-08-12,130.14999389648438,131.55999755859375,129.7899932861328,131.3699951171875,128.64111328125,1000321
2022-08-15,130.9499969482422,132.10000610351562,129.85499572753906,131.60000610351562,128.8663787841797,1133153
2022-08-16,131.25999450683594,135.80999755859375,130.5399932861328,135.11000061035156,132.303466796875,2036997
2022-08-17,134.67999267578125,135.77999877929688,133.0,133.1699981689453,130.40374755859375,1601313
2022-08-18,133.1699981689453,133.6199951171875,131.97999572753906,132.47000122070312,129.71823120117188,1190470
2022-08-19,131.74000549316406,131.8800048828125,130.1199951171875,130.47999572753906,127.76959228515625,1220777
2022-08-22,129.88999938964844,130.24000549316406,127.62999725341797,128.1199951171875,125.45862579345703,1775033
2022-08-23,127.05999755859375,127.44000244140625,126.27999877929688,126.7300033569336,124.09751892089844,1124728
2022-08-24,126.47000122070312,127.0199966430664,125.5,125.61000061035156,123.00078582763672,1426742
2022-08-25,126.26000213623047,127.62999725341797,125.37000274658203,127.61000061035156,124.95922088623047,878482
2022-08-26,133.69000244140625,135.85000610351562,131.99000549316406,132.1699981689453,129.4245147705078,9512646
2022-08-29,130.4499969482422,131.3800048828125,127.5999984741211,129.60000610351562,126.90788269042969,2729354
2022-08-30,128.97999572753906,129.0500030517578,125.8949966430664,126.47000122070312,124.02474975585938,1943272
2022-08-31,127.88999938964844,128.80499267578125,126.56999969482422,126.87000274658203,124.41699981689453,1860913
2022-09-01,125.87999725341797,127.76000213623047,125.87999725341797,127.68000030517578,125.21134948730469,1497678
2022-09-02,127.91999816894531,128.4499969482422,125.0,125.33000183105469,122.90677642822266,1346743
2022-09-06,124.41999816894531,125.05989837646484,122.54000091552734,124.7300033569336,122.3183822631836,2205837
2022-09-07,123.69999694824219,125.87000274658203,123.44999694824219,125.55000305175781,123.12252807617188,2355346
2022-09-08,125.36000061035156,127.19000244140625,124.43840026855469,127.13999938964844,124.6817855834961,1719139
2022-09-09,127.80000305175781,129.74000549316406,127.6500015258789,128.92999267578125,126.43716430664062,1651391
2022-09-12,129.75999450683594,131.39999389648438,129.25999450683594,130.85000610351562,128.32008361816406,1707787
2022-09-13,128.14999389648438,129.47999572753906,126.73500061035156,127.58999633789062,125.1230697631836,2829939
2022-09-14,127.38999938964844,127.72000122070312,125.66999816894531,126.91999816894531,124.4660415649414,1751016
2022-09-15,125.19999694824219,126.66000366210938,123.75,124.41000366210938,122.00458526611328,2314722
2022-09-16,123.87000274658203,123.97000122070312,120.0,121.73999786376953,119.38619232177734,5240625
2022-09-19,121.19000244140625,123.01000213623047,120.16000366210938,122.93000030517578,120.55317687988281,1722290
2022-09-20,122.55000305175781,122.62999725341797,119.88999938964844,120.54000091552734,118.20938873291016,1521668
2022-09-21,121.11000061035156,121.18000030517578,117.48999786376953,117.48999786376953,115.2183609008789,1426417
2022-09-22,116.6449966430664,118.30000305175781,116.4801025390625,117.41999816894531,115.14971923828125,1385434
2022-09-23,116.73999786376953,117.30999755859375,114.06999969482422,115.63999938964844,113.40412902832031,1825904
2022-09-26,115.31999969482422,116.56999969482422,114.12000274658203,114.81999969482422,112.5999984741211,1726266
2022-09-27,115.52999877929688,116.56500244140625,114.63999938964844,115.13999938964844,112.9137954711914,1268296
2022-09-28,115.83000183105469,118.94000244140625,115.08999633789062,118.3499984741211,116.06172943115234,2091904
2022-09-29,117.7300033569336,118.25,116.0999984741211,117.47000122070312,115.1987533569336,1644636
2022-09-30,117.69999694824219,118.51000213623047,115.55000305175781,115.70999908447266,113.4727783203125,2189245
2022-10-03,116.2300033569336,120.43000030517578,116.01000213623047,119.86000061035156,117.54253387451172,2602109
2022-10-04,120.62000274658203,123.33999633789062,120.62000274658203,123.19999694824219,120.81796264648438,2039042
2022-10-05,122.69999694824219,123.73999786376953,121.27999877929688,122.66999816894531,120.29821014404297,1704897
2022-10-06,122.87999725341797,124.78990173339844,122.66000366210938,123.66000366210938,121.2690658569336,1558342
2022-10-07,122.52999877929688,123.33999633789062,121.56999969482422,122.30999755859375,119.94517517089844,1999547
2022-10-10,122.4000015258789,122.47000122070312,119.9000015258789,120.68000030517578,118.3466796875,1080062
2022-10-11,120.2300033569336,121.2699966430664,118.63999938964844,119.25,116.94432830810547,1578933
2022-10-12,119.33999633789062,120.19999694824219,118.79000091552734,118.87999725341797,116.58147430419922,1140812
2022-10-13,116.33999633789062,122.16000366210938,116.22000122070312,121.22000122070312,118.8762435913086,1624708
2022-10-14,122.08000183105469,123.22000122070312,119.55999755859375,120.37000274658203,118.04267883300781,1972616
2022-10-17,123.19999694824219,123.58000183105469,120.83000183105469,121.02999877929688,118.68992614746094,1700397
2022-10-18,122.58999633789062,123.98500061035156,122.05000305175781,123.37000274658203,120.98468017578125,1513622
2022-10-19,122.37999725341797,124.5999984741211,121.93000030517578,123.83999633789062,121.44556427001953,1347651
2022-10-20,123.62000274658203,125.69999694824219,122.29000091552734,123.55000305175781,121.16119384765625,1360876
2022-10-21,123.26000213623047,125.30999755859375,122.54499816894531,124.98999786376953,122.5733413696289,1605711
2022-10-24,125.6500015258789,126.37999725341797,123.80000305175781,125.66999816894531,123.24019622802734,1344535
2022-10-25,126.19999694824219,127.80999755859375,125.86000061035156,127.73999786376953,125.27017211914062,1634544
2022-10-26,127.75,129.5399932861328,126.9800033569336,127.25,124.7896499633789,1357507
2022-10-27,127.16000366210938,129.61000061035156,127.11000061035156,127.69999694824219,125.23095703125,2233792
2022-10-28,128.4199981689453,130.4499969482422,127.77999877929688,128.24000549316406,125.7605209350586,2213808
2022-10-31,127.91999816894531,128.67999267578125,125.15499877929688,125.95999908447266,123.52458953857422,2941261
2022-11-01,126.29000091552734,127.69999694824219,125.2750015258789,126.2699966430664,123.82859802246094,2576703
2022-11-02,126.0,132.7100067138672,123.72000122070312,128.66000366210938,126.17239379882812,4902173
2022-11-03,127.51000213623047,129.3699951171875,126.57499694824219,126.62000274658203,124.17184448242188,2340820
2022-11-04,126.87000274658203,129.82000732421875,126.61499786376953,129.75999450683594,127.25112915039062,2231501
2022-11-07,130.17999267578125,133.39999389648438,129.9600067138672,132.4199981689453,129.85971069335938,2714633
2022-11-08,130.19000244140625,131.47000122070312,127.83000183105469,129.10000610351562,126.6038818359375,2554682
2022-11-09,129.0,129.13999938964844,126.0,126.29000091552734,123.84822845458984,2412997
2022-11-10,129.6199951171875,131.5500030517578,128.3800048828125,130.3000030517578,127.78068542480469,2564905
2022-11-11,130.61000061035156,131.41000366210938,128.41000366210938,131.22999572753906,128.69268798828125,2057814
2022-11-14,131.19000244140625,131.69000244140625,129.47000122070312,129.55999755859375,127.05498504638672,2413095
2022-11-15,130.92999267578125,131.8699951171875,127.0999984741211,128.77999877929688,126.29007720947266,2266693
2022-11-16,129.2100067138672,130.8350067138672,128.36300659179688,129.33999633789062,126.83924102783203,1464625
2022-11-17,127.27999877929688,129.6199951171875,126.18000030517578,128.64999389648438,126.16258239746094,1437920
2022-11-18,129.7899932861328,130.27999877929688,128.4550018310547,130.0800018310547,127.56495666503906,1648485
2022-11-21,129.5,130.02000427246094,126.4000015258789,127.86000061035156,125.38787078857422,1846893
2022-11-22,128.16000366210938,129.64999389648438,127.0199966430664,129.52000427246094,127.01575469970703,1509397
2022-11-23,130.0,131.6199951171875,129.39999389648438,130.9600067138672,128.4279327392578,1574777
2022-11-25,129.97999572753906,130.27000427246094,129.14999389648438,129.5,126.99617004394531,781275
2022-11-28,129.02000427246094,130.13499450683594,128.1649932861328,128.35000610351562,125.868408203125,1332045
2022-11-29,127.79000091552734,128.7154998779297,126.90499877929688,127.58999633789062,125.30856323242188,1330191
2022-11-30,127.68499755859375,131.25,126.73999786376953,130.77999877929688,128.44154357910156,2809775
2022-12-01,131.8300018310547,132.07000732421875,130.1300048828125,131.6199951171875,129.2665252685547,1806170
2022-12-02,130.5800018310547,132.86000061035156,130.36000061035156,132.27999877929688,129.9147186279297,1233191
2022-12-05,132.1699981689453,133.3397979736328,130.00999450683594,130.4199981689453,128.08799743652344,1745235
2022-12-06,130.16000366210938,130.16000366210938,126.75499725341797,127.41000366210938,125.13179016113281,1943951
2022-12-07,127.7699966430664,128.10000610351562,125.32489776611328,126.01000213623047,123.75682830810547,1489849
2022-12-08,127.05000305175781,127.4800033569336,125.2300033569336,126.11000061035156,123.85504913330078,2259573
2022-12-09,126.0999984741211,126.0999984741211,124.18000030517578,124.70999908447266,122.48008728027344,1985510
2022-12-12,125.75,126.12000274658203,123.47000122070312,125.5999984741211,123.35417175292969,1666843
2022-12-13,127.76000213623047,128.91000366210938,124.44999694824219,125.68000030517578,123.43273162841797,2416631
2022-12-14,125.8499984741211,126.62999725341797,123.7699966430664,124.66000366210938,122.43096923828125,1477044
2022-12-15,123.62999725341797,124.23999786376953,121.33000183105469,121.7300033569336,119.5533676147461,1686540
2022-12-16,120.7699966430664,121.98999786376953,119.9000015258789,121.73999786376953,119.56317901611328,4312561
2022-12-19,121.55999755859375,121.69000244140625,120.3561019897461,120.79000091552734,118.63017272949219,1606698
2022-12-20,120.54000091552734,122.05500030517578,120.33999633789062,120.41999816894531,118.26677703857422,1181146
2022-12-21,121.16000366210938,122.78500366210938,120.16999816894531,122.5,120.3095932006836,1615141
2022-12-22,121.80999755859375,122.19999694824219,120.26000213623047,121.41999816894531,119.24890899658203,1335367
2022-12-23,121.0199966430664,121.93000030517578,120.58000183105469,121.51000213623047,119.3373031616211,844674
2022-12-27,121.31999969482422,121.37000274658203,120.33999633789062,120.81999969482422,118.65962982177734,823502
2022-12-28,120.9000015258789,121.37000274658203,119.47000122070312,119.54000091552734,117.40251922607422,898275
2022-12-29,120.12000274658203,122.9000015258789,119.41999816894531,122.19000244140625,120.00514221191406,1222850
2022-12-30,121.77999877929688,122.33000183105469,120.79000091552734,122.18000030517578,119.99532318115234,1164422
2023-01-03,123.58999633789062,124.69999694824219,122.31999969482422,122.80000305175781,120.60423278808594,1677800
2023-01-04,123.4000015258789,126.19999694824219,123.4000015258789,125.01000213623047,122.77471923828125,1498054
2023-01-05,124.55500030517578,125.3323974609375,124.04000091552734,124.68000030517578,122.45062255859375,929650
2023-01-06,125.16999816894531,125.8499984741211,123.01000213623047,123.88999938964844,121.67474365234375,2781909
2023-01-09,123.88999938964844,126.0199966430664,123.41999816894531,124.16999816894531,121.94973754882812,1685713
2023-01-10,124.18000030517578,124.87000274658203,122.30000305175781,124.0199966430664,121.80240631103516,1819617
2023-01-11,124.93000030517578,127.37999725341797,123.66999816894531,126.11000061035156,123.85504913330078,2745403
2023-01-12,125.80999755859375,126.5,123.62000274658203,126.41999816894531,124.15950775146484,1999586
2023-01-13,126.2300033569336,126.79000091552734,124.8499984741211,125.45999908447266,123.21666717529297,1469453
2023-01-17,124.6500015258789,125.12999725341797,123.31999969482422,123.69999694824219,121.4881362915039,1999350
2023-01-18,123.7699966430664,124.6500015258789,122.52999877929688,123.70999908447266,121.49795532226562,1831068
2023-01-19,123.70999908447266,124.13999938964844,122.7699966430664,123.72000122070312,121.50777435302734,1723220
2023-01-20,124.43000030517578,126.19999694824219,123.7699966430664,125.98999786376953,123.73719024658203,2729825
2023-01-23,125.79000091552734,127.52999877929688,125.31999969482422,127.41000366210938,125.13179016113281,2105662
2023-01-24,127.70999908447266,128.07000732421875,126.37000274658203,127.48999786376953,125.21038055419922,1301807
2023-01-25,126.58999633789062,127.6500015258789,126.2699966430664,127.55999755859375,125.27911376953125,1099813
2023-01-26,128.30999755859375,129.4499969482422,128.19000244140625,129.13999938964844,126.83087158203125,1196103
2023-01-27,129.13999938964844,130.57000732421875,128.7899932861328,128.8699951171875,126.56568908691406,1786212
2023-01-30,128.9199981689453,129.47000122070312,128.11000061035156,128.99000549316406,126.68354034423828,2447136
2023-01-31,129.19000244140625,129.99000549316406,128.3800048828125,128.67999267578125,126.37908172607422,3067678
2023-02-01,116.77999877929688,117.22000122070312,112.58000183105469,116.76000213623047,114.67223358154297,14492294
2023-02-02,117.5,117.5199966430664,114.0999984741211,115.98999786376953,113.91598510742188,6355636
2023-02-03,115.1500015258789,115.54000091552734,113.77999877929688,113.91999816894531,111.88301086425781,4393534
2023-02-06,113.61000061035156,113.61000061035156,111.72000122070312,112.19000244140625,110.18394470214844,4208682
2023-02-07,112.12999725341797,114.36000061035156,111.80000305175781,114.18000030517578,112.13836669921875,4637493
2023-02-08,113.2300033569336,114.08999633789062,112.27999877929688,112.69999694824219,110.68482208251953,2159861
2023-02-09,113.45999908447266,113.94999694824219,111.38999938964844,111.79000091552734,109.79109191894531,3079071
2023-02-10,111.86000061035156,112.8949966430664,111.41000366210938,111.80000305175781,109.80093383789062,2904890
2023-02-13,111.47000122070312,113.41000366210938,111.47000122070312,113.19999694824219,111.17588806152344,2552983
2023-02-14,112.80999755859375,112.9000015258789,111.56999969482422,112.25,110.24288177490234,2662782
2023-02-15,111.27999877929688,113.36000061035156,111.27999877929688,113.33999633789062,111.31336212158203,1603410
2023-02-16,111.9000015258789,113.23999786376953,111.62000274658203,111.72000122070312,109.72235107421875,2742088
2023-02-17,111.1500015258789,112.47000122070312,110.7300033569336,112.0,109.99734497070312,3370462
2023-02-21,111.30000305175781,112.23999786376953,111.25,112.0199966430664,110.01698303222656,2656410
2023-02-22,112.33999633789062,112.33999633789062,111.37000274658203,111.73999786376953,109.74199676513672,2270154
2023-02-23,112.0,112.0999984741211,110.19000244140625,110.72000122070312,108.74021911621094,2459661
2023-02-24,109.73999786376953,110.2699966430664,109.44999694824219,109.7699966430664,107.8072280883789,1997010
2023-02-27,110.43000030517578,111.18000030517578,110.26000213623047,111.08999633789062,109.10362243652344,2300081
2023-02-28,110.68000030517578,111.23999786376953,110.47000122070312,110.94000244140625,109.14295959472656,2900520
2023-03-01,110.9800033569336,111.02999877929688,109.7300033569336,110.41000366210938,108.62155151367188,2012707
2023-03-02,110.41000366210938,112.65889739990234,110.4000015258789,112.29000091552734,110.4710922241211,2349164
2023-03-03,112.7699966430664,113.19999694824219,112.05000305175781,113.1500015258789,111.31717681884766,1600537
2023-03-06,112.98999786376953,114.38999938964844,112.66000366210938,113.19000244140625,111.35652923583984,1860126
2023-03-07,113.19000244140625,113.62999725341797,111.5999984741211,112.13999938964844,110.32353210449219,1871872
2023-03-08,112.26000213623047,112.5199966430664,111.79000091552734,112.27999877929688,110.46125793457031,1205158
2023-03-09,112.16999816894531,112.79000091552734,110.30999755859375,110.45999908447266,108.67073822021484,2344877
2023-03-10,110.5999984741211,111.88999938964844,108.91999816894531,109.19000244140625,107.42131042480469,2898407
2023-03-13,109.52999877929688,110.97000122070312,108.52999877929688,110.06999969482422,108.28706359863281,2662502
2023-03-14,110.76000213623047,112.05500030517578,110.20999908447266,111.4800033569336,109.67423248291016,2144449
2023-03-15,111.38999938964844,112.02999877929688,110.72000122070312,111.37999725341797,109.57581329345703,2803310
2023-03-16,111.38999938964844,113.79000091552734,111.38999938964844,113.52999877929688,111.69100952148438,2111095
2023-03-17,113.6500015258789,114.01000213623047,112.9800033569336,113.3499984741211,111.51392364501953,3077738
2023-03-20,113.01000213623047,114.27999877929688,113.01000213623047,113.5199966430664,111.68115997314453,1725671
2023-03-21,113.11000061035156,115.1500015258789,113.11000061035156,114.94000244140625,113.07817077636719,2428998
2023-03-22,114.29000091552734,115.0999984741211,113.13999938964844,113.16000366210938,111.32699584960938,2266927
2023-03-23,113.79000091552734,116.5999984741211,113.66500091552734,116.04000091552734,114.16034698486328,2435762
2023-03-24,118.08000183105469,119.20500183105469,117.61000061035156,119.02999877929688,117.10192108154297,2527332
2023-03-27,118.9000015258789,119.4000015258789,118.13999938964844,118.63999938964844,116.71821594238281,2276492
2023-03-28,118.08499908447266,118.44249725341797,117.36000061035156,118.0199966430664,116.10828399658203,1551111
2023-03-29,118.08000183105469,119.33000183105469,118.08000183105469,119.19000244140625,117.25933837890625,1522847
2023-03-30,120.0,120.05000305175781,118.83999633789062,119.0999984741211,117.1707763671875,1979546
2023-03-31,119.37999725341797,120.52999877929688,118.97000122070312,120.44999694824219,118.4989242553711,2347256
2023-04-03,120.13999938964844,121.6500015258789,119.5999984741211,121.3499984741211,119.38433837890625,1946432
2023-04-04,121.43000030517578,125.47000122070312,121.2300033569336,125.23999786376953,123.2113265991211,3303839
2023-04-05,125.23999786376953,126.2699966430664,124.83999633789062,126.1500015258789,124.10659790039062,2564721
2023-04-06,125.80000305175781,126.05000305175781,124.75,125.16000366210938,123.13263702392578,1990976
2023-04-10,124.79000091552734,125.80000305175781,123.73999786376953,125.62000274658203,123.58517456054688,1421182
2023-04-11,125.12999725341797,126.25,124.73999786376953,125.68000030517578,123.64420318603516,1596116
2023-04-12,126.27999877929688,127.18119812011719,125.81999969482422,126.12999725341797,124.08692169189453,1377225
2023-04-13,126.58000183105469,128.72000122070312,126.58000183105469,128.27999877929688,126.20207977294922,1637206
2023-04-14,127.9800033569336,128.52999877929688,127.44000244140625,127.87000274658203,125.79874420166016,1377184
2023-04-17,127.37000274658203,128.4199981689453,127.12000274658203,128.0800018310547,126.00534057617188,1534573
2023-04-18,128.80999755859375,129.3800048828125,127.81999969482422,129.0399932861328,126.94976043701172,1668714
2023-04-19,128.5800018310547,128.89999389648438,128.05999755859375,128.17999267578125,126.10369873046875,1221476
2023-04-20,128.27999877929688,129.5800018310547,128.14999389648438,128.8000030517578,126.71367645263672,1621153
2023-04-21,129.0500030517578,130.1199951171875,128.69500732421875,129.11000061035156,127.01866149902344,1679677
2023-04-24,128.61000061035156,129.61000061035156,128.22000122070312,129.47999572753906,127.38264465332031,1226669
2023-04-25,128.99000549316406,129.8699951171875,128.8699951171875,129.5,127.40233612060547,1424252
2023-04-26,126.21199798583984,127.04000091552734,124.08999633789062,125.12000274658203,123.09326934814453,4249853
2023-04-27,124.05000305175781,126.7300033569336,124.05000305175781,126.51000213623047,124.46076202392578,2465884
2023-04-28,126.44000244140625,127.69999694824219,126.27999877929688,127.27999877929688,125.21827697753906,1828737
2023-05-01,127.13999938964844,127.66999816894531,126.33999633789062,127.41999816894531,125.35600280761719,1438260
2023-05-02,126.88999938964844,127.41999816894531,124.73999786376953,126.16000366210938,124.1164321899414,1862088
2023-05-03,126.30999755859375,126.8499984741211,124.81999969482422,125.06999969482422,123.04408264160156,1769406
2023-05-04,125.93000030517578,125.9800033569336,123.86000061035156,124.01000213623047,122.00125885009766,2534448
2023-05-05,123.77999877929688,125.66000366210938,123.2699966430664,125.41999816894531,123.3884048461914,2806544
2023-05-08,125.25,126.17859649658203,124.27999877929688,125.76000213623047,123.72290802001953,1831445
2023-05-09,125.51000213623047,126.55000305175781,124.83499908447266,125.41000366210938,123.37857818603516,2916915
2023-05-10,129.32000732421875,129.5,122.93000030517578,124.73999786376953,122.71942901611328,4824258
2023-05-11,125.37000274658203,126.73999786376953,124.3550033569336,125.31999969482422,123.29003143310547,3183855
2023-05-12,125.87999725341797,126.75,124.73999786376953,125.47000122070312,123.4375991821289,2533152
2023-05-15,124.91999816894531,125.51000213623047,123.87999725341797,124.83999633789062,122.81780242919922,1826477
2023-05-16,124.27999877929688,125.54000091552734,123.94499969482422,125.12000274658203,123.09326934814453,2664261
2023-05-17,124.27999877929688,125.68000030517578,123.54350280761719,124.91999816894531,122.8965072631836,2899790
2023-05-18,125.4000015258789,126.30000305175781,124.43000030517578,126.20999908447266,124.16560363769531,2421312
2023-05-19,126.5,127.29000091552734,125.1050033569336,125.66000366210938,123.62451171875,2240999
2023-05-22,126.30999755859375,126.69999694824219,124.72000122070312,125.12000274658203,123.09326934814453,1445793
2023-05-23,124.5,125.5999984741211,124.0199966430664,125.29000091552734,123.26051330566406,1663528
2023-05-24,125.45999908447266,126.12000274658203,124.38500213623047,125.4000015258789,123.36873626708984,1353477
2023-05-25,124.81999969482422,125.80000305175781,123.94999694824219,125.4000015258789,123.36873626708984,1782324
2023-05-26,125.1449966430664,126.86000061035156,124.4800033569336,126.80000305175781,124.7460708618164,1884257
2023-05-30,127.02999877929688,127.3927001953125,126.0999984741211,126.4800033569336,124.61796569824219,2247600
2023-05-31,126.4800033569336,128.30999755859375,126.22000122070312,128.0,126.11559295654297,2790953
2023-06-01,128.0,128.5500030517578,127.30999755859375,127.69000244140625,125.8101577758789,1534182
2023-06-02,127.83000183105469,128.00999450683594,126.45999908447266,127.66999816894531,125.79045104980469,1727670
2023-06-05,126.69999694824219,128.19000244140625,126.69999694824219,127.0199966430664,125.15003204345703,2075754
2023-06-06,127.31999969482422,128.16000366210938,126.95999908447266,127.13999938964844,125.26825714111328,1461029
2023-06-07,127.13999938964844,128.6699981689453,125.43499755859375,126.23999786376953,124.38150787353516,2180264
2023-06-08,126.6500015258789,128.58999633789062,126.5,127.11000061035156,125.23869323730469,1882718
2023-06-09,126.97000122070312,127.26000213623047,125.81500244140625,125.94000244140625,124.08592987060547,1791725
2023-06-12,125.91000366210938,126.16000366210938,125.2699966430664,125.76000213623047,123.9085693359375,2349505
2023-06-13,125.76000213623047,127.61000061035156,125.67500305175781,127.31999969482422,125.44561004638672,1892319
2023-06-14,127.05000305175781,128.5,126.61000061035156,127.9000015258789,126.0170669555664,1536127
2023-06-15,128.5800018310547,129.0500030517578,127.68499755859375,128.99000549316406,127.09101867675781,1722973
2023-06-16,129.97999572753906,130.0,128.21499633789062,128.66000366210938,126.7658920288086,3123421
2023-06-20,127.94000244140625,128.4199981689453,126.2300033569336,126.41000366210938,124.54899597167969,2130517
2023-06-21,125.47000122070312,126.46499633789062,124.41000366210938,124.56999969482422,122.73609161376953,2657711
2023-06-22,124.19999694824219,125.94000244140625,124.08000183105469,125.44999694824219,123.60313415527344,1445673
2023-06-23,124.91000366210938,125.77999877929688,124.58000183105469,125.25,123.40608215332031,2074364
2023-06-26,125.05999755859375,127.33999633789062,124.69000244140625,126.66999816894531,124.80517578125,1537090
2023-06-27,127.4800033569336,131.57000732421875,127.2300033569336,131.3800048828125,129.4458465576172,2462011
2023-06-28,131.16000366210938,132.8699951171875,130.27000427246094,130.66000366210938,128.73641967773438,2282037
2023-06-29,130.72000122070312,130.97000122070312,128.7949981689453,130.4499969482422,128.529541015625,1567382
2023-06-30,131.02000427246094,131.5449981689453,129.55999755859375,129.6999969482422,127.79057312011719,1779137
2023-07-03,129.10000610351562,131.00999450683594,129.00999450683594,130.8699951171875,128.94334411621094,896928
2023-07-05,130.17999267578125,130.5500030517578,129.1324005126953,129.88999938964844,127.97776794433594,1756375
2023-07-06,128.8000030517578,130.80999755859375,128.6699981689453,130.6999969482422,128.77581787109375,1682635
2023-07-07,130.49000549316406,131.25999450683594,128.5399932861328,129.1999969482422,127.29793548583984,1793133
2023-07-10,129.72000122070312,131.4199981689453,129.72000122070312,130.5399932861328,128.61819458007812,1900513
2023-07-11,130.5399932861328,139.3800048828125,130.5,137.3300018310547,135.30821228027344,5288625
2023-07-12,137.92999267578125,138.14500427246094,135.14999389648438,135.47000122070312,133.4756317138672,2848509
2023-07-13,136.8300018310547,137.5,136.49000549316406,136.7100067138672,134.69735717773438,1700176
2023-07-14,136.77999877929688,137.8699951171875,136.0500030517578,137.33999633789062,135.31808471679688,1369458
2023-07-17,138.2899932861328,140.3000030517578,137.6699981689453,138.25,136.21470642089844,2883329
2023-07-18,138.5500030517578,138.9499969482422,137.3300018310547,138.8699951171875,136.8255615234375,1641947
2023-07-19,138.77000427246094,139.61000061035156,136.69000244140625,136.83999633789062,134.82545471191406,2290331
2023-07-20,136.38999938964844,138.24000549316406,136.38999938964844,137.1300048828125,135.11119079589844,1829260
2023-07-21,137.52999877929688,138.24000549316406,136.88499450683594,137.05999755859375,135.04220581054688,4562703
2023-07-24,137.66000366210938,137.94000244140625,136.77999877929688,137.75999450683594,135.73190307617188,1319803
2023-07-25,137.6999969482422,139.77999877929688,137.52499389648438,139.57000732421875,137.51528930664062,1507978
2023-07-26,139.0399932861328,139.25999450683594,137.9499969482422,138.8300018310547,136.78614807128906,1602488
2023-07-27,139.55999755859375,140.17999267578125,137.02999877929688,137.50999450683594,135.48558044433594,2311523
2023-07-28,138.35000610351562,138.58999633789062,137.52000427246094,137.85000610351562,135.82058715820312,1509044
2023-07-31,137.44000244140625,138.0500030517578,135.83999633789062,136.35000610351562,134.3426513671875,2246866
2023-08-01,135.52000427246094,137.34500122070312,135.4600067138672,136.1199951171875,134.11602783203125,2301540
2023-08-02,130.0,130.13999938964844,125.47000122070312,126.30999755859375,124.45047760009766,5112721
2023-08-03,125.58000183105469,126.8499984741211,123.72000122070312,123.83000183105469,122.0069808959961,4083548
2023-08-04,124.04000091552734,124.30999755859375,122.47000122070312,122.58999633789062,120.78524017333984,2798178
2023-08-07,123.20999908447266,124.6500015258789,122.67500305175781,124.05000305175781,122.2237548828125,2662025
2023-08-08,122.88999938964844,123.55999755859375,122.48999786376953,122.61000061035156,120.80494689941406,2409848
2023-08-09,122.87999725341797,123.33000183105469,121.44539642333984,121.91999816894531,120.12510681152344,2404166
2023-08-10,123.08999633789062,123.66999816894531,121.54000091552734,122.2699966430664,120.46995544433594,1683487
2023-08-11,121.55000305175781,122.37999725341797,121.08999633789062,122.19999694824219,120.40097045898438,1894180
2023-08-14,122.11000061035156,123.55999755859375,121.77999877929688,122.7699966430664,120.96257781982422,1713231
2023-08-15,121.87000274658203,122.4800033569336,121.22000122070312,121.41999816894531,119.63246154785156,1500043
2023-08-16,120.88999938964844,121.62000274658203,120.37000274658203,120.68000030517578,118.90336608886719,1554902
2023-08-17,120.33000183105469,120.70999908447266,118.69000244140625,118.76000213623047,117.01162719726562,1790800
2023-08-18,117.87000274658203,119.43000030517578,117.81999969482422,118.36000061035156,116.61751556396484,1518466
2023-08-21,118.43000030517578,119.12999725341797,117.81999969482422,118.5999984741211,116.85397338867188,1412011
2023-08-22,119.0199966430664,119.69999694824219,118.76000213623047,119.52999877929688,117.7702865600586,1839867
2023-08-23,120.1500015258789,121.58000183105469,119.7300033569336,121.31999969482422,119.533935546875,1821210
2023-08-24,121.55000305175781,122.41999816894531,119.87999725341797,119.91000366210938,118.14470672607422,1795241
2023-08-25,119.93000030517578,120.19000244140625,118.98999786376953,119.69000244140625,117.92794036865234,1308884
2023-08-28,120.0,120.5999984741211,119.75499725341797,120.5199966430664,118.7457046508789,1182804
2023-08-29,120.4800033569336,121.36000061035156,119.97000122070312,120.95999908447266,119.3674087524414,1538594
2023-08-30,120.95999908447266,121.63999938964844,120.4800033569336,120.55000305175781,118.96282958984375,1767660
2023-08-31,120.83000183105469,121.08999633789062,119.05000305175781,119.9800033569336,118.40032958984375,4374862
2023-09-01,121.06999969482422,122.0199966430664,119.48999786376953,120.54000091552734,118.95294952392578,2333118
2023-09-05,120.54000091552734,122.37999725341797,120.19000244140625,121.5,119.90031433105469,1963791
2023-09-06,121.4000015258789,121.47000122070312,119.83899688720703,120.9000015258789,119.30821990966797,2273382
2023-09-07,120.86000061035156,121.68000030517578,120.41000366210938,120.94000244140625,119.3476791381836,1724557
2023-09-08,121.4000015258789,122.23500061035156,120.52999877929688,121.75,120.14701080322266,1750125
2023-09-11,122.51000213623047,123.47000122070312,121.80000305175781,122.52999877929688,120.9167251586914,3626455
2023-09-12,122.08000183105469,123.25,121.18900299072266,121.41999816894531,119.82135772705078,2379367
2023-09-13,121.41999816894531,122.69000244140625,121.19000244140625,121.68000030517578,120.07793426513672,4107110
2023-09-14,121.68000030517578,123.56999969482422,121.36000061035156,123.04000091552734,121.4200439453125,3112555
2023-09-15,122.55000305175781,122.76000213623047,120.20999908447266,120.45999908447266,118.8740005493164,5405592
2023-09-18,121.18000030517578,121.18000030517578,120.0,120.5999984741211,119.01216125488281,2449476
2023-09-19,120.18000030517578,121.48529815673828,120.12000274658203,121.0,119.40687561035156,2402985
2023-09-20,121.4800033569336,121.86499786376953,120.41999816894531,120.44999694824219,118.86412811279297,1317101
2023-09-21,120.0999984741211,120.3499984741211,118.76000213623047,118.80000305175781,117.2358627319336,1813826
2023-09-22,118.88999938964844,120.16000366210938,118.63999938964844,119.0,117.4332275390625,1994364
2023-09-25,118.44999694824219,119.7300033569336,118.29000091552734,119.70999908447266,118.1338882446289,1291171
2023-09-26,119.12000274658203,119.38999938964844,118.2300033569336,118.36000061035156,116.80164337158203,1363467
2023-09-27,118.68000030517578,118.87989807128906,117.47000122070312,117.97000122070312,116.41678619384766,1245304
2023-09-28,118.12999725341797,120.06999969482422,117.69999694824219,119.18000030517578,117.61085510253906,1738503
2023-09-29,119.94999694824219,120.81999969482422,119.63999938964844,120.4000015258789,118.81478881835938,1770602
2023-10-02,119.94999694824219,120.77999877929688,119.37000274658203,120.1500015258789,118.56808471679688,1590744
2023-10-03,120.12000274658203,120.4000015258789,118.5999984741211,119.55000305175781,117.97598266601562,1659517
2023-10-04,120.06999969482422,120.88999938964844,118.70999908447266,120.72000122070312,119.13057708740234,2011309
2023-10-05,121.0199966430664,121.26000213623047,119.62000274658203,120.79000091552734,119.19964599609375,1320041
2023-10-06,120.55000305175781,123.4800033569336,120.44499969482422,122.95999908447266,121.34107208251953,1666995
2023-10-09,122.58999633789062,124.80000305175781,122.19999694824219,124.58999633789062,122.9496078491211,1404782
2023-10-10,126.4800033569336,129.10000610351562,126.0,128.0800018310547,126.39366912841797,3612880
2023-10-11,128.47000122070312,130.0399932861328,128.24000549316406,129.69000244140625,127.98247528076172,2085023
2023-10-12,130.22999572753906,132.89999389648438,130.1199951171875,131.57000732421875,129.8377227783203,2451959
2023-10-13,131.97999572753906,132.5,130.35000610351562,131.2899932861328,129.5614013671875,1547554
2023-10-16,132.35000610351562,133.05999755859375,131.08999633789062,131.13999938964844,129.4133758544922,2271412
2023-10-17,130.6999969482422,131.8699951171875,130.33999633789062,131.02999877929688,129.3048095703125,1866125
2023-10-18,130.89999389648438,132.22000122070312,130.1199951171875,130.25999450683594,128.54495239257812,1480020
2023-10-19,130.30999755859375,130.63999938964844,127.93000030517578,128.22999572753906,126.54168701171875,1747802
2023-10-20,128.67999267578125,129.19000244140625,127.37000274658203,127.44000244140625,125.7621078491211,1519185
2023-10-23,127.41000366210938,127.88999938964844,126.17500305175781,126.33999633789062,124.67656707763672,1363856
2023-10-24,126.54000091552734,127.87999725341797,126.4800033569336,127.66000366210938,125.97920989990234,1148638
2023-10-25,127.27999877929688,127.77999877929688,125.44000244140625,125.72000122070312,124.06474304199219,1141223
2023-10-26,125.72000122070312,125.76000213623047,123.44499969482422,123.63999938964844,122.01213073730469,1715895
2023-10-27,123.62000274658203,123.9800033569336,122.37999725341797,122.62999725341797,121.01541900634766,1494200
2023-10-30,123.41999816894531,123.41999816894531,119.91999816894531,121.30999755859375,119.71279907226562,2408384
2023-10-31,121.91999816894531,124.4800033569336,121.62999725341797,123.79000091552734,122.16016387939453,2300734
2023-11-01,123.83000183105469,124.81999969482422,122.4749984741211,123.77999877929688,122.15028381347656,2724848
2023-11-02,129.97000122070312,130.8800048828125,126.91000366210938,128.27999877929688,126.5910415649414,3990369
2023-11-03,128.74000549316406,129.7552032470703,126.76000213623047,129.58999633789062,127.88377380371094,2642159
2023-11-06,129.5800018310547,129.99000549316406,128.2100067138672,129.27000427246094,127.56800079345703,1516574
2023-11-07,130.0,131.1999969482422,129.5709991455078,129.72999572753906,128.0219268798828,1865608
2023-11-08,130.47000122070312,131.17999267578125,129.97000122070312,130.74000549316406,129.01866149902344,1963885
2023-11-09,131.5,132.41000366210938,130.75,131.3000030517578,129.57130432128906,2172554
2023-11-10,132.1300048828125,133.18499755859375,131.36000061035156,132.77999877929688,131.03179931640625,2492228
2023-11-13,131.85000610351562,133.61000061035156,131.85000610351562,132.67999267578125,130.93312072753906,1333676
2023-11-14,133.92999267578125,134.7899932861328,133.5449981689453,134.44000244140625,132.66995239257812,2326282
2023-11-15,134.4499969482422,134.59500122070312,133.36000061035156,134.42999267578125,132.66009521484375,1750382
2023-11-16,134.30999755859375,134.38999938964844,132.7100067138672,133.39999389648438,131.64361572265625,2054645
2023-11-17,133.1699981689453,133.76499938964844,132.39999389648438,133.6999969482422,131.93966674804688,2717149
2023-11-20,133.8800048828125,135.7100067138672,133.6199951171875,135.4499969482422,133.6666717529297,2312385
2023-11-21,135.69000244140625,136.3000030517578,135.13999938964844,136.05999755859375,134.26861572265625,1391137
2023-11-22,136.77999877929688,137.07249450683594,136.07000732421875,136.1199951171875,134.32778930664062,1153694
2023-11-24,136.32000732421875,136.80999755859375,135.75999450683594,136.60000610351562,134.801513671875,583933
2023-11-27,136.52000427246094,137.5500030517578,136.1699981689453,137.1199951171875,135.3146514892578,1254183
2023-11-28,136.72999572753906,137.28939819335938,136.2449951171875,136.3800048828125,134.7711639404297,1404452
2023-11-29,136.8800048828125,138.39999389648438,136.63999938964844,137.30999755859375,135.69015502929688,1304037
2023-11-30,137.52000427246094,138.1699981689453,136.9600067138672,138.00999450683594,136.3819122314453,2402112
2023-12-01,138.00999450683594,138.25999450683594,137.44000244140625,137.75999450683594,136.13485717773438,1931726
2023-12-04,136.6300048828125,137.97000122070312,136.4600067138672,137.82000732421875,136.19415283203125,2226938
2023-12-05,136.85000610351562,138.0399932861328,136.8300018310547,137.4199981689453,135.79885864257812,1809231
2023-12-06,137.67999267578125,138.4499969482422,136.11000061035156,137.13999938964844,135.52218627929688,2131969
2023-12-07,137.52000427246094,137.55999755859375,135.42999267578125,135.5500030517578,133.950927734375,2056419
2023-12-08,135.0,137.375,134.86819458007812,137.13999938964844,135.52218627929688,1531409
2023-12-11,136.32000732421875,139.33999633789062,136.32000732421875,138.55999755859375,136.92539978027344,1854762
2023-12-12,139.8699951171875,140.375,139.02999877929688,140.3300018310547,138.674560546875,1551992
2023-12-13,141.4499969482422,142.77000427246094,140.97999572753906,142.35000610351562,140.6707305908203,2177574
2023-12-14,143.0,143.47000122070312,140.24000549316406,140.85000610351562,139.18841552734375,2287932
2023-12-15,140.8800048828125,141.46499633789062,138.50999450683594,138.8300018310547,137.19223022460938,4548843
2023-12-18,139.60000610351562,139.8699951171875,137.97999572753906,138.08999633789062,136.46095275878906,1892169
2023-12-19,138.07000732421875,139.1699981689453,137.80999755859375,138.5500030517578,136.91554260253906,1930090
2023-12-20,137.6699981689453,138.6300048828125,136.13999938964844,136.58999633789062,134.97865295410156,1751498
2023-12-21,137.1699981689453,138.0800018310547,136.80999755859375,137.8800048828125,136.25344848632812,1604325
2023-12-22,137.72999572753906,138.69500732421875,137.27000427246094,137.6699981689453,136.04588317871094,1192339
2023-12-26,137.7899932861328,138.0,137.02000427246094,137.2899932861328,135.67041015625,1028043
2023-12-27,137.22000122070312,137.58999633789062,136.33929443359375,136.7100067138672,135.0972442626953,1002196
2023-12-28,136.7100067138672,137.30999755859375,136.4904022216797,136.75999450683594,135.1466522216797,720423
2023-12-29,136.80999755859375,137.10989379882812,136.32000732421875,136.80999755859375,135.19607543945312,1087923
2024-01-02,135.5,136.39999389648438,135.2100067138672,135.77999877929688,134.17822265625,1848394
2024-01-03,135.77999877929688,136.1699981689453,135.0460968017578,135.7100067138672,134.1090545654297,1444016
2024-01-04,135.8800048828125,136.58999633789062,135.3699951171875,135.97000122070312,134.36595153808594,1236201
2024-01-05,135.75999450683594,136.8800048828125,135.23500061035156,135.61000061035156,134.01022338867188,1698367
2024-01-08,135.9499969482422,136.7301025390625,135.43499755859375,136.4600067138672,134.85020446777344,1438791
2024-01-09,136.13999938964844,138.47000122070312,136.13999938964844,137.72000122070312,136.09532165527344,1328565
2024-01-10,137.72000122070312,138.3300018310547,136.89999389648438,137.6300048828125,136.0064239501953,1735339
2024-01-11,137.55999755859375,138.10499572753906,136.85000610351562,137.74000549316406,136.11509704589844,1192613
2024-01-12,138.25999450683594,138.77999877929688,137.42999267578125,137.9199981689453,136.29296875,1132749
2024-01-16,137.9499969482422,138.16000366210938,136.5,137.14999389648438,135.5320281982422,1166845
2024-01-17,137.0,137.0800018310547,135.69000244140625,136.6199951171875,135.00830078125,1340142
2024-01-18,136.6199951171875,138.16000366210938,136.00999450683594,138.02999877929688,136.40167236328125,1449994
2024-01-19,138.75,138.86000061035156,137.39590454101562,137.72000122070312,136.09532165527344,1294251
2024-01-22,137.63999938964844,138.72000122070312,137.5399932861328,137.57000732421875,135.9470977783203,1515065
2024-01-23,138.22000122070312,139.39500427246094,137.94000244140625,139.1699981689453,137.5281982421875,1241631
2024-01-24,139.85000610351562,140.11090087890625,137.72999572753906,137.86000061035156,136.23367309570312,1419036
2024-01-25,138.75999450683594,139.75030517578125,138.4499969482422,138.94000244140625,137.30096435546875,1513722
2024-01-26,139.07000732421875,139.82000732421875,138.69000244140625,139.4199981689453,137.77525329589844,1800445
2024-01-29,139.5800018310547,140.0,138.25,138.5800018310547,136.94517517089844,1474556
2024-01-30,138.4199981689453,138.7550048828125,137.21499633789062,137.5500030517578,135.92735290527344,2251396
2024-01-31,134.61000061035156,139.77999877929688,133.50999450683594,137.5800018310547,135.9569854736328,4345641
2024-02-01,137.42999267578125,137.9600067138672,135.0,137.9199981689453,136.29296875,2717352
2024-02-02,137.82000732421875,138.7100067138672,135.24000549316406,136.63999938964844,135.02809143066406,2547445
2024-02-05,136.0,136.25999450683594,134.4199981689453,134.94000244140625,133.34811401367188,2616767
2024-02-06,135.47000122070312,135.83999633789062,134.57000732421875,135.25999450683594,133.6643524169922,1480570
2024-02-07,136.0399932861328,137.47999572753906,135.77999877929688,136.75,135.1367645263672,1517615
2024-02-08,137.0,139.0,136.67999267578125,138.85000610351562,137.21200561523438,1770505
2024-02-09,138.60000610351562,140.97999572753906,137.0,140.61000061035156,138.95123291015625,2061523
2024-02-12,140.41000366210938,140.41000366210938,137.19000244140625,137.5500030517578,135.92735290527344,2465795
2024-02-13,136.8300018310547,139.67999267578125,136.2100067138672,139.0,137.36024475097656,2250726
2024-02-14,139.7899932861328,143.35000610351562,139.4300994873047,143.0800018310547,141.39210510253906,2499255
2024-02-15,143.24000549316406,144.52999877929688,142.88999938964844,144.0500030517578,142.3506622314453,1849582
2024-02-16,144.1199951171875,144.44000244140625,142.14999389648438,142.27999877929688,140.6015167236328,3311163
2024-02-20,141.77000427246094,142.10000610351562,139.85000610351562,141.0399932861328,139.37615966796875,2128074
2024-02-21,140.66000366210938,141.27000427246094,139.97999572753906,141.1699981689453,139.50462341308594,1539078
2024-02-22,142.3800048828125,144.35499572753906,141.5399932861328,143.52000427246094,141.826904296875,1673091
2024-02-23,143.5,144.1999969482422,141.8699951171875,142.58999633789062,140.9078369140625,1379989
2024-02-26,142.58999633789062,143.2100067138672,141.2100067138672,142.5800018310547,140.8979949951172,1984783
2024-02-27,142.5800018310547,142.5800018310547,138.52999877929688,139.5,138.0382843017578,2319748
2024-02-28,138.82000732421875,140.6300048828125,138.3000030517578,140.0800018310547,138.61219787597656,1584771
2024-02-29,140.5800018310547,140.63999938964844,137.9600067138672,139.47999572753906,138.01849365234375,3482334
2024-03-01,139.0800018310547,141.27999877929688,138.52000427246094,140.7899932861328,139.3147430419922,1782528
2024-03-04,140.4499969482422,141.42999267578125,138.72000122070312,138.80999755859375,137.35548400878906,2705032
2024-03-05,137.66000366210938,137.85000610351562,135.00999450683594,136.27999877929688,134.8520050048828,2750168
2024-03-06,137.13999938964844,137.47000122070312,134.57000732421875,135.52000427246094,134.09999084472656,2232158
2024-03-07,135.94000244140625,136.7899932861328,134.30499267578125,135.39999389648438,133.98121643066406,3342337
2024-03-08,135.6300048828125,135.875,134.3699951171875,135.14999389648438,133.73385620117188,1645721
2024-03-11,134.94000244140625,137.88999938964844,134.72999572753906,136.72999572753906,135.2972869873047,2547593
2024-03-12,136.44000244140625,137.39999389648438,135.60000610351562,136.02000427246094,134.5947723388672,1632984
2024-03-13,135.97000122070312,138.06500244140625,135.97000122070312,136.9600067138672,135.52490234375,2809451
2024-03-14,136.9600067138672,137.0399932861328,134.17999267578125,135.02999877929688,133.6151123046875,2353175
2024-03-15,134.4499969482422,135.4499969482422,133.67999267578125,134.27000427246094,132.86309814453125,4225494
2024-03-18,134.14999389648438,134.9199981689453,132.24000549316406,132.47999572753906,131.09181213378906,3603285
2024-03-19,131.6699981689453,133.2899932861328,131.0,132.9600067138672,131.56678771972656,2466571
2024-03-20,133.36000061035156,133.8800048828125,131.27000427246094,132.32000732421875,130.9335479736328,2998991
2024-03-21,132.5,134.21839904785156,131.8300018310547,132.47999572753906,131.09181213378906,2075428
2024-03-22,132.89999389648438,133.1300048828125,131.6199951171875,131.6999969482422,130.3199920654297,1770468
2024-03-25,131.6300048828125,131.6300048828125,129.3800048828125,130.52000427246094,129.15237426757812,2539746
2024-03-26,130.38999938964844,131.5,130.36000061035156,130.89999389648438,129.5283660888672,2272306
2024-03-27,131.0500030517578,132.27000427246094,130.7100067138672,131.8699951171875,130.4882049560547,1802620
2024-03-28,132.17999267578125,133.19500732421875,131.57000732421875,132.6699981689453,131.27984619140625,2368777
2024-04-01,132.82000732421875,133.36000061035156,132.0,133.33999633789062,131.94284057617188,1392753
2024-04-02,132.99000549316406,133.40989685058594,131.66000366210938,132.14999389648438,130.7652587890625,2032608
2024-04-03,132.17999267578125,133.02000427246094,131.3000030517578,132.52000427246094,131.1314239501953,1851276
2024-04-04,133.1999969482422,133.47999572753906,129.0399932861328,129.55999755859375,128.2024383544922,2289775
2024-04-05,129.22000122070312,130.77999877929688,128.90499877929688,130.2899932861328,128.9247589111328,1640057
2024-04-08,130.2899932861328,130.72500610351562,129.42999267578125,130.0,128.63783264160156,2290867
2024-04-09,130.49000549316406,131.63999938964844,130.02000427246094,130.69000244140625,129.32058715820312,1966820
2024-04-10,129.89999389648438,130.3249969482422,128.4499969482422,129.3000030517578,127.94515991210938,2451098
2024-04-11,129.0800018310547,130.25999450683594,128.58999633789062,129.17999267578125,127.82640838623047,2296879
2024-04-12,128.52999877929688,128.9250030517578,127.5999984741211,127.88999938964844,126.54993438720703,1714945
2024-04-15,128.2100067138672,128.39999389648438,126.55000305175781,127.05000305175781,125.71874237060547,1419777
2024-04-16,127.72000122070312,128.77000427246094,126.36000061035156,126.55000305175781,125.22398376464844,1899924
2024-04-17,126.87000274658203,127.52999877929688,126.29000091552734,126.30999755859375,124.98648834228516,1699169
2024-04-18,127.08999633789062,127.38999938964844,125.11000061035156,125.62999725341797,124.3136215209961,1389560
2024-04-19,126.05000305175781,127.45989990234375,125.73999786376953,127.2699966430664,125.93641662597656,1869318
2024-04-22,127.73999786376953,128.0,126.83000183105469,127.12000274658203,125.78800201416016,1275355
2024-04-23,127.30000305175781,127.91999816894531,126.75,127.13999938964844,125.80778503417969,1401780
2024-04-24,126.5,128.25999450683594,126.36000061035156,128.13999938964844,126.79730987548828,1483474
2024-04-25,128.49000549316406,128.72000122070312,126.20500183105469,127.30999755859375,125.97601318359375,1221723
2024-04-26,126.72000122070312,128.9499969482422,126.72000122070312,127.9000015258789,126.55982208251953,1220603
2024-04-29,127.6500015258789,128.7449951171875,127.43000030517578,127.9000015258789,126.55982208251953,1302157
2024-04-30,127.38999938964844,127.38999938964844,126.55000305175781,126.81999969482422,125.49114227294922,1804941
2024-05-01,126.63999938964844,129.6199951171875,126.2249984741211,128.17999267578125,126.83686828613281,1820328
2024-05-02,128.74000549316406,129.10499572753906,126.5999984741211,128.5,127.15351867675781,1544861
2024-05-03,129.1199951171875,130.46499633789062,129.00999450683594,129.55999755859375,128.2024383544922,1650180
2024-05-06,129.99000549316406,130.99000549316406,129.55999755859375,130.55999755859375,129.1919403076172,1708573
2024-05-07,130.47000122070312,131.52000427246094,130.06500244140625,130.24000549316406,128.87530517578125,3382793
2024-05-08,127.08999633789062,131.52000427246094,125.06999969482422,125.23999786376953,123.92769622802734,4269982
2024-05-09,125.2699966430664,127.69499969482422,124.91999816894531,127.12000274658203,125.78800201416016,3186420
2024-05-10,126.16000366210938,127.31999969482422,125.12000274658203,127.13999938964844,125.80778503417969,2023260
2024-05-13,127.43000030517578,128.1300048828125,126.44999694824219,126.58000183105469,125.25365447998047,2383094
2024-05-14,125.94999694824219,126.9000015258789,125.44999694824219,126.58999633789062,125.2635498046875,2107187
2024-05-15,127.1500015258789,128.5800018310547,126.56999969482422,127.62000274658203,126.28276062011719,2222391
2024-05-16,128.0800018310547,129.25,127.02999877929688,129.16000366210938,127.806640625,2275213
2024-05-17,128.13999938964844,128.89999389648438,126.33999633789062,127.75,126.41140747070312,3206034
2024-05-20,127.54000091552734,128.36000061035156,126.80000305175781,128.3000030517578,126.95564270019531,1752979
2024-05-21,127.6500015258789,128.9499969482422,127.6500015258789,128.85000610351562,127.4999008178711,1693626
2024-05-22,129.1999969482422,135.32989501953125,129.19000244140625,135.13999938964844,133.7239532470703,5366328
2024-05-23,135.47000122070312,135.72000122070312,133.72000122070312,134.39999389648438,132.99169921875,3881721
2024-05-24,134.27000427246094,135.63999938964844,133.8249969482422,135.05999755859375,133.6448211669922,1648650
2024-05-28,133.1999969482422,134.02999877929688,130.593994140625,132.0500030517578,130.6663360595703,4167881
2024-05-29,131.27999877929688,133.02999877929688,130.93040466308594,131.97000122070312,130.77532958984375,2427454
2024-05-30,131.61000061035156,132.2100067138672,130.42999267578125,131.22999572753906,130.04205322265625,2692707
2024-05-31,131.2100067138672,133.02000427246094,129.0800018310547,132.8800048828125,131.67710876464844,4525269
2024-06-03,132.8800048828125,134.89999389648438,132.61000061035156,132.99000549316406,131.78610229492188,2254335
2024-06-04,132.47999572753906,136.5749969482422,132.0800018310547,136.5,135.26431274414062,2346734
2024-06-05,136.92999267578125,138.39999389648438,136.44000244140625,137.9600067138672,136.7111053466797,2898188
2024-06-06,137.89999389648438,138.82000732421875,137.22999572753906,137.39999389648438,136.15618896484375,2117949
2024-06-07,138.0,139.08999633789062,136.6999969482422,136.82000732421875,135.58143615722656,2513642
2024-06-10,136.1699981689453,137.0800018310547,135.25,136.2100067138672,134.97695922851562,2008013
2024-06-11,135.32000732421875,137.55999755859375,134.7899932861328,136.69000244140625,135.45263671875,2221257
2024-06-12,137.02000427246094,137.8300018310547,135.5399932861328,135.6300048828125,134.40220642089844,2263361
2024-06-13,135.67999267578125,138.07000732421875,135.39999389648438,135.8699951171875,134.64002990722656,1859498
2024-06-14,135.5800018310547,136.25,135.0850067138672,135.97999572753906,134.74903869628906,1591265
2024-06-17,135.6300048828125,137.61000061035156,135.00999450683594,137.52999877929688,136.28501892089844,1754255
2024-06-18,137.72999572753906,138.22000122070312,136.75999450683594,138.1300048828125,136.8795928955078,1786731
2024-06-20,137.77000427246094,138.7100067138672,137.0399932861328,137.85000610351562,136.60214233398438,2107154
2024-06-21,138.39999389648438,139.14999389648438,137.24000549316406,139.05999755859375,137.8011474609375,2993961
2024-06-24,139.5,141.82000732421875,139.2949981689453,141.22999572753906,139.95152282714844,2157342
2024-06-25,141.00999450683594,141.2449951171875,139.47999572753906,140.6300048828125,139.35696411132812,1662522
2024-06-26,140.22000122070312,141.05999755859375,139.8800048828125,140.57000732421875,139.29751586914062,1518045
2024-06-27,141.2100067138672,141.2100067138672,139.3000030517578,139.52000427246094,138.2570037841797,1388541
2024-06-28,139.91000366210938,140.49989318847656,138.77999877929688,139.3300018310547,138.0687255859375,2423533
2024-07-01,139.7100067138672,139.7100067138672,137.11099243164062,137.32000732421875,136.07691955566406,1284987
2024-07-02,137.88999938964844,138.94000244140625,137.47000122070312,138.8800048828125,137.62277221679688,1288433
2024-07-03,139.08999633789062,139.4199981689453,138.11000061035156,138.6699981689453,137.41468811035156,799122
2024-07-05,138.02999877929688,138.44000244140625,137.27999877929688,138.25999450683594,137.00840759277344,1195056
2024-07-08,138.2100067138672,139.7100067138672,137.19000244140625,139.64999389648438,138.38583374023438,1568930
2024-07-09,139.80999755859375,141.8300018310547,138.82000732421875,140.5800018310547,139.3074188232422,1917157
2024-07-10,141.00999450683594,144.39999389648438,140.3791046142578,144.08999633789062,142.78561401367188,2754125
2024-07-11,144.1699981689453,146.6999969482422,143.74180603027344,145.3000030517578,143.98468017578125,2383337
2024-07-12,145.89999389648438,147.41000366210938,144.82000732421875,145.67999267578125,144.36123657226562,2120393
2024-07-15,145.0,146.67999267578125,143.80999755859375,145.0,143.68739318847656,2116846
2024-07-16,146.02000427246094,147.47000122070312,145.5800018310547,146.6699981689453,145.34226989746094,2024267
2024-07-17,146.6699981689453,148.22030639648438,146.24000549316406,147.0,145.66929626464844,2450335
2024-07-18,147.25,147.67999267578125,145.39500427246094,146.52000427246094,145.19361877441406,2415530
2024-07-19,145.97000122070312,146.0,140.08999633789062,140.1999969482422,138.9308319091797,4844732
2024-07-22,140.73500061035156,144.1999969482422,140.73500061035156,143.25,141.95321655273438,2890836
2024-07-23,142.02000427246094,142.57000732421875,140.66000366210938,141.99000549316406,140.70465087890625,2695017
2024-07-24,142.1199951171875,142.81500244140625,140.9499969482422,141.17999267578125,139.90196228027344,2313389
2024-07-25,142.38999938964844,143.14999389648438,141.44500732421875,141.8000030517578,140.516357421875,2536980
2024-07-26,141.6199951171875,145.49000549316406,141.6199951171875,145.17999267578125,143.86575317382812,2341330
2024-07-29,145.0,147.97999572753906,145.0,147.85000610351562,146.51161193847656,2880210
2024-07-30,148.2100067138672,150.90499877929688,147.8300018310547,149.1199951171875,147.7700958251953,4095981
2024-07-31,151.0,153.5050048828125,146.67999267578125,150.94000244140625,149.57363891601562,4475295
2024-08-01,150.72999572753906,150.9499969482422,146.5,148.39999389648438,147.05661010742188,2753613
2024-08-02,148.11000061035156,150.1300048828125,146.67999267578125,148.8300018310547,147.48272705078125,1823429
2024-08-05,146.69000244140625,148.0399932861328,144.14999389648438,145.5,144.182861328125,2741312
2024-08-06,146.13999938964844,148.27999877929688,145.13999938964844,145.72999572753906,144.41079711914062,1840595
2024-08-07,146.24000549316406,147.6300048828125,144.30999755859375,144.41000366210938,143.1027374267578,1624990
2024-08-08,145.24000549316406,147.16000366210938,144.7550048828125,147.02000427246094,145.68910217285156,1457444
2024-08-09,147.0800018310547,147.22500610351562,145.14999389648438,146.60000610351562,145.27288818359375,2640924
2024-08-12,146.11000061035156,148.1999969482422,145.49000549316406,145.91000366210938,144.5891571044922,1794377
2024-08-13,146.35000610351562,147.4499969482422,145.72000122070312,146.89999389648438,145.57020568847656,1461678
2024-08-14,146.3800048828125,146.9459991455078,145.61000061035156,146.4600067138672,145.13418579101562,839081
2024-08-15,147.86000061035156,148.45989990234375,146.4503936767578,147.0399932861328,145.7089080810547,1373854
2024-08-16,146.35000610351562,148.7899932861328,145.74000549316406,148.36000061035156,147.01699829101562,1821574
2024-08-19,147.91000366210938,149.72000122070312,147.6199951171875,149.6699981689453,148.31512451171875,2258607
2024-08-20,149.64999389648438,149.6999969482422,148.3000030517578,149.0500030517578,147.70074462890625,1137323
2024-08-21,149.10000610351562,149.97999572753906,148.8699951171875,149.75,148.3944091796875,1323998
2024-08-22,149.1199951171875,150.05999755859375,146.72999572753906,147.1300048828125,145.79812622070312,1424888
2024-08-23,148.50999450683594,148.50999450683594,146.14999389648438,147.6199951171875,146.28366088867188,1477500
2024-08-26,147.67999267578125,149.47999572753906,147.47999572753906,148.55999755859375,147.2151641845703,1439948
2024-08-27,148.69000244140625,149.6999969482422,148.3800048828125,149.2050018310547,147.85433959960938,1395836
2024-08-28,149.32000732421875,150.1699981689453,148.8000030517578,149.32000732421875,148.15695190429688,1297510
2024-08-29,150.07000732421875,151.39999389648438,149.3800048828125,150.25,149.0797119140625,1601185
2024-08-30,150.25,152.07000732421875,149.68499755859375,151.82000732421875,150.63748168945312,2315554
2024-09-03,151.6999969482422,151.6999969482422,145.6300048828125,146.22999572753906,145.09100341796875,1798726
2024-09-04,146.22999572753906,148.10000610351562,146.1199951171875,147.0800018310547,145.9344024658203,1422405
2024-09-05,146.41000366210938,146.77000427246094,144.8699951171875,145.91000366210938,144.7735137939453,1971802
2024-09-06,145.91000366210938,147.34500122070312,143.35000610351562,144.00999450683594,142.8883056640625,1785738
2024-09-09,144.8300018310547,145.33999633789062,143.75,144.3000030517578,143.17604064941406,1623118
2024-09-10,144.44000244140625,145.16000366210938,143.11000061035156,143.8000030517578,142.679931640625,1205649
2024-09-11,144.0399932861328,144.13999938964844,140.8249969482422,143.6999969482422,142.5807342529297,1803503
2024-09-12,144.25,145.1300048828125,143.13999938964844,144.75,143.62254333496094,1207084
2024-09-13,145.22000122070312,146.44400024414062,144.52000427246094,145.8300018310547,144.6941375732422,1449061
2024-09-16,146.8300018310547,147.67999267578125,144.9499969482422,146.52000427246094,145.37875366210938,1916772
2024-09-17,147.0,147.72000122070312,142.00999450683594,142.58999633789062,141.47935485839844,3384383
2024-09-18,142.97999572753906,143.30999755859375,140.02000427246094,140.4499969482422,139.3560333251953,3974598
2024-09-19,142.77000427246094,143.38999938964844,140.46499633789062,140.74000549316406,139.64378356933594,1866829
2024-09-20,139.94000244140625,140.44000244140625,138.5800018310547,139.5500030517578,138.46307373046875,4582176
2024-09-23,140.5399932861328,141.38999938964844,139.52999877929688,141.07000732421875,139.97122192382812,2341642
2024-09-24,141.10000610351562,142.2100067138672,140.32000732421875,141.63999938964844,140.53677368164062,2644985
2024-09-25,141.7899932861328,142.2100067138672,140.9949951171875,141.47999572753906,140.37799072265625,1512674
2024-09-26,142.5399932861328,143.67999267578125,142.36000061035156,143.61000061035156,142.49142456054688,1547057
2024-09-27,143.80999755859375,145.5800018310547,143.80999755859375,144.64999389648438,143.52333068847656,1603110
2024-09-30,144.82000732421875,145.0,142.80999755859375,143.44000244140625,142.32273864746094,1451183
2024-10-01,143.24000549316406,143.6199951171875,140.9499969482422,142.25,141.1420135498047,1503355
2024-10-02,141.94000244140625,143.52499389648438,141.82000732421875,143.1999969482422,142.0845947265625,1277200
2024-10-03,142.16000366210938,142.7899932861328,140.40499877929688,140.69000244140625,139.5941619873047,1547179
2024-10-04,141.57000732421875,143.44000244140625,140.5500030517578,142.6999969482422,141.5885009765625,2132936
2024-10-07,142.44000244140625,143.66250610351562,141.55999755859375,142.89999389648438,141.78695678710938,1472326
2024-10-08,143.4600067138672,143.8800048828125,142.38999938964844,143.3300018310547,142.21360778808594,1076903
2024-10-09,143.75,144.85000610351562,143.36000061035156,143.74000549316406,142.62042236328125,1156602
2024-10-10,143.08999633789062,143.52999877929688,141.42250061035156,141.97000122070312,140.8641815185547,1423638
2024-10-11,142.52999877929688,143.9499969482422,142.22000122070312,143.24000549316406,142.1243133544922,1460568
2024-10-14,143.7899932861328,144.4600067138672,143.2449951171875,144.1699981689453,143.04705810546875,881263
2024-10-15,144.72000122070312,147.36000061035156,144.47000122070312,146.4199981689453,145.279541015625,1634958
2024-10-16,146.22000122070312,146.60499572753906,144.75,145.0399932861328,143.91029357910156,1283012
2024-10-17,145.32000732421875,146.3249969482422,143.77999877929688,144.1999969482422,143.0768280029297,1095991
2024-10-18,143.86000061035156,144.7100067138672,143.2100067138672,144.35000610351562,143.2256622314453,1557472
2024-10-21,144.1699981689453,145.81500244140625,142.6300048828125,145.7100067138672,144.5750732421875,1288941
2024-10-22,145.14999389648438,146.47000122070312,144.55999755859375,145.72000122070312,144.5850067138672,1461384
2024-10-23,145.74000549316406,146.13999938964844,143.99000549316406,144.86000061035156,143.731689453125,1652424
2024-10-24,145.89999389648438,146.55999755859375,144.7949981689453,145.02999877929688,143.90036010742188,1492485
2024-10-25,145.82000732421875,147.52000427246094,145.0800018310547,145.1999969482422,144.0690460205078,1225717
2024-10-28,146.08999633789062,146.8800048828125,143.17999267578125,144.17999267578125,143.05699157714844,2059111
2024-10-29,144.13999938964844,146.25999450683594,144.09500122070312,145.6199951171875,144.48574829101562,2703361
2024-10-30,147.47999572753906,151.33999633789062,144.67999267578125,149.13999938964844,147.97836303710938,3600584
2024-10-31,148.30999755859375,151.5850067138672,147.58999633789062,150.85000610351562,149.67503356933594,2645877
2024-11-01,150.8300018310547,152.4600067138672,149.13999938964844,151.25999450683594,150.08184814453125,1954157
2024-11-04,152.16000366210938,153.08999633789062,150.39999389648438,152.88999938964844,151.69915771484375,1975349
2024-11-05,152.72999572753906,155.5500030517578,151.8350067138672,155.5,154.288818359375,2337984
2024-11-06,157.77000427246094,159.33999633789062,156.7100067138672,157.9600067138672,156.72967529296875,2289453
2024-11-07,158.4499969482422,160.3090057373047,157.24000549316406,160.0,158.75375366210938,1705152
2024-11-08,160.0,160.0,157.3800048828125,157.91000366210938,156.68006896972656,1391991
2024-11-11,157.8300018310547,159.7100067138672,157.54229736328125,159.38999938964844,158.14849853515625,1239372
2024-11-12,159.38999938964844,163.0,158.4149932861328,162.8699951171875,161.6013946533203,2807885
2024-11-13,161.7899932861328,162.8800048828125,161.4700927734375,162.72000122070312,161.45257568359375,2320411
2024-11-14,162.7100067138672,164.4199981689453,162.52000427246094,164.1199951171875,162.8416748046875,1625357
2024-11-15,163.3000030517578,163.6934051513672,161.25999450683594,161.36000061035156,160.10317993164062,2036594
2024-11-18,160.0,164.4499969482422,159.3800048828125,164.00999450683594,162.73251342773438,1926010
2024-11-19,162.3699951171875,166.39999389648438,162.05499267578125,166.1300048828125,164.8360137939453,2170267
2024-11-20,166.1699981689453,167.50999450683594,165.19000244140625,166.7100067138672,165.4114990234375,2056353
2024-11-21,167.24000549316406,168.06500244140625,165.5,167.97000122070312,166.6616668701172,1186420
2024-11-22,168.4600067138672,168.5,164.47000122070312,166.6699981689453,165.37179565429688,1638060
2024-11-25,167.0800018310547,167.9499969482422,163.5500030517578,164.13999938964844,162.8614959716797,2813161
2024-11-26,164.80999755859375,166.30999755859375,163.72000122070312,165.02000427246094,163.73468017578125,1859568
2024-11-27,163.9199981689453,164.50999450683594,162.82000732421875,163.10000610351562,162.0161590576172,1260240
2024-11-29,162.8000030517578,164.22000122070312,162.3699951171875,163.6699981689453,162.58236694335938,1624185
2024-12-02,164.4499969482422,166.1999969482422,163.38499450683594,165.9600067138672,164.857177734375,1833636
2024-12-03,165.25999450683594,167.8699951171875,164.8800048828125,167.6999969482422,166.5855712890625,1821453
2024-12-04,168.08999633789062,168.08999633789062,166.92999267578125,167.4199981689453,166.30746459960938,1581456
2024-12-05,165.19000244140625,167.08999633789062,165.0,165.6199951171875,164.5194091796875,1811069
2024-12-06,165.82000732421875,167.35000610351562,165.375,167.00999450683594,165.90017700195312,1651793
2024-12-09,166.9499969482422,167.7104034423828,165.38999938964844,165.61000061035156,164.5094757080078,1098816
2024-12-10,164.47999572753906,166.72999572753906,164.1009979248047,165.3000030517578,164.2015380859375,1699375
2024-12-11,165.3000030517578,166.16000366210938,162.27000427246094,163.9199981689453,162.83070373535156,2709745
2024-12-12,163.86000061035156,164.60499572753906,162.5,162.58999633789062,161.50953674316406,2600434
2024-12-13,161.72000122070312,162.17999267578125,156.67999267578125,157.6199951171875,156.57257080078125,2820875
2024-12-16,158.02000427246094,158.02000427246094,155.14999389648438,156.39999389648438,155.36068725585938,3812308
2024-12-17,155.77999877929688,156.98399353027344,154.47000122070312,154.7899932861328,153.76136779785156,3093504
2024-12-18,153.00999450683594,153.89999389648438,149.3800048828125,149.9199981689453,148.9237518310547,3617152
2024-12-19,150.1199951171875,151.39999389648438,147.8000030517578,147.88999938964844,146.9072265625,2461857
2024-12-20,147.0800018310547,149.66000366210938,146.6999969482422,147.8000030517578,146.81785583496094,4055538
2024-12-23,147.6199951171875,147.6199951171875,146.5,147.3000030517578,146.32118225097656,1708657
2024-12-24,147.41000366210938,149.64999389648438,147.01010131835938,149.17999267578125,148.1886444091797,778560
2024-12-26,148.33999633789062,149.49000549316406,147.9499969482422,149.07000732421875,148.0793914794922,883363
2024-12-27,148.4600067138672,148.85000610351562,147.02999877929688,148.1199951171875,147.1356964111328,1023480
2024-12-30,147.14999389648438,147.49000549316406,145.05999755859375,146.5399932861328,145.5662078857422,1153048
2024-12-31,146.27000427246094,147.10000610351562,145.72999572753906,146.3000030517578,145.32781982421875,918421
2025-01-02,147.57000732421875,147.75,145.30999755859375,145.89999389648438,144.93043518066406,1076011
2025-01-03,146.6699981689453,147.76199340820312,145.5800018310547,146.2899932861328,145.31785583496094,1110838
2025-01-06,145.55999755859375,146.25,144.60000610351562,145.25,144.28475952148438,1679411
2025-01-07,144.66000366210938,147.3000030517578,144.43499755859375,144.6699981689453,143.7086181640625,1907121
2025-01-08,144.61000061035156,144.8699951171875,142.4600067138672,144.1999969482422,143.2417449951172,2324093
2025-01-10,142.75999450683594,142.81500244140625,140.4550018310547,140.85000610351562,139.91403198242188,2296074
2025-01-13,140.14999389648438,142.5749969482422,140.10000610351562,141.9600067138672,141.01666259765625,2076600
2025-01-14,142.0,142.74000549316406,140.6199951171875,141.75,140.8080596923828,2432199
2025-01-15,143.4499969482422,143.9499969482422,141.0800018310547,142.1300048828125,141.1855010986328,2619783
2025-01-16,142.0,142.5850067138672,140.5,141.39999389648438,140.46034240722656,2137234
2025-01-17,143.47000122070312,143.72999572753906,141.75999450683594,142.0,141.05636596679688,4006094
2025-01-21,142.3800048828125,143.49000549316406,141.02999877929688,143.27999877929688,142.32786560058594,3160753
2025-01-22,143.1699981689453,144.0500030517578,142.21400451660156,142.35000610351562,141.40406799316406,3108366
2025-01-23,117.5,122.80000305175781,115.44999694824219,118.58000183105469,117.7920150756836,17146934
2025-01-24,118.58000183105469,118.58000183105469,115.20999908447266,116.55999755859375,115.7854232788086,9249693
2025-01-27,115.5999984741211,118.80000305175781,115.43000030517578,117.91000366210938,117.12646484375,5964867
2025-01-28,117.5,117.58499908447266,115.36000061035156,116.52999877929688,115.75562286376953,4100151
2025-01-29,115.9800033569336,118.0,115.30000305175781,117.0999984741211,116.32183837890625,4316933
2025-01-30,117.74500274658203,118.83000183105469,116.29000091552734,118.68000030517578,117.89134216308594,4402731
2025-01-31,121.77999877929688,124.76000213623047,120.86499786376953,122.91000366210938,122.0932388305664,6590054
2025-02-03,121.76000213623047,123.4800033569336,120.57610321044922,122.91000366210938,122.0932388305664,4725427
2025-02-04,123.06999969482422,123.23999786376953,120.22000122070312,121.25,120.44426727294922,7156613
2025-02-05,127.04000091552734,130.63499450683594,125.94999694824219,130.47000122070312,129.6029815673828,8251091
2025-02-06,130.5399932861328,132.27000427246094,128.74000549316406,132.0,131.12281799316406,5504690
2025-02-07,131.74000549316406,131.74000549316406,127.23999786376953,128.60000610351562,127.74543762207031,4906387
2025-02-10,129.74000549316406,132.47000122070312,129.63999938964844,132.08999633789062,131.21221923828125,4013851
2025-02-11,130.77000427246094,134.5399932861328,130.77000427246094,133.35000610351562,132.46385192871094,3200679
2025-02-12,131.80999755859375,133.7100067138672,130.89999389648438,131.1699981689453,130.29833984375,3070963
2025-02-13,130.44000244140625,131.55999755859375,128.42999267578125,129.82000732421875,128.95730590820312,3087695
2025-02-14,129.74000549316406,130.75999450683594,129.0399932861328,129.39999389648438,128.54010009765625,2319650
2025-02-18,128.77999877929688,130.0399932861328,128.0800018310547,128.35000610351562,127.4970932006836,3763858
2025-02-19,129.07000732421875,130.63999938964844,128.41000366210938,129.33999633789062,128.48049926757812,3559427
2025-02-20,129.5800018310547,131.1300048828125,129.2902069091797,129.99000549316406,129.12619018554688,3815984
2025-02-21,130.11000061035156,131.81500244140625,129.78500366210938,130.9499969482422,130.0797882080078,4866562
2025-02-24,131.1300048828125,134.64999389648438,130.77000427246094,134.0500030517578,133.1592254638672,8240015
2025-02-25,133.4199981689453,134.1199951171875,131.35000610351562,131.72999572753906,130.85462951660156,5261328
2025-02-26,131.4499969482422,133.4499969482422,131.0800018310547,131.19000244140625,130.50645446777344,3117057
2025-02-27,130.88999938964844,132.0399932861328,130.0800018310547,130.4600067138672,129.78025817871094,4844224
2025-02-28,131.69000244140625,131.7100067138672,128.02000427246094,129.1199951171875,128.4472198486328,6204168
2025-03-03,130.3800048828125,131.60000610351562,128.8699951171875,129.22999572753906,128.55665588378906,5209536
2025-03-04,129.52000427246094,133.35000610351562,129.235595703125,131.82000732421875,131.1331787109375,4291118
2025-03-05,131.59500122070312,134.50999450683594,131.30999755859375,134.0500030517578,133.3515625,5218053
2025-03-06,133.64999389648438,137.52999877929688,133.3699951171875,136.7899932861328,136.0772705078125,3677066
2025-03-07,136.19000244140625,140.4199981689453,136.0,140.0399932861328,139.31033325195312,3356884
2025-03-10,139.75,142.96499633789062,139.22000122070312,140.42999267578125,139.6982879638672,5440876
2025-03-11,140.89999389648438,140.89999389648438,136.89999389648438,137.8800048828125,137.16159057617188,3837188
2025-03-12,137.0,138.14999389648438,135.72999572753906,136.1199951171875,135.41075134277344,3177628
2025-03-13,135.7899932861328,138.25999450683594,135.22999572753906,137.72000122070312,137.00242614746094,3165084
2025-03-14,138.14999389648438,139.22999572753906,137.8699951171875,138.7100067138672,137.98727416992188,3065526
2025-03-17,138.97999572753906,143.3699951171875,138.60000610351562,142.89999389648438,142.1554412841797,4510615
2025-03-18,142.1199951171875,143.42999267578125,141.5399932861328,141.8699951171875,141.1307830810547,2728454
2025-03-19,142.02000427246094,142.72999572753906,141.5800018310547,141.97000122070312,141.2302703857422,2527727
2025-03-20,141.41000366210938,143.6999969482422,141.18499755859375,143.25,142.50360107421875,2883672
2025-03-21,142.27000427246094,145.22000122070312,142.0,144.3000030517578,143.5481414794922,9254820
2025-03-24,145.77999877929688,145.8699951171875,143.57000732421875,144.5500030517578,143.79684448242188,2848103
2025-03-25,145.27999877929688,146.4499969482422,143.77000427246094,144.5,143.7471160888672,2382114
2025-03-26,144.8800048828125,146.36000061035156,144.5749969482422,145.19000244140625,144.43348693847656,2219176
2025-03-27,145.0,146.41000366210938,144.39999389648438,145.3000030517578,144.5429229736328,2333030
2025-03-28,145.11000061035156,145.74000549316406,144.10499572753906,144.25,143.49839782714844,2423564
2025-03-31,144.1199951171875,144.67999267578125,143.02999877929688,144.52000427246094,143.76699829101562,4213627
2025-04-01,145.0,145.8300018310547,144.25999450683594,145.6699981689453,144.91099548339844,2278764
2025-04-02,145.0,145.60000610351562,143.3000030517578,144.8699951171875,144.1151580810547,2022235
2025-04-03,143.72999572753906,147.10000610351562,143.33999633789062,144.85000610351562,144.09527587890625,4330657
2025-04-04,143.10000610351562,144.68499755859375,135.02999877929688,135.33999633789062,134.6348114013672,4711879
2025-04-07,132.9600067138672,136.75,131.14999389648438,134.6199951171875,133.91856384277344,5825148
2025-04-08,135.25999450683594,136.8300018310547,131.16000366210938,132.52999877929688,131.83946228027344,3425728
2025-04-09,131.83999633789062,140.58639526367188,131.80999755859375,136.5800018310547,135.8683624267578,5410138
2025-04-10,136.1699981689453,141.2949981689453,135.42999267578125,139.38999938964844,138.6637420654297,3840929
2025-04-11,139.38999938964844,143.44000244140625,137.93499755859375,142.92999267578125,142.18527221679688,3116908
2025-04-14,143.16000366210938,146.2100067138672,142.50599670410156,145.5,144.7418975830078,2600586
2025-04-15,145.66000366210938,146.2899932861328,144.49000549316406,145.61000061035156,144.851318359375,2277480
2025-04-16,145.49000549316406,145.77999877929688,142.69000244140625,142.97000122070312,142.22506713867188,2215855
2025-04-17,143.27000427246094,146.08999633789062,142.97000122070312,145.61000061035156,144.851318359375,1761862
2025-04-21,145.02000427246094,145.02000427246094,141.0399932861328,141.92999267578125,141.1905059814453,2712343
2025-04-22,144.10000610351562,146.7550048828125,143.3800048828125,145.8699951171875,145.10995483398438,2361100
2025-04-23,146.08999633789062,146.47000122070312,142.8300018310547,143.72999572753906,142.98110961914062,2412022
2025-04-24,144.8000030517578,146.6199951171875,143.3699951171875,146.19000244140625,145.42828369140625,2274743
2025-04-25,146.57000732421875,147.25,145.4199981689453,146.60000610351562,145.83615112304688,1836660
2025-04-28,146.6699981689453,147.44000244140625,145.49000549316406,146.72000122070312,145.95553588867188,2761820
2025-04-29,146.1199951171875,147.13499450683594,145.6199951171875,145.97000122070312,145.20944213867188,2233528
2025-04-30,145.49000549316406,146.0500030517578,143.4499969482422,145.08999633789062,144.33401489257812,2802044
2025-05-01,145.17999267578125,146.92999267578125,143.97999572753906,145.10000610351562,144.343994140625,3328770
2025-05-02,149.0,154.9149932861328,147.85000610351562,151.10000610351562,150.31271362304688,5109195
2025-05-05,151.3300018310547,155.33999633789062,150.72000122070312,154.74000549316406,153.9337615966797,4308783
2025-05-06,152.84500122070312,155.77000427246094,152.25999450683594,154.5399932861328,153.73477172851562,3011753
2025-05-07,158.0050048828125,160.70370483398438,153.67160034179688,155.5,154.68980407714844,5444708
2025-05-08,155.8699951171875,156.6999969482422,153.1999969482422,155.66000366210938,154.8489532470703,3982804
2025-05-09,155.6699981689453,156.1999969482422,153.07000732421875,153.3000030517578,152.5012664794922,2921878
2025-05-12,153.33999633789062,153.8000030517578,148.38999938964844,149.27000427246094,148.49224853515625,3736226
2025-05-13,148.22999572753906,150.36500549316406,148.22999572753906,149.05999755859375,148.28334045410156,3582884
2025-05-14,148.07000732421875,148.9600067138672,146.52999877929688,147.22999572753906,146.46287536621094,2759480
2025-05-15,147.74000549316406,150.6199951171875,147.6300048828125,149.57000732421875,148.79067993164062,3711161
2025-05-16,149.7899932861328,151.72999572753906,149.1999969482422,151.5399932861328,150.75039672851562,3934769
2025-05-19,149.6999969482422,152.2050018310547,149.0399932861328,150.47999572753906,149.69593811035156,4010139
2025-05-20,150.6199951171875,151.94000244140625,149.97000122070312,151.9199981689453,151.12843322753906,2172108
2025-05-21,150.72000122070312,151.52000427246094,150.30999755859375,150.5,149.71583557128906,2880389
2025-05-22,151.16000366210938,151.41000366210938,146.47000122070312,146.6300048828125,145.86599731445312,4574625
2025-05-23,146.8699951171875,147.9250030517578,146.4600067138672,146.88999938964844,146.12464904785156,2108705
2025-05-27,147.5399932861328,147.94000244140625,146.23500061035156,146.91000366210938,146.14454650878906,4489658
2025-05-28,146.9600067138672,147.85000610351562,146.38999938964844,146.8800048828125,146.30392456054688,2280566
2025-05-29,146.8800048828125,147.10499572753906,141.19000244140625,142.83999633789062,142.27975463867188,3517092
2025-05-30,143.19000244140625,144.07000732421875,141.61000061035156,143.77999877929688,143.216064453125,5555324
2025-06-02,143.61000061035156,146.1999969482422,143.50999450683594,145.8800048828125,145.30783081054688,3418176
2025-06-03,145.22999572753906,146.27000427246094,144.66709899902344,146.24000549316406,145.66641235351562,2863817
2025-06-04,146.05999755859375,148.9499969482422,145.7301025390625,148.4600067138672,147.8777313232422,2928015
2025-06-05,148.89999389648438,148.97000122070312,146.8699951171875,147.8800048828125,147.3000030517578,2610254
2025-06-06,148.1699981689453,150.9199981689453,148.0,149.57000732421875,148.98336791992188,2783787
2025-06-09,149.00999450683594,149.44000244140625,146.02499389648438,146.9199981689453,146.34375,3042708
2025-06-10,147.0500030517578,148.0,145.6999969482422,147.16000366210938,146.5828094482422,4231274
2025-06-11,147.0,147.7100067138672,145.5449981689453,147.67999267578125,147.1007537841797,1749588
2025-06-12,147.6300048828125,150.0800018310547,147.3300018310547,150.0500030517578,149.4615020751953,1926340
2025-06-13,149.0500030517578,150.3000030517578,148.2899932861328,148.47999572753906,147.8976287841797,1703905
2025-06-16,148.69000244140625,151.17999267578125,147.7899932861328,151.10000610351562,150.5073699951172,2621764
2025-06-17,151.0399932861328,151.07000732421875,149.52000427246094,150.3300018310547,149.74037170410156,2251424
2025-06-18,150.8000030517578,153.42999267578125,150.36000061035156,151.0,150.4077606201172,3226976
2025-06-20,151.75,152.6300048828125,149.91000366210938,150.55999755859375,149.96946716308594,6574609
2025-06-23,150.94000244140625,154.47000122070312,150.1300048828125,154.41000366210938,153.80438232421875,2752016
2025-06-24,156.6300048828125,158.11000061035156,155.3300018310547,157.9499969482422,157.3304901123047,3882999
2025-06-25,158.22999572753906,159.0500030517578,157.39999389648438,157.82000732421875,157.2010040283203,2239181
2025-06-26,157.74000549316406,158.13999938964844,156.94000244140625,157.72999572753906,157.11135864257812,1455475
2025-06-27,157.69000244140625,158.58999633789062,157.02000427246094,157.74000549316406,157.12132263183594,2316535
2025-06-30,157.74000549316406,159.91000366210938,156.86000061035156,159.6999969482422,159.07362365722656,2698481
2025-07-01,159.52999877929688,160.98500061035156,158.55999755859375,159.05999755859375,158.43612670898438,3285442
2025-07-02,158.41000366210938,159.10000610351562,156.75999450683594,157.02999877929688,156.41409301757812,2901521
2025-07-03,157.36000061035156,157.98989868164062,153.6300048828125,155.3699951171875,154.7606201171875,1321185
2025-07-07,155.72000122070312,156.15499877929688,153.3300018310547,153.52999877929688,152.9278106689453,2502828
2025-07-08,153.3800048828125,154.0771026611328,152.35000610351562,152.63999938964844,152.0413055419922,1710458
2025-07-09,153.11000061035156,153.11000061035156,151.30999755859375,152.67999267578125,152.08116149902344,1845138
2025-07-10,151.8800048828125,152.91000366210938,150.9199981689453,151.3000030517578,150.70655822753906,1613126
2025-07-11,151.13999938964844,151.3350067138672,148.3699951171875,148.69000244140625,148.10682678222656,1840444
2025-07-14,149.10000610351562,150.2899932861328,148.00999450683594,148.8300018310547,148.2462615966797,2857100
2025-07-15,148.60000610351562,149.25999450683594,146.97000122070312,148.74000549316406,148.15664672851562,2075983
2025-07-16,147.8300018310547,150.08999633789062,147.8300018310547,149.35000610351562,148.76422119140625,1889635
2025-07-17,149.0,150.33999633789062,148.55999755859375,149.8300018310547,149.24234008789062,1828454
2025-07-18,150.2899932861328,151.9199981689453,149.36000061035156,150.11000061035156,149.52125549316406,3850801
2025-07-21,150.3000030517578,153.58999633789062,149.78500366210938,153.38999938964844,152.7883758544922,2758440
2025-07-22,154.8000030517578,158.64999389648438,154.4600067138672,157.02000427246094,156.40415954589844,3204556
2025-07-23,156.6199951171875,156.89999389648438,153.2899932861328,153.72999572753906,153.12704467773438,2586509
2025-07-24,152.88999938964844,153.97000122070312,152.0,152.63999938964844,152.0413055419922,2482517
2025-07-25,152.9600067138672,153.2100067138672,151.47999572753906,151.67999267578125,151.0850830078125,1450558
2025-07-28,151.0,152.8800048828125,150.97000122070312,151.99000549316406,151.39389038085938,2991350
2025-07-29,152.41000366210938,153.2899932861328,146.97000122070312,147.7899932861328,147.2103271484375,3172230
2025-07-30,151.89500427246094,159.36990356445312,150.8699951171875,156.25999450683594,155.64712524414062,6044480
2025-07-31,155.27999877929688,156.19000244140625,152.19500732421875,152.49000549316406,151.8919219970703,3640962
2025-08-01,152.75999450683594,157.75,151.5,157.0800018310547,156.4639129638672,4396992
2025-08-04,157.71499633789062,160.32000732421875,156.3699951171875,159.77000427246094,159.14337158203125,2745280
2025-08-05,161.6999969482422,161.88999938964844,159.10000610351562,160.99000549316406,160.3585662841797,2933262
2025-08-06,161.3000030517578,163.07000732421875,159.58999633789062,163.0,162.36070251464844,2597901
2025-08-07,164.25,164.34500122070312,161.14999389648438,162.75,162.11166381835938,2856554
2025-08-08,163.49000549316406,167.75999450683594,163.25,167.63999938964844,166.98248291015625,4591323
2025-08-11,170.56500244140625,176.6199951171875,170.10000610351562,176.11000061035156,175.4192657470703,6125187
2025-08-12,176.3000030517578,178.8000030517578,174.38999938964844,177.91000366210938,177.21221923828125,3792689
2025-08-13,177.7899932861328,179.83999633789062,177.0,178.39999389648438,177.7002716064453,3571362
2025-08-14,177.80999755859375,180.89999389648438,177.3800048828125,179.00999450683594,178.30789184570312,3751072
2025-08-15,179.1199951171875,179.1199951171875,172.94000244140625,174.6699981689453,173.9849090576172,3428841
2025-08-18,172.3300018310547,173.41000366210938,168.0800018310547,169.16000366210938,168.49652099609375,3600169
2025-08-19,168.66000366210938,171.08999633789062,167.44500732421875,170.67999267578125,170.0105438232422,2413522
2025-08-20,170.69000244140625,172.49000549316406,170.0,171.3300018310547,170.65802001953125,2289881
2025-08-21,170.7100067138672,171.75,170.02000427246094,171.5500030517578,170.87713623046875,1655959
2025-08-22,172.42999267578125,173.11000061035156,170.19000244140625,171.39999389648438,170.72772216796875,1707317
2025-08-25,171.61000061035156,173.5500030517578,170.99000549316406,172.75999450683594,172.0823974609375,1928758
2025-08-26,172.02999877929688,173.25,171.19000244140625,172.22999572753906,171.55447387695312,2594407
2025-08-27,172.61000061035156,173.71449279785156,171.72000122070312,172.60000610351562,172.1129150390625,2099966
2025-08-28,172.36000061035156,173.75,169.01010131835938,170.99000549316406,170.5074462890625,2628473
2025-08-29,171.22999572753906,172.5399932861328,170.6699981689453,171.9499969482422,171.46473693847656,2090029
2025-09-02,170.0,173.25999450683594,169.79750061035156,171.4499969482422,170.96615600585938,2359233
2025-09-03,170.9600067138672,171.9600067138672,167.5,167.86000061035156,167.3862762451172,2753096
2025-09-04,168.1699981689453,168.2899932861328,165.52999877929688,168.02999877929688,167.55580139160156,3410993
2025-09-05,168.83999633789062,169.32000732421875,166.77499389648438,168.6199951171875,168.14413452148438,2205558
2025-09-08,169.44000244140625,170.125,167.17999267578125,168.05999755859375,167.58570861816406,1691197
2025-09-09,168.32000732421875,168.32000732421875,165.9600067138672,166.0399932861328,165.5714111328125,2058823
2025-09-10,165.80999755859375,170.35000610351562,164.5,170.27000427246094,169.78948974609375,2832031
2025-09-11,171.08999633789062,171.27000427246094,168.52999877929688,169.88999938964844,169.41053771972656,2411062
2025-09-12,169.58999633789062,173.13999938964844,169.0,172.3800048828125,171.89352416992188,1996395
2025-09-15,171.52000427246094,172.6875,170.72999572753906,171.76499938964844,171.28025817871094,2042714
2025-09-16,171.92999267578125,175.55999755859375,171.00999450683594,172.0800018310547,171.59437561035156,3189333
2025-09-17,172.22000122070312,174.24000549316406,170.50999450683594,173.58999633789062,173.10009765625,1883700
2025-09-18,172.92999267578125,174.7899932861328,171.88009643554688,173.1699981689453,172.68128967285156,2354764
2025-09-19,172.85000610351562,174.69000244140625,171.19000244140625,173.08999633789062,172.6015167236328,8449842
2025-09-22,173.69000244140625,173.7899932861328,171.72000122070312,173.4199981689453,172.9305877685547,2842923
2025-09-23,173.61000061035156,175.25999450683594,173.22000122070312,174.07000732421875,173.57876586914062,2158910
2025-09-24,174.1199951171875,174.96209716796875,166.10000610351562,167.35000610351562,166.8777313232422,3099094
2025-09-25,168.1199951171875,169.1934051513672,167.7899932861328,168.32000732421875,167.84498596191406,1944289
2025-09-26,173.0,197.3300018310547,170.0800018310547,193.35000610351562,192.80435180664062,14485678
2025-09-29,203.4949951171875,203.75,201.72000122070312,202.0500030517578,201.47979736328125,22698539
2025-09-30,201.75,202.14999389648438,201.3000030517578,201.6999969482422,201.1307830810547,8930135
2025-10-01,201.52000427246094,202.30999755859375,201.39999389648438,201.6300048828125,201.06097412109375,3764653
2025-10-02,201.52000427246094,201.60000610351562,200.8000030517578,201.0,200.43275451660156,5497447
2025-10-03,200.91000366210938,201.25,200.5500030517578,200.69000244140625,200.12362670898438,3672125
2025-10-06,200.6699981689453,200.85000610351562,200.3800048828125,200.4600067138672,199.89427185058594,5540972
2025-10-07,200.39999389648438,200.60000610351562,200.0,200.02000427246094,199.45553588867188,3385236
2025-10-08,200.33999633789062,200.47999572753906,200.0,200.00999450683594,199.44552612304688,3883181
2025-10-09,200.0,200.2550048828125,199.80999755859375,200.0500030517578,199.48544311523438,3618268
2025-10-10,200.0399932861328,200.38999938964844,199.8000030517578,200.02000427246094,199.45553588867188,3524147
2025-10-13,200.0500030517578,200.6199951171875,200.0500030517578,200.2899932861328,199.72474670410156,2431568
2025-10-14,200.11000061035156,200.77999877929688,200.03500366210938,200.1999969482422,199.635009765625,3145850
2025-10-15,200.30999755859375,201.11000061035156,200.2899932861328,200.75,200.18345642089844,3807297
2025-10-16,200.75,201.14999389648438,200.2449951171875,200.35000610351562,199.7845916748047,2625790
2025-10-17,200.5399932861328,200.7449951171875,200.1300048828125,200.3000030517578,199.73472595214844,4512065
2025-10-20,200.5449981689453,200.7100067138672,200.39999389648438,200.58999633789062,200.02389526367188,2322808
2025-10-21,200.50999450683594,200.7050018310547,200.13999938964844,200.5500030517578,199.98402404785156,2619994
2025-10-22,200.4600067138672,200.8699951171875,200.30999755859375,200.75,200.18345642089844,3836583
2025-10-23,200.64999389648438,200.75999450683594,200.49000549316406,200.6199951171875,200.05381774902344,3357439
2025-10-24,200.66000366210938,200.89999389648438,200.52999877929688,200.83999633789062,200.27320861816406,3406108
2025-10-27,200.6300048828125,200.89999389648438,200.4499969482422,200.5,199.9341583251953,1939285
2025-10-28,200.61000061035156,200.6699981689453,200.25,200.3000030517578,199.73472595214844,3019130
2025-10-29,200.22000122070312,200.60000610351562,200.00999450683594,200.1999969482422,199.635009765625,2166734
2025-10-30,200.1999969482422,200.5800018310547,199.74000549316406,199.9199981689453,199.35580444335938,2144067
2025-10-31,200.0399932861328,200.4499969482422,200.0,200.05999755859375,199.49539184570312,2267258
2025-11-03,200.0500030517578,200.13999938964844,199.7550048828125,199.88999938964844,199.32589721679688,2618654
2025-11-04,200.16000366210938,200.80999755859375,199.80999755859375,200.77999877929688,200.21337890625,1772238
2025-11-05,200.52999877929688,200.9600067138672,200.39999389648438,200.74000549316406,200.17349243164062,1301623
2025-11-06,200.5500030517578,200.99000549316406,200.3000030517578,200.3800048828125,199.8144989013672,1953206
2025-11-07,200.57000732421875,200.7100067138672,200.3699951171875,200.60000610351562,200.0338897705078,1755971
2025-11-10,200.60000610351562,201.52999877929688,200.55999755859375,201.39999389648438,200.83160400390625,1623203
2025-11-11,201.44000244140625,202.0500030517578,201.13999938964844,201.92999267578125,201.360107421875,1717609
2025-11-12,201.6300048828125,202.22000122070312,201.13999938964844,202.0,201.429931640625,2634485
2025-11-13,201.8000030517578,202.10000610351562,201.3300018310547,201.33999633789062,200.77178955078125,1727883
2025-11-14,201.27999877929688,201.82000732421875,201.0500030517578,201.05999755859375,200.49256896972656,1767488
2025-11-17,201.4199981689453,201.5,200.7100067138672,200.77000427246094,200.20339965820312,2944424
2025-11-18,201.0,202.13999938964844,200.91000366210938,201.80999755859375,201.24046325683594,2394511
2025-11-19,201.3300018310547,202.1649932861328,201.3300018310547,201.5800018310547,201.0111083984375,2024769
2025-11-20,201.64999389648438,202.23500061035156,201.0500030517578,201.1199951171875,200.55242919921875,1823512
2025-11-21,201.3000030517578,201.5,200.5749969482422,200.69000244140625,200.12362670898438,3904708
2025-11-24,201.0,201.91000366210938,200.97500610351562,201.0500030517578,200.4826202392578,3114537
2025-11-25,201.3000030517578,201.95509338378906,201.24000549316406,201.66000366210938,201.0908966064453,1234267
2025-11-26,201.8800048828125,202.0399932861328,201.71890258789062,201.9199981689453,201.35015869140625,1627257
2025-11-28,201.86500549316406,202.2100067138672,201.75,202.02999877929688,201.4598388671875,896779
2025-12-01,201.99000549316406,202.86000061035156,201.6999969482422,202.6199951171875,202.04818725585938,3570226
2025-12-02,202.80999755859375,203.39999389648438,202.5399932861328,203.24000549316406,202.6664276123047,2288373
2025-12-03,202.92999267578125,203.39999389648438,202.8000030517578,203.2100067138672,202.8261260986328,1516973
2025-12-04,203.07000732421875,203.5800018310547,203.07000732421875,203.44000244140625,203.05569458007812,1625375
2025-12-05,203.32000732421875,204.00999450683594,203.32000732421875,203.9199981689453,203.53477478027344,1936731
2025-12-08,204.1300048828125,204.63999938964844,203.49000549316406,203.52999877929688,203.1455078125,1534664
2025-12-09,203.64999389648438,204.39999389648438,203.60000610351562,203.82000732421875,203.43496704101562,1886186
2025-12-10,203.69000244140625,203.8000030517578,203.50999450683594,203.50999450683594,203.1255645751953,2010119
2025-12-11,203.5500030517578,204.3000030517578,203.39999389648438,203.66000366210938,203.2752685546875,2393218
2025-12-12,203.8000030517578,203.9600067138672,203.52000427246094,203.72999572753906,203.3451385498047,2269883
2025-12-15,203.9199981689453,204.47999572753906,203.72000122070312,204.1999969482422,203.8142547607422,3225089
2025-12-16,204.14999389648438,204.3300018310547,204.0500030517578,204.1999969482422,203.8142547607422,1667816
2025-12-17,204.14999389648438,204.27999877929688,203.49000549316406,203.6300048828125,203.24533081054688,1964660
2025-12-18,203.8000030517578,204.17990112304688,203.8000030517578,203.89999389648438,203.5148162841797,1467396
2025-12-19,203.5800018310547,204.5,203.00999450683594,203.9199981689453,203.53477478027344,5760577
2025-12-22,204.19000244140625,204.1999969482422,203.75,203.7899932861328,203.40501403808594,1194226
2025-12-23,203.8699951171875,204.3800048828125,203.7899932861328,204.27000427246094,203.88414001464844,1450244
2025-12-24,204.24000549316406,204.83999633789062,204.24000549316406,204.77999877929688,204.39315795898438,469489
2025-12-26,204.5800018310547,204.8000030517578,204.3800048828125,204.7899932861328,204.4031219482422,474397
2025-12-29,204.4600067138672,204.75999450683594,204.25999450683594,204.27000427246094,203.88414001464844,1388286
2025-12-30,204.3000030517578,204.50999450683594,204.27000427246094,204.35000610351562,203.9639892578125,760794
2025-12-31,204.35000610351562,204.88499450683594,204.25,204.3300018310547,203.9440155029297,1404090
2026-01-02,204.39999389648438,204.72000122070312,204.25999450683594,204.41000366210938,204.02386474609375,1944230
2026-01-05,204.47999572753906,204.55999755859375,204.2899932861328,204.36000061035156,203.9739532470703,1975078
2026-01-06,204.36000061035156,204.67999267578125,204.25,204.27999877929688,203.89410400390625,1551284
2026-01-07,204.25999450683594,204.50999450683594,204.25999450683594,204.5,204.11367797851562,1917735
2026-01-08,204.3300018310547,204.4499969482422,204.1999969482422,204.22000122070312,203.834228515625,1548136
2026-01-09,204.25,204.27999877929688,204.10000610351562,204.10000610351562,203.71444702148438,1251774
2026-01-12,204.10000610351562,204.39999389648438,204.0500030517578,204.25,203.86416625976562,2744610
2026-01-13,204.25,204.60000610351562,204.25,204.3300018310547,203.9440155029297,2179545
2026-01-14,204.27999877929688,204.3699951171875,204.19000244140625,204.1999969482422,203.8142547607422,1261174
2026-01-15,204.3000030517578,204.3699951171875,204.125,204.14999389648438,203.76434326171875,1214827
2026-01-16,204.17999267578125,204.33999633789062,204.14999389648438,204.25,203.86416625976562,2067882
2026-01-20,204.08999633789062,204.1999969482422,203.6999969482422,204.0,203.6146240234375,2599915
2026-01-21,203.91000366210938,204.3000030517578,203.85000610351562,204.14999389648438,203.76434326171875,1446172
2026-01-22,204.14999389648438,204.47999572753906,203.85000610351562,204.3800048828125,203.99392700195312,1935355
2026-01-23,204.22999572753906,204.27000427246094,203.88999938964844,204.0,203.6146240234375,1644702
2026-01-26,204.30999755859375,204.5,203.89999389648438,204.39999389648438,204.01388549804688,1991778
2026-01-27,204.17999267578125,204.4199981689453,204.11000061035156,204.3699951171875,203.98391723632812,1283190
2026-01-28,204.1999969482422,204.42999267578125,203.82000732421875,203.94000244140625,203.55474853515625,1754255
2026-01-29,203.94000244140625,204.0399932861328,203.6199951171875,203.9499969482422,203.56471252441406,2661672
2026-01-30,203.72000122070312,203.9949951171875,203.0500030517578,203.9199981689453,203.53477478027344,4233663
2026-02-02,203.80999755859375,204.14999389648438,203.5500030517578,203.60000610351562,203.21539306640625,2064507
2026-02-03,203.8300018310547,203.85000610351562,201.3000030517578,201.38999938964844,201.0095672607422,6727161
2026-02-04,201.52000427246094,201.55999755859375,196.39999389648438,196.83999633789062,196.46815490722656,11261025
2026-02-05,196.75,199.72999572753906,196.41000366210938,197.92999267578125,197.55609130859375,4006807
2026-02-06,199.39999389648438,200.25,197.94000244140625,200.0,199.6221923828125,3744261
2026-02-09,200.00999450683594,202.02000427246094,199.89999389648438,200.8699951171875,200.49053955078125,4441480
2026-02-10,202.16000366210938,203.35000610351562,201.17999267578125,202.5800018310547,202.1973114013672,2839645
2026-02-11,202.55999755859375,202.8000030517578,201.2899932861328,202.24000549316406,201.8579559326172,2806067
2026-02-12,202.5,202.78250122070312,200.1999969482422,200.4600067138672,200.08131408691406,4249740
2026-02-13,200.0,201.0800018310547,199.97999572753906,200.6199951171875,200.2410125732422,2124569
2026-02-17,200.6300048828125,200.75,199.1199951171875,199.52999877929688,199.153076171875,3742422
2026-02-18,199.41000366210938,200.74000549316406,199.27000427246094,200.22999572753906,199.8517608642578,1905140
2026-02-19,199.97999572753906,200.13999938964844,199.41000366210938,199.8800048828125,199.50241088867188,1310309
2026-02-20,199.6999969482422,200.60000610351562,199.5749969482422,200.39999389648438,200.02142333984375,2255141
2026-02-23,200.5,201.0,200.0399932861328,200.47999572753906,200.1012725830078,1874
2026-02-24,200.47999572753906,201.2100067138672,200.1199951171875,201.0,200.62030029296875,1874
2026-02-25,200.80999755859375,201.99000549316406,200.80999755859375,201.97999572753906,201.7891845703125,1750335
2026-02-26,201.8300018310547,202.0,200.88499450683594,201.07000732421875,200.88006591796875,1516863
2026-02-27,200.69000244140625,201.27999877929688,200.2100067138672,200.57000732421875,200.3805389404297,2618784
2026-03-02,200.25,201.5,200.2100067138672,201.05999755859375,200.87005615234375,2009830
2026-03-03,200.50999450683594,201.44000244140625,200.35000610351562,201.22000122070312,201.0299072265625,2228624
2026-03-04,201.1300048828125,201.86500549316406,200.61000061035156,201.72999572753906,201.5394287109375,2061049
2026-03-05,201.02000427246094,201.39999389648438,200.61000061035156,200.75999450683594,200.57034301757812,1942222
2026-03-06,198.16000366210938,198.8000030517578,197.46820068359375,198.0,197.81295776367188,4944760
2026-03-09,197.85000610351562,199.9600067138672,197.00999450683594,199.27000427246094,199.08175659179688,1874
2026-03-10,199.0,200.55999755859375,198.26229858398438,200.07000732421875,199.88101196289062,2261656
2026-03-11,200.07000732421875,200.61000061035156,198.52999877929688,199.9199981689453,199.73114013671875,3607197
2026-03-12,199.5500030517578,199.9199981689453,199.0500030517578,199.0800018310547,198.89193725585938,1772212
2026-03-13,199.97999572753906,199.97999572753906,198.77000427246094,199.24000549316406,199.05178833007812,1385743
2026-03-16,199.7100067138672,200.38999938964844,199.50999450683594,200.2100067138672,200.0208740234375,1840702
2026-03-17,200.0500030517578,200.88999938964844,199.8800048828125,200.1300048828125,199.94094848632812,1377481
2026-03-18,200.27000427246094,201.0,200.15499877929688,200.61000061035156,200.4204864501953,2118915
2026-03-19,200.6300048828125,200.82000732421875,200.00999450683594,200.69000244140625,200.5004119873047,1629740
2026-03-20,200.5,200.97500610351562,200.2100067138672,200.50999450683594,200.32057189941406,5139417
2026-03-23,201.05999755859375,201.39999389648438,200.6300048828125,201.1300048828125,200.94000244140625,2886911
2026-03-24,201.14999389648438,201.75,200.9600067138672,201.6199951171875,201.42953491210938,1976777
2026-03-25,201.58999633789062,202.4600067138672,201.5,202.33999633789062,202.1488494873047,2279283
2026-03-26,202.24000549316406,202.6199951171875,201.77000427246094,201.91000366210938,201.71926879882812,2864877
2026-03-27,201.69000244140625,202.1300048828125,201.3000030517578,202.00999450683594,201.8191680908203,2001786
2026-03-30,202.5,202.8300018310547,202.19000244140625,202.57000732421875,202.37864685058594,1576707
2026-03-31,202.8000030517578,203.89999389648438,202.61000061035156,203.8699951171875,203.67739868164062,3506127
2026-04-01,203.35000610351562,204.1999969482422,202.9149932861328,203.5800018310547,203.38768005371094,2179657
2026-04-02,202.99000549316406,203.63999938964844,202.99000549316406,203.60000610351562,203.4076690673828,872673
2026-04-06,203.4600067138672,204.17999267578125,203.32000732421875,204.16000366210938,203.96713256835938,960984
2026-04-07,203.77999877929688,204.0,203.6300048828125,203.9499969482422,203.75732421875,1265840
2026-04-08,203.6999969482422,204.22000122070312,203.6999969482422,203.99000549316406,203.79730224609375,2123574
2026-04-09,203.89999389648438,203.94000244140625,202.13999938964844,202.1999969482422,202.0089874267578,2371041
2026-04-10,202.35000610351562,202.91549682617188,202.0500030517578,202.74000549316406,202.54847717285156,1542409
2026-04-13,202.72999572753906,202.85000610351562,202.1199951171875,202.55999755859375,202.36863708496094,1367438
2026-04-14,202.39999389648438,203.52000427246094,202.38999938964844,202.85000610351562,202.65838623046875,1344986
2026-04-15,203.25,203.52999877929688,202.77000427246094,203.24000549316406,203.04800415039062,2134720
2026-04-16,203.52999877929688,203.64999389648438,203.0800018310547,203.3699951171875,203.17787170410156,1558186
2026-04-17,203.8300018310547,203.9199981689453,203.4949951171875,203.8300018310547,203.637451171875,1709756
2026-04-20,203.72000122070312,204.0,203.13999938964844,203.36000061035156,203.1678924560547,1373703
2026-04-21,203.10000610351562,203.55999755859375,203.0,203.5500030517578,203.3577117919922,1010617
2026-04-22,203.77999877929688,203.80999755859375,202.64999389648438,202.77999877929688,202.58843994140625,1404974
2026-04-23,202.77999877929688,202.96499633789062,202.27499389648438,202.50999450683594,202.31869506835938,1330369
2026-04-24,202.63499450683594,202.7449951171875,202.22000122070312,202.6699981689453,202.47854614257812,1125150
2026-04-27,202.80999755859375,203.36000061035156,202.2100067138672,202.4499969482422,202.2587432861328,1833164
2026-04-28,203.47000122070312,203.63999938964844,202.30999755859375,202.52999877929688,202.3386688232422,1715264
2026-04-29,202.30999755859375,202.7949981689453,201.9499969482422,202.6699981689453,202.47854614257812,1327025
2026-04-30,202.27999877929688,202.47999572753906,201.77999877929688,202.3699951171875,202.17881774902344,1791041
2026-05-01,202.69000244140625,202.69000244140625,201.97000122070312,202.08999633789062,201.8990936279297,1250082
2026-05-04,201.8699951171875,202.3000030517578,201.72000122070312,201.82000732421875,201.6293487548828,1429702
2026-05-05,201.9499969482422,202.0800018310547,201.38999938964844,201.57000732421875,201.3795928955078,1401221
2026-05-06,201.47999572753906,202.05999755859375,200.60000610351562,200.7899932861328,200.60031127929688,2845479
2026-05-07,200.74000549316406,201.27000427246094,200.25,200.85000610351562,200.66026306152344,2215058
2026-05-08,200.64999389648438,200.77999877929688,200.27999877929688,200.44000244140625,200.2506561279297,2738172
2026-05-11,200.60000610351562,200.60000610351562,200.07000732421875,200.22000122070312,200.03085327148438,2373086
2026-05-12,200.24000549316406,200.9199981689453,199.94000244140625,200.19000244140625,200.00088500976562,2134190
2026-05-13,200.00999450683594,200.44500732421875,199.4499969482422,200.17999267578125,199.9908905029297,2184329
2026-05-14,199.89999389648438,200.8000030517578,199.8125,200.77999877929688,200.59033203125,1107187
2026-05-15,200.15499877929688,200.85000610351562,200.14500427246094,200.63999938964844,200.45045471191406,1768682
2026-05-18,200.14999389648438,201.57000732421875,200.0,201.0500030517578,200.86007690429688,2291883
2026-05-19,201.24000549316406,201.74000549316406,201.0,201.6999969482422,201.50946044921875,1521653
2026-05-20,201.36000061035156,201.72999572753906,200.77999877929688,201.58999633789062,201.39956665039062,1489032
2026-05-21,201.39999389648438,201.9499969482422,201.19000244140625,201.8699951171875,201.67929077148438,1331369
2026-05-22,201.7899932861328,201.85000610351562,200.72999572753906,200.97000122070312,200.7801513671875,2333935
2026-05-26,200.60650634765625,201.1300048828125,200.49000549316406,201.1300048828125,200.94000244140625,1518094
2026-05-27,200.8000030517578,201.41000366210938,200.5,200.67999267578125,200.67999267578125,1554399
2026-05-28,200.50999450683594,201.27499389648438,200.36000061035156,201.14999389648438,201.14999389648438,1640428
2026-05-29,201.14999389648438,202.11000061035156,201.07000732421875,201.72000122070312,201.72000122070312,4180855
2026-06-01,202.02999877929688,202.4600067138672,201.61000061035156,202.0,202.0,1500120
2026-06-02,202.0,202.5,201.5399932861328,202.00999450683594,202.00999450683594,1713329
2026-06-03,202.0,202.89999389648438,201.80999755859375,202.6300048828125,202.6300048828125,1656277
2026-06-04,202.80999755859375,203.74000549316406,202.7449951171875,203.39999389648438,203.39999389648438,2714941
2026-06-05,203.89999389648438,203.89999389648438,202.7100067138672,203.0,203.0,2425408
2026-06-08,202.8800048828125,203.72999572753906,202.49000549316406,203.1999969482422,203.1999969482422,1530796
2026-06-09,203.1999969482422,203.3300018310547,202.27000427246094,202.47999572753906,202.47999572753906,1335957
2026-06-10,202.97000122070312,203.8000030517578,202.8699951171875,203.1999969482422,203.1999969482422,1561547
2026-06-11,203.02999877929688,203.375,202.74000549316406,203.0500030517578,203.0500030517578,1590635
2026-06-12,203.25,203.5,202.4949951171875,203.27000427246094,203.27000427246094,1690370
2026-06-15,203.14500427246094,203.32000732421875,202.7550048828125,203.1199951171875,203.1199951171875,1092706
2026-06-16,203.00999450683594,203.39999389648438,202.8350067138672,203.02000427246094,203.02000427246094,927783
2026-06-17,202.9600067138672,204.1999969482422,202.6999969482422,203.02000427246094,203.02000427246094,3134368
2026-06-18,202.72000122070312,203.5,201.8000030517578,202.14999389648438,202.14999389648438,5918901
2026-06-22,202.3300018310547,203.0,202.25,202.97000122070312,202.97000122070312,2119106
2026-06-23,203.55999755859375,203.64999389648438,203.02000427246094,203.52000427246094,203.52000427246094,1971707
2026-06-24,204.6999969482422,204.88999938964844,204.36000061035156,204.52000427246094,204.52000427246094,2957991
2026-06-25,204.1199951171875,205.21499633789062,204.1199951171875,204.72999572753906,204.72999572753906,1926855
2026-06-26,204.99000549316406,205.6898956298828,204.83999633789062,205.25,205.25,3121763
2026-06-29,205.25,205.38999938964844,204.92999267578125,205.0500030517578,205.0500030517578,1432728
2026-06-30,205.47999572753906,205.5050048828125,204.9499969482422,205.0399932861328,205.0399932861328,1809944
2026-07-01,205.7550048828125,206.0,205.14999389648438,205.4499969482422,205.4499969482422,1725376
2026-07-02,205.9499969482422,206.0,205.0,205.2100067138672,205.2100067138672,2302979
2026-07-06,205.24000549316406,205.41000366210938,204.9199981689453,205.2100067138672,205.2100067138672,2439145
2026-07-07,205.91299438476562,206.00999450683594,205.3699951171875,205.44000244140625,205.44000244140625,1443720
2026-07-08,206.0,206.0,204.8300018310547,204.88999938964844,204.88999938964844,1019575
2026-07-09,204.86000061035156,206.5850067138672,204.86000061035156,206.55999755859375,206.55999755859375,1722406
2026-07-10,206.5,206.6300048828125,206.25,206.41000366210938,206.41000366210938,1228558
2026-07-13,206.5,206.82000732421875,206.2899932861328,206.35000610351562,206.35000610351562,1385499
2026-07-14,206.35000610351562,206.8000030517578,206.125,206.64999389648438,206.64999389648438,1553116
2026-07-15,206.5500030517578,207.76499938964844,205.9600067138672,207.27000427246094,207.27000427246094,4513126
2026-07-16,207.50999450683594,207.85499572753906,207.1699981689453,207.83999633789062,207.83999633789062,2709293
2026-07-17,209.19000244140625,209.19000244140625,208.8000030517578,208.89999389648438,208.89999389648438,3883020
2026-07-20,209.2700042724609,209.33999633789065,208.9600067138672,209.2899932861328,209.2899932861328,1696900
2026-07-21,209.3300018310547,209.3300018310547,208.9600067138672,209.0399932861328,209.0399932861328,2032300
2026-07-22,209.009994506836,209.0599975585937,208.3999938964844,208.9499969482422,208.9499969482422,2880200
2026-07-23,209.0599975585937,209.19000244140625,208.8500061035156,209.0,209.0,2017900
2026-07-24,209.22999572753903,209.22999572753903,208.94000244140625,209.0599975585937,209.0599975585937,2026600
2026-07-27,209.25,209.25,208.9499969482422,209.07000732421875,209.07000732421875,2675900
2026-07-28,209.259994506836,209.4100036621093,208.72000122070312,208.8699951171875,208.8699951171875,3709400
2026-07-29,209.13999938964844,209.1600036621093,208.5200042724609,208.9100036621093,208.9100036621093,3568700
2026-07-30,208.8999938964844,209.8000030517578,208.6999969482422,209.58999633789065,209.58999633789065,4143500
2026-07-31,209.8500061035156,209.92999267578125,209.759994506836,209.8600006103516,209.8600006103516,4852300
2026-08-03,209.9100036621093,209.97000122070312,209.88999938964844,209.9100036621093,209.9100036621093,4470400
2026-08-04,209.9199981689453,210.1999969482422,209.6999969482422,209.6999969482422,209.6999969482422,48713698
2026-08-05,209.6999969482422,209.6999969482422,209.6999969482422,209.6999969482422,209.6999969482422,0
2026-08-06,209.6999969482422,209.6999969482422,209.6999969482422,209.6999969482422,209.6999969482422,0
2026-08-07,209.6999969482422,209.6999969482422,209.6999969482422,209.6999969482422,209.6999969482422,0
2026-08-10,209.6999969482422,209.6999969482422,209.6999969482422,209.6999969482422,209.6999969482422,0
