date,open,high,low,close,adj_close,volume
2021-07-14,354.5599975585937,355.20001220703125,346.7300109863281,347.6300048828125,344.60382080078125,13894200
2021-07-15,349.2300109863281,349.2300109863281,340.2200012207031,344.4599914550781,341.4613952636719,14781600
2021-07-16,344.9100036621094,345.989990234375,340.1400146484375,341.1600036621094,338.1901550292969,11026100
2021-07-19,337.57000732421875,339.7900085449219,334.5400085449219,336.95001220703125,334.0168151855469,14372300
2021-07-20,338.79998779296875,343.45001220703125,334.5,341.6600036621094,338.6858215332031,11024300
2021-07-21,341.5,346.5199890136719,341.25,346.2300109863281,343.2160339355469,9279700
2021-07-22,346.67999267578125,351.5400085449219,345.2099914550781,351.19000244140625,348.13287353515625,12385400
2021-07-23,360.9100036621094,375.3299865722656,357.19000244140625,369.7900085449219,366.5709533691406,33694300
2021-07-26,369.5799865722656,374.4400024414063,368.2200012207031,372.4599914550781,369.2176513671875,14925200
2021-07-27,371.9100036621094,373.1499938964844,364.5499877929688,367.80999755859375,364.6082153320313,15705400
2021-07-28,374.55999755859375,377.5499877929688,366.9299926757813,373.2799987792969,370.0305480957031,29676900
2021-07-29,361.0,365.5199890136719,356.739990234375,358.32000732421875,355.2008056640625,33413200
2021-07-30,354.0,360.7300109863281,352.94000244140625,356.29998779296875,353.1983642578125,15976200
2021-08-02,358.1000061035156,359.3999938964844,350.739990234375,351.95001220703125,348.88629150390625,13180400
2021-08-03,352.7300109863281,353.7699890136719,347.70001220703125,351.239990234375,348.182373046875,12406100
2021-08-04,352.4200134277344,360.4800109863281,351.510009765625,358.9200134277344,355.7955627441406,14180600
2021-08-05,359.6400146484375,363.8999938964844,356.8999938964844,362.9700012207031,359.810302734375,10247200
2021-08-06,361.3999938964844,365.1499938964844,361.3999938964844,363.510009765625,360.34564208984375,8925000
2021-08-09,363.760009765625,365.7799987792969,360.75,361.6099853515625,358.462158203125,7798900
2021-08-10,361.8299865722656,364.1000061035156,359.0400085449219,361.1300048828125,357.986328125,7469900
2021-08-11,362.1000061035156,362.3599853515625,357.8099975585937,359.9599914550781,356.8265075683594,8400300
2021-08-12,358.45001220703125,363.0,357.1099853515625,362.6499938964844,359.4930419921875,7170700
2021-08-13,362.9700012207031,364.6600036621094,361.4800109863281,363.1799926757813,360.0184631347656,7195700
2021-08-16,362.5199890136719,366.9500122070313,357.3800048828125,366.55999755859375,363.36907958984375,11222100
2021-08-17,362.9800109863281,364.6700134277344,355.07000732421875,358.45001220703125,355.32965087890625,12328700
2021-08-18,356.25,359.8599853515625,355.1499938964844,355.45001220703125,352.35577392578125,10042400
2021-08-19,351.3500061035156,357.57000732421875,351.0,355.1199951171875,352.0286560058594,12004500
2021-08-20,354.6000061035156,359.989990234375,353.3099975585937,359.3699951171875,356.2416381835937,8697700
2021-08-23,359.44000244140625,365.6900024414063,359.1000061035156,363.3500061035156,360.18701171875,10942000
2021-08-24,363.6600036621094,367.9599914550781,361.8399963378906,365.510009765625,362.32818603515625,9235100
2021-08-25,365.6000061035156,370.8599853515625,365.3999938964844,368.3900146484375,365.18310546875,9684500
2021-08-26,368.3800048828125,369.4400024414063,364.1300048828125,364.3800048828125,361.2080078125,7888700
2021-08-27,365.1000061035156,373.739990234375,364.0799865722656,372.6300048828125,369.38623046875,11219100
2021-08-30,372.55999755859375,381.489990234375,370.5199890136719,380.6600036621094,377.3463134765625,13547300
2021-08-31,379.9500122070313,382.760009765625,378.7999877929688,379.3800048828125,376.0774841308594,12345400
2021-09-01,379.5899963378906,384.3299865722656,378.80999755859375,382.0499877929688,378.7241821289063,11567200
2021-09-02,381.5,381.75,374.05999755859375,375.2799987792969,372.01318359375,14832900
2021-09-03,374.75,377.1600036621094,373.1099853515625,376.260009765625,372.984619140625,7509600
2021-09-07,375.8800048828125,382.9599914550781,373.1499938964844,382.1799926757813,378.8530578613281,10793800
2021-09-08,380.1600036621094,380.8699951171875,374.7900085449219,377.5700073242188,374.28314208984375,11067200
2021-09-09,377.6400146484375,379.8299865722656,376.5700073242188,378.0,374.70947265625,9098900
2021-09-10,381.3599853515625,383.7900085449219,378.260009765625,378.6900024414063,375.3934631347656,11549600
2021-09-13,381.6799926757813,381.75,374.3500061035156,376.510009765625,373.23248291015625,13026300
2021-09-14,377.3999938964844,378.5899963378906,375.1099853515625,376.5299987792969,373.2522277832031,8711600
2021-09-15,377.0,377.55999755859375,367.6700134277344,373.9200134277344,370.6650085449219,17940300
2021-09-16,372.7900085449219,373.55999755859375,369.7099914550781,373.05999755859375,369.81243896484375,11934200
2021-09-17,371.4100036621094,371.4100036621094,361.5899963378906,364.7200012207031,361.5450744628906,26299000
2021-09-20,359.29998779296875,361.0299987792969,349.79998779296875,355.70001220703125,352.6036071777344,19822800
2021-09-21,358.5,360.0400085449219,355.19000244140625,357.4800109863281,354.3681030273437,11751900
2021-09-22,347.2300109863281,349.8399963378906,340.69000244140625,343.2099914550781,340.2222900390625,43692900
2021-09-23,345.3599853515625,349.6700134277344,343.0,345.9599914550781,342.6779479980469,21806300
2021-09-24,343.239990234375,354.3500061035156,342.3699951171875,352.9599914550781,349.6115417480469,18801900
2021-09-27,349.80999755859375,355.1499938964844,347.0799865722656,353.5799865722656,350.2256164550781,15205800
2021-09-28,347.9700012207031,349.6000061035156,338.9200134277344,340.6499938964844,337.4182434082031,21710300
2021-09-29,343.1499938964844,345.2300109863281,338.8800048828125,339.6099853515625,336.3881530761719,14452200
2021-09-30,340.45001220703125,342.79998779296875,338.1499938964844,339.3900146484375,336.1703186035156,16547100
2021-10-01,341.6099853515625,345.0199890136719,338.6400146484375,343.010009765625,339.75592041015625,14905300
2021-10-04,335.5299987792969,335.94000244140625,322.70001220703125,326.2300109863281,323.1351013183594,42885000
2021-10-05,328.5799865722656,335.17999267578125,326.1600036621094,332.9599914550781,329.8012390136719,35377900
2021-10-06,329.739990234375,334.3800048828125,325.79998779296875,333.6400146484375,330.474853515625,26443000
2021-10-07,337.0,338.8399963378906,328.9800109863281,329.2200012207031,326.0967712402344,28307500
2021-10-08,331.510009765625,333.3999938964844,328.7099914550781,330.04998779296875,326.91888427734375,15946100
2021-10-11,327.6300048828125,330.4599914550781,325.30999755859375,325.45001220703125,322.3625183105469,14708200
2021-10-12,323.0299987792969,324.3800048828125,317.3699951171875,323.7699890136719,320.6984558105469,31658700
2021-10-13,326.9700012207031,327.0,322.6600036621094,324.5400085449219,321.4611511230469,14761500
2021-10-14,328.3599853515625,330.5199890136719,327.1000061035156,328.5299987792969,325.4132995605469,14302200
2021-10-15,328.67999267578125,329.07000732421875,322.510009765625,324.760009765625,321.6790466308594,21596400
2021-10-18,328.95001220703125,335.8900146484375,327.5,335.3399963378906,332.15869140625,21585000
2021-10-19,339.6499938964844,342.4599914550781,337.2799987792969,339.989990234375,336.7645568847656,18786300
2021-10-20,343.45001220703125,343.9800109863281,339.45001220703125,340.7799987792969,337.5470886230469,13639500
2021-10-21,340.2799987792969,342.30999755859375,337.79998779296875,341.8800048828125,338.6366882324219,16354400
2021-10-22,326.3500061035156,329.6300048828125,321.1099853515625,324.6099853515625,321.53045654296875,35224500
2021-10-25,320.29998779296875,329.55999755859375,319.7200012207031,328.69000244140625,325.57171630859375,38409000
2021-10-26,328.260009765625,330.2099914550781,309.6000061035156,315.80999755859375,312.81396484375,65654000
2021-10-27,314.19000244140625,319.25,312.05999755859375,312.2200012207031,309.2580261230469,29971800
2021-10-28,312.989990234375,325.5199890136719,308.1099853515625,316.9200134277344,313.9134216308594,50806800
2021-10-29,320.19000244140625,326.0,319.6000061035156,323.57000732421875,320.50030517578125,37059400
2021-11-01,326.0400085449219,333.45001220703125,326.0,329.9800109863281,326.8495178222656,31518900
2021-11-02,331.3800048828125,334.7900085449219,323.79998779296875,328.0799865722656,324.9674987792969,28353000
2021-11-03,327.489990234375,332.1499938964844,323.20001220703125,331.6199951171875,328.4739685058594,20786500
2021-11-04,334.010009765625,337.2699890136719,332.6499938964844,335.8500061035156,332.6639099121094,22495300
2021-11-05,340.30999755859375,346.7900085449219,339.6400146484375,341.1300048828125,337.893798828125,26872800
2021-11-08,344.4200134277344,344.7900085449219,338.3399963378906,338.6199951171875,335.4075622558594,18342500
2021-11-09,340.0,341.30999755859375,334.4700012207031,335.3699951171875,332.1883544921875,17556700
2021-11-10,332.489990234375,333.19000244140625,325.510009765625,327.6400146484375,324.5317687988281,21872600
2021-11-11,329.82000732421875,332.4599914550781,327.0,327.739990234375,324.63079833984375,12376600
2021-11-12,330.17999267578125,341.8599853515625,329.7799987792969,340.8900146484375,337.6560363769531,25414300
2021-11-15,344.3399963378906,353.6499938964844,343.20001220703125,347.55999755859375,344.2626953125,25076600
2021-11-16,343.8299865722656,346.6499938964844,340.8699951171875,342.9599914550781,339.7064208984375,18181100
2021-11-17,344.239990234375,347.29998779296875,340.1000061035156,340.7699890136719,337.5371398925781,13602800
2021-11-18,339.7200012207031,342.4599914550781,335.29998779296875,338.69000244140625,335.4768981933594,17487200
2021-11-19,342.20001220703125,352.1000061035156,339.8999938964844,345.29998779296875,342.0241394042969,26488500
2021-11-22,349.04998779296875,353.8299865722656,340.510009765625,341.010009765625,337.77490234375,27116800
2021-11-23,338.92999267578125,341.3999938964844,333.5,337.25,334.0505676269531,17225000
2021-11-24,336.0,341.7799987792969,332.80999755859375,341.05999755859375,337.824462890625,13566200
2021-11-26,335.79998779296875,337.75,331.8999938964844,333.1199951171875,329.9597473144531,14750700
2021-11-29,336.8900146484375,340.6700134277344,335.30999755859375,338.0299987792969,334.82318115234375,16650900
2021-11-30,335.0,335.80999755859375,323.42999267578125,324.4599914550781,321.3818359375,25390000
2021-12-01,330.2900085449219,330.5,310.2900085449219,310.6000061035156,307.65338134765625,30329600
2021-12-02,311.3999938964844,314.6000061035156,307.20001220703125,310.3900146484375,307.44537353515625,24396200
2021-12-03,313.7300109863281,313.75,299.5,306.8399963378906,303.9290771484375,27471000
2021-12-06,308.1300048828125,320.1000061035156,306.3399963378906,317.8699951171875,314.85443115234375,21758300
2021-12-07,321.57000732421875,326.5400085449219,321.0,322.80999755859375,319.74755859375,18794000
2021-12-08,325.0,332.75,323.07000732421875,330.55999755859375,327.42401123046875,19937700
2021-12-09,329.5400085449219,336.1300048828125,328.0,329.82000732421875,326.6910705566406,16879200
2021-12-10,332.55999755859375,335.0299987792969,326.3699951171875,329.75,326.6216735839844,14528000
2021-12-13,330.95001220703125,341.0899963378906,329.5899963378906,334.489990234375,331.31671142578125,22948700
2021-12-14,328.04998779296875,335.70001220703125,327.6499938964844,333.739990234375,330.5738525390625,20461000
2021-12-15,332.489990234375,342.1099853515625,323.9800109863281,341.6600036621094,338.4187316894531,24681300
2021-12-16,338.9800109863281,344.4599914550781,333.739990234375,334.8999938964844,331.7228088378906,22635000
2021-12-17,332.79998779296875,337.1099853515625,330.75,333.7900085449219,330.6234130859375,40012600
2021-12-20,329.7799987792969,329.8999938964844,322.5299987792969,325.45001220703125,322.3625183105469,17901800
2021-12-21,326.4100036621094,336.0,323.75,334.20001220703125,331.02947998046875,16116800
2021-12-22,333.79998779296875,334.510009765625,328.260009765625,330.45001220703125,327.3150939941406,16764600
2021-12-23,330.1000061035156,336.6700134277344,328.3599853515625,335.239990234375,332.05963134765625,13987700
2021-12-27,338.8500061035156,347.8699951171875,338.010009765625,346.17999267578125,342.8958740234375,17795000
2021-12-28,346.6300048828125,352.7099914550781,345.20001220703125,346.2200012207031,342.9355163574219,16637600
2021-12-29,346.9100036621094,349.69000244140625,341.6400146484375,342.94000244140625,339.68658447265625,10747000
2021-12-30,344.0,347.2300109863281,343.2200012207031,344.3599853515625,341.0931396484375,10593300
2021-12-31,343.0199890136719,343.44000244140625,336.2699890136719,336.3500061035156,333.15911865234375,12870500
2022-01-03,338.29998779296875,341.0799865722656,337.19000244140625,338.5400085449219,335.3283386230469,14537900
2022-01-04,339.95001220703125,343.0899963378906,331.8699951171875,336.5299987792969,333.3374328613281,15998000
2022-01-05,333.0199890136719,335.760009765625,323.8399963378906,324.1700134277344,321.0946960449219,20564500
2022-01-06,322.82000732421875,339.1700134277344,322.7200012207031,332.4599914550781,329.3059997558594,27962800
2022-01-07,332.739990234375,337.0,328.8800048828125,331.7900085449219,328.64239501953125,14722000
2022-01-10,325.30999755859375,328.3399963378906,315.42999267578125,328.07000732421875,324.9576721191406,24942400
2022-01-11,326.7799987792969,334.6300048828125,325.2799987792969,334.3699951171875,331.1979064941406,16226800
2022-01-12,335.17999267578125,336.3699951171875,330.0299987792969,333.260009765625,330.098388671875,14104900
2022-01-13,334.9800109863281,335.6300048828125,325.760009765625,326.4800109863281,323.38275146484375,14797100
2022-01-14,321.7900085449219,332.7300109863281,321.2099914550781,331.8999938964844,328.7513427734375,16868500
2022-01-18,323.2900085449219,324.2099914550781,317.6400146484375,318.1499938964844,315.1317443847656,22645600
2022-01-19,319.5799865722656,327.1000061035156,319.3299865722656,319.5899963378906,316.5581359863281,20814700
2022-01-20,323.8999938964844,327.82000732421875,315.9800109863281,316.55999755859375,313.55694580078125,16925000
2022-01-21,314.80999755859375,318.30999755859375,303.0400085449219,303.1700134277344,300.29388427734375,28710700
2022-01-24,297.8399963378906,309.5299987792969,289.010009765625,308.7099914550781,305.7813415527344,38878100
2022-01-25,299.95001220703125,306.2300109863281,297.5799865722656,300.1499938964844,297.30255126953125,25108500
2022-01-26,307.010009765625,307.510009765625,290.8500061035156,294.6300048828125,291.8348693847656,28348800
2022-01-27,297.75,301.7099914550781,294.260009765625,294.6400146484375,291.8448181152344,21629900
2022-01-28,295.6199951171875,301.8999938964844,293.0299987792969,301.7099914550781,298.8477478027344,21871600
2022-01-31,300.67999267578125,313.7900085449219,299.32000732421875,313.260009765625,310.2882385253906,21579500
2022-02-01,314.55999755859375,319.6600036621094,312.1199951171875,319.0,315.9737548828125,18023800
2022-02-02,327.82000732421875,328.0,316.8699951171875,323.0,319.9357604980469,58458300
2022-02-03,244.64999389648438,248.0,235.75,237.75999450683594,235.50440979003906,188119900
2022-02-04,234.97000122070312,242.61000061035156,230.11000061035156,237.08999633789062,234.84075927734375,89342200
2022-02-07,237.6999969482422,238.3000030517578,224.00999450683594,224.91000366210938,222.77635192871094,88613800
2022-02-08,220.85000610351562,225.77000427246094,216.14999389648438,220.17999267578125,218.0911865234375,94729700
2022-02-09,224.1999969482422,233.3699951171875,222.2100067138672,232.0,229.79905700683594,86563300
2022-02-10,228.27000427246094,235.0,226.6999969482422,228.07000732421875,225.90631103515625,49310400
2022-02-11,228.4600067138672,230.4199981689453,218.77000427246094,219.5500030517578,217.46719360351562,46156900
2022-02-14,219.30999755859375,221.0,214.77999877929688,217.6999969482422,215.63470458984375,38184000
2022-02-15,220.47000122070312,221.14999389648438,215.05999755859375,221.0,218.9033966064453,42685500
2022-02-16,212.41000366210938,217.4600067138672,212.36000061035156,216.5399932861328,214.4857177734375,45817500
2022-02-17,214.02000427246094,217.5,207.16000366210938,207.7100067138672,205.73951721191406,38747500
2022-02-18,209.38999938964844,210.75,205.17999267578125,206.16000366210938,204.20420837402344,37128400
2022-02-22,202.33999633789062,207.47999572753906,200.05999755859375,202.0800018310547,200.16290283203125,39852400
2022-02-23,204.16000366210938,206.94000244140625,198.0500030517578,198.4499969482422,196.5673370361328,44481400
2022-02-24,191.05999755859375,208.35000610351562,190.22000122070312,207.60000610351562,205.63055419921875,49957200
2022-02-25,204.94000244140625,211.32000732421875,203.17999267578125,210.47999572753906,208.4832000732422,37627600
2022-02-28,207.67999267578125,213.14999389648438,206.8300018310547,211.02999877929688,209.0279998779297,34239800
2022-03-01,209.8699951171875,211.75,202.22000122070312,203.49000549316406,201.55950927734375,27094900
2022-03-02,204.77999877929688,209.14999389648438,202.02000427246094,208.11000061035156,206.1356964111328,29452100
2022-03-03,209.02000427246094,209.0800018310547,201.4199981689453,202.97000122070312,201.0444793701172,27263500
2022-03-04,202.3699951171875,205.88999938964844,198.7899932861328,200.05999755859375,198.1620635986328,32130900
2022-03-07,200.7899932861328,200.88999938964844,187.27999877929688,187.47000122070312,185.69149780273438,38560600
2022-03-08,187.85000610351562,196.6999969482422,186.11000061035156,190.2899932861328,188.48475646972656,37508100
2022-03-09,195.74000549316406,199.10000610351562,193.9199981689453,198.5,196.61688232421875,31894700
2022-03-10,194.83999633789062,196.27999877929688,191.07000732421875,195.2100067138672,193.35806274414062,24853000
2022-03-11,192.63999938964844,193.55999755859375,186.6699981689453,187.61000061035156,185.83016967773438,34694500
2022-03-14,187.02999877929688,192.2899932861328,185.82000732421875,186.6300048828125,184.85948181152344,31010500
2022-03-15,190.8000030517578,192.27999877929688,185.91000366210938,192.02999877929688,190.20823669433594,31721700
2022-03-16,194.6999969482422,203.72999572753906,194.52000427246094,203.6300048828125,201.69821166992188,40640300
2022-03-17,201.6999969482422,208.0399932861328,201.11000061035156,207.83999633789062,205.86827087402344,29499700
2022-03-18,206.6999969482422,216.8000030517578,206.0,216.49000549316406,214.4362030029297,52128000
2022-03-21,214.5,214.7100067138672,207.6300048828125,211.49000549316406,209.48362731933594,30142300
2022-03-22,211.3699951171875,219.4600067138672,210.17999267578125,216.64999389648438,214.59466552734375,31998800
2022-03-23,213.3300018310547,216.8000030517578,212.16000366210938,213.4600067138672,211.43495178222656,23717300
2022-03-24,215.0,220.6699981689453,214.7899932861328,219.57000732421875,217.4869842529297,31502300
2022-03-25,220.50999450683594,225.5,218.88999938964844,221.82000732421875,219.71563720703125,40039000
2022-03-28,222.1300048828125,224.0399932861328,219.5399932861328,223.58999633789062,221.46885681152344,26224100
2022-03-29,226.07000732421875,230.88999938964844,225.2899932861328,229.86000061035156,227.6793670654297,31417900
2022-03-30,228.91000366210938,231.14999389648438,226.7100067138672,227.85000610351562,225.68846130371094,25588000
2022-03-31,228.4499969482422,228.49000549316406,222.25999450683594,222.36000061035156,220.25050354003906,24192300
2022-04-01,224.5500030517578,227.27999877929688,222.6999969482422,224.85000610351562,222.71688842773438,19544800
2022-04-04,225.97999572753906,234.35000610351562,225.86000061035156,233.88999938964844,231.67112731933594,28054800
2022-04-05,234.0800018310547,236.86000061035156,231.02000427246094,231.83999633789062,229.64056396484375,29727200
2022-04-06,226.91000366210938,228.99000549316406,221.41000366210938,223.3000030517578,221.1815948486328,28995100
2022-04-07,223.92999267578125,225.52000427246094,218.55999755859375,222.9499969482422,220.8349151611328,21037200
2022-04-08,222.3800048828125,225.1300048828125,220.02999877929688,222.3300018310547,220.22079467773438,18375700
2022-04-11,218.4199981689453,220.61000061035156,215.22000122070312,216.4600067138672,214.40647888183594,20516600
2022-04-12,220.24000549316406,222.02999877929688,213.1300048828125,214.13999938964844,212.10850524902344,20128800
2022-04-13,211.82000732421875,216.61000061035156,211.3300018310547,214.99000549316406,212.95042419433594,19231800
2022-04-14,214.88999938964844,214.99000549316406,210.0,210.17999267578125,208.18605041503906,18379500
2022-04-18,210.0,213.3800048828125,208.3000030517578,210.77000427246094,208.7704620361328,16580800
2022-04-19,210.52000427246094,218.42999267578125,209.0,217.30999755859375,215.2484130859375,20089900
2022-04-20,213.61000061035156,214.16000366210938,198.9199981689453,200.4199981689453,198.51864624023438,43036500
2022-04-21,201.60000610351562,202.97000122070312,185.5800018310547,188.07000732421875,186.28578186035156,49954100
2022-04-22,190.3699951171875,192.72000122070312,183.27000427246094,184.11000061035156,182.36337280273438,36426800
2022-04-25,182.72999572753906,187.17999267578125,181.66000366210938,186.99000549316406,185.21604919433594,29281100
2022-04-26,186.6300048828125,187.19000244140625,179.5,180.9499969482422,179.23338317871094,31747400
2022-04-27,174.42999267578125,181.2100067138672,169.0,174.9499969482422,173.29029846191406,71062900
2022-04-28,202.9199981689453,208.52999877929688,192.89999389648438,205.72999572753906,203.77825927734375,100890600
2022-04-29,204.4600067138672,212.47999572753906,199.89999389648438,200.47000122070312,198.56817626953125,49193400
2022-05-02,201.1699981689453,211.8800048828125,200.99000549316406,211.1300048828125,209.1270751953125,49915300
2022-05-03,210.4499969482422,214.89999389648438,208.08999633789062,212.02999877929688,210.0185089111328,41556300
2022-05-04,210.64999389648438,224.3000030517578,206.9600067138672,223.41000366210938,221.29055786132812,41375900
2022-05-05,218.74000549316406,220.1699981689453,206.16000366210938,208.27999877929688,206.30410766601562,41129200
2022-05-06,207.33999633789062,209.3800048828125,201.02000427246094,203.77000427246094,201.83688354492188,34747200
2022-05-09,199.83999633789062,202.57000732421875,195.5800018310547,196.2100067138672,194.3485870361328,36303200
2022-05-10,199.50999450683594,202.9600067138672,194.19000244140625,197.64999389648438,195.77490234375,34452500
2022-05-11,196.3300018310547,200.6699981689453,188.27000427246094,188.74000549316406,186.94947814941406,31153400
2022-05-12,187.05999755859375,198.0500030517578,184.77999877929688,191.24000549316406,189.4257354736328,38262200
2022-05-13,192.5800018310547,199.88999938964844,191.27999877929688,198.6199951171875,196.73573303222656,24549800
2022-05-16,197.0500030517578,205.3699951171875,195.92999267578125,200.0399932861328,198.14227294921875,27112600
2022-05-17,202.1199951171875,205.4600067138672,198.36000061035156,202.6199951171875,200.69778442382812,24872700
2022-05-18,200.0,201.0,191.6300048828125,192.24000549316406,190.416259765625,23960000
2022-05-19,191.1999969482422,195.2899932861328,189.60000610351562,191.2899932861328,189.47525024414062,24446900
2022-05-20,194.97000122070312,197.91000366210938,187.8699951171875,193.5399932861328,191.7039337158203,31465600
2022-05-23,195.19000244140625,196.99000549316406,191.24000549316406,196.22999572753906,194.368408203125,25059200
2022-05-24,180.5500030517578,183.67999267578125,176.11000061035156,181.27999877929688,179.5602264404297,50406300
2022-05-25,180.39999389648438,185.4499969482422,179.32000732421875,183.8300018310547,182.08604431152344,28030200
2022-05-26,182.8800048828125,192.8300018310547,182.25999450683594,191.6300048828125,189.81204223632812,23056500
2022-05-27,191.36000061035156,195.3300018310547,189.8000030517578,195.1300048828125,193.27883911132812,22562700
2022-05-31,194.88999938964844,197.60000610351562,192.00999450683594,193.63999938964844,191.80296325683594,26131100
2022-06-01,196.50999450683594,199.52999877929688,185.0,188.63999938964844,186.8504180908203,36623500
2022-06-02,188.4499969482422,200.94000244140625,187.72999572753906,198.86000061035156,196.9734649658203,31951600
2022-06-03,195.97999572753906,196.61000061035156,189.77999877929688,190.77999877929688,188.97010803222656,19465000
2022-06-06,193.99000549316406,196.9199981689453,188.39999389648438,194.25,192.4071807861328,30574200
2022-06-07,191.92999267578125,196.52999877929688,191.49000549316406,195.64999389648438,193.7938995361328,18828700
2022-06-08,194.6699981689453,202.02999877929688,194.41000366210938,196.63999938964844,194.77452087402344,22267200
2022-06-09,194.27999877929688,199.4499969482422,183.67999267578125,184.0,182.25440979003906,23501600
2022-06-10,183.0399932861328,183.10000610351562,175.02000427246094,175.57000732421875,173.9044189453125,27450800
2022-06-13,170.58999633789062,172.5800018310547,164.02999877929688,164.25999450683594,162.70169067382812,31749300
2022-06-14,166.02999877929688,166.75,161.36000061035156,163.72999572753906,162.17674255371094,27244300
2022-06-15,167.1999969482422,172.16000366210938,163.97999572753906,169.35000610351562,167.743408203125,30008300
2022-06-16,163.72000122070312,165.0800018310547,159.61000061035156,160.8699951171875,159.34384155273438,26944100
2022-06-17,161.67999267578125,165.89999389648438,159.89999389648438,163.74000549316406,162.18661499023438,31374200
2022-06-21,165.92999267578125,167.75999450683594,155.97000122070312,157.0500030517578,155.5601043701172,50724900
2022-06-22,158.3800048828125,160.7899932861328,155.44000244140625,155.85000610351562,154.3715057373047,47267800
2022-06-23,156.27000427246094,159.75,154.25,158.75,157.24395751953125,40499200
2022-06-24,161.72999572753906,170.25,161.3000030517578,170.16000366210938,168.5457305908203,68736000
2022-06-27,171.32000732421875,171.75,168.00999450683594,169.49000549316406,167.882080078125,29174600
2022-06-28,169.89999389648438,171.3000030517578,160.61000061035156,160.67999267578125,159.15565490722656,27744500
2022-06-29,163.57000732421875,166.3300018310547,160.32000732421875,163.94000244140625,162.38473510742188,28595200
2022-06-30,162.14999389648438,165.22999572753906,158.49000549316406,161.25,159.72024536132812,35250600
2022-07-01,160.30999755859375,160.6199951171875,155.0,160.02999877929688,158.51182556152344,31423900
2022-07-05,158.13999938964844,168.25,157.02000427246094,168.19000244140625,166.59442138671875,28618600
2022-07-06,168.1999969482422,171.58999633789062,165.4600067138672,169.77000427246094,168.15943908691406,23085900
2022-07-07,169.4499969482422,172.72000122070312,167.77999877929688,172.19000244140625,170.55645751953125,24083400
2022-07-08,169.97999572753906,172.39999389648438,168.14999389648438,170.8800048828125,169.25889587402344,19249200
2022-07-11,167.07000732421875,167.49000549316406,161.91000366210938,162.8800048828125,161.3347930908203,21885600
2022-07-12,164.8000030517578,165.91000366210938,162.10000610351562,163.27000427246094,161.72108459472656,16639700
2022-07-13,160.16000366210938,164.97999572753906,159.61000061035156,163.49000549316406,161.9390106201172,16555100
2022-07-14,161.22000122070312,162.58999633789062,157.27999877929688,158.0500030517578,156.55056762695312,23765200
2022-07-15,160.5399932861328,164.97999572753906,159.82000732421875,164.6999969482422,163.1374969482422,23342800
2022-07-18,166.75,171.69000244140625,165.63999938964844,167.22999572753906,165.6435089111328,23574300
2022-07-19,170.3699951171875,176.49000549316406,169.50999450683594,175.77999877929688,174.1123809814453,25933700
2022-07-20,177.49000549316406,183.60000610351562,176.6999969482422,183.08999633789062,181.35305786132812,24784300
2022-07-21,180.6300048828125,183.85000610351562,178.8699951171875,183.1699981689453,181.4323272705078,27195800
2022-07-22,173.07000732421875,175.60000610351562,168.41000366210938,169.27000427246094,167.66416931152344,42583900
2022-07-25,169.0,170.57000732421875,164.80999755859375,166.64999389648438,165.0690155029297,26166300
2022-07-26,165.94000244140625,166.0,157.9499969482422,159.14999389648438,157.64015197753906,28468400
2022-07-27,162.58999633789062,170.8699951171875,162.02000427246094,169.5800018310547,167.97122192382812,43846600
2022-07-28,161.05999755859375,161.50999450683594,154.85000610351562,160.72000122070312,159.19528198242188,73214300
2022-07-29,157.69000244140625,160.13999938964844,155.1699981689453,159.10000610351562,157.59066772460938,42065400
2022-08-01,157.25,165.19000244140625,155.22999572753906,159.92999267578125,158.4127655029297,40596700
2022-08-02,158.30999755859375,162.24000549316406,158.00999450683594,160.19000244140625,158.67030334472656,27374500
2022-08-03,162.69000244140625,169.5399932861328,161.57000732421875,168.8000030517578,167.19863891601562,31721900
2022-08-04,168.3000030517578,172.14999389648438,166.8000030517578,170.57000732421875,168.95184326171875,23938200
2022-08-05,166.99000549316406,171.61000061035156,165.8000030517578,167.11000061035156,165.524658203125,25832700
2022-08-08,168.0,177.50999450683594,167.1300048828125,170.25,168.63487243652344,27299100
2022-08-09,168.9499969482422,169.52999877929688,166.60000610351562,168.52999877929688,166.93118286132812,18655100
2022-08-10,175.99000549316406,180.47999572753906,173.9499969482422,178.33999633789062,176.64810180664062,30262100
2022-08-11,179.7100067138672,183.10000610351562,176.3699951171875,177.49000549316406,175.8062286376953,24079100
2022-08-12,180.80999755859375,181.4600067138672,178.91000366210938,180.5,178.78761291503906,21274000
2022-08-15,178.9600067138672,181.44000244140625,178.1999969482422,180.88999938964844,179.17393493652344,15878700
2022-08-16,179.44000244140625,180.99000549316406,177.0399932861328,179.47000122070312,177.76742553710938,21156700
2022-08-17,176.75999450683594,178.13999938964844,174.1699981689453,174.85000610351562,173.19122314453125,20118100
2022-08-18,174.33999633789062,175.75999450683594,171.86000061035156,174.66000366210938,173.0030517578125,18844500
2022-08-19,170.1999969482422,172.32000732421875,167.0500030517578,167.9600067138672,166.36660766601562,26240800
2022-08-22,165.49000549316406,165.49000549316406,162.25999450683594,163.0500030517578,161.50318908691406,19499700
2022-08-23,162.47999572753906,165.0500030517578,160.6999969482422,161.11000061035156,159.5815887451172,18111800
2022-08-24,160.60000610351562,165.4600067138672,159.77000427246094,163.25999450683594,161.711181640625,20891500
2022-08-25,165.17999267578125,168.8800048828125,164.02000427246094,168.77999877929688,167.17880249023438,15550500
2022-08-26,168.47999572753906,170.9199981689453,161.6699981689453,161.77999877929688,160.2452392578125,24023600
2022-08-29,160.66000366210938,163.0500030517578,159.00999450683594,159.1699981689453,157.6599884033203,20052700
2022-08-30,160.35000610351562,161.66000366210938,155.91000366210938,157.16000366210938,155.66905212402344,19567900
2022-08-31,167.07000732421875,167.83999633789062,162.13999938964844,162.92999267578125,161.38429260253906,40953000
2022-09-01,163.5800018310547,167.36000061035156,160.35000610351562,165.36000061035156,163.79122924804688,30145700
2022-09-02,167.4499969482422,167.92999267578125,159.22000122070312,160.32000732421875,158.79905700683594,22634200
2022-09-06,160.10000610351562,161.69000244140625,157.69000244140625,158.5399932861328,157.0359649658203,19339800
2022-09-07,157.75999450683594,160.9600067138672,156.80999755859375,160.38999938964844,158.86842346191406,16831200
2022-09-08,158.7100067138672,162.22999572753906,157.74000549316406,162.05999755859375,160.52255249023438,22530800
2022-09-09,163.25,169.5399932861328,163.02000427246094,169.14999389648438,167.5452880859375,22086800
2022-09-12,167.38999938964844,171.38999938964844,167.27999877929688,168.9600067138672,167.35711669921875,23220400
2022-09-13,161.5399932861328,161.6300048828125,152.6699981689453,153.1300048828125,151.6772918701172,44444100
2022-09-14,153.3300018310547,153.5399932861328,149.0500030517578,151.47000122070312,150.0330352783203,43064200
2022-09-15,149.8000030517578,154.1999969482422,148.6999969482422,149.5500030517578,148.13125610351562,34606300
2022-09-16,148.0500030517578,148.5800018310547,144.2899932861328,146.2899932861328,144.90216064453125,40122800
2022-09-19,145.24000549316406,148.5800018310547,145.10000610351562,148.02000427246094,146.6157684326172,22169500
2022-09-20,145.77999877929688,148.83999633789062,145.22000122070312,146.08999633789062,144.70407104492188,23217400
2022-09-21,146.38999938964844,149.60000610351562,142.0,142.1199951171875,140.77171325683594,38338600
2022-09-22,141.5500030517578,144.5800018310547,140.8699951171875,142.82000732421875,141.46511840820312,34418500
2022-09-23,141.4199981689453,142.6199951171875,138.88999938964844,140.41000366210938,139.0779571533203,31710700
2022-09-26,140.1199951171875,142.24000549316406,136.19000244140625,136.3699951171875,135.07627868652344,30497000
2022-09-27,137.9199981689453,139.4199981689453,134.1199951171875,134.39999389648438,133.1249542236328,30826500
2022-09-28,134.6199951171875,142.02999877929688,134.27000427246094,141.61000061035156,140.26657104492188,32658500
2022-09-29,139.36000061035156,139.83999633789062,135.1999969482422,136.41000366210938,135.11590576171875,38985400
2022-09-30,136.0500030517578,140.99000549316406,135.5,135.67999267578125,134.39279174804688,33166400
2022-10-03,137.13999938964844,139.6199951171875,136.10000610351562,138.61000061035156,137.29502868652344,27723100
2022-10-04,140.49000549316406,142.38999938964844,139.33999633789062,140.27999877929688,138.94920349121094,34670700
2022-10-05,138.24000549316406,140.2100067138672,134.77999877929688,138.97999572753906,137.66151428222656,27979300
2022-10-06,137.72000122070312,141.4499969482422,136.60000610351562,139.07000732421875,137.7506866455078,36231100
2022-10-07,136.75999450683594,138.2899932861328,132.44000244140625,133.4499969482422,132.18399047851562,33214800
2022-10-10,133.5500030517578,136.11000061035156,131.8699951171875,133.7899932861328,132.520751953125,24024000
2022-10-11,131.6199951171875,132.66000366210938,126.98999786376953,128.5399932861328,127.320556640625,38481400
2022-10-12,128.32000732421875,129.6699981689453,126.25,127.5,126.29042053222656,34605200
2022-10-13,123.52999877929688,131.13999938964844,122.52999877929688,130.2899932861328,129.053955078125,34325700
2022-10-14,131.0,131.7899932861328,126.5199966430664,126.76000213623047,125.55744934082031,23559400
2022-10-17,130.3000030517578,134.7899932861328,130.17999267578125,134.0399932861328,132.76837158203125,29612200
2022-10-18,137.08999633789062,137.83999633789062,131.39999389648438,132.8000030517578,131.54014587402344,25445000
2022-10-19,132.88999938964844,137.0,132.22000122070312,133.22999572753906,131.96609497070312,30691000
2022-10-20,132.92999267578125,136.77000427246094,131.30999755859375,131.52999877929688,130.28219604492188,26356300
2022-10-21,126.30999755859375,130.1199951171875,125.44000244140625,130.00999450683594,128.77662658691406,46348600
2022-10-24,127.25,133.47999572753906,124.56999969482422,129.72000122070312,128.48936462402344,63563400
2022-10-25,130.8800048828125,138.35000610351562,130.58999633789062,137.50999450683594,136.20547485351562,38433200
2022-10-26,131.67999267578125,135.5500030517578,128.52999877929688,129.82000732421875,128.58839416503906,82791500
2022-10-27,97.9800033569336,102.5,96.37999725341797,97.94000244140625,97.0108642578125,232316600
2022-10-28,99.58000183105469,100.8499984741211,97.51000213623047,99.19999694824219,98.25889587402344,95928300
2022-10-31,98.22000122070312,99.31999969482422,92.5999984741211,93.16000366210938,92.27619934082031,121361400
2022-11-01,94.33000183105469,97.48999786376953,93.55000305175781,95.19999694824219,94.2968521118164,110189600
2022-11-02,94.20999908447266,95.19999694824219,90.4800033569336,90.54000091552734,89.68106842041016,71821100
2022-11-03,90.08000183105469,90.45999908447266,88.41000366210938,88.91000366210938,88.06652069091797,60664000
2022-11-04,90.3499984741211,91.38999938964844,88.08999633789062,90.79000091552734,89.9286880493164,55638100
2022-11-07,94.77999877929688,96.87999725341797,93.0999984741211,96.72000122070312,95.80244445800781,81987300
2022-11-08,95.91999816894531,97.80000305175781,94.79000091552734,96.47000122070312,95.5548095703125,52088300
2022-11-09,101.72000122070312,104.9000015258789,100.73999786376953,101.47000122070312,100.50739288330078,107677300
2022-11-10,107.12000274658203,112.75,104.61000061035156,111.87000274658203,110.80870819091797,80671000
2022-11-11,109.2300033569336,114.9000015258789,108.80999755859375,113.0199966430664,111.94779205322266,59961700
2022-11-14,110.98999786376953,116.2699966430664,110.80000305175781,114.22000122070312,113.13640594482422,53395000
2022-11-15,116.06999969482422,118.73999786376953,114.41000366210938,117.08000183105469,115.96929168701172,50670500
2022-11-16,114.5,116.08000183105469,112.66000366210938,113.2300033569336,112.15579986572266,33287800
2022-11-17,110.41000366210938,112.33000183105469,109.80000305175781,111.44999694824219,110.39268493652344,35093800
2022-11-18,113.80000305175781,114.31999969482422,110.62000274658203,112.05000305175781,110.98700714111328,33357700
2022-11-21,111.5199966430664,112.37000274658203,109.19000244140625,109.86000061035156,108.81776428222656,24351100
2022-11-22,109.86000061035156,111.62000274658203,108.31999969482422,111.44000244140625,110.3827896118164,29029000
2022-11-23,111.72000122070312,112.66999816894531,110.7300033569336,112.23999786376953,111.1751937866211,21343100
2022-11-25,111.30000305175781,112.7300033569336,111.0199966430664,111.41000366210938,110.35308837890625,12007600
2022-11-28,110.77999877929688,112.04000091552734,108.37999725341797,108.77999877929688,107.74800872802734,23309400
2022-11-29,109.54000091552734,110.94000244140625,108.54000091552734,109.45999908447266,108.42156219482422,23899200
2022-11-30,109.51000213623047,118.16000366210938,109.37999725341797,118.0999984741211,116.9795913696289,43348600
2022-12-01,119.19999694824219,121.19999694824219,118.4000015258789,120.44000244140625,119.29741668701172,36551400
2022-12-02,117.83000183105469,124.04000091552734,117.61000061035156,123.48999786376953,122.31846618652344,39950500
2022-12-05,121.75,124.66999816894531,121.3499984741211,122.43000030517578,121.2685317993164,35474900
2022-12-06,119.91000366210938,120.55000305175781,113.73999786376953,114.12000274658203,113.03736877441406,43689200
2022-12-07,113.76000213623047,115.87999725341797,112.87999725341797,113.93000030517578,112.84915924072266,29461100
2022-12-08,116.38999938964844,117.33999633789062,114.58999633789062,115.33000183105469,114.23587799072266,30619400
2022-12-09,115.30000305175781,117.54000091552734,113.87000274658203,115.9000015258789,114.80047607421875,26033400
2022-12-12,115.18000030517578,115.72000122070312,113.13999938964844,114.70999908447266,113.62174987792969,24747100
2022-12-13,122.12999725341797,123.30000305175781,118.63999938964844,120.1500015258789,119.01016235351562,44701100
2022-12-14,119.38999938964844,124.13999938964844,119.38999938964844,121.58999633789062,120.43647766113281,36922000
2022-12-15,118.33000183105469,118.62999725341797,114.01000213623047,116.1500015258789,115.04810333251953,34531000
2022-12-16,120.2300033569336,123.30999755859375,118.81999969482422,119.43000030517578,118.29698944091797,67064000
2022-12-19,116.83000183105469,117.80000305175781,114.33000183105469,114.4800033569336,113.39395141601562,29769900
2022-12-20,113.26000213623047,117.33000183105469,112.45999908447266,117.08999633789062,115.97920227050781,28742500
2022-12-21,116.69999694824219,120.33999633789062,115.62000274658203,119.76000213623047,118.62387084960938,20392800
2022-12-22,117.19999694824219,118.62000274658203,114.37999725341797,117.12000274658203,116.0089111328125,23618100
2022-12-23,116.02999877929688,118.18000030517578,115.54000091552734,118.04000091552734,116.92018127441406,17796600
2022-12-27,117.93000030517578,118.5999984741211,116.05000305175781,116.87999725341797,115.77118682861328,21392300
2022-12-28,116.25,118.1500015258789,115.51000213623047,115.62000274658203,114.52313232421875,19612500
2022-12-29,116.4000015258789,121.02999877929688,115.7699966430664,120.26000213623047,119.1191177368164,22366200
2022-12-30,118.16000366210938,120.41999816894531,117.73999786376953,120.33999633789062,119.19834899902344,19583800
2023-01-03,122.81999969482422,126.37000274658203,122.27999877929688,124.73999786376953,123.5566177368164,35528500
2023-01-04,127.37999725341797,129.0500030517578,125.8499984741211,127.37000274658203,126.16166687011719,32397100
2023-01-05,126.12999725341797,128.52000427246094,124.54000091552734,126.94000244140625,125.73574829101562,25447100
2023-01-06,128.97000122070312,130.3300018310547,126.04000091552734,130.02000427246094,128.78652954101562,27584500
2023-01-09,131.16000366210938,132.9499969482422,129.27999877929688,129.47000122070312,128.2417449951172,26649100
2023-01-10,127.2699966430664,133.44000244140625,127.1500015258789,132.99000549316406,131.7283477783203,28684400
2023-01-11,130.9600067138672,133.85000610351562,130.33999633789062,132.88999938964844,131.6293182373047,25423000
2023-01-12,133.44000244140625,137.67999267578125,131.75999450683594,136.7100067138672,135.4130401611328,30757700
2023-01-13,134.97000122070312,137.38999938964844,134.83999633789062,136.97999572753906,135.68048095703125,22423800
2023-01-17,136.17999267578125,136.75,134.25,135.36000061035156,134.0758514404297,21147600
2023-01-18,135.80999755859375,137.25,132.8000030517578,133.02000427246094,131.75807189941406,20215500
2023-01-19,132.49000549316406,137.4499969482422,132.13999938964844,136.14999389648438,134.85836791992188,28625200
2023-01-20,135.88999938964844,139.94000244140625,134.61000061035156,139.3699951171875,138.04779052734375,28688600
2023-01-23,139.2899932861328,143.75999450683594,138.66000366210938,143.27000427246094,141.9108428955078,27470100
2023-01-24,141.69000244140625,145.0,141.36000061035156,143.13999938964844,141.78207397460938,21970200
2023-01-25,141.22000122070312,143.1699981689453,140.30999755859375,141.5,140.1576385498047,26622000
2023-01-26,144.39999389648438,147.50999450683594,143.3000030517578,147.3000030517578,145.90257263183594,25482100
2023-01-27,148.24000549316406,153.19000244140625,147.38999938964844,151.74000549316406,150.3004913330078,35771900
2023-01-30,149.41000366210938,151.1199951171875,146.9499969482422,147.05999755859375,145.66485595703125,28040100
2023-01-31,147.9499969482422,149.8800048828125,147.52000427246094,148.97000122070312,147.55674743652344,29842100
2023-02-01,148.02999877929688,153.5800018310547,147.05999755859375,153.1199951171875,151.6673583984375,55661000
2023-02-02,183.3800048828125,197.16000366210938,180.16000366210938,188.77000427246094,186.97915649414062,150475700
2023-02-03,183.47000122070312,196.77000427246094,182.88999938964844,186.52999877929688,184.76043701171875,76809700
2023-02-06,186.52999877929688,190.6999969482422,185.52000427246094,186.05999755859375,184.29486083984375,42483800
2023-02-07,185.5800018310547,193.77999877929688,184.39999389648438,191.6199951171875,189.80213928222656,47080700
2023-02-08,190.0,190.8300018310547,182.9199981689453,183.42999267578125,181.6898193359375,36139100
2023-02-09,186.1300048828125,186.64999389648438,177.27000427246094,177.9199981689453,176.23208618164062,37118800
2023-02-10,176.35000610351562,178.88999938964844,173.35000610351562,174.14999389648438,172.4978485107422,33433600
2023-02-13,178.22000122070312,181.0,175.82000732421875,179.42999267578125,177.727783203125,31463200
2023-02-14,177.16000366210938,181.50999450683594,175.8800048828125,179.47999572753906,177.77728271484375,24034600
2023-02-15,176.4199981689453,178.19000244140625,175.3300018310547,177.16000366210938,175.47930908203125,25308900
2023-02-16,172.75,175.85000610351562,171.7899932861328,172.44000244140625,170.8040771484375,25827500
2023-02-17,170.22000122070312,173.17999267578125,169.6999969482422,172.8800048828125,171.2399139404297,24171300
2023-02-21,174.30999755859375,178.1699981689453,171.8800048828125,172.0800018310547,170.447509765625,34592600
2023-02-22,171.07000732421875,172.75999450683594,169.69000244140625,171.1199951171875,169.49659729003906,22433200
2023-02-23,172.0,173.69000244140625,169.3800048828125,172.0399932861328,170.4078826904297,20017800
2023-02-24,168.63999938964844,170.72000122070312,167.66000366210938,170.38999938964844,168.77354431152344,19791300
2023-02-27,171.8800048828125,173.1199951171875,169.05999755859375,169.5399932861328,167.93161010742188,19277000
2023-02-28,171.89999389648438,177.5500030517578,171.8699951171875,174.94000244140625,173.2803497314453,46051100
2023-03-01,174.58999633789062,177.85000610351562,173.0500030517578,173.4199981689453,171.77479553222656,30998400
2023-03-02,172.3800048828125,175.00999450683594,171.42999267578125,174.52999877929688,172.87428283691406,17352000
2023-03-03,178.9199981689453,186.6199951171875,177.0500030517578,185.25,183.49256896972656,45877700
2023-03-06,188.0,189.66000366210938,184.63999938964844,184.89999389648438,183.14588928222656,33209400
2023-03-07,189.0,190.36000061035156,184.00999450683594,184.50999450683594,182.7595977783203,36701500
2023-03-08,182.8699951171875,185.25999450683594,181.33999633789062,184.97000122070312,183.2152557373047,19432400
2023-03-09,186.35000610351562,188.92999267578125,180.3000030517578,181.69000244140625,179.96633911132812,26582800
2023-03-10,181.00999450683594,184.77000427246094,178.8000030517578,179.50999450683594,177.8070068359375,25665000
2023-03-13,177.9600067138672,183.77999877929688,174.82000732421875,180.89999389648438,179.18382263183594,24728000
2023-03-14,187.5800018310547,194.32000732421875,186.55999755859375,194.02000427246094,192.17938232421875,41642600
2023-03-15,192.9499969482422,197.77999877929688,190.83999633789062,197.75,195.87399291992188,42123600
2023-03-16,198.25999450683594,205.75999450683594,196.08999633789062,204.92999267578125,202.98583984375,50447100
2023-03-17,200.55999755859375,201.89999389648438,195.42999267578125,195.61000061035156,193.75428771972656,50141100
2023-03-20,198.47999572753906,199.36000061035156,193.63999938964844,197.80999755859375,195.93338012695312,25186300
2023-03-21,203.1999969482422,203.5500030517578,197.9499969482422,202.16000366210938,200.24215698242188,31827000
2023-03-22,202.5,207.3699951171875,199.6699981689453,199.80999755859375,197.9144287109375,28477800
2023-03-23,202.83999633789062,207.8800048828125,202.14999389648438,204.27999877929688,202.34205627441406,27389700
2023-03-24,205.17999267578125,207.5800018310547,203.5500030517578,206.00999450683594,204.0556182861328,27716400
2023-03-27,204.80999755859375,205.86000061035156,201.36000061035156,202.83999633789062,200.9157257080078,18527200
2023-03-28,200.14999389648438,201.02999877929688,197.89999389648438,200.67999267578125,198.7761993408203,19127300
2023-03-29,203.55999755859375,205.72000122070312,202.5399932861328,205.35000610351562,203.40188598632812,18851100
2023-03-30,203.3800048828125,208.08999633789062,202.82000732421875,207.83999633789062,205.86827087402344,22608300
2023-03-31,207.24000549316406,212.1699981689453,206.77000427246094,211.94000244140625,209.92935180664062,25440300
2023-04-03,208.83999633789062,213.49000549316406,208.1999969482422,213.07000732421875,211.0486602783203,17924600
2023-04-04,213.38999938964844,216.24000549316406,212.5399932861328,214.72000122070312,212.68299865722656,21026400
2023-04-05,214.14999389648438,215.19000244140625,209.94000244140625,211.47999572753906,209.47369384765625,19396600
2023-04-06,209.25,216.94000244140625,208.64999389648438,216.10000610351562,214.04989624023438,26104400
2023-04-10,214.7100067138672,215.66000366210938,210.66000366210938,214.75,212.71270751953125,16106100
2023-04-11,215.47999572753906,216.02000427246094,213.41000366210938,213.85000610351562,211.82127380371094,16710100
2023-04-12,214.83999633789062,216.83999633789062,212.5800018310547,214.0,211.96981811523438,18972200
2023-04-13,215.72999572753906,221.14999389648438,215.69000244140625,220.35000610351562,218.25958251953125,23310400
2023-04-14,217.8800048828125,222.11000061035156,217.5500030517578,221.49000549316406,219.38876342773438,21591200
2023-04-17,219.7899932861328,220.97999572753906,217.1300048828125,218.86000061035156,216.78372192382812,15481900
2023-04-18,219.91000366210938,220.44000244140625,216.2100067138672,217.88999938964844,215.8229522705078,12281000
2023-04-19,213.47000122070312,217.3300018310547,212.92999267578125,215.6999969482422,213.65367126464844,15898100
2023-04-20,213.47999572753906,216.75,212.77000427246094,213.07000732421875,211.0486602783203,16475400
2023-04-21,210.2100067138672,213.41000366210938,209.5800018310547,212.88999938964844,210.87034606933594,17717200
2023-04-24,213.67999267578125,213.9199981689453,210.7100067138672,212.7899932861328,210.7712860107422,15750900
2023-04-25,210.82000732421875,211.25999450683594,207.1300048828125,207.5500030517578,205.58099365234375,19198200
2023-04-26,212.5,214.11000061035156,208.8800048828125,209.39999389648438,207.41343688964844,41992700
2023-04-27,239.88999938964844,241.69000244140625,236.77000427246094,238.55999755859375,236.29681396484375,71196500
2023-04-28,239.00999450683594,240.42999267578125,235.75,240.32000732421875,238.0401153564453,39554000
2023-05-01,238.6199951171875,244.0,236.4600067138672,243.17999267578125,240.87295532226562,29143900
2023-05-02,243.17999267578125,244.9199981689453,238.99000549316406,239.24000549316406,236.97036743164062,24350100
2023-05-03,239.47000122070312,241.75,232.75,237.02999877929688,234.78135681152344,34463900
2023-05-04,236.05999755859375,238.1999969482422,232.92999267578125,233.52000427246094,231.30465698242188,17889400
2023-05-05,232.24000549316406,234.67999267578125,229.85000610351562,232.77999877929688,230.57167053222656,27000500
2023-05-08,231.4199981689453,235.6199951171875,230.27000427246094,233.27000427246094,231.0570068359375,16400500
2023-05-09,231.4600067138672,235.8800048828125,231.0800018310547,233.3699951171875,231.15602111816406,16865600
2023-05-10,236.1699981689453,236.75,230.72000122070312,233.0800018310547,230.86880493164062,19119000
2023-05-11,233.0500030517578,238.2100067138672,232.3000030517578,235.7899932861328,233.5531005859375,20449000
2023-05-12,236.74000549316406,236.9600067138672,231.4499969482422,233.80999755859375,231.59188842773438,16161400
2023-05-15,236.9199981689453,240.25999450683594,235.3300018310547,238.86000061035156,236.59397888183594,20653200
2023-05-16,235.7899932861328,239.63999938964844,235.52000427246094,238.82000732421875,236.5543670654297,18163800
2023-05-17,238.4499969482422,243.83999633789062,238.13999938964844,242.49000549316406,240.18954467773438,21193100
2023-05-18,241.3000030517578,247.08999633789062,241.19000244140625,246.85000610351562,244.5081787109375,22943300
2023-05-19,247.47000122070312,248.69000244140625,243.41000366210938,245.63999938964844,243.30966186523438,21733600
2023-05-22,245.41000366210938,253.57000732421875,245.1199951171875,248.32000732421875,245.96421813964844,27738500
2023-05-23,246.80999755859375,251.61000061035156,246.64999389648438,246.74000549316406,244.39920043945312,17748100
2023-05-24,245.27999877929688,249.58999633789062,244.9499969482422,249.2100067138672,246.84579467773438,17724300
2023-05-25,253.39999389648438,255.6199951171875,249.1699981689453,252.69000244140625,250.2927703857422,22371400
2023-05-26,252.92999267578125,262.30999755859375,252.7100067138672,262.0400085449219,259.5541076660156,25727200
2023-05-30,265.25,268.6499938964844,261.2900085449219,262.5199890136719,260.0295104980469,23816500
2023-05-31,260.0,265.0,258.45001220703125,264.7200012207031,262.2086486816406,25473700
2023-06-01,265.8999938964844,274.0,265.8900146484375,272.6099853515625,270.0237731933594,25609500
2023-06-02,272.6600036621094,275.3500061035156,271.1199951171875,272.6099853515625,270.0237731933594,19416900
2023-06-05,270.29998779296875,275.57000732421875,269.55999755859375,271.3900146484375,268.8153991699219,20742900
2023-06-06,270.1400146484375,276.57000732421875,269.69000244140625,271.1199951171875,268.5479431152344,19419000
2023-06-07,271.6700134277344,274.25,262.79998779296875,263.6000061035156,261.0992126464844,26163600
2023-06-08,260.6199951171875,267.6499938964844,258.8800048828125,264.5799865722656,262.0699462890625,20899400
2023-06-09,262.4800109863281,267.95001220703125,261.70001220703125,264.95001220703125,262.4364929199219,16949800
2023-06-12,267.1700134277344,271.75,265.3299865722656,271.04998779296875,268.47857666015625,15442500
2023-06-13,274.8800048828125,275.7200012207031,269.0899963378906,271.32000732421875,268.74603271484375,16164000
2023-06-14,271.8900146484375,274.989990234375,268.32000732421875,273.3500061035156,270.75677490234375,19175100
2023-06-15,272.29998779296875,283.989990234375,271.4200134277344,281.8299865722656,279.15631103515625,25973500
2023-06-16,284.75,287.8500061035156,280.1300048828125,281.0,278.334228515625,43127700
2023-06-20,278.7300109863281,284.79998779296875,276.2200012207031,284.3299865722656,281.632568359375,20701600
2023-06-21,283.5299987792969,284.0,278.3599853515625,281.6400146484375,278.9681701660156,20556200
2023-06-22,279.0799865722656,285.260009765625,277.7900085449219,284.8800048828125,282.1773681640625,17563100
2023-06-23,281.510009765625,289.6700134277344,278.95001220703125,288.7300109863281,285.9908752441406,51092000
2023-06-26,288.70001220703125,289.7900085449219,277.6000061035156,278.4700012207031,275.82818603515625,24232700
2023-06-27,282.010009765625,289.3500061035156,280.6499938964844,287.04998779296875,284.3267822265625,26108300
2023-06-28,284.82000732421875,289.54998779296875,284.05999755859375,285.2900085449219,282.5835266113281,16722100
2023-06-29,284.5,286.57000732421875,280.69000244140625,281.5299987792969,278.85919189453125,15395700
2023-06-30,284.760009765625,289.04998779296875,284.4200134277344,286.9800109863281,284.2574157714844,19694900
2023-07-03,286.70001220703125,289.3999938964844,284.8500061035156,286.0199890136719,283.3065490722656,8629300
2023-07-05,287.6499938964844,298.1199951171875,286.3599853515625,294.3699951171875,291.57733154296875,33865500
2023-07-06,295.8900146484375,298.1199951171875,291.30999755859375,291.989990234375,289.2198486328125,47600500
2023-07-07,292.17999267578125,296.20001220703125,288.6600036621094,290.5299987792969,287.7738342285156,25586000
2023-07-10,295.54998779296875,298.1300048828125,287.04998779296875,294.1000061035156,291.3099060058594,37058300
2023-07-11,293.8999938964844,300.17999267578125,291.8999938964844,298.2900085449219,295.460205078125,27585900
2023-07-12,301.75,309.45001220703125,300.1000061035156,309.3399963378906,306.4053039550781,36677100
2023-07-13,313.6199951171875,316.239990234375,310.2900085449219,313.4100036621094,310.43670654296875,30281000
2023-07-14,311.7900085449219,314.8800048828125,307.3599853515625,308.8699951171875,305.9398193359375,23054100
2023-07-17,307.5400085449219,311.7099914550781,304.7099914550781,310.6199951171875,307.6731872558594,25323100
2023-07-18,310.8800048828125,314.20001220703125,307.6199951171875,312.04998779296875,309.089599609375,20731900
2023-07-19,313.0299987792969,318.67999267578125,310.5199890136719,316.010009765625,313.0120544433594,21763700
2023-07-20,313.5,315.5400085449219,302.2200012207031,302.5199890136719,299.6500244140625,23836900
2023-07-21,304.57000732421875,305.4599914550781,291.20001220703125,294.260009765625,291.4684143066406,42139300
2023-07-24,295.7799987792969,297.5199890136719,288.29998779296875,291.6099853515625,288.843505859375,24915700
2023-07-25,295.19000244140625,298.29998779296875,291.8599853515625,294.4700012207031,291.6763916015625,19585600
2023-07-26,301.19000244140625,301.7699890136719,291.8999938964844,298.57000732421875,295.7375793457031,47256900
2023-07-27,325.1199951171875,325.3500061035156,309.8399963378906,311.7099914550781,308.7528381347656,64229200
2023-07-28,316.8800048828125,326.20001220703125,314.25,325.4800109863281,322.3922119140625,39220300
2023-07-31,323.69000244140625,325.6600036621094,317.5899963378906,318.6000061035156,315.5775451660156,25799600
2023-08-01,317.5400085449219,324.1400146484375,314.6600036621094,322.7099914550781,319.64849853515625,22817900
2023-08-02,318.0,318.3900146484375,310.6499938964844,314.30999755859375,311.3281555175781,20461100
2023-08-03,309.92999267578125,315.95001220703125,309.92999267578125,313.19000244140625,310.2188415527344,15180200
2023-08-04,314.9599914550781,318.4100036621094,310.20001220703125,310.7300109863281,307.7821350097656,17612800
2023-08-07,313.2300109863281,317.07000732421875,310.4599914550781,316.55999755859375,313.55694580078125,16236500
2023-08-08,314.3999938964844,317.8900146484375,310.1099853515625,312.6400146484375,309.67401123046875,15183500
2023-08-09,312.8800048828125,313.6300048828125,302.8500061035156,305.2099914550781,302.31451416015625,19955800
2023-08-10,307.94000244140625,312.3399963378906,303.8699951171875,305.739990234375,302.8394775390625,14358900
2023-08-11,302.57000732421875,304.7200012207031,300.3599853515625,301.6400146484375,298.7784423828125,14046300
2023-08-14,300.9800109863281,306.2099914550781,298.25,306.19000244140625,303.2852478027344,15641900
2023-08-15,306.1400146484375,307.2300109863281,300.0299987792969,301.95001220703125,299.08544921875,11623600
2023-08-16,300.20001220703125,301.0799865722656,294.2799987792969,294.2900085449219,291.4981384277344,18547700
2023-08-17,293.04998779296875,296.04998779296875,284.95001220703125,285.0899963378906,282.38543701171875,23950100
2023-08-18,279.0299987792969,285.69000244140625,274.3800048828125,283.25,280.5628356933594,35347900
2023-08-21,283.45001220703125,290.5,281.8500061035156,289.8999938964844,287.1497497558594,20181500
2023-08-22,292.54998779296875,292.8999938964844,286.75,287.6000061035156,284.8716125488281,12980200
2023-08-23,288.5,297.3999938964844,287.6700134277344,294.239990234375,291.4486083984375,18287000
2023-08-24,298.5,299.4599914550781,286.6400146484375,286.75,284.02960205078125,18360900
2023-08-25,286.1300048828125,288.3900146484375,276.0299987792969,285.5,282.79150390625,23701400
2023-08-28,288.0,291.45001220703125,285.79998779296875,290.260009765625,287.50634765625,14239300
2023-08-29,288.5799865722656,299.1499938964844,288.17999267578125,297.989990234375,295.1629638671875,20844500
2023-08-30,297.1700134277344,298.2900085449219,293.42999267578125,295.1000061035156,292.3004455566406,17717000
2023-08-31,295.79998779296875,301.1000061035156,295.6600036621094,295.8900146484375,293.08294677734375,17229900
2023-09-01,299.3699951171875,301.739990234375,294.4700012207031,296.3800048828125,293.5682067871094,12842300
2023-09-05,297.0199890136719,301.3900146484375,295.510009765625,300.1499938964844,297.30255126953125,14956000
2023-09-06,301.7099914550781,303.29998779296875,295.6600036621094,299.1700134277344,296.3318176269531,15418100
2023-09-07,298.0,307.04998779296875,292.2200012207031,298.6700134277344,295.8365478515625,33748700
2023-09-08,299.2200012207031,305.25,296.7799987792969,297.8900146484375,295.0639953613281,17548000
2023-09-11,301.4100036621094,309.0400085449219,301.2799987792969,307.55999755859375,304.6422119140625,19489300
2023-09-12,306.3299865722656,308.6600036621094,300.2300109863281,301.6600036621094,298.7981872558594,13480400
2023-09-13,302.3599853515625,307.17999267578125,301.32000732421875,305.05999755859375,302.1659240722656,13210900
2023-09-14,306.739990234375,312.8699951171875,305.0299987792969,311.7200012207031,308.7627868652344,19343100
2023-09-15,311.6099853515625,312.0,298.75,300.30999755859375,297.4609680175781,28131100
2023-09-18,298.19000244140625,303.6000061035156,297.79998779296875,302.54998779296875,299.67974853515625,14234200
2023-09-19,302.4800109863281,306.1700134277344,299.80999755859375,305.07000732421875,302.1758728027344,15924400
2023-09-20,305.04998779296875,308.05999755859375,299.42999267578125,299.6700134277344,296.8271179199219,19379500
2023-09-21,295.70001220703125,300.260009765625,293.2699890136719,295.7300109863281,292.9244689941406,21319600
2023-09-22,299.29998779296875,305.3800048828125,298.2699890136719,299.0799865722656,296.24267578125,25369600
2023-09-25,295.6400146484375,300.95001220703125,293.70001220703125,300.8299865722656,297.9761047363281,18987000
2023-09-26,297.6600036621094,300.29998779296875,296.010009765625,298.9599914550781,296.1238098144531,19417200
2023-09-27,300.45001220703125,301.29998779296875,286.7900085449219,297.739990234375,294.9153747558594,36429800
2023-09-28,298.94000244140625,306.3299865722656,296.70001220703125,303.9599914550781,301.076416015625,22167100
2023-09-29,307.3800048828125,310.6400146484375,299.3599853515625,300.2099914550781,297.36199951171875,25373700
2023-10-02,302.739990234375,307.17999267578125,301.6300048828125,306.82000732421875,303.90924072265625,16265600
2023-10-03,304.260009765625,306.7699890136719,299.6400146484375,300.94000244140625,298.08502197265625,17362300
2023-10-04,298.7300109863281,306.8999938964844,298.5,305.5799865722656,302.6809387207031,16880500
2023-10-05,304.6300048828125,306.2099914550781,299.5,304.7900085449219,301.8985290527344,19130000
2023-10-06,301.44000244140625,316.30999755859375,300.9100036621094,315.42999267578125,312.4375915527344,21803900
2023-10-09,312.5,320.3299865722656,311.82000732421875,318.3599853515625,315.3397216796875,22503700
2023-10-10,319.1199951171875,324.6600036621094,318.1600036621094,321.8399963378906,318.78680419921875,19038000
2023-10-11,323.010009765625,328.8399963378906,322.95001220703125,327.82000732421875,324.71002197265625,22036300
2023-10-12,328.0,330.5400085449219,322.69000244140625,324.1600036621094,321.08477783203125,20530500
2023-10-13,323.5299987792969,325.04998779296875,312.3699951171875,314.69000244140625,311.7045593261719,21341000
2023-10-16,318.6400146484375,321.82000732421875,315.5199890136719,321.1499938964844,318.1033020019531,16536100
2023-10-17,318.17999267578125,324.3999938964844,317.29998779296875,324.0,320.9262390136719,16387800
2023-10-18,321.3900146484375,325.94000244140625,315.55999755859375,316.9700012207031,313.9629211425781,16851000
2023-10-19,319.8800048828125,321.8900146484375,311.75,312.80999755859375,309.8424072265625,18709200
2023-10-20,314.1400146484375,315.29998779296875,306.4700012207031,308.6499938964844,305.72186279296875,22312300
2023-10-23,309.5,317.3599853515625,307.260009765625,314.010009765625,311.0310363769531,17796800
2023-10-24,316.7799987792969,318.3500061035156,310.6300048828125,312.54998779296875,309.58489990234375,19525500
2023-10-25,310.0,310.8800048828125,298.8399963378906,299.5299987792969,296.68841552734375,42192500
2023-10-26,295.0,295.0,279.3999938964844,288.3500061035156,285.614501953125,66684100
2023-10-27,294.4800109863281,299.30999755859375,292.9700012207031,296.7300109863281,293.91497802734375,29596300
2023-10-30,299.0899963378906,309.3999938964844,299.04998779296875,302.6600036621094,299.7886962890625,28435100
2023-10-31,303.30999755859375,303.67999267578125,296.8599853515625,301.2699890136719,298.411865234375,19434200
2023-11-01,301.8500061035156,312.739990234375,301.8500061035156,311.8500061035156,308.8915100097656,20434600
2023-11-02,317.29998779296875,318.82000732421875,308.3299865722656,310.8699951171875,307.9208068847656,21631800
2023-11-03,312.54998779296875,315.54998779296875,311.0199890136719,314.6000061035156,311.6154479980469,16764300
2023-11-06,315.9800109863281,318.3299865722656,314.45001220703125,315.79998779296875,312.8041076660156,12887700
2023-11-07,317.05999755859375,321.0,315.1199951171875,318.82000732421875,315.79541015625,14055600
2023-11-08,318.1400146484375,321.3299865722656,314.8800048828125,319.7799987792969,316.7463073730469,13609700
2023-11-09,319.4200134277344,324.17999267578125,318.79998779296875,320.54998779296875,317.509033203125,16103100
2023-11-10,319.94000244140625,329.1000061035156,319.4599914550781,328.7699890136719,325.6509704589844,19096200
2023-11-13,326.20001220703125,332.3299865722656,325.70001220703125,329.19000244140625,326.06707763671875,16908900
2023-11-14,334.5400085449219,338.1000061035156,333.3299865722656,336.30999755859375,333.1195373535156,17179400
2023-11-15,337.92999267578125,338.3999938964844,330.0199890136719,332.7099914550781,329.5536804199219,14531200
2023-11-16,329.3699951171875,334.5799865722656,326.3800048828125,334.19000244140625,331.0196533203125,18932600
2023-11-17,330.260009765625,335.5,329.3500061035156,335.0400085449219,331.8614807128906,14494400
2023-11-20,334.8900146484375,341.8699951171875,334.19000244140625,339.9700012207031,336.7447509765625,16960500
2023-11-21,338.3299865722656,339.8999938964844,335.8999938964844,336.9800109863281,333.7831726074219,12027900
2023-11-22,339.2099914550781,342.9200134277344,338.5799865722656,341.489990234375,338.25030517578125,10702700
2023-11-24,340.1300048828125,341.8599853515625,336.7699890136719,338.2300109863281,335.0213317871094,5467500
2023-11-27,336.17999267578125,339.8999938964844,334.20001220703125,334.70001220703125,331.5247802734375,15684500
2023-11-28,333.3999938964844,339.3800048828125,333.3999938964844,338.989990234375,335.7740478515625,12637200
2023-11-29,339.69000244140625,339.8999938964844,330.7799987792969,332.20001220703125,329.0484619140625,16024500
2023-11-30,331.8900146484375,333.5,322.3999938964844,327.1499938964844,324.04638671875,23146400
2023-12-01,325.4800109863281,326.8599853515625,320.760009765625,324.82000732421875,321.7384948730469,15276400
2023-12-04,317.2900085449219,320.8599853515625,313.6600036621094,320.0199890136719,316.9840393066406,19037100
2023-12-05,318.9800109863281,321.8800048828125,315.3900146484375,318.2900085449219,315.2704162597656,16952100
2023-12-06,321.92999267578125,322.25,317.0400085449219,317.45001220703125,314.4384765625,11294300
2023-12-07,317.7699890136719,328.239990234375,317.7699890136719,326.5899963378906,323.4917297363281,15905100
2023-12-08,323.0899963378906,333.1700134277344,323.0,332.75,329.59332275390625,14087400
2023-12-11,329.3999938964844,329.8900146484375,320.0,325.2799987792969,322.1941223144531,25802500
2023-12-12,324.6000061035156,334.4700012207031,324.55999755859375,334.2200012207031,331.04931640625,18485500
2023-12-13,333.92999267578125,338.3699951171875,332.6400146484375,334.739990234375,331.5643310546875,16353300
2023-12-14,333.8500061035156,334.70001220703125,328.6400146484375,333.1700134277344,330.00927734375,19607300
2023-12-15,331.989990234375,338.6600036621094,331.2200012207031,334.9200134277344,331.7427062988281,31776900
2023-12-18,337.4800109863281,347.55999755859375,337.0199890136719,344.6199951171875,341.35064697265625,18993900
2023-12-19,345.5799865722656,353.6000061035156,345.1199951171875,350.3599853515625,347.03619384765625,17729400
2023-12-20,348.6499938964844,354.9599914550781,347.7900085449219,349.2799987792969,345.9664611816406,16369900
2023-12-21,352.9800109863281,356.4100036621094,349.2099914550781,354.0899963378906,350.7307434082031,15289600
2023-12-22,355.5799865722656,357.20001220703125,351.2200012207031,353.3900146484375,350.0374450683594,11772800
2023-12-26,354.989990234375,356.9800109863281,353.45001220703125,354.8299865722656,351.4637756347656,9898600
2023-12-27,356.07000732421875,359.0,355.30999755859375,357.8299865722656,354.435302734375,13207900
2023-12-28,359.70001220703125,361.8999938964844,357.80999755859375,358.32000732421875,354.920654296875,11798800
2023-12-29,358.989990234375,360.0,351.82000732421875,353.9599914550781,350.6020202636719,14987100
2024-01-02,351.32000732421875,353.1600036621094,340.010009765625,346.2900085449219,343.00482177734375,19042200
2024-01-03,344.9800109863281,347.95001220703125,343.17999267578125,344.4700012207031,341.20208740234375,15451100
2024-01-04,344.5,348.1499938964844,343.3999938964844,347.1199951171875,343.8269348144531,12099900
2024-01-05,346.989990234375,353.5,346.260009765625,351.95001220703125,348.61114501953125,13920700
2024-01-08,354.70001220703125,358.9800109863281,352.04998779296875,358.6600036621094,355.2574462890625,13890200
2024-01-09,356.3999938964844,360.6400146484375,355.3599853515625,357.42999267578125,354.03912353515625,13463900
2024-01-10,360.1700134277344,372.94000244140625,359.0799865722656,370.4700012207031,366.95538330078125,22117200
2024-01-11,372.1300048828125,372.7799987792969,362.92999267578125,369.6700134277344,366.16302490234375,17205400
2024-01-12,370.1600036621094,377.05999755859375,369.5400085449219,374.489990234375,370.9372863769531,19310000
2024-01-16,373.6499938964844,375.6099853515625,367.2300109863281,367.4599914550781,363.9739685058594,15306900
2024-01-17,366.29998779296875,368.5400085449219,358.6099853515625,368.3699951171875,364.8753356933594,12724800
2024-01-18,371.489990234375,376.8500061035156,370.95001220703125,376.1300048828125,372.561767578125,16354300
2024-01-19,379.0,384.3599853515625,377.9700012207031,383.45001220703125,379.8122863769531,21670800
2024-01-22,387.95001220703125,390.3500061035156,381.1600036621094,381.7799987792969,378.1580810546875,17680500
2024-01-23,384.6199951171875,388.3800048828125,382.0799865722656,385.20001220703125,381.54571533203125,15506100
2024-01-24,390.0,396.1499938964844,387.80999755859375,390.70001220703125,386.9934997558594,15698500
2024-01-25,390.1700134277344,395.489990234375,385.6600036621094,393.17999267578125,389.45001220703125,15091100
2024-01-26,394.3500061035156,396.7900085449219,391.5899963378906,394.1400146484375,390.4009094238281,13163700
2024-01-29,394.989990234375,402.92999267578125,393.1000061035156,401.0199890136719,397.215576171875,18742400
2024-01-30,403.5899963378906,406.3599853515625,399.57000732421875,400.05999755859375,396.2646789550781,18614700
2024-01-31,389.0,398.0,387.1000061035156,390.1400146484375,386.43878173828125,20180800
2024-02-01,393.94000244140625,400.5,393.04998779296875,394.7799987792969,391.0347595214844,29727100
2024-02-02,459.6000061035156,485.9599914550781,453.010009765625,474.989990234375,470.4839172363281,84707600
2024-02-05,469.8800048828125,471.8999938964844,459.2200012207031,459.4100036621094,455.05169677734375,40832400
2024-02-06,464.0,467.1199951171875,453.0,454.7200012207031,450.4061584472656,21655200
2024-02-07,458.0,471.5199890136719,456.17999267578125,469.5899963378906,465.1350402832031,23066000
2024-02-08,468.32000732421875,470.5899963378906,465.0299987792969,470.0,465.5411682128906,18815100
2024-02-09,472.95001220703125,473.5899963378906,467.4700012207031,468.1099853515625,463.6690673828125,18413100
2024-02-12,468.19000244140625,479.1499938964844,466.5799865722656,468.8999938964844,464.4515686035156,19382000
2024-02-13,456.8699951171875,467.8900146484375,455.0899963378906,460.1199951171875,455.7549743652344,20916600
2024-02-14,467.92999267578125,474.1099853515625,466.0899963378906,473.2799987792969,468.79010009765625,16858400
2024-02-15,475.2799987792969,488.6199951171875,472.2200012207031,484.0299987792969,479.4381408691406,24212300
2024-02-16,478.1099853515625,478.9599914550781,469.2099914550781,473.32000732421875,468.8296813964844,23324600
2024-02-20,469.7200012207031,476.17999267578125,466.55999755859375,471.75,467.2745666503906,18015500
2024-02-21,466.5,469.0,461.7900085449219,468.0299987792969,464.08172607421875,12921800
2024-02-22,480.239990234375,489.989990234375,476.05999755859375,486.1300048828125,482.0290832519531,21625800
2024-02-23,488.04998779296875,494.3599853515625,482.3500061035156,484.0299987792969,479.9468078613281,18374300
2024-02-26,483.4700012207031,486.1400146484375,480.6000061035156,481.739990234375,477.67608642578125,12101400
2024-02-27,479.9800109863281,487.2699890136719,479.9200134277344,487.04998779296875,482.9412841796875,10809600
2024-02-28,485.0,491.04998779296875,482.75,484.0199890136719,479.9367980957031,12715500
2024-02-29,488.44000244140625,491.70001220703125,482.6099853515625,490.1300048828125,485.99530029296875,17732000
2024-03-01,492.1099853515625,504.25,491.8500061035156,502.29998779296875,498.06268310546875,16273600
2024-03-04,503.0,504.4200134277344,496.4200134277344,498.19000244140625,493.9873352050781,12324100
2024-03-05,495.0,495.5799865722656,487.8900146484375,490.2200012207031,486.0845642089844,15325300
2024-03-06,497.6300048828125,502.9700012207031,494.2900085449219,496.0899963378906,491.905029296875,11757900
2024-03-07,503.2799987792969,519.8499755859375,501.3800048828125,512.1900024414062,507.8692321777344,18586400
2024-03-08,514.1900024414062,523.5700073242188,499.3500061035156,505.95001220703125,501.6818542480469,18597100
2024-03-11,497.010009765625,497.32000732421875,476.0,483.5899963378906,479.51043701171875,20428300
2024-03-12,493.260009765625,502.30999755859375,484.7300109863281,499.75,495.5342102050781,15448200
2024-03-13,495.3900146484375,500.9800109863281,491.0299987792969,495.57000732421875,491.38946533203125,12090700
2024-03-14,500.260009765625,501.3500061035156,488.1600036621094,491.8299865722656,487.680908203125,12620000
2024-03-15,489.010009765625,491.8299865722656,481.29998779296875,484.1000061035156,480.0162353515625,29153600
2024-03-18,491.9100036621094,497.4200134277344,486.80999755859375,496.9800109863281,492.7875061035156,11755300
2024-03-19,488.1700134277344,496.6300048828125,481.2799987792969,496.239990234375,492.05377197265625,10903100
2024-03-20,499.5,508.20001220703125,495.1700134277344,505.5199890136719,501.2554931640625,11711100
2024-03-21,514.7100219726562,515.0399780273438,506.010009765625,507.760009765625,503.47662353515625,9712500
2024-03-22,507.0,509.9700012207031,504.3399963378906,509.5799865722656,505.28118896484375,8120600
2024-03-25,505.7900085449219,507.2200012207031,500.239990234375,503.0199890136719,498.7765808105469,8380600
2024-03-26,505.1300048828125,510.0,495.2099914550781,495.8900146484375,491.70672607421875,11205400
2024-03-27,499.29998779296875,499.8900146484375,488.07000732421875,493.8599853515625,489.69384765625,9989700
2024-03-28,492.8399963378906,492.8900146484375,485.1499938964844,485.5799865722656,481.48370361328125,15212800
2024-04-01,487.20001220703125,497.42999267578125,481.7799987792969,491.3500061035156,487.2050476074219,9247000
2024-04-02,485.1000061035156,497.5299987792969,484.6499938964844,497.3699951171875,493.1742248535156,11081000
2024-04-03,498.92999267578125,507.239990234375,498.75,506.739990234375,502.4652099609375,12099200
2024-04-04,516.4199829101562,530.0,510.5799865722656,510.9200134277344,506.6100158691406,26476300
2024-04-05,516.8599853515625,530.7000122070312,514.4099731445312,527.3400268554688,522.8914184570312,19263300
2024-04-08,529.280029296875,531.489990234375,518.8900146484375,519.25,514.8697509765625,13260600
2024-04-09,522.22998046875,525.8699951171875,506.739990234375,516.9000244140625,512.53955078125,10863800
2024-04-10,509.2900085449219,522.5599975585938,505.79998779296875,519.8300170898438,515.4447021484375,11418500
2024-04-11,521.1099853515625,523.8599853515625,517.2899780273438,523.1599731445312,518.7467041015625,10369500
2024-04-12,517.75,520.1900024414062,509.3299865722656,511.8999938964844,507.5816955566406,11984500
2024-04-15,516.719970703125,518.530029296875,497.2799987792969,500.2300109863281,496.0101318359375,13512900
2024-04-16,498.1099853515625,504.7699890136719,497.1099853515625,499.760009765625,495.5440979003906,9847900
2024-04-17,503.1000061035156,503.1600036621094,487.1400146484375,494.1700134277344,490.0012512207031,12193700
2024-04-18,499.82000732421875,512.2100219726562,499.0400085449219,501.79998779296875,497.5668640136719,14808700
2024-04-19,502.79998779296875,502.79998779296875,475.7300109863281,481.07000732421875,477.01171875,25215400
2024-04-22,489.7200012207031,492.010009765625,473.3999938964844,481.7300109863281,477.6661682128906,17271100
2024-04-23,491.25,498.760009765625,488.9700012207031,496.1000061035156,491.9150085449219,15079200
2024-04-24,508.05999755859375,510.0,484.5799865722656,493.5,489.3369140625,37772700
2024-04-25,421.3999938964844,445.7699890136719,414.5,441.3800048828125,437.6565856933594,82890700
2024-04-26,441.4599914550781,446.44000244140625,431.9599914550781,443.2900085449219,439.55047607421875,32691400
2024-04-29,439.55999755859375,439.760009765625,428.55999755859375,432.6199951171875,428.970458984375,21502600
2024-04-30,431.04998779296875,439.6199951171875,429.7200012207031,430.1700134277344,426.5411071777344,18429500
2024-05-01,428.6000061035156,449.9599914550781,427.1099853515625,439.19000244140625,435.4850769042969,20344900
2024-05-02,438.8399963378906,443.9599914550781,432.2799987792969,441.67999267578125,437.9540710449219,15221300
2024-05-03,445.92999267578125,454.1700134277344,443.8500061035156,451.9599914550781,448.1473388671875,16489100
2024-05-06,455.5799865722656,466.1600036621094,453.3399963378906,465.67999267578125,461.7515869140625,15094600
2024-05-07,466.2900085449219,471.5299987792969,461.30999755859375,468.239990234375,464.2900390625,13406800
2024-05-08,463.5,475.5799865722656,463.0,472.6000061035156,468.6131896972656,11683900
2024-05-09,470.0,476.0799865722656,467.6300048828125,475.4200134277344,471.4094543457031,9437700
2024-05-10,477.0899963378906,477.5,469.6000061035156,476.20001220703125,472.1828308105469,10750000
2024-05-13,472.75,473.3500061035156,462.8500061035156,468.010009765625,464.06195068359375,14668800
2024-05-14,463.3699951171875,472.5400085449219,460.0799865722656,471.8500061035156,467.8695373535156,10478600
2024-05-15,474.9800109863281,482.5,471.20001220703125,481.5400085449219,477.4777526855469,13100500
2024-05-16,475.0,477.69000244140625,472.75,473.2300109863281,469.2378845214844,16608200
2024-05-17,470.8299865722656,472.79998779296875,468.4200134277344,471.9100036621094,467.9290466308594,10807300
2024-05-20,469.95001220703125,473.20001220703125,467.0400085449219,468.8399963378906,464.8848876953125,11745100
2024-05-21,467.1199951171875,470.70001220703125,462.2699890136719,464.6300048828125,460.71044921875,11742200
2024-05-22,467.8699951171875,473.7200012207031,465.6499938964844,467.7799987792969,463.8338623046875,10078600
2024-05-23,472.8800048828125,474.3599853515625,461.5400085449219,465.7799987792969,461.8506774902344,11747900
2024-05-24,467.6199951171875,479.8500061035156,466.29998779296875,478.2200012207031,474.18585205078125,12024300
2024-05-28,476.5799865722656,480.8599853515625,474.8399963378906,479.9200134277344,475.8714599609375,10175800
2024-05-29,474.6600036621094,479.8500061035156,473.70001220703125,474.3599853515625,470.35833740234375,9226200
2024-05-30,471.6700134277344,471.7300109863281,464.7099914550781,467.04998779296875,463.1099853515625,10719600
2024-05-31,465.79998779296875,469.1199951171875,454.4599914550781,466.8299865722656,462.8918762207031,16919800
2024-06-03,470.8599853515625,479.6000061035156,468.239990234375,477.489990234375,473.4619445800781,11279400
2024-06-04,477.0,478.8900146484375,473.2300109863281,476.989990234375,472.9661560058594,7088700
2024-06-05,484.45001220703125,496.6499938964844,483.9100036621094,495.05999755859375,490.8836669921875,15690500
2024-06-06,492.9800109863281,502.82000732421875,490.8900146484375,493.760009765625,489.5947265625,10667300
2024-06-07,495.9100036621094,498.9100036621094,490.1700134277344,492.9599914550781,488.80145263671875,9380700
2024-06-10,493.8599853515625,502.6600036621094,493.4100036621094,502.6000061035156,498.3601379394531,11220900
2024-06-11,500.1600036621094,507.6000061035156,498.2699890136719,507.4700012207031,503.18902587890625,9673700
2024-06-12,513.989990234375,514.010009765625,504.4700012207031,508.8399963378906,504.5474548339844,11983200
2024-06-13,505.7099914550781,509.3599853515625,501.3599853515625,504.1000061035156,499.84747314453125,9954600
2024-06-14,502.6499938964844,507.1499938964844,500.75,504.1600036621094,500.4033203125,10243300
2024-06-17,501.6700134277344,510.75,496.010009765625,506.6300048828125,502.85491943359375,11266600
2024-06-18,504.55999755859375,506.0,495.0199890136719,499.489990234375,495.7680969238281,13060400
2024-06-20,502.0,503.6700134277344,496.7699890136719,501.70001220703125,497.96160888671875,11801200
2024-06-21,503.45001220703125,503.45001220703125,492.3900146484375,494.7799987792969,491.09326171875,22359200
2024-06-24,499.20001220703125,507.79998779296875,494.2900085449219,498.9100036621094,495.1924133300781,13525300
2024-06-25,497.04998779296875,510.7099914550781,495.5,510.6000061035156,506.7953186035156,12063200
2024-06-26,506.6499938964844,513.8099975585938,504.67999267578125,513.1199951171875,509.2965087890625,8882300
2024-06-27,514.25,522.8800048828125,513.9000244140625,519.5599975585938,515.6884155273438,10121200
2024-06-28,517.1500244140625,521.8800048828125,503.8399963378906,504.2200012207031,500.462890625,15855100
2024-07-01,504.95001220703125,506.5799865722656,493.1700134277344,504.67999267578125,500.91943359375,10328200
2024-07-02,500.760009765625,510.5,499.45001220703125,509.5,505.70355224609375,7739500
2024-07-03,506.3699951171875,511.2799987792969,506.0199890136719,509.9599914550781,506.16009521484375,6005600
2024-07-05,511.6000061035156,540.8699951171875,511.6000061035156,539.9099731445312,535.8868408203125,21354100
2024-07-08,542.3499755859375,542.8099975585938,526.6500244140625,529.3200073242188,525.3758544921875,14917500
2024-07-09,533.75,537.47998046875,528.1900024414062,530.0,526.05078125,8753200
2024-07-10,530.7899780273438,538.8800048828125,528.3599853515625,534.6900024414062,530.705810546875,10983300
2024-07-11,530.8900146484375,535.4600219726562,508.3699951171875,512.7000122070312,508.8796691894531,16458300
2024-07-12,497.760009765625,508.0899963378906,494.2300109863281,498.8699951171875,495.1526794433594,19750500
2024-07-15,498.6300048828125,506.67999267578125,493.3699951171875,496.1600036621094,492.462890625,12539200
2024-07-16,501.5,503.95001220703125,485.7900085449219,489.7900085449219,486.140380859375,14075800
2024-07-17,479.1700134277344,479.1700134277344,459.1199951171875,461.989990234375,458.54754638671875,28076600
2024-07-18,475.0,479.239990234375,464.5400085449219,475.8500061035156,472.30426025390625,19267200
2024-07-19,476.05999755859375,486.7099914550781,475.7099914550781,476.7900085449219,473.2372741699219,15149400
2024-07-22,486.5799865722656,492.05999755859375,483.8999938964844,487.3999938964844,483.7682189941406,12023100
2024-07-23,489.8399963378906,495.2200012207031,487.7200012207031,488.69000244140625,485.04852294921875,9455500
2024-07-24,472.30999755859375,476.29998779296875,460.5799865722656,461.2699890136719,457.8328857421875,17649700
2024-07-25,463.260009765625,463.54998779296875,442.6499938964844,453.4100036621094,450.031494140625,18240500
2024-07-26,464.20001220703125,469.7699890136719,459.4200134277344,465.70001220703125,462.2299499511719,14222400
2024-07-29,469.8800048828125,473.9599914550781,465.0199890136719,465.7099914550781,462.2397766113281,11339600
2024-07-30,467.0,472.7300109863281,456.70001220703125,463.19000244140625,459.73858642578125,11390400
2024-07-31,471.0199890136719,476.5,466.75,474.8299865722656,471.2918701171875,24285800
2024-08-01,521.0,527.1699829101562,492.1000061035156,497.739990234375,494.0311584472656,43083100
2024-08-02,489.0,501.1499938964844,476.1499938964844,488.1400146484375,484.5027160644531,24044700
2024-08-05,451.3500061035156,483.4800109863281,450.79998779296875,475.7300109863281,472.18511962890625,21396200
2024-08-06,479.0,502.55999755859375,478.6499938964844,494.0899963378906,490.4083557128906,20955000
2024-08-07,503.1300048828125,510.1499938964844,486.8599853515625,488.9200134277344,485.27685546875,20105300
2024-08-08,497.5,509.9599914550781,494.7200012207031,509.6300048828125,505.8326110839844,16156800
2024-08-09,507.7099914550781,518.3400268554688,505.70001220703125,517.77001953125,513.911865234375,13696600
2024-08-12,516.8599853515625,518.02001953125,509.1000061035156,515.9500122070312,512.1055297851562,9767400
2024-08-13,520.010009765625,531.5,518.1500244140625,528.5399780273438,524.6016845703125,13743800
2024-08-14,528.0599975585938,534.0,523.1300048828125,526.760009765625,522.8350219726562,11444200
2024-08-15,531.7899780273438,539.77001953125,526.7000122070312,537.3300170898438,533.326171875,13482100
2024-08-16,531.9000244140625,533.6599731445312,524.6599731445312,527.4199829101562,523.4899291992188,14776700
2024-08-19,526.8699951171875,531.6599731445312,522.760009765625,529.280029296875,525.3360595703125,9879700
2024-08-20,528.3499755859375,531.0900268554688,525.8800048828125,526.72998046875,522.8050537109375,7944400
2024-08-21,527.1500244140625,539.4000244140625,526.9299926757812,535.1599731445312,531.1722412109375,13423300
2024-08-22,537.0,544.22998046875,528.5900268554688,531.9299926757812,527.96630859375,15708300
2024-08-23,536.9199829101562,539.8699951171875,525.0599975585938,528.0,524.0656127929688,11323900
2024-08-26,527.5999755859375,528.0,514.9500122070312,521.1199951171875,517.2369384765625,9584000
2024-08-27,518.97998046875,524.010009765625,515.3099975585938,519.0999755859375,515.2320556640625,6282700
2024-08-28,517.6699829101562,521.0900268554688,512.4500122070312,516.780029296875,512.9292602539062,9106100
2024-08-29,519.0499877929688,527.2000122070312,515.6799926757812,518.219970703125,514.3584594726562,8317400
2024-08-30,521.3499755859375,523.5399780273438,515.2000122070312,521.3099975585938,517.4254150390625,9157500
2024-09-03,519.6400146484375,525.489990234375,508.6199951171875,511.760009765625,507.9466857910156,12459100
2024-09-04,506.07000732421875,516.5900268554688,504.07000732421875,512.739990234375,508.91937255859375,8335200
2024-09-05,511.7200012207031,521.6300048828125,511.1499938964844,516.8599853515625,513.0086059570312,8640900
2024-09-06,521.8800048828125,524.5800170898438,498.25,500.2699890136719,496.5422668457031,14744500
2024-09-09,506.1600036621094,511.3299865722656,502.0799865722656,504.7900085449219,501.02862548828125,11047800
2024-09-10,508.1600036621094,514.1799926757812,500.0299987792969,504.7900085449219,501.02862548828125,9899000
2024-09-11,507.010009765625,513.1199951171875,495.6000061035156,511.8299865722656,508.01611328125,10782500
2024-09-12,517.0499877929688,526.7100219726562,515.219970703125,525.5999755859375,521.6835327148438,11970500
2024-09-13,520.3400268554688,527.5800170898438,517.1099853515625,524.6199951171875,520.7108154296875,10321400
2024-09-16,524.5399780273438,534.0999755859375,517.4000244140625,533.280029296875,529.8113403320312,9527600
2024-09-17,537.5999755859375,542.0999755859375,530.5700073242188,536.3200073242188,532.83154296875,11690800
2024-09-18,537.0700073242188,544.2000122070312,533.9000244140625,537.9500122070312,534.450927734375,10323500
2024-09-19,550.0,562.0700073242188,546.52001953125,559.0999755859375,555.46337890625,15647000
2024-09-20,560.0,564.5,556.2999877929688,561.3499755859375,557.69873046875,22066800
2024-09-23,569.5,573.97998046875,562.4099731445312,564.4099731445312,560.73876953125,12830700
2024-09-24,566.6799926757812,567.75,554.1900024414062,563.3300170898438,559.665771484375,12993000
2024-09-25,564.0499877929688,576.8800048828125,563.719970703125,568.3099975585938,564.6133422851562,16543400
2024-09-26,575.72998046875,577.4000244140625,562.3499755859375,567.8400268554688,564.1466064453125,14400800
2024-09-27,570.0999755859375,570.8400268554688,564.510009765625,567.3599853515625,563.6696166992188,9398400
2024-09-30,567.7000122070312,574.6799926757812,564.7999877929688,572.4400024414062,568.7164916992188,12792300
2024-10-01,577.97998046875,583.0399780273438,570.0999755859375,576.469970703125,572.7203369140625,15259300
2024-10-02,574.8599853515625,576.0,569.3400268554688,572.8099975585938,569.0841674804688,6524700
2024-10-03,570.1500244140625,583.3599853515625,568.72998046875,582.77001953125,578.9794311523438,11581000
2024-10-04,583.72998046875,596.8499755859375,581.4299926757812,595.9400024414062,592.063720703125,14169500
2024-10-07,598.219970703125,602.9500122070312,584.0399780273438,584.780029296875,580.976318359375,12014200
2024-10-08,589.6900024414062,593.5599975585938,585.969970703125,592.8900146484375,589.0335083007812,7857400
2024-10-09,593.989990234375,594.3900146484375,581.6099853515625,590.510009765625,586.6689453125,9529700
2024-10-10,587.5700073242188,590.22998046875,582.52001953125,583.8300170898438,580.032470703125,7740400
2024-10-11,584.8300170898438,591.2100219726562,582.7100219726562,589.9500122070312,586.1126098632812,8587100
2024-10-14,594.219970703125,600.0999755859375,589.9600219726562,590.4199829101562,586.5795288085938,8252000
2024-10-15,590.1599731445312,590.6099853515625,580.1400146484375,586.27001953125,582.4566650390625,9564200
2024-10-16,581.4000244140625,582.0800170898438,574.030029296875,576.7899780273438,573.0382690429688,11268400
2024-10-17,583.3300170898438,584.969970703125,575.2000122070312,576.9299926757812,573.1774291992188,8701200
2024-10-18,581.0999755859375,583.969970703125,575.25,576.469970703125,572.7203369140625,7694300
2024-10-21,576.030029296875,577.239990234375,569.1099853515625,575.1599731445312,571.4188232421875,8171900
2024-10-22,574.2899780273438,583.530029296875,572.1199951171875,582.010009765625,578.224365234375,8544500
2024-10-23,579.969970703125,585.0,562.5,563.6900024414062,560.0234985351562,14248400
2024-10-24,567.1300048828125,568.8800048828125,561.52001953125,567.780029296875,564.0868530273438,7184700
2024-10-25,573.9299926757812,581.2899780273438,571.719970703125,573.25,569.521240234375,11337900
2024-10-28,582.0,583.75,574.1199951171875,578.1599731445312,574.3992919921875,10925100
2024-10-29,580.1500244140625,593.6699829101562,575.4000244140625,593.280029296875,589.4210205078125,13019100
2024-10-30,600.97998046875,601.2000122070312,589.3800048828125,591.7999877929688,587.9506225585938,26864900
2024-10-31,585.0,589.9000244140625,563.010009765625,567.5800170898438,563.8881225585938,26838400
2024-11-01,567.6099853515625,573.6699829101562,562.5599975585938,567.1599731445312,563.4708862304688,15303200
2024-11-04,564.0999755859375,568.6900024414062,557.8900146484375,560.6799926757812,557.0330810546875,12064600
2024-11-05,567.2999877929688,573.47998046875,566.6699829101562,572.4299926757812,568.7066040039062,9775400
2024-11-06,562.75,573.0,555.1699829101562,572.0499877929688,568.3291015625,18305400
2024-11-07,576.8900146484375,594.7999877929688,575.2100219726562,591.7000122070312,587.8512573242188,14653700
2024-11-08,591.5399780273438,593.0999755859375,584.52001953125,589.3400268554688,585.506591796875,9415700
2024-11-11,586.3599853515625,587.0,576.510009765625,583.1699829101562,579.3767700195312,10209100
2024-11-12,588.5399780273438,599.6599731445312,580.3800048828125,584.8200073242188,581.0160522460938,16287700
2024-11-13,582.6099853515625,585.6400146484375,575.1699829101562,580.0,576.2273559570312,10757600
2024-11-14,577.0,580.760009765625,573.010009765625,577.1599731445312,573.4058837890625,11053700
2024-11-15,571.219970703125,572.5700073242188,551.5,554.0800170898438,550.4760131835938,17712900
2024-11-18,557.0399780273438,559.9000244140625,550.0900268554688,554.4000244140625,550.7939453125,14327300
2024-11-19,551.8599853515625,561.4299926757812,550.5999755859375,561.0900268554688,557.4404296875,9522400
2024-11-20,562.9299926757812,566.3499755859375,554.2000122070312,565.52001953125,561.841552734375,9797300
2024-11-21,569.52001953125,570.0,549.0499877929688,563.0900268554688,559.4273681640625,11154700
2024-11-22,563.5499877929688,563.8300170898438,554.5900268554688,559.1400146484375,555.5031127929688,9164000
2024-11-25,562.0999755859375,572.5900268554688,556.3900146484375,565.1099853515625,561.4342651367188,13599800
2024-11-26,566.0,577.5,565.2000122070312,573.5399780273438,569.8094482421875,10356600
2024-11-27,574.8900146484375,574.97998046875,564.0999755859375,569.2000122070312,565.4976196289062,7200200
2024-11-29,569.0,578.4600219726562,566.9000244140625,574.3200073242188,570.5842895507812,7130500
2024-12-02,577.5,594.5,575.5700073242188,592.8300170898438,588.9739379882812,12522400
2024-12-03,595.0,614.2000122070312,591.25,613.6500244140625,609.6585083007812,14907200
2024-12-04,612.9600219726562,617.780029296875,605.0999755859375,613.780029296875,609.7877197265625,14697000
2024-12-05,617.0800170898438,619.9000244140625,607.0499877929688,608.9299926757812,604.9691772460938,8081200
2024-12-06,610.0999755859375,629.7899780273438,608.530029296875,623.77001953125,619.7127075195312,16935500
2024-12-09,623.9199829101562,626.4000244140625,606.1699829101562,613.5700073242188,609.5789794921875,11426000
2024-12-10,617.5599975585938,625.5900268554688,612.739990234375,619.3200073242188,615.291748046875,10938900
2024-12-11,623.3699951171875,638.4000244140625,621.530029296875,632.6799926757812,628.564697265625,10837200
2024-12-12,631.5,636.6599731445312,627.2100219726562,630.7899780273438,626.6870727539062,7474700
2024-12-13,627.219970703125,631.0800170898438,616.8900146484375,620.3499755859375,616.31494140625,8453300
2024-12-16,629.97998046875,631.1500244140625,618.5800170898438,624.239990234375,620.6798706054688,10885600
2024-12-17,626.1699829101562,632.3699951171875,616.5399780273438,619.4400024414062,615.9072265625,12897800
2024-12-18,621.0,627.3599853515625,596.3200073242188,597.1900024414062,593.7841186523438,17075500
2024-12-19,610.3900146484375,611.52001953125,595.0,595.5700073242188,592.1734619140625,14958100
2024-12-20,590.5800170898438,603.1099853515625,580.0,585.25,581.9122314453125,48989400
2024-12-23,589.5999755859375,601.0900268554688,586.25,599.8499755859375,596.4290161132812,10205800
2024-12-24,602.719970703125,607.989990234375,599.280029296875,607.75,604.283935546875,4726100
2024-12-26,605.47998046875,606.2999877929688,598.9400024414062,603.3499755859375,599.9089965820312,6081400
2024-12-27,599.4099731445312,601.8499755859375,589.7999877929688,599.8099975585938,596.38916015625,8084200
2024-12-30,588.75,596.9400024414062,585.5800170898438,591.239990234375,587.8679809570312,7025900
2024-12-31,592.27001953125,593.969970703125,583.8499755859375,585.510009765625,582.1707763671875,6019500
2025-01-02,589.719970703125,604.9099731445312,587.8200073242188,599.239990234375,595.822509765625,12682300
2025-01-03,604.760009765625,609.5,596.4099731445312,604.6300048828125,601.181640625,11436800
2025-01-06,611.8300170898438,630.989990234375,605.6199951171875,630.2000122070312,626.6058959960938,14560800
2025-01-07,631.7000122070312,632.0999755859375,608.22998046875,617.8900146484375,614.3660888671875,12071500
2025-01-08,613.4000244140625,616.4400024414062,602.7899780273438,610.719970703125,607.2369995117188,10085800
2025-01-10,610.030029296875,629.9099731445312,597.3400268554688,615.8599853515625,612.34765625,19256600
2025-01-13,607.0999755859375,608.969970703125,598.4500122070312,608.3300170898438,604.860595703125,10785000
2025-01-14,605.0700073242188,605.489990234375,588.5499877929688,594.25,590.8609008789062,13598000
2025-01-15,610.2100219726562,622.4600219726562,606.5,617.1199951171875,613.6004638671875,15524300
2025-01-16,611.5,616.25,609.7100219726562,611.2999877929688,607.8136596679688,8355300
2025-01-17,624.0499877929688,624.969970703125,603.6699829101562,612.77001953125,609.2752685546875,17280600
2025-01-21,617.8300170898438,621.5,609.010009765625,616.4600219726562,612.9442749023438,11674000
2025-01-22,623.2999877929688,633.7000122070312,619.4299926757812,623.5,619.944091796875,12274000
2025-01-23,627.3599853515625,636.5999755859375,621.1500244140625,636.4500122070312,632.8202514648438,9910200
2025-01-24,636.4000244140625,652.0,634.2000122070312,647.489990234375,643.7972412109375,19065300
2025-01-27,626.6099853515625,663.8699951171875,625.0999755859375,659.8800048828125,656.1166381835938,28399200
2025-01-28,666.0,682.5800170898438,659.469970703125,674.3300170898438,670.4842529296875,20950100
2025-01-29,675.0,681.0499877929688,665.6699829101562,676.489990234375,672.6318969726562,21377800
2025-01-30,696.8200073242188,710.7899780273438,676.0999755859375,687.0,683.0819702148438,29322900
2025-01-31,691.0,705.2999877929688,685.5800170898438,689.1799926757812,685.24951171875,19303900
2025-02-03,675.9099731445312,704.0,675.25,697.4600219726562,693.4822998046875,21415700
2025-02-04,702.5,707.7100219726562,691.6099853515625,704.1900024414062,700.1738891601562,13826300
2025-02-05,703.5499877929688,718.1400146484375,699.010009765625,704.8699951171875,700.85009765625,17778200
2025-02-06,705.8800048828125,718.9000244140625,703.5,711.989990234375,707.929443359375,13080700
2025-02-07,716.7999877929688,725.010009765625,711.75,714.52001953125,710.445068359375,16427100
2025-02-10,718.5599975585938,721.2000122070312,711.3300170898438,717.4000244140625,713.3085327148438,12904300
2025-02-11,713.3200073242188,723.6599731445312,710.0399780273438,719.7999877929688,715.6948852539062,12998000
2025-02-12,715.2999877929688,727.0999755859375,712.5999755859375,725.3800048828125,721.2430419921875,12016500
2025-02-13,721.52001953125,729.0,718.0399780273438,728.5599975585938,724.4049072265625,12569100
2025-02-14,726.1400146484375,740.9099731445312,725.6199951171875,736.6699829101562,732.4686889648438,16901200
2025-02-18,736.0,737.0,706.4400024414062,716.3699951171875,712.284423828125,21938700
2025-02-19,704.0999755859375,707.0,695.3900146484375,703.77001953125,699.75634765625,17535500
2025-02-20,697.280029296875,705.6300048828125,693.6400146484375,694.8400268554688,690.8773193359375,12587400
2025-02-21,696.5800170898438,703.8699951171875,682.3599853515625,683.5499877929688,679.6515502929688,15660400
2025-02-24,686.280029296875,687.27001953125,662.4500122070312,668.1300048828125,664.3196411132812,15677000
2025-02-25,665.969970703125,668.0,641.8599853515625,657.5,653.7501831054688,20579700
2025-02-26,659.6500244140625,683.010009765625,658.0,673.7000122070312,669.8578491210938,14488700
2025-02-27,682.4500122070312,688.6500244140625,657.5700073242188,658.239990234375,654.4860229492188,12500000
2025-02-28,658.0399780273438,669.6300048828125,642.5999755859375,668.2000122070312,664.3892211914062,17534200
2025-03-03,673.6799926757812,681.25,650.8400268554688,655.0499877929688,651.3141479492188,10843800
2025-03-04,645.510009765625,649.75,623.6500244140625,640.0,636.3499145507812,21495200
2025-03-05,641.0,659.5,637.6599731445312,656.469970703125,652.72607421875,13770000
2025-03-06,648.0,650.5599975585938,624.1099853515625,627.9299926757812,624.3488159179688,13446500
2025-03-07,625.3699951171875,634.7899780273438,600.6099853515625,625.6599731445312,622.091796875,21375700
2025-03-10,608.0700073242188,610.1099853515625,586.8699951171875,597.989990234375,594.57958984375,21999900
2025-03-11,595.0499877929688,614.9299926757812,593.3300170898438,605.7100219726562,602.2555541992188,17401500
2025-03-12,629.9000244140625,633.3300170898438,609.3499755859375,619.5599975585938,616.026611328125,15747000
2025-03-13,620.25,620.5,586.510009765625,590.6400146484375,587.271484375,16480300
2025-03-14,602.7999877929688,608.8599853515625,594.780029296875,607.5999755859375,604.6722412109375,12364500
2025-03-17,607.4600219726562,613.0999755859375,598.0,604.9000244140625,601.9853515625,15473900
2025-03-18,600.0499877929688,600.25,574.6599731445312,582.3599853515625,579.5538330078125,20297700
2025-03-19,584.280029296875,592.3200073242188,574.77001953125,584.0599975585938,581.2456665039062,20537500
2025-03-20,582.760009765625,610.2000122070312,579.510009765625,586.0,583.17626953125,24336500
2025-03-21,583.4199829101562,597.5399780273438,580.9500122070312,596.25,593.376953125,25015900
2025-03-24,614.969970703125,622.5399780273438,612.2000122070312,618.8499755859375,615.8680419921875,15741300
2025-03-25,626.760009765625,633.8800048828125,621.1799926757812,626.3099975585938,623.2921142578125,15312500
2025-03-26,624.8900146484375,626.75,606.6099853515625,610.97998046875,608.0359497070312,12609800
2025-03-27,602.0,614.25,600.0999755859375,602.5800170898438,599.6764526367188,10436500
2025-03-28,600.3099975585938,601.75,573.9199829101562,576.739990234375,573.9609375,17602800
2025-03-31,563.5,578.7000122070312,553.2999877929688,576.3599853515625,573.5827026367188,21124700
2025-04-01,570.8400268554688,589.9099731445312,570.0,586.0,583.17626953125,12836600
2025-04-02,574.9099731445312,592.6599731445312,573.3599853515625,583.9299926757812,581.1162719726562,13470800
2025-04-03,546.219970703125,552.5599975585938,530.2999877929688,531.6199951171875,529.0584716796875,34777500
2025-04-04,506.6199951171875,518.0,494.20001220703125,504.7300109863281,502.2979736328125,38589800
2025-04-07,485.1000061035156,539.3699951171875,481.8999938964844,516.25,513.762451171875,36606100
2025-04-08,543.25,547.4299926757812,502.8599853515625,510.45001220703125,507.99041748046875,28034200
2025-04-09,509.2699890136719,587.8900146484375,502.1099853515625,585.77001953125,582.9474487304688,39216600
2025-04-10,575.489990234375,581.2999877929688,535.2999877929688,546.2899780273438,543.6575927734375,28173500
2025-04-11,535.510009765625,547.4000244140625,528.5900268554688,543.5700073242188,540.9508666992188,17642300
2025-04-14,556.1699829101562,557.77001953125,528.280029296875,531.47998046875,528.9190673828125,14130900
2025-04-15,532.1099853515625,537.9400024414062,517.5,521.52001953125,519.0070190429688,15558700
2025-04-16,508.510009765625,513.3699951171875,495.6300048828125,502.30999755859375,499.88958740234375,18735100
2025-04-17,505.25,507.29998779296875,498.010009765625,501.4800109863281,499.0635986328125,14593500
2025-04-21,491.3299865722656,493.5,479.79998779296875,484.6600036621094,482.3246765136719,16166000
2025-04-22,491.8699951171875,506.8800048828125,486.3599853515625,500.2799987792969,497.86944580078125,17399400
2025-04-23,528.530029296875,535.3400268554688,516.52001953125,520.27001953125,517.7630615234375,18173900
2025-04-24,518.72998046875,533.9000244140625,517.5,533.1500244140625,530.5809936523438,13910000
2025-04-25,546.7999877929688,549.8599853515625,536.25,547.27001953125,544.6329345703125,17098900
2025-04-28,555.6400146484375,558.489990234375,540.5900268554688,549.739990234375,547.091064453125,15179000
2025-04-29,546.0,556.5700073242188,544.1199951171875,554.4400024414062,551.7683715820312,11835000
2025-04-30,538.4000244140625,549.0999755859375,529.5,549.0,546.3546142578125,29244000
2025-05-01,592.0800170898438,592.9500122070312,570.5,572.2100219726562,569.452880859375,31159000
2025-05-02,583.4600219726562,604.3400268554688,578.3300170898438,597.02001953125,594.1432495117188,24739300
2025-05-05,591.219970703125,603.2100219726562,588.0499877929688,599.27001953125,596.3824462890625,13887700
2025-05-06,592.530029296875,596.030029296875,586.5800170898438,587.3099975585938,584.4801025390625,10600700
2025-05-07,590.3599853515625,603.0800170898438,586.6699829101562,596.8099975585938,593.9342041015625,13139100
2025-05-08,606.2899780273438,611.2999877929688,596.6199951171875,598.010009765625,595.1284790039062,14622800
2025-05-09,603.719970703125,606.969970703125,591.7100219726562,592.489990234375,589.6351318359375,10427300
2025-05-12,630.9199829101562,640.3900146484375,621.030029296875,639.4299926757812,636.3488159179688,21965100
2025-05-13,645.5399780273438,660.9199829101562,642.8300170898438,656.030029296875,652.8688354492188,18570800
2025-05-14,661.2100219726562,662.6699829101562,654.3099975585938,659.3599853515625,656.182861328125,12348200
2025-05-15,654.280029296875,657.3099975585938,638.5800170898438,643.8800048828125,640.7774658203125,14341800
2025-05-16,637.9600219726562,640.4400024414062,626.1500244140625,640.3400268554688,637.2545776367188,18519000
2025-05-19,628.25,643.0,627.7999877929688,640.4299926757812,637.343994140625,9592400
2025-05-20,636.010009765625,639.3499755859375,632.260009765625,637.0999755859375,634.0300903320312,6743500
2025-05-21,631.7899780273438,646.6099853515625,630.1699829101562,635.5,632.437744140625,11464600
2025-05-22,634.0499877929688,643.25,630.7100219726562,636.5700073242188,633.502685546875,8228400
2025-05-23,624.0,632.4500122070312,622.6500244140625,627.0599975585938,624.0385131835938,8454100
2025-05-27,635.4099731445312,643.0800170898438,632.75,642.3200073242188,639.2249755859375,9508400
2025-05-28,642.5999755859375,650.8800048828125,642.5499877929688,643.5800170898438,640.4788818359375,9042900
2025-05-29,651.6500244140625,653.3200073242188,639.5,645.0499877929688,641.9417724609375,8858800
2025-05-30,642.5,649.4099731445312,632.780029296875,647.489990234375,644.3699951171875,16241000
2025-06-02,644.3900146484375,673.260009765625,644.260009765625,670.9000244140625,667.6672973632812,15766300
2025-06-03,671.4500122070312,675.5800170898438,665.030029296875,666.8499755859375,663.6366577148438,11585000
2025-06-04,669.3200073242188,689.0,668.5700073242188,687.9500122070312,684.6350708007812,14031900
2025-06-05,691.6599731445312,694.3800048828125,682.25,684.6199951171875,681.3212280273438,13083100
2025-06-06,696.1699829101562,702.8099975585938,691.8699951171875,697.7100219726562,694.34814453125,11728000
2025-06-09,698.4600219726562,705.1900024414062,693.9400024414062,694.0599975585938,690.7156372070312,12773200
2025-06-10,701.3499755859375,703.22998046875,691.5599975585938,702.4000244140625,699.0155029296875,10850100
2025-06-11,703.7100219726562,708.8699951171875,691.989990234375,694.1400146484375,690.7952880859375,9582500
2025-06-12,693.2999877929688,695.3800048828125,687.0,693.3599853515625,690.0189819335938,7322700
2025-06-13,687.9500122070312,694.5700073242188,681.010009765625,682.8699951171875,679.5795288085938,9274400
2025-06-16,699.3300170898438,707.1500244140625,693.510009765625,702.1199951171875,699.2744140625,13720300
2025-06-17,702.0,705.969970703125,696.0599975585938,697.22998046875,694.4042358398438,10066100
2025-06-18,698.1799926757812,701.5900268554688,694.9000244140625,695.77001953125,692.9501953125,10068300
2025-06-20,700.75,701.8200073242188,678.6699829101562,682.3499755859375,679.5845336914062,22538600
2025-06-23,683.6900024414062,699.0499877929688,678.75,698.530029296875,695.6990356445312,11080100
2025-06-24,704.8900146484375,713.1900024414062,702.1099853515625,712.2000122070312,709.3135375976562,13823200
2025-06-25,713.3200073242188,716.5800170898438,705.3800048828125,708.6799926757812,705.807861328125,9320400
2025-06-26,714.3599853515625,728.219970703125,711.0499877929688,726.0900268554688,723.1473388671875,13964800
2025-06-27,726.52001953125,735.4299926757812,725.8599853515625,733.6300048828125,730.6566772460938,18775700
2025-06-30,744.5499877929688,747.9000244140625,734.25,738.0900268554688,735.0987548828125,15402100
2025-07-01,736.8800048828125,737.75,715.3699951171875,719.219970703125,716.3051147460938,13431200
2025-07-02,715.3300170898438,720.2999877929688,712.7999877929688,713.5700073242188,710.6780395507812,9336700
2025-07-03,726.6099853515625,729.030029296875,714.4199829101562,719.010009765625,716.0960083007812,8601700
2025-07-07,717.5999755859375,727.0,713.510009765625,718.3499755859375,715.438720703125,9457100
2025-07-08,721.5700073242188,722.9099731445312,714.8099975585938,720.6699829101562,717.7493286132812,7770700
2025-07-09,722.719970703125,737.530029296875,722.719970703125,732.780029296875,729.8101806640625,11418000
2025-07-10,731.5499877929688,735.7999877929688,719.5999755859375,727.239990234375,724.2926635742188,9913600
2025-07-11,722.5,725.1599731445312,709.7000122070312,717.510009765625,714.6021118164062,10873900
2025-07-14,717.5999755859375,728.0,716.5499877929688,720.9199829101562,717.9981689453125,8939400
2025-07-15,723.9000244140625,724.469970703125,709.8200073242188,710.3900146484375,707.510986328125,11529500
2025-07-16,713.3699951171875,713.969970703125,699.27001953125,702.9099731445312,700.0612182617188,13067600
2025-07-17,704.3900146484375,705.9000244140625,697.1099853515625,701.4099731445312,698.5672607421875,11803300
2025-07-18,702.1900024414062,704.7100219726562,691.6500244140625,704.280029296875,701.4256591796875,12779800
2025-07-21,706.7999877929688,717.0,705.760009765625,712.969970703125,710.0805053710938,9404400
2025-07-22,716.1900024414062,716.5999755859375,701.4099731445312,704.8099975585938,701.9535522460938,8921100
2025-07-23,706.3699951171875,714.6300048828125,704.9299926757812,713.5800170898438,710.68798828125,8771600
2025-07-24,717.0499877929688,723.6199951171875,714.0,714.7999877929688,711.903076171875,10920800
2025-07-25,716.9199829101562,720.6500244140625,711.9000244140625,712.6799926757812,709.7916870117188,8271700
2025-07-28,715.2000122070312,724.739990234375,712.6799926757812,717.6300048828125,714.7215576171875,8715700
2025-07-29,720.0,724.469970703125,699.9099731445312,700.0,697.1630249023438,13267000
2025-07-30,708.0900268554688,708.5,691.2000122070312,695.2100219726562,692.3924560546875,27077300
2025-07-31,775.2000122070312,784.75,765.510009765625,773.4400024414062,770.305419921875,38831100
2025-08-01,760.72998046875,766.0,745.3099975585938,750.010009765625,746.9703979492188,19028700
2025-08-04,760.0,776.8499755859375,758.4099731445312,776.3699951171875,773.2235717773438,15801700
2025-08-05,776.4500122070312,783.1300048828125,763.0,763.4600219726562,760.365966796875,11640300
2025-08-06,770.0,773.6400146484375,760.4600219726562,771.989990234375,768.8612670898438,9733900
2025-08-07,773.489990234375,775.0,759.5499877929688,761.8300170898438,758.742431640625,9019700
2025-08-08,762.75,769.9000244140625,758.5800170898438,769.2999877929688,766.18212890625,7320800
2025-08-11,770.0800170898438,773.4600219726562,764.6699829101562,765.8699951171875,762.76611328125,7612000
2025-08-12,773.0,793.6699829101562,772.4299926757812,790.0,786.7982177734375,14563100
2025-08-13,791.1500244140625,795.4600219726562,778.22998046875,780.0800170898438,776.91845703125,8811800
2025-08-14,777.8800048828125,787.8099975585938,772.510009765625,782.1300048828125,778.9601440429688,8116200
2025-08-15,784.1500244140625,796.25,780.8200073242188,785.22998046875,782.047607421875,13375400
2025-08-18,775.0900268554688,775.8099975585938,756.5599975585938,767.3699951171875,764.260009765625,16513700
2025-08-19,767.1199951171875,767.1699829101562,749.3599853515625,751.47998046875,748.434326171875,12286700
2025-08-20,747.5700073242188,750.2000122070312,731.0,747.719970703125,744.6895751953125,11898200
2025-08-21,744.7100219726562,745.5,733.1099853515625,739.0999755859375,736.1045532226562,8876300
2025-08-22,739.22998046875,756.9000244140625,734.3900146484375,754.7899780273438,751.73095703125,10612700
2025-08-25,754.8200073242188,758.8800048828125,750.1300048828125,753.2999877929688,750.2470703125,6861200
2025-08-26,750.7999877929688,754.8699951171875,747.9400024414062,754.0999755859375,751.0437622070312,7601800
2025-08-27,752.2999877929688,754.1500244140625,742.8400268554688,747.3800048828125,744.35107421875,8315400
2025-08-28,744.0,753.0499877929688,740.7999877929688,751.1099853515625,748.0658569335938,7468000
2025-08-29,745.280029296875,747.1400146484375,735.3499755859375,738.7000122070312,735.7061767578125,9070500
2025-09-02,726.0399780273438,736.0,721.72998046875,735.1099853515625,732.1307373046875,9350900
2025-09-03,736.0,740.25,733.989990234375,737.0499877929688,734.0628662109375,7699300
2025-09-04,748.5700073242188,761.1599731445312,745.8200073242188,748.6500244140625,745.6159057617188,11439100
2025-09-05,752.6199951171875,757.9500122070312,745.030029296875,752.4500122070312,749.4005126953125,9663400
2025-09-08,756.0,766.510009765625,752.02001953125,752.2999877929688,749.2510986328125,13087800
2025-09-09,757.489990234375,766.2999877929688,753.4299926757812,765.7000122070312,762.5968017578125,10999000
2025-09-10,765.1300048828125,765.7000122070312,751.0,751.97998046875,748.932373046875,12478300
2025-09-11,754.6500244140625,757.0999755859375,748.3699951171875,750.9000244140625,747.8567504882812,7923300
2025-09-12,748.72998046875,757.5700073242188,743.760009765625,755.5900268554688,752.5277709960938,8248600
2025-09-15,757.469970703125,774.0700073242188,751.989990234375,764.7000122070312,761.600830078125,10533800
2025-09-16,767.0,781.3599853515625,765.0999755859375,779.0,775.8428955078125,11782500
2025-09-17,779.989990234375,783.2899780273438,766.3099975585938,775.719970703125,772.5762329101562,9400900
2025-09-18,780.75,788.780029296875,773.3599853515625,780.25,777.0877685546875,10955000
2025-09-19,786.4199829101562,790.7999877929688,769.1900024414062,778.3800048828125,775.225341796875,23696800
2025-09-22,781.8499755859375,785.72998046875,764.469970703125,765.1599731445312,762.5733032226562,11706900
2025-09-23,769.25,770.5999755859375,751.0700073242188,755.4000244140625,752.8463134765625,10872600
2025-09-24,757.5,761.1099853515625,752.530029296875,760.6599731445312,758.0885009765625,8828200
2025-09-25,753.4500122070312,756.77001953125,744.5499877929688,748.9099731445312,746.378173828125,10591100
2025-09-26,750.0,751.9299926757812,737.3499755859375,743.75,741.2357177734375,9696300
2025-09-29,748.719970703125,750.780029296875,739.1500244140625,743.4000244140625,740.8868408203125,9246800
2025-09-30,742.25,742.969970703125,726.2999877929688,734.3800048828125,731.8973999023438,16226800
2025-10-01,721.489990234375,721.8499755859375,710.2000122070312,717.3400268554688,714.9149780273438,20419600
2025-10-02,722.5800170898438,727.77001953125,718.1400146484375,727.0499877929688,724.5921020507812,11415300
2025-10-03,729.6300048828125,731.0,710.1799926757812,710.5599975585938,708.1578369140625,16154300
2025-10-06,705.1900024414062,716.8800048828125,690.510009765625,715.6599731445312,713.2406005859375,21654700
2025-10-07,717.719970703125,718.5,705.75,713.0800170898438,710.6693725585938,12062900
2025-10-08,713.4500122070312,719.6500244140625,707.8099975585938,717.8400268554688,715.4132690429688,10790600
2025-10-09,718.280029296875,733.510009765625,712.4400024414062,733.510009765625,731.0303344726562,12717200
2025-10-10,730.9199829101562,735.27001953125,704.510009765625,705.2999877929688,702.9156494140625,16980100
2025-10-13,713.010009765625,719.9400024414062,707.6400146484375,715.7000122070312,713.280517578125,9251800
2025-10-14,707.780029296875,715.5499877929688,699.3300170898438,708.6500244140625,706.25439453125,8829800
2025-10-15,717.0599975585938,723.9000244140625,709.510009765625,717.5499877929688,715.1242065429688,10246800
2025-10-16,717.5499877929688,725.489990234375,703.8800048828125,712.0700073242188,709.6627197265625,9017000
2025-10-17,707.0800170898438,718.5399780273438,706.1199951171875,716.9199829101562,714.4963989257812,12232400
2025-10-20,721.1900024414062,733.77001953125,720.1799926757812,732.1699829101562,729.6947631835938,8900200
2025-10-21,736.02001953125,738.5,728.75,733.27001953125,730.7911376953125,7647300
2025-10-22,733.8300170898438,740.5999755859375,724.030029296875,733.4099731445312,730.9306030273438,8734500
2025-10-23,734.7000122070312,742.4099731445312,733.0999755859375,734.0,731.5186767578125,9856000
2025-10-24,736.7899780273438,741.2100219726562,731.1500244140625,738.3599853515625,735.8638305664062,9151300
2025-10-27,749.72998046875,755.75,748.010009765625,750.8200073242188,748.2817993164062,11321100
2025-10-28,752.6300048828125,758.4000244140625,745.52001953125,751.4400024414062,748.8997192382812,12193800
2025-10-29,754.75,759.1599731445312,742.510009765625,751.6699829101562,749.12890625,26818600
2025-10-30,669.1500244140625,680.9600219726562,650.1699829101562,666.469970703125,664.2169189453125,88440100
2025-10-31,674.510009765625,674.8900146484375,645.5700073242188,648.3499755859375,646.1581420898438,56953200
2025-11-03,656.0,659.3300170898438,636.1799926757812,637.7100219726562,635.5541381835938,33003600
2025-11-04,628.0399780273438,641.739990234375,626.010009765625,627.3200073242188,625.1993408203125,27356600
2025-11-05,632.3099975585938,642.22998046875,626.5399780273438,635.9500122070312,633.8001098632812,20219900
2025-11-06,635.8499755859375,636.0,618.0,618.9400024414062,616.8475952148438,23628800
2025-11-07,616.489990234375,622.1300048828125,601.2000122070312,621.7100219726562,619.6082763671875,29946800
2025-11-10,631.0900268554688,635.0,618.1099853515625,631.760009765625,629.6243286132812,19245000
2025-11-11,628.0,629.5599975585938,619.3900146484375,627.0800170898438,624.9601440429688,13302200
2025-11-12,628.1300048828125,628.989990234375,607.77001953125,609.010009765625,606.9512329101562,24493300
2025-11-13,613.0700073242188,617.6500244140625,603.0,609.8900146484375,607.8281860351562,20973800
2025-11-14,601.7899780273438,613.6799926757812,595.2000122070312,609.4600219726562,607.3997192382812,20724100
2025-11-17,609.0399780273438,611.6900024414062,595.4000244140625,602.010009765625,599.974853515625,16501300
2025-11-18,591.5999755859375,603.6599731445312,583.780029296875,597.6900024414062,595.6694946289062,25500600
2025-11-19,593.719970703125,595.3300170898438,581.25,590.3200073242188,588.3244018554688,24744700
2025-11-20,603.5,606.719970703125,583.3499755859375,589.1500244140625,587.1583251953125,20603000
2025-11-21,588.5,598.1199951171875,581.8599853515625,594.25,592.2410888671875,21052600
2025-11-24,598.719970703125,616.7000122070312,597.6300048828125,613.0499877929688,610.9775390625,23554900
2025-11-25,624.0,637.0499877929688,618.2999877929688,636.219970703125,634.0691528320312,25213000
2025-11-26,637.6900024414062,638.3599853515625,631.6300048828125,633.6099853515625,631.468017578125,15209500
2025-11-28,636.0800170898438,648.0499877929688,635.5,647.9500122070312,645.759521484375,11033200
2025-12-01,639.5499877929688,645.3200073242188,637.760009765625,640.8699951171875,638.7034301757812,13029900
2025-12-02,642.3400268554688,647.8699951171875,638.0700073242188,647.0999755859375,644.912353515625,11640900
2025-12-03,644.4099731445312,648.8499755859375,637.5499877929688,639.5999755859375,637.437744140625,11134300
2025-12-04,676.0,676.0999755859375,660.0499877929688,661.530029296875,659.2936401367188,29874600
2025-12-05,664.0,674.6900024414062,662.3900146484375,673.4199829101562,671.1434326171875,21207900
2025-12-08,669.3400268554688,676.7100219726562,665.0700073242188,666.7999877929688,664.5457763671875,13161000
2025-12-09,663.77001953125,664.47998046875,653.3400268554688,656.9600219726562,654.7390747070312,12997100
2025-12-10,649.9500122070312,654.510009765625,643.4000244140625,650.1300048828125,647.93212890625,16910900
2025-12-11,643.2899780273438,655.280029296875,640.7999877929688,652.7100219726562,650.5034790039062,13056700
2025-12-12,649.7999877929688,711.0,638.6099853515625,644.22998046875,642.0520629882812,14016900
2025-12-15,645.7000122070312,653.0,638.7000122070312,647.510009765625,645.8473510742188,15549100
2025-12-16,643.5,662.5399780273438,643.2000122070312,657.1500244140625,655.4625854492188,14309100
2025-12-17,655.6099853515625,661.22998046875,649.2000122070312,649.5,647.8322143554688,15598500
2025-12-18,657.030029296875,670.5599975585938,656.4600219726562,664.4500122070312,662.743896484375,20260300
2025-12-19,666.4199829101562,671.0,658.1799926757812,658.77001953125,657.0784301757812,49977100
2025-12-22,661.6500244140625,673.5800170898438,656.6500244140625,661.5,659.8013916015625,15659400
2025-12-23,660.0499877929688,666.0,658.25,664.9400024414062,663.2325439453125,8486800
2025-12-24,662.530029296875,668.1799926757812,662.2000122070312,667.5499877929688,665.8359375,5627500
2025-12-26,668.0599975585938,668.9500122070312,661.3200073242188,663.2899780273438,661.5867919921875,7133800
2025-12-29,658.010009765625,660.25,654.3900146484375,658.6900024414062,656.9986572265625,8506500
2025-12-30,658.6900024414062,672.219970703125,657.8400268554688,665.9500122070312,664.239990234375,9187500
2025-12-31,664.75,665.0,659.4400024414062,660.0900268554688,658.3950805664062,7940400
2026-01-02,662.72998046875,664.3900146484375,643.5,650.4099731445312,648.7399291992188,13726500
2026-01-05,651.010009765625,664.5399780273438,647.75,658.7899780273438,657.098388671875,12213700
2026-01-06,659.5700073242188,665.52001953125,651.9000244140625,660.6199951171875,658.9237060546875,11074400
2026-01-07,655.6400146484375,659.1500244140625,644.8099975585938,648.6900024414062,647.0243530273438,12846300
2026-01-08,645.8800048828125,647.0999755859375,635.719970703125,646.0599975585938,644.4010620117188,11921700
2026-01-09,645.4400024414062,654.9500122070312,642.8499755859375,653.0599975585938,651.383056640625,11634900
2026-01-12,652.530029296875,653.969970703125,641.22998046875,641.969970703125,640.3215942382812,14797200
2026-01-13,642.27001953125,642.27001953125,624.0999755859375,631.0900268554688,629.4695434570312,18030400
2026-01-14,626.5,628.4500122070312,614.8200073242188,615.52001953125,613.9395141601562,15527900
2026-01-15,618.47998046875,624.1699829101562,614.22998046875,620.7999877929688,619.2059326171875,13076100
2026-01-16,624.1799926757812,629.0800170898438,620.0800170898438,620.25,618.6573486328125,17012500
2026-01-20,607.8800048828125,611.4000244140625,600.0,604.1199951171875,602.5687866210938,15169600
2026-01-21,606.739990234375,618.27001953125,600.0800170898438,612.9600219726562,611.3861083984375,14494700
2026-01-22,629.3499755859375,660.5700073242188,626.5499877929688,647.6300048828125,645.967041015625,21394700
2026-01-23,644.77001953125,666.489990234375,644.4500122070312,658.760009765625,657.0684814453125,22797700
2026-01-26,665.1300048828125,675.280029296875,661.2899780273438,672.3599853515625,670.633544921875,16327400
2026-01-27,674.5900268554688,676.8200073242188,664.6599731445312,672.969970703125,671.241943359375,13297400
2026-01-28,674.5,677.6799926757812,666.0999755859375,668.72998046875,667.0128173828125,25709600
2026-01-29,737.4299926757812,744.0,712.5499877929688,738.3099975585938,736.4141845703125,59852900
2026-01-30,727.5,732.1699829101562,713.5900268554688,716.5,714.66015625,23744600
2026-02-02,714.5999755859375,721.2999877929688,703.52001953125,706.4099731445312,704.5960083007812,14365200
2026-02-03,707.3699951171875,717.0,686.4099731445312,691.7000122070312,689.923828125,13760700
2026-02-04,687.72998046875,688.8300170898438,667.4600219726562,668.989990234375,667.2721557617188,16882800
2026-02-05,663.5800170898438,681.5,653.5,670.2100219726562,668.489013671875,17131800
2026-02-06,665.489990234375,671.989990234375,646.5,661.4600219726562,659.7615356445312,18159300
2026-02-09,663.1799926757812,683.3099975585938,658.780029296875,677.219970703125,675.4810180664062,14837500
2026-02-10,677.5999755859375,680.6500244140625,669.7899780273438,670.719970703125,668.9977416992188,10455800
2026-02-11,674.0,679.27001953125,657.0999755859375,668.6900024414062,666.9729614257812,14323800
2026-02-12,669.969970703125,676.0,645.280029296875,649.8099975585938,648.1414184570312,14960100
2026-02-13,645.0999755859375,651.4299926757812,634.5700073242188,639.77001953125,638.1272583007812,12336400
2026-02-17,639.5,642.5999755859375,628.7999877929688,639.2899780273438,637.6483764648438,12674700
2026-02-18,633.7999877929688,645.0,628.1500244140625,643.219970703125,641.5682983398438,14649200
2026-02-19,638.5700073242188,647.1900024414062,636.719970703125,644.780029296875,643.1243286132812,10035700
2026-02-20,639.6900024414062,663.3499755859375,638.780029296875,655.6599731445312,653.9763793945312,14183500
2026-02-23,652.5399780273438,657.7000122070312,636.0,637.25,635.6136474609375,8605900
2026-02-24,633.0800170898438,641.1099853515625,628.97998046875,639.2999877929688,637.6583862304688,10135600
2026-02-25,642.530029296875,653.8800048828125,642.1400146484375,653.6900024414062,652.011474609375,11330700
2026-02-26,650.5499877929688,661.0,647.5,657.010009765625,655.322998046875,10637700
2026-02-27,643.4500122070312,649.4400024414062,638.1199951171875,648.1799926757812,646.515625,15703000
2026-03-02,637.1599731445312,659.9400024414062,634.5,653.5599975585938,651.8817749023438,9816100
2026-03-03,648.2899780273438,659.0399780273438,638.8400268554688,655.0800170898438,653.3978881835938,12263800
2026-03-04,657.9600219726562,672.77001953125,657.6699829101562,667.72998046875,666.015380859375,10810100
2026-03-05,661.9299926757812,670.7000122070312,650.3099975585938,660.5700073242188,658.8738403320312,13341400
2026-03-06,647.9000244140625,649.469970703125,636.1099853515625,644.8599853515625,643.2041015625,13159400
2026-03-09,634.780029296875,647.75,626.780029296875,647.3900146484375,645.7277221679688,13489700
2026-03-10,653.5599975585938,660.2999877929688,649.0,654.0700073242188,652.3905029296875,9859300
2026-03-11,654.760009765625,659.1199951171875,648.3599853515625,654.8599853515625,653.1784057617188,8977200
2026-03-12,648.75,653.5,636.9000244140625,638.1799926757812,636.541259765625,11617500
2026-03-13,623.8900146484375,629.1699829101562,609.5499877929688,613.7100219726562,612.1340942382812,18957600
2026-03-16,632.0,634.75,623.0999755859375,627.4500122070312,626.3746948242188,15134900
2026-03-17,627.989990234375,636.5499877929688,621.7000122070312,622.6599731445312,621.5928955078125,10348800
2026-03-18,616.3400268554688,622.6500244140625,614.6099853515625,615.6799926757812,614.6248779296875,11726300
2026-03-19,612.1500244140625,613.0,602.260009765625,606.7000122070312,605.6602783203125,13247700
2026-03-20,603.530029296875,603.9600219726562,587.25,593.6599731445312,592.642578125,21214900
2026-03-23,605.7899780273438,608.6400146484375,599.010009765625,604.0599975585938,603.0247802734375,13638000
2026-03-24,599.0999755859375,601.0,591.0,592.9199829101562,591.9038696289062,10739700
2026-03-25,598.739990234375,603.6699829101562,593.4000244140625,594.8900146484375,593.8704833984375,12585000
2026-03-26,582.489990234375,583.0,543.3499755859375,547.5399780273438,546.6015625,35780100
2026-03-27,540.0999755859375,543.5999755859375,520.260009765625,525.719970703125,524.8189697265625,30133000
2026-03-30,536.3800048828125,539.5499877929688,528.5399780273438,536.3800048828125,535.4607543945312,22795200
2026-03-31,549.97998046875,573.6900024414062,546.77001953125,572.1300048828125,571.1494750976562,32898300
2026-04-01,580.1300048828125,592.5499877929688,573.8200073242188,579.22998046875,578.2373046875,23608100
2026-04-02,566.0399780273438,578.5,559.7000122070312,574.4600219726562,573.4755249023438,13518500
2026-04-06,577.6900024414062,582.7899780273438,572.0,573.02001953125,572.0379638671875,9515700
2026-04-07,572.47998046875,575.22998046875,564.760009765625,575.0499877929688,574.064453125,9580800
2026-04-08,606.0,629.9500122070312,591.8300170898438,612.4199829101562,611.3704223632812,32036600
2026-04-09,626.969970703125,637.5,623.0,628.3900146484375,627.3131103515625,19012900
2026-04-10,634.469970703125,638.5800170898438,624.3300170898438,629.8599853515625,628.780517578125,13294800
2026-04-13,629.5,635.0,624.4000244140625,634.530029296875,633.442626953125,9538900
2026-04-14,643.219970703125,666.260009765625,639.3699951171875,662.489990234375,661.3546142578125,17818000
2026-04-15,667.0,678.5,664.219970703125,671.5800170898438,670.4290771484375,14952600
2026-04-16,675.989990234375,677.5800170898438,667.75,676.8699951171875,675.7099609375,9544800
2026-04-17,678.5999755859375,691.52001953125,675.1300048828125,688.5499877929688,687.3699340820312,16283500
2026-04-20,681.3599853515625,683.3800048828125,668.0,670.9099731445312,669.7601928710938,12534000
2026-04-21,671.0,676.2000122070312,667.3300170898438,668.8400268554688,667.6937866210938,8660100
2026-04-22,674.3599853515625,678.3800048828125,669.75,674.719970703125,673.5636596679688,9215600
2026-04-23,663.7000122070312,669.5599975585938,653.0499877929688,659.1500244140625,658.0203857421875,11667000
2026-04-24,660.3200073242188,680.6699829101562,653.8400268554688,675.030029296875,673.8731689453125,13348300
2026-04-27,671.0,682.5,670.8400268554688,678.6199951171875,677.4569702148438,12805200
2026-04-28,674.239990234375,678.1799926757812,665.6300048828125,671.3400268554688,670.189453125,10606800
2026-04-29,668.9099731445312,674.25,663.8099975585938,669.1199951171875,667.9732666015625,18947500
2026-04-30,619.3200073242188,620.8499755859375,600.0,611.9099731445312,610.8612670898438,52765000
2026-05-01,614.6900024414062,618.8800048828125,606.1099853515625,608.75,607.7067260742188,21404000
2026-05-04,607.9400024414062,614.0,602.75,610.4099731445312,609.3638916015625,16203900
2026-05-05,613.3099975585938,614.3499755859375,600.3599853515625,604.9600219726562,603.9232177734375,17171300
2026-05-06,601.0499877929688,619.9500122070312,598.0999755859375,612.8800048828125,611.8296508789062,19915500
2026-05-07,614.719970703125,624.97998046875,613.5399780273438,616.8099975585938,615.7528686523438,12307400
2026-05-08,615.2000122070312,616.77001953125,606.0599975585938,609.6300048828125,608.585205078125,13557000
2026-05-11,604.5700073242188,604.9099731445312,598.0800170898438,598.8599853515625,597.8336791992188,15940600
2026-05-12,594.8200073242188,603.75,592.5999755859375,603.0,601.9666137695312,11351600
2026-05-13,598.8300170898438,619.9000244140625,596.6599731445312,616.6300048828125,615.5732421875,14634400
2026-05-14,616.0,623.72998046875,615.0,618.4299926757812,617.3701171875,10651200
2026-05-15,613.989990234375,621.2000122070312,609.3099975585938,614.22998046875,613.1773681640625,13272600
2026-05-18,609.1099853515625,615.5900268554688,603.6900024414062,611.2100219726562,610.1625366210938,13772400
2026-05-19,608.9199829101562,613.9299926757812,600.5499877929688,602.6099853515625,601.5772705078125,11749900
2026-05-20,600.760009765625,608.0,597.8099975585938,605.0599975585938,604.0230712890625,11329700
2026-05-21,600.0,609.5999755859375,594.8099975585938,607.3800048828125,606.3390502929688,13476100
2026-05-22,607.8800048828125,614.8099975585938,606.9500122070312,610.260009765625,609.2141723632812,11688600
2026-05-26,608.8900146484375,614.469970703125,605.2999877929688,612.3400268554688,611.2905883789062,12234200
2026-05-27,609.4000244140625,638.5,609.0,635.260009765625,634.1713256835938,23143600
2026-05-28,639.5,643.0,629.3099975585938,635.2899780273438,634.2012329101562,16772400
2026-05-29,633.5,634.5,623.3499755859375,632.510009765625,631.426025390625,19806500
2026-06-01,630.4000244140625,635.75,599.530029296875,600.469970703125,599.4408569335938,29138800
2026-06-02,603.239990234375,608.8800048828125,596.6799926757812,597.6300048828125,596.6057739257812,18252000
2026-06-03,603.0,624.1500244140625,600.27001953125,622.97998046875,621.912353515625,23020100
2026-06-04,623.6699829101562,642.4000244140625,622.4299926757812,627.5700073242188,626.4944458007812,21469200
2026-06-05,623.4600219726562,629.1500244140625,582.9099731445312,593.0,591.9837646484375,30091600
2026-06-08,592.0,592.0,579.219970703125,585.3900146484375,584.3867797851562,19512400
2026-06-09,591.0,597.6300048828125,581.010009765625,584.5900268554688,583.588134765625,16977400
2026-06-10,580.72998046875,591.3200073242188,570.5999755859375,570.97998046875,570.00146484375,17064000
2026-06-11,565.8300170898438,572.1699829101562,557.010009765625,568.4299926757812,567.455810546875,17628000
2026-06-12,572.9500122070312,576.0700073242188,560.9000244140625,566.97998046875,566.0082397460938,14326400
2026-06-15,579.9000244140625,601.27001953125,579.2999877929688,593.47998046875,593.011962890625,17653300
2026-06-16,593.6500244140625,605.8099975585938,592.0,600.2100219726562,599.7366943359375,11344400
2026-06-17,592.0,593.8099975585938,566.1900024414062,567.5800170898438,567.1324462890625,20478300
2026-06-18,572.8200073242188,580.219970703125,563.0999755859375,577.219970703125,576.7647705078125,28824600
2026-06-22,572.02001953125,575.8099975585938,559.8099975585938,563.8499755859375,563.4053344726562,15405500
2026-06-23,562.25,572.2000122070312,561.02001953125,562.2000122070312,561.7566528320312,13103300
2026-06-24,561.8900146484375,569.0399780273438,555.5499877929688,557.6699829101562,557.230224609375,13963600
2026-06-25,555.5499877929688,556.3400268554688,540.1799926757812,542.8699951171875,542.44189453125,16968600
2026-06-26,543.3400268554688,556.8499755859375,540.4000244140625,550.25,549.8161010742188,18867700
2026-06-29,560.0,570.9000244140625,558.0,562.5999755859375,562.1563110351562,15011400
2026-06-30,560.9400024414062,565.5399780273438,551.4299926757812,563.2899780273438,562.8457641601562,18111100
2026-07-01,607.9099731445312,628.280029296875,595.0999755859375,612.9099731445312,612.4266357421875,45536300
2026-07-02,607.9000244140625,610.0,580.4199829101562,582.9000244140625,582.4403686523438,21705900
2026-07-06,594.8400268554688,603.5800170898438,581.760009765625,600.2899780273438,599.8165893554688,17674100
2026-07-07,607.5900268554688,625.3699951171875,603.6599731445312,615.5800170898438,615.0946044921875,18560800
2026-07-08,614.3900146484375,616.0,598.010009765625,603.1199951171875,602.6444091796875,13606500
2026-07-09,583.989990234375,633.27001953125,577.0700073242188,631.47998046875,630.9819946289062,26579700
2026-07-10,660.3400268554688,677.8599853515625,658.010009765625,669.2100219726562,668.6823120117188,40608900
2026-07-13,661.3800048828125,676.6199951171875,654.2000122070312,656.72998046875,656.2120971679688,19840700
2026-07-14,652.0,666.5,649.0499877929688,661.0399780273438,660.5186767578125,16748200
2026-07-15,663.5999755859375,686.0800170898438,656.6599731445312,681.3099975585938,680.7727661132812,19003400
2026-07-16,677.280029296875,681.9000244140625,660.1599731445312,664.5399780273438,664.0159301757812,15816000
2026-07-17,647.7000122070312,652.2000122070312,626.0,646.010009765625,645.5006103515625,22267900
2026-07-20,646.7000122070312,653.2999877929688,636.010009765625,645.8499755859375,645.3406982421875,10225200
2026-07-21,654.1799926757812,655.8800048828125,643.2000122070312,643.8099975585938,643.3023071289062,9140500
2026-07-22,647.7000122070312,649.0,624.0,627.1699829101562,626.6754150390625,11019600
2026-07-23,608.4099731445312,614.6500244140625,597.219970703125,606.0999755859375,605.6220092773438,15494800
2026-07-24,605.2999877929688,609.97998046875,594.4500122070312,595.1900024414062,594.7206420898438,11503500
2026-07-27,607.219970703125,611.260009765625,593.1300048828125,593.8699951171875,593.4016723632812,11195300
2026-07-28,596.8200073242188,601.0,587.0,593.4099731445312,592.9420166015625,12009300
2026-07-29,593.25,599.969970703125,582.219970703125,585.6099853515625,585.148193359375,22371100
2026-07-30,526.0,539.8800048828125,524.489990234375,539.030029296875,538.60498046875,42271500
2026-07-31,543.5999755859375,558.3300170898438,540.219970703125,556.7100219726562,556.27099609375,24261500
2026-08-03,562.239990234375,597.52001953125,559.3599853515625,590.239990234375,589.7745361328125,25938100
2026-08-04,581.5,592.7899780273438,578.25,587.9400024414062,587.4763793945312,17959200
2026-08-05,600.4600219726562,601.0,580.1199951171875,588.77001953125,588.3057250976562,14897200
2026-08-06,586.9500122070312,595.3099975585938,586.0,589.9000244140625,589.4348754882812,11811500
2026-08-07,585.6400146484375,598.739990234375,585.6199951171875,592.0999755859375,591.633056640625,11250300
2026-08-10,599.1300048828125,608.2100219726562,592.030029296875,594.9199829101562,594.4508666992188,14967300
2026-08-11,598.0,612.4299926757812,593.4000244140625,599.1199951171875,598.6475219726562,13146900
2026-08-12,601.0700073242188,604.5,578.2100219726562,578.8499755859375,578.3934936523438,16186900
2026-08-13,580.7100219726562,595.8499755859375,579.3900146484375,594.969970703125,594.5007934570312,11164200
2026-08-14,596.97998046875,601.8599853515625,589.2899780273438,589.8499755859375,589.3848266601562,8758000
2026-08-17,589.75,590.239990234375,564.75,568.969970703125,568.5213012695312,17225600
2026-08-18,557.47998046875,560.6599731445312,543.2100219726562,543.6699829101562,543.2412719726562,27094900
2026-08-19,541.3400268554688,554.0700073242188,537.27001953125,546.030029296875,545.5994262695312,16971700
2026-08-20,546.9500122070312,549.989990234375,539.3099975585938,545.8300170898438,545.3995971679688,13872200
2026-08-21,546.8900146484375,553.8699951171875,543.22998046875,549.9000244140625,549.4663696289062,13848000
2026-08-24,550.2000122070312,561.4199829101562,546.2999877929688,559.02001953125,558.5792236328125,12990600
2026-08-25,563.8800048828125,570.7999877929688,561.4000244140625,570.0499877929688,569.6004638671875,9769100
2026-08-26,590.3099975585938,593.3400268554688,561.8800048828125,576.1400146484375,575.6856689453125,31416300
2026-08-27,576.47998046875,588.3900146484375,567.6199951171875,571.0999755859375,570.6495971679688,15221400
2026-08-28,571.5499877929688,589.1900024414062,571.0,578.02001953125,577.564208984375,16042400
2026-08-31,577.6300048828125,578.6799926757812,569.1400146484375,572.3400268554688,571.888671875,13383800
2026-09-01,558.3499755859375,584.9500122070312,556.0999755859375,578.5399780273438,578.083740234375,15796900
2026-09-02,578.7899780273438,600.3800048828125,577.0,592.8499755859375,592.3824462890625,16552700
2026-09-03,604.489990234375,619.4600219726562,604.3499755859375,610.6799926757812,610.1984252929688,19737100
2026-09-04,612.3499755859375,617.4600219726562,605.27001953125,616.77001953125,616.2836303710938,15966200
2026-09-08,616.2100219726562,624.7999877929688,609.739990234375,613.47998046875,612.9962158203125,18909700
2026-09-09,648.6400146484375,657.8599853515625,638.5599975585938,653.6900024414062,653.1744995117188,35900700
2026-09-10,653.7100219726562,663.5,642.1400146484375,644.3800048828125,643.8718872070312,21531900
2026-09-11,653.510009765625,664.239990234375,646.2000122070312,648.030029296875,647.51904296875,16925000
2026-09-14,657.8300170898438,668.5999755859375,649.219970703125,665.5999755859375,665.0751342773438,19332300
2026-09-15,659.2999877929688,678.8699951171875,656.2000122070312,670.239990234375,669.7114868164062,19502800
2026-09-16,679.9099731445312,685.3099975585938,671.9099731445312,673.3099975585938,672.779052734375,17217800
2026-09-17,682.4400024414062,683.2000122070312,667.0499877929688,682.3099975585938,681.77197265625,15928000
2026-09-18,688.6199951171875,690.1500244140625,660.7999877929688,665.75,665.2250366210938,27596400
2026-09-21,680.2999877929688,753.0,679.5999755859375,741.25,741.25,48720500
2026-09-22,731.4000244140625,757.27001953125,730.0,736.5999755859375,736.5999755859375,28122100
2026-09-23,747.5999755859375,763.9000244140625,739.510009765625,744.0999755859375,744.0999755859375,30829200
2026-09-24,744.3599853515625,779.8200073242188,743.010009765625,777.5900268554688,777.5900268554688,34808500
