date,open,high,low,close,adj_close,volume
2021-07-21,160.5,161.42999267578125,160.00999450683594,161.0800018310547,148.29078674316406,5393100
2021-07-22,161.11000061035156,163.75,160.92999267578125,163.67999267578125,150.6842803955078,4851500
2021-07-23,164.35000610351562,166.4499969482422,163.72999572753906,166.36000061035156,153.1515655517578,4217700
2021-07-26,165.7100067138672,166.52999877929688,163.82000732421875,165.08999633789062,151.98236083984375,3858800
2021-07-27,164.82000732421875,165.61000061035156,162.5800018310547,164.57000732421875,151.50369262695312,4359000
2021-07-28,164.49000549316406,165.89999389648438,164.0800018310547,165.4600067138672,152.32301330566406,4093600
2021-07-29,165.89999389648438,167.02999877929688,165.38999938964844,166.99000549316406,153.73155212402344,3605600
2021-07-30,166.58999633789062,167.8699951171875,166.35000610351562,167.50999450683594,154.21022033691406,5364400
2021-08-02,169.05999755859375,169.97999572753906,168.02999877929688,168.75,155.3517608642578,5532500
2021-08-03,169.22000122070312,171.5,168.49000549316406,171.22999572753906,157.63485717773438,5718100
2021-08-04,171.36000061035156,172.33999633789062,170.9600067138672,171.91000366210938,158.2609100341797,4646200
2021-08-05,171.41000366210938,174.0,171.17999267578125,173.85000610351562,160.04689025878906,3824000
2021-08-06,174.36000061035156,174.3800048828125,172.6999969482422,172.8000030517578,159.0802459716797,4088700
2021-08-09,172.5,173.05999755859375,171.6199951171875,171.77000427246094,158.1320343017578,3612800
2021-08-10,171.55999755859375,173.9600067138672,171.42999267578125,172.27000427246094,158.5923309326172,3747100
2021-08-11,172.0,173.22000122070312,170.94000244140625,171.27000427246094,157.67173767089844,4078300
2021-08-12,170.88999938964844,171.32000732421875,169.47999572753906,170.63999938964844,157.09173583984375,3997100
2021-08-13,170.4499969482422,171.72000122070312,168.77999877929688,171.69000244140625,158.05836486816406,2966200
2021-08-16,170.6999969482422,172.39999389648438,169.66000366210938,172.36000061035156,158.67518615722656,3530200
2021-08-17,171.5399932861328,171.6999969482422,169.3800048828125,170.66000366210938,157.11013793945312,3602900
2021-08-18,169.75,171.8000030517578,168.66000366210938,168.80999755859375,155.4070587158203,5487400
2021-08-19,166.9600067138672,167.5399932861328,164.3699951171875,165.58999633789062,152.4427032470703,7336300
2021-08-20,166.27000427246094,168.00999450683594,165.4199981689453,167.7899932861328,154.46803283691406,4039100
2021-08-23,169.4499969482422,170.89999389648438,169.17999267578125,169.72000122070312,156.24478149414062,3796500
2021-08-24,169.60000610351562,170.8699951171875,168.88999938964844,169.97999572753906,156.484130859375,3133100
2021-08-25,170.0,170.69000244140625,169.52999877929688,169.83999633789062,156.35523986816406,3003800
2021-08-26,169.3800048828125,169.52000427246094,166.27000427246094,166.9199981689453,153.66708374023438,4069600
2021-08-27,167.27000427246094,168.07000732421875,166.27999877929688,167.5800018310547,154.5292510986328,3012400
2021-08-30,167.88999938964844,168.41000366210938,166.57000732421875,168.02999877929688,154.94424438476562,3537100
2021-08-31,167.5500030517578,167.67999267578125,164.1999969482422,164.74000549316406,151.9104766845703,7545600
2021-09-01,164.9199981689453,166.6199951171875,164.0800018310547,164.55999755859375,151.74444580078125,4706500
2021-09-02,165.24000549316406,165.42999267578125,162.7899932861328,163.6699981689453,150.92376708984375,4632100
2021-09-03,163.1999969482422,164.1699981689453,162.22000122070312,163.2899932861328,148.9928741455078,4254500
2021-09-07,163.6999969482422,163.86000061035156,161.91000366210938,162.63999938964844,148.39974975585938,5648800
2021-09-08,162.0,162.08999633789062,159.75,160.7100067138672,146.6387939453125,6591700
2021-09-09,165.25999450683594,166.14999389648438,163.1999969482422,163.33999633789062,149.03846740722656,8414800
2021-09-10,164.25,165.66000366210938,163.44000244140625,163.58999633789062,149.26654052734375,4252100
2021-09-13,161.55999755859375,162.9199981689453,158.3300018310547,159.52000427246094,145.5529327392578,8814500
2021-09-14,159.1699981689453,159.38999938964844,157.07000732421875,158.75999450683594,144.8594512939453,5323900
2021-09-15,157.5,158.32000732421875,155.6699981689453,157.91000366210938,144.0839080810547,6827100
2021-09-16,157.58999633789062,159.00999450683594,157.1999969482422,157.60000610351562,143.80105590820312,5085900
2021-09-17,157.9600067138672,161.0,156.07000732421875,156.4199981689453,142.72433471679688,7944800
2021-09-20,153.72999572753906,155.27000427246094,152.32000732421875,154.25,140.74435424804688,7041200
2021-09-21,155.08999633789062,156.1300048828125,153.5800018310547,155.02000427246094,141.4469757080078,5857900
2021-09-22,156.7899932861328,158.0,155.60000610351562,157.44000244140625,143.65505981445312,6844800
2021-09-23,158.7100067138672,160.2899932861328,158.27000427246094,159.5800018310547,145.607666015625,11981500
2021-09-24,151.0399932861328,151.85000610351562,148.0,149.58999633789062,136.49234008789062,26913300
2021-09-27,149.50999450683594,149.91000366210938,147.2899932861328,148.0399932861328,135.07809448242188,11479300
2021-09-28,147.33999633789062,147.52999877929688,145.0,145.3000030517578,132.5780487060547,10692300
2021-09-29,145.7100067138672,147.94000244140625,145.69000244140625,146.02000427246094,133.23495483398438,7794900
2021-09-30,145.8800048828125,147.47999572753906,144.4199981689453,145.22999572753906,132.5140838623047,10133600
2021-10-01,145.22000122070312,148.0,144.3699951171875,147.05999755859375,134.1838836669922,8112300
2021-10-04,147.05999755859375,147.6199951171875,145.75999450683594,147.13999938964844,134.25686645507812,7951000
2021-10-05,148.0,151.0,147.82000732421875,149.4600067138672,136.373779296875,10881900
2021-10-06,148.0,149.4600067138672,147.50999450683594,148.8000030517578,135.7715301513672,7610700
2021-10-07,150.3000030517578,153.66000366210938,150.25999450683594,151.85000610351562,138.55450439453125,7958000
2021-10-08,152.22000122070312,152.8699951171875,150.6699981689453,152.47999572753906,139.1293487548828,6333700
2021-10-11,151.99000549316406,153.58999633789062,150.05999755859375,150.27999877929688,137.12197875976562,5551200
2021-10-12,152.4199981689453,153.60000610351562,151.3000030517578,153.35000610351562,139.9231719970703,7408600
2021-10-13,154.32000732421875,156.6699981689453,153.16000366210938,156.3000030517578,142.6148681640625,8456300
2021-10-14,158.17999267578125,158.4600067138672,156.25,157.13999938964844,143.38133239746094,6024500
2021-10-15,157.8000030517578,158.3300018310547,156.55999755859375,158.00999450683594,144.17514038085938,5532100
2021-10-18,157.30999755859375,159.47000122070312,155.9499969482422,159.42999267578125,145.47080993652344,5765300
2021-10-19,159.67999267578125,159.92999267578125,156.8000030517578,157.82000732421875,144.00181579589844,6198200
2021-10-20,158.5,158.8000030517578,157.32000732421875,158.4499969482422,144.57662963867188,4487000
2021-10-21,158.4499969482422,162.33999633789062,158.27999877929688,162.17999267578125,147.98004150390625,6121700
2021-10-22,162.27999877929688,164.6199951171875,162.27999877929688,163.47999572753906,149.1662139892578,5323000
2021-10-25,163.22999572753906,164.72999572753906,162.66000366210938,164.22000122070312,149.8414306640625,3878200
2021-10-26,164.82000732421875,165.4499969482422,163.1199951171875,163.7899932861328,149.4490966796875,4711200
2021-10-27,163.64999389648438,164.05999755859375,161.66000366210938,162.35000610351562,148.13519287109375,4163900
2021-10-28,163.00999450683594,164.60000610351562,162.80999755859375,164.4600067138672,150.0604248046875,3762000
2021-10-29,163.05999755859375,167.6300048828125,163.0,167.2899932861328,152.6426239013672,6740600
2021-11-01,167.8000030517578,168.8000030517578,165.88999938964844,166.3300018310547,151.76663208007812,3610800
2021-11-02,166.75999450683594,168.16000366210938,166.11000061035156,167.8300018310547,153.1353302001953,5038000
2021-11-03,169.0,172.8699951171875,168.64999389648438,172.5,157.3964385986328,7176700
2021-11-04,172.2100067138672,175.6300048828125,172.0,175.44000244140625,160.0790557861328,5460100
2021-11-05,175.72999572753906,179.10000610351562,175.5,177.50999450683594,161.96778869628906,5892200
2021-11-08,176.35000610351562,176.5399932861328,170.36000061035156,171.85000610351562,156.80335998535156,8301100
2021-11-09,171.25,173.92999267578125,170.9499969482422,173.82000732421875,158.60089111328125,4343000
2021-11-10,171.22999572753906,172.1699981689453,167.5500030517578,168.25999450683594,153.52769470214844,8185200
2021-11-11,169.60000610351562,169.60000610351562,166.6300048828125,166.97000122070312,152.3506622314453,4994900
2021-11-12,167.5,169.67999267578125,167.39999389648438,169.08999633789062,154.28500366210938,5126300
2021-11-15,169.6999969482422,170.36000061035156,168.52000427246094,168.85000610351562,154.06600952148438,3856700
2021-11-16,169.25,174.0,169.25,171.8300018310547,156.7850799560547,4401000
2021-11-17,171.60000610351562,172.74000549316406,170.25,171.74000549316406,156.70301818847656,3940200
2021-11-18,172.3300018310547,173.4600067138672,170.36000061035156,171.35000610351562,156.34718322753906,4044200
2021-11-19,172.14999389648438,177.1999969482422,170.52999877929688,174.8800048828125,159.56805419921875,6145600
2021-11-22,174.97999572753906,177.75,174.22999572753906,174.24000549316406,158.98411560058594,5906400
2021-11-23,173.0500030517578,173.42999267578125,170.41000366210938,172.14999389648438,157.0771026611328,5302100
2021-11-24,168.49000549316406,172.42999267578125,167.6699981689453,172.02999877929688,156.96759033203125,4637600
2021-11-26,168.05999755859375,169.67999267578125,167.5399932861328,168.02000427246094,153.30868530273438,4751100
2021-11-29,169.8300018310547,171.14999389648438,169.22999572753906,169.8699951171875,154.99673461914062,5448700
2021-11-30,168.7899932861328,171.5500030517578,167.52999877929688,169.24000549316406,154.42190551757812,11033700
2021-12-01,170.88999938964844,173.3699951171875,166.67999267578125,166.6999969482422,152.1042938232422,6618200
2021-12-02,167.27999877929688,170.5500030517578,167.0,170.0,155.1153564453125,4398900
2021-12-03,170.6199951171875,172.07000732421875,166.75999450683594,170.24000549316406,155.61355590820312,4878500
2021-12-06,170.8300018310547,171.2100067138672,168.05999755859375,168.91000366210938,154.39779663085938,5636900
2021-12-07,171.11000061035156,173.35000610351562,170.39999389648438,171.2899932861328,156.5733184814453,5898700
2021-12-08,171.22000122070312,171.7899932861328,169.83999633789062,170.25,155.6226806640625,5614400
2021-12-09,169.2899932861328,171.1699981689453,167.99000549316406,168.10000610351562,153.65736389160156,5171600
2021-12-10,168.5,170.24000549316406,167.3300018310547,169.05999755859375,154.53489685058594,4791100
2021-12-13,168.80999755859375,169.38999938964844,165.25999450683594,166.83999633789062,152.505615234375,5972300
2021-12-14,166.2899932861328,167.0800018310547,164.2100067138672,165.39999389648438,151.1893310546875,4872200
2021-12-15,165.0,165.6699981689453,161.82000732421875,163.89999389648438,149.8182373046875,7144600
2021-12-16,162.6999969482422,165.94000244140625,162.52999877929688,162.72000122070312,148.73959350585938,7138100
2021-12-17,161.6300048828125,162.86000061035156,160.5500030517578,161.36000061035156,147.49647521972656,7705100
2021-12-20,159.33999633789062,159.60000610351562,155.47000122070312,156.97999572753906,143.49278259277344,8411900
2021-12-21,166.69000244140625,171.19000244140625,164.7100067138672,166.6300048828125,152.3136749267578,13862900
2021-12-22,167.24000549316406,169.0,164.08999633789062,165.44000244140625,151.2259521484375,5811300
2021-12-23,166.25,167.16000366210938,165.44000244140625,165.6699981689453,151.4361572265625,3876900
2021-12-27,166.52000427246094,167.69000244140625,165.47999572753906,167.5800018310547,153.18206787109375,3769300
2021-12-28,167.8000030517578,168.25,166.3000030517578,166.4199981689453,152.12167358398438,2658600
2021-12-29,167.07000732421875,169.8000030517578,166.60000610351562,168.77999877929688,154.27894592285156,3830900
2021-12-30,168.30999755859375,170.1199951171875,167.1999969482422,167.49000549316406,153.09979248046875,2666800
2021-12-31,167.55999755859375,167.72000122070312,166.2100067138672,166.6699981689453,152.35025024414062,2752000
2022-01-03,167.52999877929688,167.91000366210938,163.30999755859375,164.6699981689453,150.52206420898438,5670500
2022-01-04,165.8800048828125,167.17999267578125,165.0,166.38999938964844,152.0942840576172,6064200
2022-01-05,166.49000549316406,167.00999450683594,162.10000610351562,162.25,148.3099822998047,5021000
2022-01-06,162.08999633789062,163.19000244140625,159.05999755859375,161.0399932861328,147.2039337158203,4144600
2022-01-07,160.77000427246094,161.13999938964844,156.86000061035156,156.97000122070312,143.48362731933594,5108000
2022-01-10,150.52000427246094,151.3300018310547,148.77999877929688,150.44000244140625,137.51466369628906,10439000
2022-01-11,150.47999572753906,150.83999633789062,147.60000610351562,150.3000030517578,137.38668823242188,8175400
2022-01-12,152.1300048828125,153.4600067138672,150.74000549316406,152.2100067138672,139.13258361816406,6351200
2022-01-13,153.1999969482422,153.60000610351562,149.02000427246094,149.58999633789062,136.7376708984375,4990900
2022-01-14,148.38999938964844,148.83999633789062,146.85000610351562,148.17999267578125,135.4488525390625,6030500
2022-01-18,148.05999755859375,148.8300018310547,146.3000030517578,146.9499969482422,134.3245086669922,6931000
2022-01-19,147.75999450683594,149.10000610351562,145.02000427246094,145.11000061035156,132.6426239013672,4823800
2022-01-20,145.4600067138672,147.3800048828125,142.5,142.72999572753906,130.4670867919922,5366500
2022-01-21,144.32000732421875,146.36000061035156,142.85000610351562,142.9499969482422,130.66818237304688,7553400
2022-01-24,140.80999755859375,146.30999755859375,139.55999755859375,146.0,133.45611572265625,9733200
2022-01-25,144.97000122070312,147.9600067138672,142.50999450683594,145.47999572753906,132.98080444335938,8195400
2022-01-26,147.77999877929688,148.97000122070312,142.72999572753906,143.99000549316406,131.6188201904297,7444600
2022-01-27,144.99000549316406,147.35000610351562,143.5800018310547,144.63999938964844,132.21298217773438,6396400
2022-01-28,144.1199951171875,146.02999877929688,140.61000061035156,145.91000366210938,133.37393188476562,6130200
2022-01-31,146.27000427246094,148.17999267578125,145.22000122070312,148.07000732421875,135.34829711914062,6932200
2022-02-01,149.5,149.67999267578125,146.8000030517578,148.22000122070312,135.4854278564453,6695000
2022-02-02,148.35000610351562,149.4600067138672,147.52999877929688,148.7100067138672,135.9333038330078,5491700
2022-02-03,147.39999389648438,148.4600067138672,144.97000122070312,145.30999755859375,132.8253936767578,5240200
2022-02-04,145.3699951171875,146.47999572753906,143.63999938964844,145.38999938964844,132.8985137939453,4313400
2022-02-07,145.3000030517578,146.1199951171875,144.22000122070312,145.13999938964844,132.6700439453125,3877500
2022-02-08,144.74000549316406,145.5,142.3000030517578,143.52999877929688,131.19834899902344,5829400
2022-02-09,146.11000061035156,147.36000061035156,145.6699981689453,146.25999450683594,133.69378662109375,4551000
2022-02-10,143.9600067138672,147.5399932861328,143.85000610351562,144.82000732421875,132.37753295898438,5142600
2022-02-11,144.75999450683594,145.05999755859375,139.55999755859375,140.17999267578125,128.13613891601562,6710500
2022-02-14,140.0800018310547,143.2100067138672,139.7899932861328,141.58999633789062,129.42506408691406,6841200
2022-02-15,144.22000122070312,146.32000732421875,144.10000610351562,145.5800018310547,133.07220458984375,7820200
2022-02-16,145.02000427246094,146.9499969482422,144.61000061035156,146.49000549316406,133.90403747558594,4817500
2022-02-17,145.5399932861328,146.91000366210938,142.63999938964844,142.8000030517578,130.53106689453125,5202300
2022-02-18,143.3699951171875,143.94000244140625,141.80999755859375,142.9499969482422,130.66818237304688,5177400
2022-02-22,141.58999633789062,141.63999938964844,136.16000366210938,138.19000244140625,126.31718444824219,9604500
2022-02-23,139.66000366210938,140.97000122070312,136.50999450683594,136.8300018310547,125.07401275634766,7636600
2022-02-24,133.0,137.4199981689453,130.92999267578125,137.1699981689453,125.38477325439453,8417200
2022-02-25,138.1300048828125,139.22000122070312,136.19000244140625,138.8000030517578,126.8747329711914,5424500
2022-02-28,137.05999755859375,138.3800048828125,135.0399932861328,136.5500030517578,124.81805419921875,6613300
2022-03-01,136.72000122070312,136.75,131.14999389648438,132.22000122070312,120.86006927490234,6534000
2022-03-02,132.97999572753906,136.61000061035156,132.77000427246094,135.67999267578125,124.02278137207031,7743900
2022-03-03,136.74000549316406,136.8000030517578,133.4499969482422,133.97000122070312,122.459716796875,4576500
2022-03-04,132.50999450683594,133.6199951171875,130.6999969482422,131.17999267578125,120.18302917480469,7084500
2022-03-07,131.0,131.02999877929688,124.16999816894531,124.44000244140625,114.00807189941406,11383400
2022-03-08,125.23999786376953,125.47000122070312,120.80000305175781,121.20999908447266,111.04883575439453,9089400
2022-03-09,127.37999725341797,129.64999389648438,126.62999725341797,126.94999694824219,116.30764770507812,8845100
2022-03-10,124.0199966430664,126.5999984741211,124.0,126.02999877929688,115.46475982666016,7167400
2022-03-11,127.01000213623047,127.87000274658203,122.51000213623047,122.62999725341797,112.34980773925781,5882000
2022-03-14,121.52999877929688,122.44999694824219,116.75,117.56999969482422,107.71398162841797,13884900
2022-03-15,119.83999633789062,120.41999816894531,117.75,119.4000015258789,109.39056396484375,10431300
2022-03-16,122.8499984741211,126.11000061035156,121.93000030517578,125.19000244140625,114.69519805908203,11100400
2022-03-17,124.94000244140625,127.41000366210938,123.69999694824219,127.41000366210938,116.7291030883789,6845300
2022-03-18,126.8499984741211,131.4600067138672,126.69999694824219,131.24000549316406,120.23802185058594,10350900
2022-03-21,129.72000122070312,132.30999755859375,128.6199951171875,130.19000244140625,119.27603912353516,14388500
2022-03-22,137.27999877929688,139.0,132.99000549316406,133.08999633789062,121.93291473388672,19731200
2022-03-23,132.63999938964844,135.39999389648438,131.1999969482422,133.0,121.8504638671875,8068800
2022-03-24,133.75,134.19000244140625,131.1999969482422,132.0800018310547,121.00758361816406,5853800
2022-03-25,133.0500030517578,133.8699951171875,131.7100067138672,133.6999969482422,122.49176025390625,6287000
2022-03-28,133.75999450683594,134.86000061035156,132.1699981689453,134.80999755859375,123.50871276855469,5804100
2022-03-29,137.85000610351562,139.75,136.9499969482422,139.13999938964844,127.47575378417969,7275900
2022-03-30,138.97999572753906,139.86000061035156,137.55999755859375,138.5399932861328,126.92605590820312,5545800
2022-03-31,137.8300018310547,138.7100067138672,134.5,134.55999755859375,123.2796859741211,7206500
2022-04-01,134.4499969482422,135.27999877929688,132.75,133.52000427246094,122.32687377929688,5807500
2022-04-04,133.0500030517578,135.2100067138672,132.86000061035156,134.33999633789062,123.07814025878906,5307300
2022-04-05,134.0399932861328,134.67999267578125,132.02000427246094,132.3000030517578,121.20915222167969,5707800
2022-04-06,130.0500030517578,130.3000030517578,126.33000183105469,128.36000061035156,117.59944152832031,6961000
2022-04-07,127.43000030517578,129.97999572753906,127.08999633789062,129.3800048828125,118.53394317626953,5320500
2022-04-08,129.44000244140625,129.92999267578125,127.87999725341797,128.14999389648438,117.40704345703125,4877400
2022-04-11,125.0999984741211,126.87000274658203,124.31999969482422,124.9800033569336,114.50279998779297,6365400
2022-04-12,125.19999694824219,128.10000610351562,124.33999633789062,125.04000091552734,114.5577621459961,5146800
2022-04-13,125.04000091552734,127.86000061035156,125.04000091552734,127.48999786376953,116.80239868164062,5119300
2022-04-14,129.0800018310547,134.3800048828125,128.88999938964844,133.4600067138672,122.27191162109375,12811300
2022-04-18,132.0,133.38999938964844,130.30999755859375,131.6300048828125,120.59532928466797,5298200
2022-04-19,133.08999633789062,137.47999572753906,132.77999877929688,137.0500030517578,125.56098937988281,7346100
2022-04-20,137.9600067138672,138.64999389648438,135.66000366210938,135.8699951171875,124.47987365722656,5309700
2022-04-21,138.5500030517578,139.13999938964844,135.0800018310547,135.4600067138672,124.1042251586914,6562400
2022-04-22,134.3300018310547,134.92999267578125,128.7100067138672,129.07000732421875,118.24993133544922,7321700
2022-04-25,127.80000305175781,128.94000244140625,124.8499984741211,127.94000244140625,117.21466827392578,6512500
2022-04-26,126.94999694824219,127.58999633789062,120.4800033569336,120.5199966430664,110.41668701171875,7977900
2022-04-27,121.08999633789062,124.0,121.08999633789062,121.23999786376953,111.0763168334961,6007800
2022-04-28,123.16999816894531,127.97000122070312,122.5999984741211,127.05000305175781,116.39926147460938,6551600
2022-04-29,126.22000122070312,128.4499969482422,124.25,124.69999694824219,114.24627685546875,5867900
2022-05-02,124.43000030517578,126.18000030517578,122.80000305175781,126.08000183105469,115.51058197021484,5428400
2022-05-03,125.0199966430664,125.76000213623047,120.22000122070312,122.86000061035156,112.5605239868164,8201200
2022-05-04,122.54000091552734,126.19999694824219,120.08000183105469,126.05999755859375,115.49223327636719,6924000
2022-05-05,124.11000061035156,124.75,116.5199966430664,118.62999725341797,108.68511199951172,8411600
2022-05-06,113.73999786376953,115.9000015258789,110.66000366210938,114.48999786376953,104.89216613769531,11237500
2022-05-09,112.97000122070312,114.43000030517578,110.58999633789062,111.20999908447266,101.88714599609375,7506000
2022-05-10,113.02999877929688,113.44000244140625,108.3499984741211,109.48999786376953,100.31134796142578,7526900
2022-05-11,110.69999694824219,111.1500015258789,107.58999633789062,107.91999816894531,98.8729476928711,6611800
2022-05-12,105.18000030517578,109.87999725341797,105.0,107.9000015258789,98.8546142578125,10245400
2022-05-13,110.26000213623047,113.11000061035156,108.66999816894531,113.01000213623047,103.53626251220703,9618800
2022-05-16,112.9800033569336,113.44000244140625,111.55999755859375,112.5999984741211,103.16062927246094,5722500
2022-05-17,115.5,117.0999984741211,113.06999969482422,115.9000015258789,106.18395233154297,6026100
2022-05-18,112.5,113.36000061035156,108.77999877929688,109.37000274658203,100.20140075683594,8188300
2022-05-19,108.94999694824219,109.11000061035156,106.27999877929688,106.44000244140625,97.51702117919922,7702000
2022-05-20,108.66999816894531,109.69000244140625,105.06999969482422,108.0,98.94624328613281,7621900
2022-05-23,107.47000122070312,108.75,105.81999969482422,108.62999725341797,99.5234375,7136400
2022-05-24,107.11000061035156,107.98999786376953,104.7300033569336,107.29000091552734,98.29576873779297,6023400
2022-05-25,103.45999908447266,108.88999938964844,103.45999908447266,108.19999694824219,99.12948608398438,7158800
2022-05-26,110.0,113.5,110.0,112.94000244140625,103.47212219238281,6520300
2022-05-27,114.22000122070312,116.01000213623047,114.01000213623047,115.98999786376953,106.26643371582031,5043000
2022-05-31,117.5,119.79000091552734,114.44999694824219,118.8499984741211,108.88667297363281,13774600
2022-06-01,119.83000183105469,120.75,117.61000061035156,118.68000030517578,108.73091888427734,5543100
2022-06-02,119.51000213623047,123.58000183105469,119.26000213623047,123.41000366210938,113.06439971923828,5838100
2022-06-03,120.20999908447266,122.54000091552734,120.0,120.94999694824219,111.08517456054688,5201500
2022-06-06,121.5,122.13999938964844,119.43000030517578,120.2300033569336,110.42389678955078,3963400
2022-06-07,118.66000366210938,121.97000122070312,118.45999908447266,121.66999816894531,111.74646759033203,5373600
2022-06-08,120.9000015258789,123.81999969482422,120.44999694824219,122.4000015258789,112.41691589355469,4365800
2022-06-09,121.3499984741211,122.02999877929688,118.58999633789062,118.5999984741211,108.92684936523438,3892600
2022-06-10,117.08999633789062,117.08999633789062,114.26000213623047,114.7300033569336,105.37249755859375,6292600
2022-06-13,110.38999938964844,112.0199966430664,109.23999786376953,110.44000244140625,101.43238830566406,6423100
2022-06-14,110.37000274658203,111.88999938964844,110.01000213623047,110.72000122070312,101.68954467773438,4548400
2022-06-15,112.16000366210938,114.72000122070312,111.20999908447266,113.44000244140625,104.18769836425781,4828700
2022-06-16,109.51000213623047,109.9000015258789,105.72000122070312,107.12000274658203,98.3831787109375,7384800
2022-06-17,106.1500015258789,108.55000305175781,105.8499984741211,107.33999633789062,98.58522033691406,10256800
2022-06-21,108.45999908447266,109.81999969482422,108.04000091552734,108.68000030517578,99.81591796875,6211400
2022-06-22,105.4000015258789,106.9000015258789,104.61000061035156,104.91999816894531,96.36261749267578,9884000
2022-06-23,105.01000213623047,108.0999984741211,104.41000366210938,108.0,99.19139099121094,8898400
2022-06-24,109.93000030517578,112.94000244140625,109.61000061035156,112.91000366210938,103.70092010498047,10463700
2022-06-27,112.23999786376953,113.20999908447266,109.83999633789062,110.5,101.48749542236328,12644700
2022-06-28,108.19999694824219,114.05000305175781,102.4800033569336,102.77999877929688,94.39714813232422,31296500
2022-06-29,102.98999786376953,105.61000061035156,101.52999877929688,103.25,94.82881164550781,10326600
2022-06-30,101.94000244140625,103.37999725341797,100.77999877929688,102.19999694824219,93.86444854736328,9027400
2022-07-01,101.63999938964844,102.5,99.52999877929688,101.18000030517578,92.9276351928711,7934300
2022-07-05,100.44999694824219,104.37999725341797,100.11000061035156,104.31999969482422,95.81153869628906,9948800
2022-07-06,104.88999938964844,105.72000122070312,103.44999694824219,104.2300033569336,95.72888946533203,6432900
2022-07-07,105.6500015258789,108.27999877929688,105.2699966430664,108.12999725341797,99.31078338623047,7633900
2022-07-08,106.58000183105469,108.61000061035156,106.51000213623047,107.93000030517578,99.12710571289062,5938600
2022-07-11,106.5999984741211,107.08999633789062,104.87000274658203,105.11000061035156,96.53710174560547,4935200
2022-07-12,105.01000213623047,105.86000061035156,103.1500015258789,103.76000213623047,95.2972183227539,6017400
2022-07-13,101.94000244140625,105.87999725341797,101.55999755859375,105.11000061035156,96.53710174560547,5299400
2022-07-14,103.11000061035156,103.80000305175781,101.8499984741211,103.22000122070312,94.80126953125,6951300
2022-07-15,104.76000213623047,105.62000274658203,103.93000030517578,104.69999694824219,96.1605453491211,7862000
2022-07-18,106.19000244140625,106.68000030517578,103.68000030517578,103.94000244140625,95.46253204345703,6834800
2022-07-19,105.5999984741211,109.58000183105469,105.43000030517578,109.19000244140625,100.28434753417969,8973900
2022-07-20,109.22000122070312,111.62999725341797,108.87000274658203,111.11000061035156,102.04773712158203,5884600
2022-07-21,110.37000274658203,111.66999816894531,110.06999969482422,111.62000274658203,102.51614379882812,4291400
2022-07-22,111.93000030517578,111.93000030517578,108.75,109.12000274658203,100.22004699707031,6039300
2022-07-25,109.61000061035156,109.61000061035156,107.68000030517578,109.27999877929688,100.36699676513672,5079500
2022-07-26,107.4800033569336,107.93000030517578,104.56999969482422,105.19999694824219,96.61976623535156,8459500
2022-07-27,106.30000305175781,108.37999725341797,105.75,107.86000061035156,99.0628433227539,7437000
2022-07-28,109.43000030517578,112.4000015258789,108.02999877929688,112.2300033569336,103.0763931274414,6773500
2022-07-29,112.76000213623047,115.20999908447266,111.5,114.91999816894531,105.54698944091797,7560000
2022-08-01,114.0,115.55000305175781,113.25,114.30000305175781,104.97755432128906,4802900
2022-08-02,113.56999969482422,113.77999877929688,111.66999816894531,111.7699966430664,102.65390014648438,6334400
2022-08-03,113.41999816894531,115.0999984741211,112.58000183105469,114.27999877929688,104.95918273925781,5986500
2022-08-04,114.63999938964844,115.3499984741211,113.83000183105469,114.4800033569336,105.14288330078125,4332000
2022-08-05,112.79000091552734,114.30000305175781,112.56999969482422,113.87000274658203,104.58263397216797,4162200
2022-08-08,114.0,115.58000183105469,113.30999755859375,114.0,104.70204162597656,6071600
2022-08-09,111.31999969482422,111.75,108.81999969482422,110.11000061035156,101.1292953491211,7377600
2022-08-10,113.23999786376953,113.83000183105469,111.86000061035156,113.13999938964844,103.91216278076172,6951800
2022-08-11,114.87999725341797,116.75,113.7300033569336,114.0999984741211,104.79386901855469,5582100
2022-08-12,114.38999938964844,116.12999725341797,113.7699966430664,116.06999969482422,106.60318756103516,4407900
2022-08-15,115.44999694824219,116.58000183105469,114.8499984741211,116.31999969482422,106.83280181884766,4279000
2022-08-16,115.94000244140625,118.47000122070312,115.80999755859375,118.05999755859375,108.43087768554688,6189800
2022-08-17,116.7699966430664,117.9800033569336,116.41000366210938,117.04000091552734,107.49408721923828,5108400
2022-08-18,116.0,116.68000030517578,115.30000305175781,116.01000213623047,106.548095703125,4750200
2022-08-19,115.5,115.6500015258789,113.02999877929688,113.16000366210938,103.93054962158203,5967600
2022-08-22,111.0199966430664,111.68000030517578,109.83999633789062,110.33999633789062,101.34054565429688,5802900
2022-08-23,110.83999633789062,112.83000183105469,110.56999969482422,110.68000030517578,101.65280151367188,4806700
2022-08-24,110.68000030517578,112.43000030517578,110.0199966430664,111.41000366210938,102.32327270507812,4769000
2022-08-25,111.9000015258789,113.33999633789062,111.38999938964844,113.22000122070312,103.98564910888672,5433700
2022-08-26,113.30999755859375,113.7300033569336,108.2300033569336,108.27999877929688,99.44857025146484,6203600
2022-08-29,106.80999755859375,108.54000091552734,106.44000244140625,107.87999725341797,99.0811767578125,4132400
2022-08-30,108.97000122070312,110.08000183105469,107.12999725341797,107.86000061035156,99.0628433227539,5129500
2022-08-31,107.95999908447266,108.01000213623047,105.80999755859375,106.44999694824219,97.76781463623047,8884800
2022-09-01,105.80000305175781,106.55000305175781,103.80000305175781,106.48999786376953,97.80452728271484,5590800
2022-09-02,107.45999908447266,108.1500015258789,105.05000305175781,105.73999786376953,97.39466857910156,7763800
2022-09-06,105.44000244140625,106.41000366210938,103.68000030517578,105.1500015258789,96.85123443603516,9158900
2022-09-07,105.08000183105469,108.55999755859375,105.0,108.4800033569336,99.91841888427734,7238300
2022-09-08,107.0,108.79000091552734,106.08000183105469,108.7300033569336,100.1487045288086,5628300
2022-09-09,109.37999725341797,111.69000244140625,109.30000305175781,110.97000122070312,102.2119140625,5171500
2022-09-12,111.37999725341797,113.36000061035156,111.37999725341797,112.37999725341797,103.5106201171875,4836900
2022-09-13,108.83999633789062,108.91000366210938,105.44000244140625,105.72000122070312,97.37623596191406,5955600
2022-09-14,106.12999725341797,107.36000061035156,105.1500015258789,107.0,98.55522918701172,4888700
2022-09-15,106.1500015258789,108.13999938964844,104.83000183105469,105.5,97.1736068725586,6598900
2022-09-16,104.06999969482422,105.29000091552734,103.25,104.12000274658203,95.90252685546875,8000800
2022-09-19,103.69000244140625,107.37000274658203,103.33000183105469,107.20999908447266,98.74864196777344,5162300
2022-09-20,103.81999969482422,104.44000244140625,101.70999908447266,102.41999816894531,94.33668518066406,10006600
2022-09-21,102.66999816894531,103.62999725341797,99.7699966430664,99.79000091552734,91.91425323486328,6279300
2022-09-22,99.79000091552734,100.20999908447266,97.83000183105469,98.55000305175781,90.77213287353516,9638800
2022-09-23,96.91999816894531,97.54000091552734,95.33999633789062,97.0199966430664,89.36286926269531,9026500
2022-09-26,96.08999633789062,97.7300033569336,95.70999908447266,96.05999755859375,88.4786376953125,8521600
2022-09-27,97.06999969482422,97.73999786376953,95.0,96.29000091552734,88.69048309326172,9890300
2022-09-28,97.11000061035156,99.43000030517578,96.76000213623047,98.69999694824219,90.91029357910156,9423300
2022-09-29,98.11000061035156,98.11000061035156,94.4800033569336,95.33000183105469,87.80628204345703,19339200
2022-09-30,83.30000305175781,86.19999694824219,82.5,83.12000274658203,76.55992126464844,48176100
2022-10-03,83.12999725341797,86.47000122070312,82.22000122070312,85.4000015258789,78.65997314453125,19108200
2022-10-04,87.69999694824219,89.06999969482422,87.11000061035156,88.63999938964844,81.64424896240234,15114800
2022-10-05,87.48999786376953,91.69999694824219,87.1500015258789,91.0999984741211,83.91010284423828,12732700
2022-10-06,90.48999786376953,92.63999938964844,89.80999755859375,90.16999816894531,83.0534896850586,9951900
2022-10-07,88.54000091552734,88.76000213623047,86.69000244140625,87.16000366210938,80.28107452392578,8554700
2022-10-10,87.76000213623047,87.77999877929688,85.06999969482422,86.69000244140625,79.84815216064453,7991200
2022-10-11,86.04000091552734,88.25,85.75,87.98999786376953,81.04553985595703,11903200
2022-10-12,88.0,88.87999725341797,87.30999755859375,88.51000213623047,81.52450561523438,8772900
2022-10-13,86.38999938964844,89.80999755859375,86.05000305175781,89.55999755859375,82.49164581298828,9335000
2022-10-14,90.51000213623047,90.87999725341797,87.48999786376953,87.55000305175781,80.64028930664062,7811700
2022-10-17,89.52999877929688,90.69000244140625,88.69999694824219,89.97000122070312,82.86930084228516,8451900
2022-10-18,92.5999984741211,92.91000366210938,89.1500015258789,89.68000030517578,82.60218048095703,7364700
2022-10-19,88.26000213623047,89.73999786376953,87.76000213623047,88.56999969482422,81.57977294921875,5102000
2022-10-20,89.47000122070312,90.58000183105469,86.61000061035156,86.83000183105469,79.97710418701172,13500000
2022-10-21,87.0199966430664,88.77999877929688,86.70999908447266,88.5,81.51530456542969,7976300
2022-10-24,87.79000091552734,88.83999633789062,86.23999786376953,88.01000213623047,81.0639877319336,8847100
2022-10-25,88.02999877929688,91.93000030517578,87.88999938964844,91.72000122070312,84.48117065429688,8639900
2022-10-26,90.77999877929688,94.3499984741211,90.69999694824219,92.38999938964844,85.09829711914062,8648200
2022-10-27,92.87999725341797,93.4800033569336,90.22000122070312,90.54000091552734,83.39431762695312,8617900
2022-10-28,91.19999694824219,93.87999725341797,90.45999908447266,93.83000183105469,86.4246597290039,6022400
2022-10-31,93.0,93.88999938964844,92.68000030517578,92.68000030517578,85.36540985107422,6426400
2022-11-01,95.69000244140625,96.45999908447266,92.97000122070312,93.7699966430664,86.36937713623047,7250700
2022-11-02,93.12999725341797,94.44000244140625,90.19000244140625,90.30000305175781,83.1732406616211,7176600
2022-11-03,89.97000122070312,91.61000061035156,88.72000122070312,90.4000015258789,83.26535034179688,6550300
2022-11-04,94.44999694824219,98.2300033569336,93.94999694824219,95.79000091552734,88.22994995117188,12543300
2022-11-07,96.30999755859375,96.87000274658203,92.66999816894531,93.44000244140625,86.06542205810547,9094500
2022-11-08,94.44000244140625,96.02999877929688,92.94000244140625,93.75,86.35095977783203,7017800
2022-11-09,92.66999816894531,93.9000015258789,91.95999908447266,92.0999984741211,84.83118438720703,6550900
2022-11-10,96.33000183105469,99.68000030517578,96.2300033569336,99.48999786376953,91.63793182373047,9361000
2022-11-11,100.30999755859375,107.20999908447266,100.13999938964844,106.08999633789062,97.71707153320312,12597500
2022-11-14,105.19999694824219,106.44000244140625,104.31999969482422,104.38999938964844,96.15121459960938,7134900
2022-11-15,107.98999786376953,109.30999755859375,105.52999877929688,106.70999908447266,98.28811645507812,7242900
2022-11-16,105.25,106.5999984741211,104.7699966430664,105.2300033569336,96.9249267578125,5998700
2022-11-17,104.11000061035156,105.4000015258789,102.91999816894531,105.36000061035156,97.0446548461914,5252900
2022-11-18,107.62999725341797,107.72000122070312,104.16999816894531,105.41999816894531,97.09992980957031,5498900
2022-11-21,104.61000061035156,105.4800033569336,103.5999984741211,103.83000183105469,95.63540649414062,4774800
2022-11-22,104.62000274658203,106.16000366210938,103.83999633789062,105.97000122070312,97.60652160644531,5313200
2022-11-23,106.0,106.9800033569336,105.2300033569336,106.6500015258789,98.23284149169922,3873100
2022-11-25,106.44999694824219,107.18000030517578,105.55999755859375,105.95999908447266,97.5973129272461,3426100
2022-11-28,105.25,106.30000305175781,104.6500015258789,104.95999908447266,96.67621612548828,6967400
2022-11-29,105.37000274658203,106.81999969482422,105.12000274658203,106.25,97.86441802978516,8494400
2022-11-30,107.08000183105469,109.69000244140625,105.44999694824219,109.69000244140625,101.03292846679688,16251000
2022-12-01,110.08999633789062,111.86000061035156,109.55000305175781,111.11000061035156,102.34085845947266,7822900
2022-12-02,108.6500015258789,112.70999908447266,108.33999633789062,112.19999694824219,103.66203308105469,5892000
2022-12-05,111.0199966430664,111.12999725341797,109.19000244140625,109.62000274658203,101.27837371826172,6220100
2022-12-06,109.6500015258789,110.52999877929688,106.75,107.93000030517578,99.71697998046875,7086100
2022-12-07,107.31999969482422,109.12000274658203,107.05999755859375,108.33000183105469,100.08653259277344,5751500
2022-12-08,108.5999984741211,111.48999786376953,108.45999908447266,111.36000061035156,102.8859634399414,6192800
2022-12-09,110.22000122070312,111.37999725341797,109.26000213623047,109.41999816894531,101.09358978271484,5677700
2022-12-12,110.0999984741211,112.16999816894531,109.70999908447266,112.06999969482422,103.54192352294922,6426000
2022-12-13,115.61000061035156,116.44999694824219,111.25,112.8499984741211,104.26255798339844,8655300
2022-12-14,113.69999694824219,114.12000274658203,110.2300033569336,111.44999694824219,102.9691162109375,7528500
2022-12-15,109.19000244140625,109.62000274658203,107.7300033569336,108.51000213623047,100.25285339355469,7500700
2022-12-16,106.87000274658203,107.61000061035156,105.12000274658203,105.94999694824219,97.88761901855469,14083600
2022-12-19,104.98999786376953,105.51000213623047,102.44999694824219,103.05000305175781,95.20832824707031,10620300
2022-12-20,103.0,103.4000015258789,101.68000030517578,103.20999908447266,95.35614013671875,17147900
2022-12-21,116.76000213623047,119.18000030517578,115.33999633789062,115.77999877929688,106.96961975097656,32777300
2022-12-22,114.29000091552734,116.81999969482422,114.05999755859375,116.70999908447266,107.8288345336914,17147600
2022-12-23,116.11000061035156,117.16999816894531,115.77999877929688,116.25,107.40384674072266,6603700
2022-12-27,116.47000122070312,118.19999694824219,115.81999969482422,117.55999755859375,108.6141586303711,6661100
2022-12-28,117.58000183105469,118.23999786376953,114.95999908447266,114.9800033569336,106.23049926757812,5437800
2022-12-29,116.08000183105469,118.06999969482422,115.80000305175781,117.3499984741211,108.4201431274414,4588600
2022-12-30,116.55999755859375,117.25,115.7699966430664,117.01000213623047,108.10601806640625,4355500
2023-01-03,118.55000305175781,119.48999786376953,117.44000244140625,118.75,109.7136001586914,8124800
2023-01-04,119.95999908447266,122.2300033569336,119.52999877929688,121.20999908447266,111.98641967773438,8550700
2023-01-05,120.27999877929688,122.33999633789062,120.08000183105469,120.62000274658203,111.44131469726562,6046700
2023-01-06,122.0,125.36000061035156,121.7699966430664,124.52999877929688,115.05377197265625,10080700
2023-01-09,125.0,126.61000061035156,124.55000305175781,124.8499984741211,115.34942626953125,9397900
2023-01-10,125.20999908447266,126.33000183105469,124.37000274658203,125.83999633789062,116.26409149169922,5899900
2023-01-11,126.31999969482422,128.25999450683594,126.01000213623047,127.94000244140625,118.20429229736328,6989200
2023-01-12,128.35000610351562,128.4600067138672,126.45999908447266,127.88999938964844,118.1580810546875,8366400
2023-01-13,126.66000366210938,129.22999572753906,126.66000366210938,128.85000610351562,119.04505920410156,4856500
2023-01-17,128.0,129.0500030517578,127.83000183105469,128.13999938964844,118.38907623291016,6172200
2023-01-18,127.80000305175781,128.58999633789062,126.0,126.43000030517578,116.8092041015625,6828800
2023-01-19,124.79000091552734,125.44000244140625,123.61000061035156,124.52999877929688,115.05377197265625,5273500
2023-01-20,124.68000030517578,126.63999938964844,124.04000091552734,126.62000274658203,116.98473358154297,5673200
2023-01-23,126.9000015258789,128.75,126.54000091552734,128.2899932861328,118.52765655517578,5581600
2023-01-24,126.80999755859375,128.00999450683594,120.44999694824219,126.83000183105469,117.17875671386719,5486200
2023-01-25,125.86000061035156,127.01000213623047,124.83000183105469,126.81999969482422,117.16950988769531,5933700
2023-01-26,128.4600067138672,128.99000549316406,126.01000213623047,127.52999877929688,117.82547760009766,5838800
2023-01-27,127.06999969482422,128.5800018310547,126.69999694824219,127.52999877929688,117.82547760009766,5730000
2023-01-30,126.5,127.55999755859375,126.20999908447266,126.37000274658203,116.75376892089844,6494600
2023-01-31,126.41999816894531,127.8499984741211,126.01000213623047,127.33000183105469,117.64073181152344,7686900
2023-02-01,127.9000015258789,130.22000122070312,126.22000122070312,129.5,119.64558410644531,6387900
2023-02-02,130.4499969482422,131.30999755859375,127.86000061035156,129.05999755859375,119.23905944824219,5214500
2023-02-03,126.79000091552734,129.4199981689453,126.44000244140625,127.61000061035156,117.8993911743164,4930200
2023-02-06,125.5199966430664,126.0999984741211,124.31999969482422,125.7300033569336,116.16246032714844,4666400
2023-02-07,123.95999908447266,125.93000030517578,123.25,125.33000183105469,115.79288482666016,5288900
2023-02-08,123.37999725341797,124.0999984741211,121.80000305175781,122.91000366210938,113.55705261230469,5877800
2023-02-09,124.70999908447266,125.0199966430664,121.5,122.18000030517578,112.88259887695312,5929000
2023-02-10,121.51000213623047,122.63999938964844,120.54000091552734,122.2300033569336,112.92879486083984,5195500
2023-02-13,122.81999969482422,125.72000122070312,122.45999908447266,125.1500015258789,115.62659454345703,5689800
2023-02-14,123.94999694824219,126.36000061035156,123.73999786376953,126.19999694824219,116.59668731689453,4845900
2023-02-15,124.9000015258789,127.5,124.9000015258789,127.4800033569336,117.77930450439453,5687900
2023-02-16,125.43000030517578,127.20999908447266,124.11000061035156,124.37999725341797,114.9151840209961,4722200
2023-02-17,123.70999908447266,124.88999938964844,123.44000244140625,124.83999633789062,115.3401870727539,5161500
2023-02-21,123.27999877929688,124.0,120.9800033569336,121.0999984741211,111.88479614257812,5110300
2023-02-22,121.0999984741211,121.4000015258789,119.63999938964844,119.9000015258789,110.77610778808594,5022000
2023-02-23,120.76000213623047,120.76000213623047,118.55000305175781,119.95999908447266,110.83154296875,4101900
2023-02-24,117.97000122070312,118.73999786376953,117.33999633789062,118.04000091552734,109.05763244628906,4693000
2023-02-27,119.26000213623047,119.81999969482422,118.31999969482422,118.52999877929688,109.51036071777344,4239800
2023-02-28,118.73999786376953,120.4000015258789,117.8499984741211,118.79000091552734,109.75057983398438,8414100
2023-03-01,117.94999694824219,119.79000091552734,117.83000183105469,118.58000183105469,109.5565414428711,4120500
2023-03-02,117.55000305175781,119.95999908447266,117.55000305175781,119.58000183105469,110.48045349121094,4443200
2023-03-03,120.12999725341797,121.04000091552734,119.0199966430664,120.94000244140625,112.05555725097656,3871800
2023-03-06,121.12999725341797,121.98999786376953,119.95999908447266,120.16999816894531,111.34212493896484,5183800
2023-03-07,120.19999694824219,121.0199966430664,119.2300033569336,119.58999633789062,110.80472564697266,5345700
2023-03-08,119.2699966430664,120.04000091552734,118.7300033569336,119.86000061035156,111.05490112304688,4175200
2023-03-09,120.08000183105469,121.86000061035156,117.55000305175781,117.87000274658203,109.21109771728516,5635900
2023-03-10,118.83000183105469,118.98999786376953,116.63999938964844,117.48999786376953,108.8590087890625,5979600
2023-03-13,115.81999969482422,118.29000091552734,115.79000091552734,116.86000061035156,108.27529907226562,6038200
2023-03-14,119.0,119.48999786376953,117.2300033569336,119.0,110.2580795288086,6050800
2023-03-15,116.31999969482422,118.62999725341797,115.80999755859375,118.16999816894531,109.48904418945312,6599200
2023-03-16,116.86000061035156,120.80999755859375,116.61000061035156,120.6500015258789,111.786865234375,5658700
2023-03-17,121.16999816894531,121.7300033569336,118.66999816894531,120.38999938964844,111.54595947265625,12868900
2023-03-20,120.98999786376953,122.68000030517578,119.80999755859375,121.19999694824219,112.29645538330078,7594100
2023-03-21,123.5,126.05999755859375,122.97000122070312,125.61000061035156,116.38248443603516,15078800
2023-03-22,123.66000366210938,125.26000213623047,119.33000183105469,119.5,110.72134399414062,17625500
2023-03-23,120.47000122070312,123.2699966430664,119.47000122070312,120.97000122070312,112.08335876464844,7628100
2023-03-24,120.2300033569336,121.0,119.31999969482422,120.70999908447266,111.84245300292969,6158800
2023-03-27,121.0199966430664,121.06999969482422,117.61000061035156,117.80999755859375,109.15550231933594,6564200
2023-03-28,117.94999694824219,118.44000244140625,116.8499984741211,117.87000274658203,109.21109771728516,4461400
2023-03-29,118.63999938964844,120.56999969482422,118.48999786376953,120.48999786376953,111.63861846923828,5644000
2023-03-30,121.02999877929688,121.44000244140625,119.33999633789062,120.0999984741211,111.27726745605469,4578900
2023-03-31,120.91999816894531,122.70999908447266,120.5999984741211,122.63999938964844,113.63067626953125,5659400
2023-04-03,122.5,122.8499984741211,120.81999969482422,121.66999816894531,112.73194122314453,4838400
2023-04-04,121.37999725341797,123.94999694824219,121.36000061035156,123.69000244140625,114.60355377197266,5895300
2023-04-05,123.0,123.33000183105469,120.55999755859375,120.9000015258789,112.01849365234375,4331400
2023-04-06,119.51000213623047,120.48999786376953,117.8499984741211,120.22000122070312,111.3884506225586,4256900
2023-04-10,119.30000305175781,121.91000366210938,119.12999725341797,121.91000366210938,112.95429992675781,3731200
2023-04-11,122.04000091552734,124.08000183105469,122.04000091552734,123.30000305175781,114.24219512939453,4471000
2023-04-12,124.76000213623047,124.86000061035156,123.22000122070312,123.66000366210938,114.57575225830078,4524900
2023-04-13,124.63999938964844,126.66999816894531,124.45999908447266,126.43000030517578,117.14227294921875,5355300
2023-04-14,127.0,127.48999786376953,125.48999786376953,125.94999694824219,116.6975326538086,4828700
2023-04-17,126.02999877929688,126.4800033569336,125.12999725341797,126.19000244140625,116.9198989868164,3917900
2023-04-18,127.2300033569336,127.27999877929688,125.0199966430664,126.20999908447266,116.93842315673828,3857700
2023-04-19,126.0,126.08000183105469,124.91999816894531,125.66999816894531,116.43807983398438,3547400
2023-04-20,124.80000305175781,125.3499984741211,123.70999908447266,124.44999694824219,115.30772399902344,3891600
2023-04-21,124.4000015258789,125.68000030517578,123.62000274658203,125.52999877929688,116.30838012695312,3651400
2023-04-24,125.51000213623047,127.12999725341797,125.1500015258789,127.08999633789062,117.75377655029297,3790900
2023-04-25,126.52999877929688,126.7699966430664,124.05000305175781,124.66000366210938,115.50228118896484,4383300
2023-04-26,124.20999908447266,124.9800033569336,123.29000091552734,123.83999633789062,114.74252319335938,4003200
2023-04-27,124.44000244140625,126.01000213623047,123.13999938964844,125.69999694824219,116.46588134765625,4252100
2023-04-28,125.1500015258789,127.06999969482422,124.95999908447266,126.72000122070312,117.41095733642578,4421400
2023-05-01,126.91999816894531,128.67999267578125,126.86000061035156,127.91999816894531,118.52279663085938,4112600
2023-05-02,127.1500015258789,127.58000183105469,125.16999816894531,127.26000213623047,117.91127014160156,3831600
2023-05-03,125.48999786376953,128.3800048828125,123.66999816894531,126.73999786376953,117.42948150634766,4560100
2023-05-04,124.94000244140625,125.19000244140625,122.81999969482422,123.66999816894531,114.58499908447266,6177100
2023-05-05,125.93000030517578,127.02999877929688,125.22000122070312,126.58999633789062,117.29049682617188,4887800
2023-05-08,127.26000213623047,127.69000244140625,125.9800033569336,126.87999725341797,117.5592041015625,3892600
2023-05-09,125.2699966430664,125.66000366210938,124.16999816894531,125.0999984741211,115.90997314453125,4082100
2023-05-10,126.29000091552734,126.45999908447266,122.16999816894531,123.51000213623047,114.43675231933594,5052600
2023-05-11,123.44999694824219,123.86000061035156,121.9000015258789,122.22000122070312,113.24153900146484,5923100
2023-05-12,120.98999786376953,121.19999694824219,119.02999877929688,120.20999908447266,111.37920379638672,6574200
2023-05-15,119.81999969482422,119.98999786376953,118.01000213623047,119.83000183105469,111.02710723876953,5518200
2023-05-16,117.5,117.83999633789062,116.12000274658203,116.4800033569336,107.92321014404297,8306400
2023-05-17,116.37999725341797,117.12999725341797,115.25,116.9800033569336,108.38646697998047,7765400
2023-05-18,117.43000030517578,119.1500015258789,116.8499984741211,118.87000274658203,110.13762664794922,5970500
2023-05-19,114.55999755859375,115.48999786376953,113.0999984741211,114.76000213623047,106.32955169677734,11674300
2023-05-22,112.8499984741211,112.8499984741211,110.0199966430664,110.18000030517578,102.08600616455078,12710300
2023-05-23,109.7699966430664,111.05999755859375,108.19000244140625,108.77999877929688,100.78887176513672,11790400
2023-05-24,109.0,109.0999984741211,107.19999694824219,108.29000091552734,100.33484649658203,8503200
2023-05-25,108.3499984741211,108.97000122070312,107.41999816894531,107.4800033569336,99.5843734741211,6729800
2023-05-26,107.0,108.44999694824219,107.0,107.51000213623047,99.61214447021484,7911200
2023-05-30,108.4000015258789,108.87999725341797,106.2699966430664,106.5199966430664,98.69486236572266,9335200
2023-05-31,105.69999694824219,106.16999816894531,104.83000183105469,105.26000213623047,97.52745056152344,21465200
2023-06-01,104.18000030517578,104.5999984741211,102.9000015258789,103.62999725341797,96.01718139648438,12025200
2023-06-02,107.62999725341797,108.41999816894531,106.12999725341797,107.77999877929688,100.19103240966797,11838200
2023-06-05,107.87999725341797,107.87999725341797,105.18000030517578,105.19999694824219,97.7927017211914,7434000
2023-06-06,105.48999786376953,106.75,105.19999694824219,106.19000244140625,98.71297454833984,7896300
2023-06-07,106.04000091552734,108.23999786376953,105.41999816894531,107.08999633789062,99.54959869384766,11123900
2023-06-08,107.16000366210938,107.5199966430664,105.66999816894531,106.19999694824219,98.7222900390625,9137600
2023-06-09,105.91000366210938,106.27999877929688,105.3499984741211,105.86000061035156,98.4062271118164,5795200
2023-06-12,106.29000091552734,106.8499984741211,104.5999984741211,106.83000183105469,99.30791473388672,7964600
2023-06-13,107.13999938964844,107.4800033569336,106.29000091552734,106.77999877929688,99.26144409179688,8460500
2023-06-14,107.4800033569336,113.4000015258789,107.4800033569336,112.86000061035156,104.91334533691406,17415500
2023-06-15,111.83000183105469,112.81999969482422,110.16000366210938,112.41000366210938,104.49503326416016,10374200
2023-06-16,114.0,114.76000213623047,113.05999755859375,113.58999633789062,105.5919418334961,14445500
2023-06-20,111.41000366210938,112.81999969482422,108.95999908447266,109.54000091552734,101.82711029052734,10602400
2023-06-21,109.12999725341797,110.36000061035156,108.70999908447266,109.9800033569336,102.23613739013672,8377800
2023-06-22,110.81999969482422,111.25,109.77999877929688,110.45999908447266,102.68232727050781,6002900
2023-06-23,107.75,110.29000091552734,107.30000305175781,109.5199966430664,101.80850982666016,14329200
2023-06-26,109.66999816894531,112.20999908447266,109.66999816894531,111.73999786376953,103.87220764160156,6887100
2023-06-27,112.52999877929688,114.18000030517578,112.43000030517578,113.61000061035156,105.61053466796875,7138600
2023-06-28,113.33999633789062,113.75,112.12000274658203,113.02999877929688,105.07135009765625,6766000
2023-06-29,113.5999984741211,114.2699966430664,112.61000061035156,113.37000274658203,105.387451171875,12465500
2023-06-30,111.58999633789062,112.25,109.80000305175781,110.37000274658203,102.59867858886719,19629600
2023-07-03,111.05999755859375,111.30000305175781,109.11000061035156,109.11000061035156,101.42738342285156,5734200
2023-07-05,108.62000274658203,108.91000366210938,106.54000091552734,107.0999984741211,99.55892181396484,10405300
2023-07-06,105.29000091552734,106.08999633789062,103.66999816894531,105.0999984741211,97.6997299194336,9923500
2023-07-07,104.80000305175781,105.47000122070312,104.02999877929688,104.45999908447266,97.10478973388672,7463100
2023-07-10,104.4800033569336,106.30999755859375,104.25,105.77999877929688,98.33184051513672,5374600
2023-07-11,105.6500015258789,107.62000274658203,105.62000274658203,107.38999938964844,99.8284912109375,5454900
2023-07-12,108.52999877929688,109.08999633789062,107.22000122070312,107.76000213623047,100.17243957519531,8305000
2023-07-13,109.06999969482422,109.12999725341797,107.68000030517578,107.83999633789062,100.24679565429688,6692300
2023-07-14,107.94000244140625,108.63999938964844,107.19000244140625,107.94999694824219,100.34904479980469,6933600
2023-07-17,107.26000213623047,109.0999984741211,106.76000213623047,108.70999908447266,101.05552673339844,6682900
2023-07-18,108.58000183105469,110.33999633789062,108.30999755859375,109.72000122070312,101.99443054199219,5717200
2023-07-19,109.08000183105469,110.25,108.58000183105469,109.87999725341797,102.14318084716797,5027100
2023-07-20,109.56999969482422,110.0199966430664,107.4800033569336,107.52999877929688,99.95863342285156,6458000
2023-07-21,108.0,109.29000091552734,107.51000213623047,109.05999755859375,101.38091278076172,6631600
2023-07-24,110.41000366210938,110.55000305175781,108.51000213623047,108.7699966430664,101.11131286621094,6787600
2023-07-25,108.27999877929688,108.8499984741211,107.38999938964844,108.30000305175781,100.6744155883789,7692800
2023-07-26,108.30000305175781,109.58999633789062,107.94999694824219,109.30000305175781,101.60401153564453,5148900
2023-07-27,109.83000183105469,110.2300033569336,107.4000015258789,107.66999816894531,100.08877563476562,6544600
2023-07-28,108.11000061035156,108.95999908447266,107.62999725341797,108.62000274658203,100.97188568115234,5988300
2023-07-31,109.41000366210938,110.8499984741211,109.05000305175781,110.38999938964844,102.61726379394531,6406000
2023-08-01,110.0,110.52999877929688,109.13999938964844,109.4000015258789,101.69696044921875,4566700
2023-08-02,108.27999877929688,108.5199966430664,107.44999694824219,107.51000213623047,99.9400405883789,6213200
2023-08-03,107.0,109.08999633789062,106.6500015258789,108.63999938964844,100.99048614501953,5084300
2023-08-04,108.70999908447266,110.30999755859375,108.23999786376953,108.80999755859375,101.14850616455078,5621400
2023-08-07,109.87000274658203,110.94000244140625,109.18000030517578,110.4800033569336,102.70092010498047,4887300
2023-08-08,109.62999725341797,109.88999938964844,107.3499984741211,109.69000244140625,101.96653747558594,5851900
2023-08-09,109.79000091552734,110.0199966430664,108.30000305175781,109.69000244140625,101.96653747558594,4328600
2023-08-10,110.30999755859375,111.94999694824219,108.5199966430664,109.02999877929688,101.35302734375,7276500
2023-08-11,108.9000015258789,109.52999877929688,107.86000061035156,108.08999633789062,100.47921752929688,5104300
2023-08-14,107.91999816894531,108.30000305175781,107.06999969482422,107.63999938964844,100.06088256835938,5305200
2023-08-15,106.06999969482422,106.81999969482422,105.5999984741211,106.55000305175781,99.04763793945312,6197600
2023-08-16,106.06999969482422,108.37999725341797,106.06999969482422,106.52999877929688,99.029052734375,5953100
2023-08-17,107.43000030517578,107.83000183105469,104.77999877929688,105.05000305175781,97.65326690673828,5692800
2023-08-18,103.83000183105469,105.05000305175781,103.76000213623047,104.80999755859375,97.4301528930664,5836100
2023-08-21,105.47000122070312,105.4800033569336,102.62999725341797,102.86000061035156,95.61746215820312,6697600
2023-08-22,100.95999908447266,102.37000274658203,100.7300033569336,101.45999908447266,94.31600952148438,9814700
2023-08-23,96.9800033569336,99.19000244140625,96.55000305175781,98.75,91.7968521118164,20909100
2023-08-24,98.69999694824219,99.19000244140625,97.55999755859375,97.62999725341797,90.7557144165039,10310000
2023-08-25,98.5,99.08999633789062,97.80999755859375,98.83999633789062,91.8805160522461,7290600
2023-08-28,99.58999633789062,100.05999755859375,98.87000274658203,99.62999725341797,92.61487579345703,6006600
2023-08-29,100.02999877929688,102.16000366210938,99.72000122070312,101.7699966430664,94.60420989990234,8641600
2023-08-30,101.63999938964844,102.80999755859375,101.51000213623047,102.0999984741211,94.91096496582031,4822100
2023-08-31,102.62000274658203,102.88999938964844,101.61000061035156,101.70999908447266,94.54843139648438,7046200
2023-09-01,101.97000122070312,102.95999908447266,101.5199966430664,102.36000061035156,95.4718017578125,6359400
2023-09-05,101.5,101.95999908447266,100.2300033569336,100.31999969482422,93.56908416748047,6698700
2023-09-06,99.76000213623047,100.30999755859375,99.02999877929688,100.18000030517578,93.43851470947266,6096000
2023-09-07,98.26000213623047,98.76000213623047,97.63999938964844,97.93000030517578,91.33992004394531,9927100
2023-09-08,98.0999984741211,98.12999725341797,97.27999877929688,97.66999816894531,91.09742736816406,6435000
2023-09-11,98.33000183105469,98.37999725341797,96.58000183105469,96.79000091552734,90.2766342163086,7584700
2023-09-12,96.98999786376953,97.16999816894531,96.18000030517578,96.30000305175781,89.81962585449219,6307700
2023-09-13,96.30000305175781,97.19999694824219,95.66000366210938,96.12999725341797,89.66104125976562,7140700
2023-09-14,96.72000122070312,97.68000030517578,95.9000015258789,97.19000244140625,90.64972686767578,7075300
2023-09-15,98.1500015258789,98.1500015258789,96.12999725341797,96.26000213623047,89.78231048583984,10467300
2023-09-18,96.0,96.37000274658203,95.27999877929688,95.51000213623047,89.08277893066406,6946300
2023-09-19,95.04000091552734,95.48999786376953,94.41000366210938,94.62000274658203,88.25265502929688,9386600
2023-09-20,93.97000122070312,95.4000015258789,93.83000183105469,94.04000091552734,87.71170806884766,10274200
2023-09-21,93.41999816894531,93.48999786376953,91.4800033569336,91.58999633789062,85.42655944824219,7958600
2023-09-22,91.58000183105469,92.33000183105469,90.55000305175781,90.8499984741211,84.73635864257812,9289400
2023-09-25,90.0,90.8499984741211,89.79000091552734,90.5999984741211,84.5031967163086,8291700
2023-09-26,90.0,90.69999694824219,89.77999877929688,90.16999816894531,84.10212707519531,8060500
2023-09-27,90.55999755859375,90.69999694824219,89.20999908447266,89.41999816894531,83.40257263183594,7631000
2023-09-28,89.0999984741211,89.77999877929688,88.66000366210938,89.62999725341797,83.59846496582031,16315600
2023-09-29,99.37000274658203,99.47000122070312,94.62000274658203,95.62000274658203,89.18537139892578,34935400
2023-10-02,96.19999694824219,96.37999725341797,93.7300033569336,94.55999755859375,88.19671630859375,12776300
2023-10-03,94.31999969482422,96.05000305175781,94.18000030517578,95.08999633789062,88.69103240966797,10964300
2023-10-04,95.58000183105469,96.26000213623047,95.12000274658203,95.88999938964844,89.43718719482422,8045400
2023-10-05,95.79000091552734,96.2300033569336,95.27999877929688,95.79000091552734,89.34394073486328,7430000
2023-10-06,95.79000091552734,97.70999908447266,95.05999755859375,97.11000061035156,90.5750961303711,8532900
2023-10-09,96.77999877929688,97.13999938964844,95.91999816894531,96.87999725341797,90.36058044433594,5964200
2023-10-10,97.25,98.86000061035156,97.2300033569336,97.62000274658203,91.05078125,8499000
2023-10-11,98.30999755859375,98.94999694824219,98.01000213623047,98.6500015258789,92.011474609375,7642900
2023-10-12,99.54000091552734,100.05000305175781,98.5199966430664,99.25,92.57109832763672,10705200
2023-10-13,99.58999633789062,100.8499984741211,99.44999694824219,99.91000366210938,93.18668365478516,8774700
2023-10-16,99.72000122070312,102.58000183105469,99.5999984741211,102.04000091552734,95.17335510253906,10845400
2023-10-17,101.97000122070312,103.58999633789062,101.97000122070312,103.01000213623047,96.07807922363281,9253800
2023-10-18,102.97000122070312,103.9000015258789,102.93000030517578,103.7699966430664,96.78692626953125,8757300
2023-10-19,103.7699966430664,104.3499984741211,102.8499984741211,103.05000305175781,96.1153793334961,8391100
2023-10-20,103.31999969482422,103.7699966430664,102.56999969482422,102.66999816894531,95.76095581054688,7823500
2023-10-23,102.12999725341797,103.76000213623047,101.7699966430664,102.80999755859375,95.89153289794922,5966100
2023-10-24,103.66000366210938,105.6500015258789,103.66000366210938,105.18000030517578,98.10203552246094,9252200
2023-10-25,104.45999908447266,105.04000091552734,103.48999786376953,103.54000091552734,96.57240295410156,7054700
2023-10-26,102.18000030517578,102.62999725341797,99.94999694824219,100.0199966430664,93.28927612304688,11222600
2023-10-27,99.77999877929688,100.33999633789062,97.80999755859375,97.9800033569336,91.3865737915039,9602700
2023-10-30,99.0,102.05000305175781,99.0,101.80000305175781,94.94950103759766,8206700
2023-10-31,101.4000015258789,102.93000030517578,101.4000015258789,102.7699966430664,95.85421752929688,6558500
2023-11-01,102.55000305175781,102.66999816894531,99.97000122070312,100.87999725341797,94.0914077758789,7272400
2023-11-02,102.05000305175781,105.55000305175781,101.88999938964844,105.08000183105469,98.00878143310547,8135100
2023-11-03,106.43000030517578,107.6500015258789,106.05000305175781,107.05999755859375,99.85552215576172,7568000
2023-11-06,106.95999908447266,107.5999984741211,106.37000274658203,107.25,100.03274536132812,5231900
2023-11-07,107.31999969482422,109.36000061035156,107.2300033569336,109.36000061035156,102.0007553100586,7745800
2023-11-08,109.37000274658203,110.69999694824219,108.9000015258789,109.38999938964844,102.02873992919922,8639700
2023-11-09,109.81999969482422,109.9000015258789,106.91999816894531,107.0,99.79956817626953,9154200
2023-11-10,107.33999633789062,107.83000183105469,105.61000061035156,106.11000061035156,98.9694595336914,8897700
2023-11-13,105.37000274658203,105.72000122070312,104.18000030517578,104.19999694824219,97.18798828125,7055600
2023-11-14,105.55999755859375,107.0999984741211,105.37999725341797,105.75,98.63368225097656,9674800
2023-11-15,106.81999969482422,109.05999755859375,106.72000122070312,107.81999969482422,100.56438446044922,11140800
2023-11-16,107.0999984741211,108.0,107.0,107.61000061035156,100.36851501464844,5386800
2023-11-17,108.05999755859375,108.20999908447266,105.5199966430664,105.95999908447266,98.82955932617188,6352600
2023-11-20,106.0,106.55000305175781,105.0999984741211,106.31999969482422,99.16533660888672,6197400
2023-11-21,106.16999816894531,106.69999694824219,105.3499984741211,106.55000305175781,99.37984466552734,5803500
2023-11-22,107.5,108.02999877929688,106.81999969482422,107.91999816894531,100.65765380859375,6280300
2023-11-24,107.5,108.0,107.4000015258789,107.63999938964844,100.396484375,2443600
2023-11-27,107.66000366210938,108.22000122070312,106.9000015258789,107.95999908447266,100.6949691772461,5785000
2023-11-28,108.56999969482422,109.9000015258789,108.1500015258789,108.75,101.43180847167969,7287400
2023-11-29,110.80000305175781,112.1500015258789,110.1500015258789,110.37000274658203,102.94280242919922,9601800
2023-11-30,110.52999877929688,110.5999984741211,108.95999908447266,110.2699966430664,102.8495101928711,8690900
2023-12-01,110.33000183105469,113.55000305175781,109.75,113.4800033569336,106.19983673095703,8051800
2023-12-04,113.08000183105469,115.31999969482422,113.0,115.1500015258789,107.76271057128906,10086600
2023-12-05,114.66000366210938,116.04000091552734,114.5999984741211,115.41000366210938,108.00604248046875,6960000
2023-12-06,116.0,117.13999938964844,115.56999969482422,116.11000061035156,108.66112518310547,6317000
2023-12-07,114.12000274658203,116.0,114.12000274658203,114.80999755859375,107.44451141357422,7294500
2023-12-08,114.5,116.29000091552734,114.47000122070312,115.91000366210938,108.47396850585938,6122200
2023-12-11,117.79000091552734,119.41999816894531,117.43000030517578,118.61000061035156,111.00074005126953,7972800
2023-12-12,119.68000030517578,119.98999786376953,118.58000183105469,119.63999938964844,111.96466064453125,7378400
2023-12-13,119.3499984741211,121.44000244140625,119.19999694824219,121.16999816894531,113.3965072631836,8182900
2023-12-14,121.44000244140625,122.58999633789062,119.81999969482422,121.0199966430664,113.2561264038086,9590500
2023-12-15,120.93000030517578,122.05999755859375,120.5999984741211,121.55000305175781,113.75212860107422,13633300
2023-12-18,121.41000366210938,121.83999633789062,120.86000061035156,121.13999938964844,113.36842346191406,6874800
2023-12-19,121.73999786376953,123.33999633789062,121.63999938964844,122.63999938964844,114.7721939086914,7697300
2023-12-20,121.12999725341797,123.38999938964844,121.0,121.43000030517578,113.63983154296875,9176600
2023-12-21,122.30000305175781,123.30000305175781,121.30000305175781,122.52999877929688,114.66925811767578,16533300
2023-12-22,108.26000213623047,110.80000305175781,107.44999694824219,108.04000091552734,101.10885620117188,46666200
2023-12-26,108.30000305175781,108.69000244140625,107.4800033569336,108.0199966430664,101.09012603759766,12846700
2023-12-27,108.33999633789062,108.58999633789062,106.8499984741211,107.12999725341797,100.25721740722656,10157900
2023-12-28,107.20999908447266,109.4000015258789,106.80999755859375,108.81999969482422,101.83880615234375,9352900
2023-12-29,108.95999908447266,109.95999908447266,108.08999633789062,108.56999969482422,101.60485076904297,7667500
2024-01-02,107.61000061035156,107.8499984741211,106.44999694824219,106.55000305175781,99.71442413330078,9326600
2024-01-03,105.72000122070312,107.4800033569336,104.0,104.04000091552734,97.36544799804688,10573700
2024-01-04,102.45999908447266,103.62000274658203,102.30000305175781,102.30000305175781,95.7370834350586,10420600
2024-01-05,102.45999908447266,103.68000030517578,101.9000015258789,102.08000183105469,95.53119659423828,8044500
2024-01-08,102.08000183105469,103.69000244140625,101.7300033569336,103.62000274658203,96.972412109375,9414200
2024-01-09,103.16999816894531,103.4000015258789,102.5,102.73999786376953,96.14884948730469,7759500
2024-01-10,102.69000244140625,103.83000183105469,102.37000274658203,103.7699966430664,97.11277770996094,6784700
2024-01-11,104.22000122070312,106.01000213623047,103.7300033569336,105.9000015258789,99.10613250732422,9537700
2024-01-12,106.0,106.31999969482422,104.72000122070312,105.05999755859375,98.32002258300781,6680900
2024-01-16,103.94000244140625,104.22000122070312,101.36000061035156,101.72000122070312,95.19429016113281,10547900
2024-01-17,101.05000305175781,101.30999755859375,100.23999786376953,100.81999969482422,94.35203552246094,8226200
2024-01-18,101.0,101.43000030517578,100.06999969482422,100.94000244140625,94.46432495117188,8852400
2024-01-19,101.0199966430664,102.18000030517578,99.66999816894531,101.77999877929688,95.25045013427734,8517200
2024-01-22,101.75,101.80999755859375,100.08999633789062,100.55999755859375,94.10869598388672,9897400
2024-01-23,101.62999725341797,102.13999938964844,101.2300033569336,101.9000015258789,95.36273193359375,8208000
2024-01-24,101.77999877929688,101.80000305175781,100.69000244140625,100.76000213623047,94.29588317871094,7879300
2024-01-25,101.52999877929688,101.73999786376953,100.08999633789062,100.7699966430664,94.30523681640625,10063700
2024-01-26,101.56999969482422,103.2699966430664,101.22000122070312,102.75,96.15821838378906,9735800
2024-01-29,102.87999725341797,104.01000213623047,101.33999633789062,103.87999725341797,97.21572875976562,8860800
2024-01-30,103.33999633789062,104.30999755859375,103.12999725341797,104.18000030517578,97.49646759033203,7542800
2024-01-31,104.08999633789062,104.30000305175781,101.12000274658203,101.52999877929688,95.01649475097656,11547600
2024-02-01,101.9000015258789,102.25,100.61000061035156,101.76000213623047,95.23173522949219,7666700
2024-02-02,100.87999725341797,101.41000366210938,99.43000030517578,100.70999908447266,94.24908447265625,8966900
2024-02-05,100.5,100.58999633789062,99.05000305175781,99.68000030517578,93.28516387939453,10097900
2024-02-06,99.5,102.62999725341797,99.12999725341797,102.61000061035156,96.02721405029297,11368600
2024-02-07,102.38999938964844,104.33999633789062,102.3499984741211,103.79000091552734,97.13150787353516,9447800
2024-02-08,104.43000030517578,104.95999908447266,103.05000305175781,103.7699966430664,97.11277770996094,6330400
2024-02-09,103.80000305175781,104.94000244140625,103.33000183105469,104.5,97.79595184326172,5449000
2024-02-12,104.73999786376953,107.43000030517578,104.6500015258789,107.18000030517578,100.30401611328125,7501900
2024-02-13,104.98999786376953,105.80000305175781,104.25,105.0,98.26387023925781,6180500
2024-02-14,104.81999969482422,106.41999816894531,104.45999908447266,106.33000183105469,99.508544921875,5743300
2024-02-15,107.0199966430664,107.33999633789062,105.83000183105469,106.05000305175781,99.24649810791016,7201300
2024-02-16,104.62999725341797,104.69999694824219,101.6500015258789,103.51000213623047,96.86946868896484,14590100
2024-02-20,103.12999725341797,103.83999633789062,102.16999816894531,103.30000305175781,96.67293548583984,8759500
2024-02-21,103.3499984741211,105.5199966430664,102.93000030517578,105.2699966430664,98.51654052734375,8888100
2024-02-22,105.80000305175781,106.01000213623047,104.08000183105469,105.08000183105469,98.3387451171875,6705500
2024-02-23,105.26000213623047,106.62000274658203,105.19000244140625,105.62999725341797,98.85344696044922,6947300
2024-02-26,105.30999755859375,106.0999984741211,103.76000213623047,104.54000091552734,97.83338928222656,5831500
2024-02-27,104.83000183105469,105.25,103.98999786376953,105.1500015258789,98.40425109863281,5317400
2024-02-28,104.0999984741211,105.44000244140625,103.69999694824219,104.3499984741211,97.65557098388672,4219800
2024-02-29,104.9800033569336,105.56999969482422,103.68000030517578,103.93000030517578,97.26252746582031,10811600
2024-03-01,103.87000274658203,103.94000244140625,101.83000183105469,101.87999725341797,95.6846694946289,7349300
2024-03-04,101.6500015258789,101.7699966430664,99.01000213623047,99.54000091552734,93.4869613647461,11050900
2024-03-05,99.0,99.16999816894531,98.0,98.30999755859375,92.33175659179688,8670600
2024-03-06,100.0,100.0999984741211,97.05999755859375,97.62999725341797,91.693115234375,10045300
2024-03-07,97.98999786376953,98.4000015258789,97.68000030517578,98.19000244140625,92.21907043457031,8133900
2024-03-08,98.48999786376953,99.31999969482422,98.0199966430664,99.16000366210938,93.13007354736328,9043500
2024-03-11,99.9000015258789,101.76000213623047,99.44000244140625,101.08000183105469,94.9333267211914,8537400
2024-03-12,100.79000091552734,101.37000274658203,99.6500015258789,100.18000030517578,94.08805084228516,7040900
2024-03-13,100.61000061035156,102.0,100.33000183105469,101.36000061035156,95.1962890625,7326400
2024-03-14,102.19999694824219,102.48999786376953,100.08999633789062,100.26000213623047,94.1631851196289,8350900
2024-03-15,100.30000305175781,101.16000366210938,99.33999633789062,99.63999938964844,93.58088684082031,15208500
2024-03-18,98.9800033569336,99.66000366210938,98.5199966430664,98.73999786376953,92.73561096191406,7207000
2024-03-19,98.5,100.04000091552734,98.44000244140625,99.95999908447266,93.88141632080078,6168900
2024-03-20,99.44999694824219,100.44000244140625,99.02999877929688,100.2699966430664,94.17256164550781,7771700
2024-03-21,100.44000244140625,101.91999816894531,99.76000213623047,100.81999969482422,94.68914031982422,17176000
2024-03-22,93.8499984741211,95.16999816894531,91.72000122070312,93.86000061035156,88.1523666381836,41837400
2024-03-25,94.06999969482422,95.5199966430664,92.7699966430664,93.75,88.04905700683594,14548800
2024-03-26,93.73999786376953,93.86000061035156,92.41000366210938,92.58000183105469,86.95020294189453,10816900
2024-03-27,93.2699966430664,94.1500015258789,92.31999969482422,94.12999725341797,88.40593719482422,11095700
2024-03-28,94.37000274658203,94.80999755859375,93.43000030517578,93.9800033569336,88.26507568359375,11331700
2024-04-01,93.80999755859375,93.91999816894531,91.69000244140625,92.55999755859375,86.93142700195312,10360000
2024-04-02,91.76000213623047,91.9000015258789,90.63999938964844,90.94999694824219,85.41932678222656,11107300
2024-04-03,91.01000213623047,91.44000244140625,90.27999877929688,90.33000183105469,84.8370361328125,8876600
2024-04-04,90.94999694824219,91.05000305175781,88.88999938964844,89.06999969482422,83.65364837646484,12110300
2024-04-05,89.1500015258789,90.25,88.80000305175781,88.83999633789062,83.4376449584961,9716700
2024-04-08,89.11000061035156,90.26000213623047,88.80000305175781,90.0,84.52710723876953,8452500
2024-04-09,90.0,91.16000366210938,89.87000274658203,91.0,85.4662857055664,7191900
2024-04-10,89.9000015258789,90.0999984741211,88.7699966430664,89.0,83.58790588378906,7932900
2024-04-11,91.2300033569336,92.41000366210938,90.83000183105469,92.0,86.40547943115234,15330200
2024-04-12,92.01000213623047,92.87000274658203,91.12000274658203,92.0,86.40547943115234,10905900
2024-04-15,93.58999633789062,93.91999816894531,92.54000091552734,93.0999984741211,87.43858337402344,11597300
2024-04-16,93.04000091552734,94.19000244140625,91.6500015258789,93.38999938964844,87.7109603881836,10388200
2024-04-17,94.61000061035156,95.06999969482422,93.66000366210938,94.83999633789062,89.07276916503906,10181200
2024-04-18,95.16000366210938,95.87999725341797,94.52999877929688,95.73999786376953,89.91804504394531,10062900
2024-04-19,95.41999816894531,96.22000122070312,94.48999786376953,94.52999877929688,88.78162384033203,11241900
2024-04-22,94.62999725341797,95.05999755859375,93.8499984741211,94.19000244140625,88.46229553222656,8642000
2024-04-23,94.37000274658203,94.72000122070312,93.91000366210938,94.0199966430664,88.30264282226562,6582700
2024-04-24,94.0999984741211,95.19000244140625,94.0999984741211,94.63999938964844,88.88493347167969,6493200
2024-04-25,94.0,94.79000091552734,92.44000244140625,93.94000244140625,88.22750854492188,5317900
2024-04-26,94.58999633789062,95.41999816894531,93.91000366210938,94.12000274658203,88.39655303955078,6115700
2024-04-29,94.44000244140625,94.88999938964844,93.69999694824219,94.05999755859375,88.34019470214844,5030700
2024-04-30,92.91000366210938,93.51000213623047,92.25,92.26000213623047,86.649658203125,6493300
2024-05-01,91.80999755859375,91.87000274658203,90.08999633789062,90.33999633789062,84.8464126586914,9783100
2024-05-02,91.33000183105469,92.44999694824219,90.91000366210938,92.41000366210938,86.79054260253906,7333300
2024-05-03,93.08999633789062,93.6500015258789,91.87000274658203,92.1500015258789,86.54635620117188,5736700
2024-05-06,92.80999755859375,93.37000274658203,92.4800033569336,93.36000061035156,87.68277740478516,6696300
2024-05-07,94.08000183105469,94.31999969482422,93.20999908447266,93.77999877929688,88.07723999023438,7113500
2024-05-08,93.12000274658203,93.63999938964844,92.7300033569336,93.58999633789062,87.89877319335938,5372900
2024-05-09,93.63999938964844,93.9800033569336,93.01000213623047,93.38999938964844,87.7109603881836,6429800
2024-05-10,93.06999969482422,93.13999938964844,90.87999725341797,90.94000244140625,85.40994262695312,10548400
2024-05-13,91.2699966430664,92.7699966430664,91.1500015258789,92.72000122070312,87.08170318603516,8792100
2024-05-14,92.98999786376953,94.33999633789062,92.5999984741211,92.79000091552734,87.1474380493164,7811000
2024-05-15,92.29000091552734,92.62000274658203,90.8499984741211,91.66999816894531,86.09552764892578,15614400
2024-05-16,91.69000244140625,92.83999633789062,91.52999877929688,91.7699966430664,86.18946075439453,12711700
2024-05-17,92.01000213623047,92.29000091552734,91.33999633789062,92.18000030517578,86.57453155517578,12019600
2024-05-20,92.25,92.69999694824219,90.83000183105469,91.7699966430664,86.18946075439453,9701500
2024-05-21,91.56999969482422,92.8499984741211,91.44999694824219,92.81999969482422,87.17561340332031,7809700
2024-05-22,91.94999694824219,92.76000213623047,91.6500015258789,92.5,86.87506866455078,7611900
2024-05-23,92.44999694824219,92.58000183105469,91.1500015258789,91.4000015258789,85.84197235107422,7729000
2024-05-24,91.7699966430664,92.19999694824219,91.48999786376953,91.75,86.17068481445312,6936800
2024-05-28,91.73999786376953,92.5199966430664,91.3499984741211,92.0,86.40547943115234,10835000
2024-05-29,91.68000030517578,92.72000122070312,91.37999725341797,91.66999816894531,86.09552764892578,7237300
2024-05-30,92.2300033569336,93.87999725341797,91.95999908447266,93.44999694824219,87.76728820800781,9300100
2024-05-31,93.5,95.06999969482422,92.97000122070312,95.05000305175781,89.27001190185547,12565600
2024-06-03,94.5199966430664,95.25,94.05000305175781,94.4000015258789,89.0060043334961,9668100
2024-06-04,94.29000091552734,95.11000061035156,93.41000366210938,94.73999786376953,89.32657623291016,7838400
2024-06-05,95.31999969482422,95.31999969482422,93.69999694824219,94.31999969482422,88.93058013916016,7463300
2024-06-06,94.86000061035156,96.80000305175781,93.98999786376953,95.72000122070312,90.25057983398438,9760100
2024-06-07,95.38999938964844,97.94000244140625,95.30000305175781,96.55000305175781,91.03315734863281,9397400
2024-06-10,95.7300033569336,96.98999786376953,95.5999984741211,96.0,90.51458740234375,7035100
2024-06-11,95.5199966430664,96.0,94.5199966430664,95.87000274658203,90.39201354980469,7301500
2024-06-12,96.3499984741211,96.5,93.5,93.68000030517578,88.32713317871094,9861300
2024-06-13,94.04000091552734,94.52999877929688,93.72000122070312,94.18000030517578,88.79857635498047,8348200
2024-06-14,93.80000305175781,94.77999877929688,93.30000305175781,93.38999938964844,88.05371856689453,7426800
2024-06-17,92.01000213623047,95.12000274658203,92.01000213623047,95.0,89.57173156738281,6365400
2024-06-18,94.66999816894531,95.26000213623047,94.20999908447266,94.77999877929688,89.3642807006836,6712000
2024-06-20,93.87999725341797,96.08999633789062,93.5199966430664,95.56999969482422,90.10914611816406,9393800
2024-06-21,95.95999908447266,97.20999908447266,95.41999816894531,97.18000030517578,91.62715911865234,15124400
2024-06-24,97.30000305175781,98.04000091552734,96.68000030517578,97.16999816894531,91.61771392822266,9466900
2024-06-25,97.30999755859375,97.63999938964844,94.5,94.75,89.33599853515625,9006500
2024-06-26,94.08999633789062,94.4800033569336,93.1500015258789,94.05999755859375,88.68541717529297,10160400
2024-06-27,93.7699966430664,94.73999786376953,93.38999938964844,94.19000244140625,88.80799865722656,25772700
2024-06-28,77.12999725341797,79.05000305175781,74.55000305175781,75.37000274658203,71.0633773803711,129967000
2024-07-01,75.5,77.05999755859375,74.29000091552734,76.83000183105469,72.43994903564453,44369000
2024-07-02,76.81999969482422,76.94000244140625,75.38999938964844,76.04000091552734,71.69508361816406,26183400
2024-07-03,75.5,75.91999816894531,75.0199966430664,75.23999786376953,70.9407958984375,15952000
2024-07-05,75.36000061035156,76.08999633789062,74.77999877929688,75.43000030517578,71.11994171142578,19603700
2024-07-08,75.41000366210938,75.48999786376953,73.0,73.05000305175781,68.87593841552734,29905000
2024-07-09,73.30000305175781,74.13999938964844,72.37999725341797,72.45999908447266,68.31965637207031,23445500
2024-07-10,72.26000213623047,72.63999938964844,71.66999816894531,72.54000091552734,68.39508056640625,21378200
2024-07-11,72.69999694824219,73.75,72.29000091552734,73.38999938964844,69.19650268554688,15876700
2024-07-12,73.56999969482422,74.05000305175781,73.16999816894531,73.41999816894531,69.22479248046875,14527500
2024-07-15,73.0,73.01000213623047,71.23999786376953,71.30999755859375,67.23535919189453,20775800
2024-07-16,71.51000213623047,72.95999908447266,71.51000213623047,72.80999755859375,68.649658203125,20980700
2024-07-17,72.52999877929688,73.33999633789062,72.5,73.06999969482422,68.8947982788086,11161600
2024-07-18,72.97000122070312,73.93000030517578,72.3499984741211,72.37999725341797,68.24420166015625,14440100
2024-07-19,72.30000305175781,72.81999969482422,71.8499984741211,72.69999694824219,68.54593658447266,11913300
2024-07-22,73.12000274658203,75.33999633789062,73.06999969482422,74.86000061035156,70.58251953125,19385500
2024-07-23,74.62999725341797,75.04000091552734,73.23999786376953,73.4000015258789,69.2059326171875,11041800
2024-07-24,73.25,73.38999938964844,71.08000183105469,71.08999633789062,67.02792358398438,18563300
2024-07-25,71.52999877929688,72.43000030517578,70.91000366210938,71.41000366210938,67.32965850830078,13855400
2024-07-26,72.0,72.77999877929688,71.87000274658203,72.55999755859375,68.4139404296875,8892000
2024-07-29,72.5,73.87000274658203,72.19999694824219,73.55000305175781,69.34736633300781,10471800
2024-07-30,73.69000244140625,74.48999786376953,73.45999908447266,74.31999969482422,70.07337188720703,8515700
2024-07-31,74.5,75.43000030517578,73.91999816894531,74.86000061035156,70.58251953125,14632900
2024-08-01,74.69999694824219,74.79000091552734,73.26000213623047,73.8499984741211,69.6302261352539,9563500
2024-08-02,72.83000183105469,74.12999725341797,71.91999816894531,74.01000213623047,69.78108215332031,11526600
2024-08-05,71.05999755859375,72.62000274658203,70.75,71.41999816894531,67.33906555175781,13191500
2024-08-06,71.66000366210938,73.23999786376953,71.51000213623047,72.5,68.35736083984375,13469700
2024-08-07,72.87999725341797,74.20999908447266,72.52999877929688,72.62000274658203,68.47051239013672,9571200
2024-08-08,73.2300033569336,74.20999908447266,73.05000305175781,74.19000244140625,69.9508056640625,8828000
2024-08-09,74.12000274658203,74.58000183105469,73.37000274658203,74.33999633789062,70.09222412109375,7186600
2024-08-12,74.70999908447266,75.0,74.05000305175781,74.63999938964844,70.37507629394531,7067300
2024-08-13,75.25,79.05000305175781,75.06999969482422,78.5,74.01451873779297,22114800
2024-08-14,78.0,79.08999633789062,77.41999816894531,78.5199966430664,74.03337097167969,13613000
2024-08-15,82.0999984741211,83.05999755859375,80.66999816894531,82.5,77.78597259521484,23583600
2024-08-16,82.87999725341797,83.94000244140625,82.44000244140625,83.2300033569336,78.4742660522461,13794200
2024-08-19,83.2300033569336,83.98999786376953,82.91999816894531,83.27999877929688,78.5213851928711,9627300
2024-08-20,83.48999786376953,83.9000015258789,82.7699966430664,83.55999755859375,78.785400390625,7863100
2024-08-21,83.66999816894531,84.23999786376953,83.22000122070312,84.0,79.20024871826172,6915900
2024-08-22,84.44999694824219,84.68000030517578,83.20999908447266,83.41000366210938,78.64397430419922,8485500
2024-08-23,83.33999633789062,84.23999786376953,83.22000122070312,84.05000305175781,79.24740600585938,9219700
2024-08-26,83.47000122070312,84.51000213623047,83.37999725341797,84.27999877929688,79.46426391601562,7853300
2024-08-27,84.06999969482422,85.38999938964844,83.61000061035156,85.29000091552734,80.41654968261719,14954000
2024-08-28,85.05000305175781,85.43000030517578,81.87999725341797,82.79000091552734,78.05939483642578,11088600
2024-08-29,83.44999694824219,83.88999938964844,82.86000061035156,83.26000213623047,78.5025405883789,7477200
2024-08-30,83.5999984741211,83.87999725341797,82.05000305175781,83.31999969482422,78.55911254882812,13755300
2024-09-03,82.70999908447266,82.94000244140625,81.01000213623047,81.31999969482422,77.01539611816406,10133700
2024-09-04,80.0999984741211,81.08999633789062,79.66999816894531,81.0199966430664,76.73126220703125,12837400
2024-09-05,81.12999725341797,81.23999786376953,80.20999908447266,80.83000183105469,76.55132293701172,7596300
2024-09-06,80.87999725341797,81.87999725341797,80.3499984741211,80.62999725341797,76.36190795898438,8512200
2024-09-09,80.75,81.58000183105469,79.0199966430664,79.48999786376953,75.28226470947266,8003300
2024-09-10,79.55999755859375,79.55999755859375,77.55000305175781,78.08999633789062,73.95636749267578,9748400
2024-09-11,78.0,78.58999633789062,76.73999786376953,78.4000015258789,74.24996948242188,8265500
2024-09-12,78.2300033569336,79.06999969482422,77.52999877929688,78.4000015258789,74.24996948242188,7176900
2024-09-13,78.30000305175781,79.48999786376953,78.11000061035156,79.01000213623047,74.82766723632812,5814200
2024-09-16,79.33000183105469,79.98999786376953,78.69000244140625,79.80000305175781,75.57585906982422,9547700
2024-09-17,80.01000213623047,80.9800033569336,79.86000061035156,80.63999938964844,76.37139129638672,7580600
2024-09-18,80.66000366210938,81.76000213623047,80.2300033569336,80.9000015258789,76.61762237548828,7637000
2024-09-19,82.5999984741211,83.12000274658203,80.47000122070312,80.9800033569336,76.69339752197266,15067100
2024-09-20,87.87000274658203,88.0,84.80999755859375,86.5199966430664,81.94012451171875,52039300
2024-09-23,85.4000015258789,86.52999877929688,85.05000305175781,86.19999694824219,81.6370849609375,17712400
2024-09-24,87.44000244140625,88.27999877929688,86.66000366210938,87.45999908447266,82.83037567138672,21123300
2024-09-25,87.8499984741211,88.0999984741211,87.23999786376953,88.0,83.34178924560547,12392800
2024-09-26,89.91999816894531,90.62000274658203,89.05000305175781,89.38999938964844,84.6582260131836,13592800
2024-09-27,89.44999694824219,90.26000213623047,89.20999908447266,89.44000244140625,84.70556640625,9181000
2024-09-30,89.69999694824219,89.75,87.7300033569336,88.4000015258789,83.72062683105469,12027100
2024-10-01,88.0,89.63999938964844,87.70999908447266,89.12999725341797,84.41197204589844,20623400
2024-10-02,82.88999938964844,85.2300033569336,81.7699966430664,83.0999984741211,78.701171875,33208800
2024-10-03,82.4000015258789,83.77999877929688,81.9800033569336,82.0999984741211,77.75411224365234,18143800
2024-10-04,82.62999725341797,83.54000091552734,82.0999984741211,82.25,77.89617156982422,10322600
2024-10-07,82.13999938964844,82.47000122070312,80.08999633789062,80.83000183105469,76.55132293701172,12767400
2024-10-08,80.75,81.41999816894531,79.93000030517578,80.7699966430664,76.49449920654297,10569600
2024-10-09,81.13999938964844,82.93000030517578,81.06999969482422,82.44999694824219,78.08557891845703,11750600
2024-10-10,83.4000015258789,83.44999694824219,82.02999877929688,82.0999984741211,77.75411224365234,8370200
2024-10-11,82.04000091552734,82.2699966430664,81.18000030517578,82.1500015258789,77.80146026611328,10171100
2024-10-14,82.0,82.04000091552734,80.80000305175781,81.5999984741211,77.28057098388672,8177700
2024-10-15,81.05000305175781,82.72000122070312,81.05000305175781,82.12000274658203,77.7730484008789,11804400
2024-10-16,82.13999938964844,84.08999633789062,82.05000305175781,83.94000244140625,79.49671173095703,11220600
2024-10-17,84.11000061035156,84.76000213623047,83.37999725341797,83.4000015258789,78.98529052734375,9204500
2024-10-18,83.77999877929688,83.94999694824219,82.62999725341797,82.91999816894531,78.53070068359375,7214800
2024-10-21,82.8499984741211,83.08999633789062,81.44000244140625,81.4800033569336,77.16693115234375,7550200
2024-10-22,81.3499984741211,82.41999816894531,81.2300033569336,81.41999816894531,77.11009979248047,7308800
2024-10-23,81.0,81.04000091552734,79.79000091552734,80.05000305175781,75.81261444091797,7253100
2024-10-24,80.5,80.80000305175781,79.02999877929688,79.04000091552734,74.85608673095703,7424500
2024-10-25,79.22000122070312,79.58000183105469,78.5199966430664,78.8499984741211,74.67613983154297,9385400
2024-10-28,79.31999969482422,79.63999938964844,78.81999969482422,78.91000366210938,74.73297119140625,6617200
2024-10-29,78.87999725341797,79.47000122070312,78.19999694824219,78.4000015258789,74.24996948242188,7241100
2024-10-30,78.0,78.11000061035156,76.41999816894531,76.44999694824219,72.4031753540039,15691300
2024-10-31,76.19999694824219,77.33999633789062,75.19999694824219,77.12999725341797,73.04719543457031,13990100
2024-11-01,77.05000305175781,78.12999725341797,76.95999908447266,78.05999755859375,73.92796325683594,9623700
2024-11-04,77.98999786376953,78.55000305175781,77.11000061035156,77.19000244140625,73.10401916503906,6593800
2024-11-05,77.25,78.0,77.0,77.9800033569336,73.85220336914062,5629200
2024-11-06,76.87000274658203,76.94999694824219,75.12000274658203,75.31999969482422,71.33300018310547,16193700
2024-11-07,75.69999694824219,76.37000274658203,75.20999908447266,75.91999816894531,71.9012451171875,11831100
2024-11-08,75.5,76.55999755859375,75.25,75.87999725341797,71.86335754394531,8140800
2024-11-11,76.1500015258789,77.4000015258789,76.0999984741211,76.5999984741211,72.54524993896484,9877200
2024-11-12,76.45999908447266,77.43000030517578,76.13999938964844,76.66000366210938,72.6020736694336,9013900
2024-11-13,76.91000366210938,77.29000091552734,76.47000122070312,76.5199966430664,72.46947479248047,6835300
2024-11-14,76.68000030517578,76.9800033569336,75.66999816894531,75.68000030517578,71.67394256591797,6991600
2024-11-15,76.0,77.6500015258789,75.61000061035156,76.66000366210938,72.6020736694336,13584900
2024-11-18,76.16000366210938,76.19999694824219,74.25,74.88999938964844,70.9257583618164,12595100
2024-11-19,74.5,74.7300033569336,73.5999984741211,73.91000366210938,69.99764251708984,12028400
2024-11-20,73.66000366210938,73.83999633789062,72.70999908447266,73.36000061035156,69.47676849365234,12290300
2024-11-21,73.36000061035156,75.55999755859375,73.19999694824219,75.0999984741211,71.12464904785156,12818600
2024-11-22,76.12999725341797,77.5,75.83000183105469,77.4000015258789,73.30290222167969,12248600
2024-11-25,78.5,79.86000061035156,78.41000366210938,79.26000213623047,75.06443786621094,18328900
2024-11-26,78.9000015258789,78.9000015258789,77.56999969482422,77.61000061035156,73.50178527832031,9495600
2024-11-27,77.61000061035156,79.05000305175781,77.58999633789062,78.33999633789062,74.19312286376953,8713500
2024-11-29,78.19999694824219,79.18000030517578,78.02999877929688,78.7699966430664,74.60037231445312,7123500
2024-12-02,77.91999816894531,79.0999984741211,77.19999694824219,79.08999633789062,75.2857437133789,11221000
2024-12-03,79.0,79.4000015258789,77.61000061035156,78.86000061035156,75.06680297851562,9414500
2024-12-04,77.81999969482422,78.51000213623047,77.0999984741211,78.37000274658203,74.60037994384766,15042600
2024-12-05,78.26000213623047,78.9000015258789,78.0999984741211,78.58000183105469,74.80027770996094,8316500
2024-12-06,79.22000122070312,81.18000030517578,78.83999633789062,78.88999938964844,75.0953598022461,13931100
2024-12-09,79.44000244140625,79.44999694824219,77.5199966430664,77.63999938964844,73.9054946899414,12043400
2024-12-10,77.5,78.08000183105469,76.62000274658203,76.73999786376953,73.04878234863281,12193100
2024-12-11,76.79000091552734,78.9800033569336,76.30999755859375,78.8499984741211,75.05728912353516,12033200
2024-12-12,78.70999908447266,79.37000274658203,77.86000061035156,77.95999908447266,74.21009826660156,6983200
2024-12-13,77.3499984741211,77.83000183105469,76.7699966430664,77.25,73.53424835205078,8037300
2024-12-16,76.76000213623047,79.0199966430664,76.66000366210938,77.19999694824219,73.48665618896484,13034000
2024-12-17,77.36000061035156,78.7699966430664,77.25,78.0,74.2481689453125,12452400
2024-12-18,77.9800033569336,79.0,76.83999633789062,76.9000015258789,73.20108795166016,14376900
2024-12-19,76.94000244140625,77.94000244140625,76.43000030517578,77.0999984741211,73.3914566040039,27067600
2024-12-20,75.95999908447266,78.0,74.86000061035156,76.94000244140625,73.23916625976562,49883400
2024-12-23,76.33000183105469,78.41000366210938,75.73999786376953,76.76000213623047,73.06781768798828,14203800
2024-12-24,76.75,77.11000061035156,76.36000061035156,76.79000091552734,73.09637451171875,4919100
2024-12-26,76.5999984741211,77.45999908447266,76.54000091552734,76.94000244140625,73.23916625976562,6363500
2024-12-27,76.5199966430664,76.93000030517578,75.80000305175781,76.41999816894531,72.74417114257812,6334400
2024-12-30,75.5999984741211,75.7699966430664,74.55000305175781,74.6500015258789,71.05931854248047,9042900
2024-12-31,74.9000015258789,76.38999938964844,74.77999877929688,75.66999816894531,72.03024291992188,9425600
2025-01-02,76.25,76.69000244140625,73.23999786376953,73.66999816894531,70.12644958496094,10883400
2025-01-03,73.91999816894531,74.19000244140625,73.01000213623047,73.30999755859375,69.78376007080078,10083500
2025-01-06,73.75,74.31999969482422,71.97000122070312,72.0,68.53677368164062,14947300
2025-01-07,72.4000015258789,73.44000244140625,71.9800033569336,72.08999633789062,68.62244415283203,10463500
2025-01-08,71.55999755859375,71.81999969482422,71.01000213623047,71.29000091552734,67.86092376708984,11855000
2025-01-10,71.8499984741211,72.38999938964844,71.08999633789062,71.19999694824219,67.77526092529297,15677400
2025-01-13,71.16999816894531,72.5999984741211,70.77999877929688,72.08000183105469,68.6129379272461,14584300
2025-01-14,72.06999969482422,72.20999908447266,70.52999877929688,71.16999816894531,67.7467041015625,16732900
2025-01-15,71.98999786376953,72.25,70.83999633789062,71.06999969482422,67.6515121459961,13468100
2025-01-16,70.9000015258789,71.2300033569336,70.31999969482422,71.11000061035156,67.68958282470703,13694600
2025-01-17,71.43000030517578,71.5199966430664,70.83999633789062,70.83999633789062,67.43257141113281,9711300
2025-01-21,71.30000305175781,73.2699966430664,71.13999938964844,73.16999816894531,69.65049743652344,14199900
2025-01-22,73.37999725341797,74.69999694824219,73.01000213623047,74.04000091552734,70.47864532470703,13029300
2025-01-23,73.33999633789062,74.5,72.37000274658203,74.29000091552734,70.71662902832031,10677400
2025-01-24,74.06999969482422,74.25,73.25,73.56999969482422,70.03125,8106700
2025-01-27,73.44000244140625,75.8499984741211,73.41999816894531,75.58000183105469,71.944580078125,11665400
2025-01-28,75.33000183105469,75.5999984741211,74.16000366210938,74.38999938964844,70.81182098388672,8694400
2025-01-29,74.44999694824219,77.11000061035156,74.31999969482422,76.58000183105469,72.89647674560547,11764800
2025-01-30,76.8499984741211,78.7699966430664,76.8499984741211,78.33000183105469,74.56230163574219,10902100
2025-01-31,78.11000061035156,78.86000061035156,76.76000213623047,76.9000015258789,73.20108795166016,13098000
2025-02-03,74.9000015258789,76.69000244140625,73.22000122070312,76.58999633789062,72.90599822998047,18539200
2025-02-04,77.55000305175781,78.16000366210938,76.04000091552734,76.72000122070312,73.02974700927734,11943700
2025-02-05,76.30000305175781,76.79000091552734,74.4000015258789,74.56999969482422,70.983154296875,9807400
2025-02-06,75.23999786376953,75.4000015258789,71.62999725341797,71.73999786376953,68.28927612304688,16059400
2025-02-07,70.55999755859375,70.80999755859375,68.62000274658203,68.68000030517578,65.37647247314453,27428700
2025-02-10,69.36000061035156,70.94999694824219,69.12000274658203,70.94000244140625,67.52776336669922,16201300
2025-02-11,70.56999969482422,71.98999786376953,70.51000213623047,71.33999633789062,67.90852355957031,9636600
2025-02-12,70.5999984741211,72.44999694824219,70.33000183105469,72.26000213623047,68.78426361083984,10810900
2025-02-13,72.44999694824219,73.5999984741211,71.62999725341797,73.20999908447266,69.68858337402344,9739600
2025-02-14,73.16999816894531,73.5,72.33999633789062,73.04000091552734,69.52674865722656,9254400
2025-02-18,74.5,77.68000030517578,74.5,77.58999633789062,73.85791015625,28252400
2025-02-19,76.81999969482422,77.68000030517578,76.08999633789062,76.77999877929688,73.08686065673828,14184100
2025-02-20,76.91000366210938,77.2699966430664,76.33999633789062,77.2300033569336,73.51520538330078,10689600
2025-02-21,77.4000015258789,77.98999786376953,75.86000061035156,76.5,72.82032012939453,12823400
2025-02-24,78.87999725341797,81.08999633789062,78.75,80.27999877929688,76.41851043701172,24553500
2025-02-25,80.30999755859375,81.95999908447266,80.05000305175781,81.72000122070312,77.78924560546875,15522500
2025-02-26,82.0999984741211,82.44000244140625,80.83999633789062,81.16999816894531,77.26569366455078,16058100
2025-02-27,81.48999786376953,81.48999786376953,79.45999908447266,80.0199966430664,76.17101287841797,11651900
2025-02-28,79.25,80.0199966430664,78.18000030517578,79.43000030517578,75.60939025878906,14113800
2025-03-03,79.98999786376953,80.95999908447266,77.88999938964844,78.41000366210938,75.01622772216797,8628800
2025-03-04,77.69999694824219,78.6500015258789,76.77999877929688,77.31999969482422,73.97340393066406,10034100
2025-03-05,77.33000183105469,78.30999755859375,76.45999908447266,77.80999755859375,74.44219970703125,9853600
2025-03-06,76.73999786376953,78.33000183105469,76.73999786376953,77.70999908447266,74.34652709960938,9623700
2025-03-07,77.4800033569336,79.0,76.97000122070312,78.58999633789062,75.18842315673828,9294300
2025-03-10,77.51000213623047,80.19000244140625,76.05999755859375,76.4000015258789,73.09323120117188,15822600
2025-03-11,75.91000366210938,76.08000183105469,73.62000274658203,74.16999816894531,70.9597396850586,12837000
2025-03-12,74.36000061035156,74.5,73.2300033569336,73.58000183105469,70.3952865600586,12304900
2025-03-13,73.18000030517578,73.94000244140625,71.66999816894531,72.63999938964844,69.49596405029297,10195900
2025-03-14,73.27999877929688,73.54000091552734,71.31999969482422,71.66000366210938,68.55838012695312,12183000
2025-03-17,72.13999938964844,73.94999694824219,72.02999877929688,73.69999694824219,70.51008605957031,15996900
2025-03-18,73.88999938964844,74.16000366210938,72.72000122070312,73.30999755859375,70.13695526123047,8972300
2025-03-19,72.63999938964844,73.43000030517578,72.29000091552734,72.98999786376953,69.83081817626953,10830500
2025-03-20,72.91999816894531,73.6500015258789,71.5199966430664,71.86000061035156,68.7497329711914,25202300
2025-03-21,66.58999633789062,68.7300033569336,65.16999816894531,67.94000244140625,64.9993896484375,77287000
2025-03-24,68.55999755859375,68.88999938964844,66.69000244140625,67.38999938964844,64.47320556640625,26552500
2025-03-25,67.55999755859375,68.05000305175781,66.23999786376953,66.54000091552734,63.65998458862305,17394100
2025-03-26,66.37999725341797,66.58999633789062,64.94999694824219,65.73999786376953,62.89461135864258,18688300
2025-03-27,65.5,67.0999984741211,65.29000091552734,65.80000305175781,62.95201873779297,16435800
2025-03-28,65.86000061035156,65.86000061035156,63.13999938964844,63.290000915527344,60.550655364990234,19600300
2025-03-31,62.84000015258789,63.9900016784668,62.650001525878906,63.47999954223633,60.7324333190918,17400000
2025-04-01,63.83000183105469,65.16000366210938,63.29999923706055,64.76000213623047,61.957035064697266,13489500
2025-04-02,64.30000305175781,65.4000015258789,64.16000366210938,64.95999908447266,62.14836883544922,11161400
2025-04-03,56.369998931884766,58.68000030517578,55.400001525878906,55.58000183105469,53.17436218261719,71499500
2025-04-04,53.220001220703125,59.220001220703125,52.5,57.25,54.77207946777344,67775700
2025-04-07,55.400001525878906,57.18000030517578,53.400001525878906,55.61000061035156,53.20306396484375,45374400
2025-04-08,58.77000045776367,58.77000045776367,52.369998931884766,53.27000045776367,50.96434783935547,30404300
2025-04-09,53.279998779296875,59.54999923706055,52.47999954223633,59.31999969482422,56.75248718261719,44732500
2025-04-10,57.22999954223633,57.25,52.279998779296875,54.400001525878906,52.04544448852539,53919800
2025-04-11,54.400001525878906,55.029998779296875,52.86000061035156,54.38999938964844,52.03586959838867,22617100
2025-04-14,55.63999938964844,56.689998626708984,54.66999816894531,55.40999984741211,53.011722564697266,28346600
2025-04-15,54.68000030517578,55.38999938964844,54.16999816894531,54.83000183105469,52.45682907104492,15977100
2025-04-16,54.720001220703125,55.150001525878906,53.34000015258789,53.54999923706055,51.23222351074219,19094900
2025-04-17,53.81999969482422,56.02000045776367,53.650001525878906,55.7599983215332,53.34657287597656,18935100
2025-04-21,55.22999954223633,56.36000061035156,53.5,56.119998931884766,53.69099044799805,17280900
2025-04-22,56.650001525878906,58.09000015258789,56.2400016784668,57.060001373291016,54.590309143066406,16852200
2025-04-23,59.0,59.20000076293945,56.70000076293945,57.38999938964844,54.90602111816406,21660300
2025-04-24,57.810001373291016,58.70000076293945,57.130001068115234,58.47999954223633,55.94884490966797,14508500
2025-04-25,58.209999084472656,58.25,56.61000061035156,57.619998931884766,55.12606430053711,17156000
2025-04-28,57.72999954223633,58.08000183105469,56.79999923706055,57.310001373291016,54.82948684692383,13321200
2025-04-29,57.0,57.7400016784668,56.7400016784668,57.540000915527344,55.049530029296875,12968000
2025-04-30,55.86000061035156,56.59000015258789,54.75,56.400001525878906,53.9588737487793,17205900
2025-05-01,56.68000030517578,57.209999084472656,56.2599983215332,56.7599983215332,54.303287506103516,10527000
2025-05-02,57.869998931884766,58.70000076293945,57.310001373291016,58.59000015258789,56.05408477783203,14723900
2025-05-05,58.119998931884766,58.34000015258789,57.290000915527344,57.349998474121094,54.86774826049805,15971000
2025-05-06,57.150001525878906,57.720001220703125,56.790000915527344,57.040000915527344,54.57117462158203,11440300
2025-05-07,57.869998931884766,58.810001373291016,57.560001373291016,58.619998931884766,56.08278274536133,11883500
2025-05-08,59.689998626708984,60.38999938964844,58.79999923706055,58.90999984741211,56.3602294921875,19009000
2025-05-09,59.13999938964844,59.380001068115234,58.220001220703125,58.29999923706055,55.77663803100586,13954400
2025-05-12,62.380001068115234,63.470001220703125,61.810001373291016,62.58000183105469,59.87138366699219,29776600
2025-05-13,62.61000061035156,62.779998779296875,61.970001220703125,62.38999938964844,59.689613342285156,17003100
2025-05-14,62.04999923706055,62.869998931884766,61.52000045776367,61.72999954223633,59.05817413330078,13736300
2025-05-15,60.63999938964844,62.68000030517578,60.41999816894531,62.400001525878906,59.69917678833008,14371100
2025-05-16,62.5,63.75,62.5,63.11000061035156,60.37844467163086,12950600
2025-05-19,62.150001525878906,62.43000030517578,61.7599983215332,62.08000183105469,59.393028259277344,15105300
2025-05-20,62.5,63.189998626708984,62.279998779296875,62.560001373291016,59.85225296020508,10771800
2025-05-21,61.16999816894531,61.7599983215332,59.880001068115234,59.97999954223633,57.383914947509766,17354700
2025-05-22,60.58000183105469,61.619998931884766,60.15999984741211,61.31999969482422,58.665924072265625,16764500
2025-05-23,59.86000061035156,60.380001068115234,59.4900016784668,60.02000045776367,57.42218780517578,14282400
2025-05-27,61.130001068115234,62.84000015258789,60.84000015258789,62.83000183105469,60.11056900024414,16642100
2025-05-28,62.7400016784668,63.11000061035156,61.560001373291016,61.779998779296875,59.106014251708984,10015600
2025-05-29,62.4900016784668,62.900001525878906,61.130001068115234,61.439998626708984,58.78072738647461,12218000
2025-05-30,61.0,61.119998931884766,60.099998474121094,60.59000015258789,57.9675178527832,18155100
2025-06-02,60.04999923706055,61.599998474121094,59.599998474121094,61.56999969482422,59.29655838012695,14065300
2025-06-03,61.2400016784668,62.45000076293945,60.459999084472656,62.369998931884766,60.06702423095703,10286100
2025-06-04,62.380001068115234,63.040000915527344,62.27000045776367,62.77000045776367,60.45225143432617,10242300
2025-06-05,62.939998626708984,63.65999984741211,62.22999954223633,62.66999816894531,60.3559455871582,12336300
2025-06-06,62.66999816894531,63.09000015258789,62.119998931884766,62.79999923706055,60.481143951416016,13299600
2025-06-09,63.29999923706055,63.4900016784668,61.880001068115234,61.90999984741211,59.62400817871094,11640000
2025-06-10,62.380001068115234,64.16000366210938,62.25,63.869998931884766,61.51163101196289,15287000
2025-06-11,64.4000015258789,64.8499984741211,62.58000183105469,63.11000061035156,60.77969741821289,10238700
2025-06-12,62.7400016784668,62.93000030517578,61.7599983215332,62.79999923706055,60.481143951416016,9830500
2025-06-13,61.75,62.779998779296875,60.11000061035156,60.529998779296875,58.294960021972656,16509700
2025-06-16,61.380001068115234,62.18000030517578,61.2400016784668,61.900001525878906,59.614376068115234,13681600
2025-06-17,61.29999923706055,61.29999923706055,59.68000030517578,60.0,57.7845344543457,13649700
2025-06-18,60.0,60.45000076293945,59.369998931884766,59.5099983215332,57.312625885009766,14194300
2025-06-20,59.75,60.040000915527344,59.189998626708984,59.790000915527344,57.58229064941406,19084000
2025-06-23,59.58000183105469,61.29999923706055,59.439998626708984,60.779998779296875,58.53573226928711,15921300
2025-06-24,61.33000183105469,61.97999954223633,60.47999954223633,61.41999816894531,59.152099609375,12564000
2025-06-25,61.45000076293945,61.529998779296875,60.36000061035156,60.83000183105469,58.58388900756836,12186200
2025-06-26,61.560001373291016,62.72999954223633,60.81999969482422,62.540000915527344,60.23074722290039,39659800
2025-06-27,69.79000091552734,74.19000244140625,69.69000244140625,72.04000091552734,69.37996673583984,117530300
2025-06-30,71.44999694824219,71.70999908447266,70.05999755859375,71.04000091552734,68.4168930053711,31090400
2025-07-01,71.98999786376953,73.94000244140625,71.83000183105469,73.41000366210938,70.69937896728516,27512900
2025-07-02,73.16999816894531,76.83999633789062,73.0,76.38999938964844,73.5693359375,36882300
2025-07-03,76.2699966430664,77.02999877929688,75.58000183105469,76.38999938964844,73.5693359375,12022600
2025-07-07,76.04000091552734,77.5,75.8499984741211,76.52999877929688,73.70417022705078,17296900
2025-07-08,76.12999725341797,76.30000305175781,73.6500015258789,73.91999816894531,71.19054412841797,19572400
2025-07-09,74.12999725341797,74.91999816894531,73.41999816894531,73.55999755859375,70.84384155273438,12076700
2025-07-10,73.12000274658203,75.5,72.94999694824219,74.62000274658203,71.86470031738281,13033000
2025-07-11,73.69000244140625,73.83999633789062,72.4000015258789,72.62999725341797,69.94817352294922,12771400
2025-07-14,72.33999633789062,72.58000183105469,71.02999877929688,72.25,69.58220672607422,11385400
2025-07-15,72.26000213623047,72.87999725341797,71.58000183105469,71.98999786376953,69.3318099975586,9708300
2025-07-16,71.9000015258789,72.70999908447266,71.1500015258789,72.0999984741211,69.437744140625,9008600
2025-07-17,72.12000274658203,73.20999908447266,72.04000091552734,72.9800033569336,70.2852554321289,9180400
2025-07-18,73.27999877929688,73.27999877929688,72.12000274658203,72.47000122070312,69.79408264160156,8801000
2025-07-21,72.93000030517578,74.80999755859375,72.91000366210938,74.0199966430664,71.2868423461914,12743900
2025-07-22,74.06999969482422,75.54000091552734,74.04000091552734,75.38999938964844,72.60626983642578,11297500
2025-07-23,76.1500015258789,77.20999908447266,75.81999969482422,76.75,73.91605377197266,16428100
2025-07-24,76.51000213623047,77.54000091552734,75.41000366210938,75.41999816894531,72.6351547241211,10037800
2025-07-25,75.91000366210938,76.56999969482422,75.52999877929688,76.2699966430664,73.45377349853516,7208400
2025-07-28,79.0,79.98999786376953,77.55999755859375,79.23999786376953,76.31410217285156,22631100
2025-07-29,78.76000213623047,79.37000274658203,77.76000213623047,78.33000183105469,75.43771362304688,12885500
2025-07-30,77.77999877929688,78.30000305175781,75.95999908447266,76.68000030517578,73.8486328125,14601700
2025-07-31,76.3499984741211,76.4000015258789,74.30999755859375,74.69000244140625,71.93211364746094,16700000
2025-08-01,73.44000244140625,74.69999694824219,72.52999877929688,74.62000274658203,71.86470031738281,11911600
2025-08-04,75.02999877929688,75.26000213623047,74.16000366210938,74.81999969482422,72.05731201171875,8839000
2025-08-05,74.91000366210938,75.70999908447266,74.23999786376953,74.37999725341797,71.63356018066406,6533800
2025-08-06,74.47000122070312,75.9800033569336,74.25,75.4800033569336,72.69294738769531,7579800
2025-08-07,76.31999969482422,76.3499984741211,74.0,74.3499984741211,71.60466766357422,8717600
2025-08-08,74.19999694824219,74.95999908447266,73.38999938964844,74.19000244140625,71.4505844116211,6739000
2025-08-11,74.31999969482422,74.79000091552734,73.05000305175781,74.0199966430664,71.2868423461914,6985700
2025-08-12,74.72000122070312,75.72000122070312,74.33999633789062,74.9000015258789,72.13436889648438,6397700
2025-08-13,75.4800033569336,77.69000244140625,75.19000244140625,77.19999694824219,74.34942626953125,13472600
2025-08-14,75.91000366210938,76.5999984741211,75.3499984741211,76.38999938964844,73.5693359375,7990500
2025-08-15,76.73999786376953,77.5,76.16000366210938,76.97000122070312,74.12793731689453,9767700
2025-08-18,77.11000061035156,78.26000213623047,76.8499984741211,77.43000030517578,74.57093811035156,9069100
2025-08-19,78.19999694824219,78.79000091552734,76.68000030517578,76.87999725341797,74.04124450683594,7684800
2025-08-20,76.69000244140625,77.55999755859375,76.16000366210938,76.26000213623047,73.44414520263672,6282600
2025-08-21,75.69999694824219,76.2300033569336,75.12999725341797,76.18000030517578,73.36709594726562,6354900
2025-08-22,76.54000091552734,79.13999938964844,76.25,78.37999725341797,75.4858627319336,10985900
2025-08-25,78.47000122070312,80.16999816894531,78.38999938964844,79.16999816894531,76.24668884277344,12488900
2025-08-26,79.0,79.4800033569336,78.37999725341797,78.6500015258789,75.74589538574219,6874800
2025-08-27,78.95999908447266,79.51000213623047,77.6500015258789,78.05999755859375,75.17767333984375,12636700
2025-08-28,78.58000183105469,78.66000366210938,77.72000122070312,77.91999816894531,75.04283905029297,7478600
2025-08-29,77.75,79.12999725341797,77.12000274658203,77.37000274658203,74.51315307617188,14208800
2025-09-02,75.63999938964844,76.05000305175781,74.0,74.29000091552734,71.91869354248047,15078700
2025-09-03,74.4000015258789,75.18000030517578,73.91000366210938,74.73999786376953,72.35433197021484,8300100
2025-09-04,74.75,75.7699966430664,74.51000213623047,75.3499984741211,72.94486999511719,11096200
2025-09-05,74.80000305175781,75.41000366210938,73.62999725341797,73.91000366210938,71.55083465576172,13758400
2025-09-08,74.26000213623047,74.58000183105469,73.70999908447266,74.1500015258789,71.78317260742188,13793300
2025-09-09,73.98999786376953,74.55000305175781,73.05000305175781,73.5999984741211,71.25072479248047,8740200
2025-09-10,75.25,75.45999908447266,73.33000183105469,74.25,71.87997436523438,11359300
2025-09-11,74.41000366210938,75.52999877929688,74.01000213623047,74.33000183105469,71.95742797851562,9803400
2025-09-12,74.23999786376953,74.27999877929688,71.93000030517578,73.0,70.66986846923828,11806000
2025-09-15,73.18000030517578,73.20999908447266,72.58000183105469,73.02999877929688,70.69892120361328,10323800
2025-09-16,72.80000305175781,73.37999725341797,72.08999633789062,72.75,70.4278564453125,8813600
2025-09-17,73.06999969482422,73.31999969482422,71.61000061035156,72.30999755859375,70.00189971923828,11108700
2025-09-18,73.44000244140625,73.5999984741211,71.62999725341797,72.0999984741211,69.79859924316406,14918400
2025-09-19,72.01000213623047,72.25,70.73999786376953,70.88999938964844,68.62722778320312,33415600
2025-09-22,70.79000091552734,72.48999786376953,70.43000030517578,71.27999877929688,69.0047836303711,12336300
2025-09-23,71.56999969482422,72.41999816894531,70.7300033569336,70.93000030517578,68.66595458984375,10432400
2025-09-24,70.66999816894531,71.52999877929688,70.44999694824219,71.22000122070312,68.94669342041016,10024500
2025-09-25,71.16000366210938,71.16000366210938,69.05000305175781,69.23999786376953,67.02989196777344,13075300
2025-09-26,69.37999725341797,69.44000244140625,68.02999877929688,69.30999755859375,67.09766387939453,15627600
2025-09-29,69.7699966430664,69.95999908447266,68.73999786376953,69.55000305175781,67.33000946044922,18479300
2025-09-30,70.06999969482422,70.20999908447266,68.81999969482422,69.7300033569336,67.50425720214844,40567700
2025-10-01,74.3499984741211,74.69000244140625,71.61000061035156,74.19999694824219,71.8315658569336,57921900
2025-10-02,75.0,76.97000122070312,73.87999725341797,74.56999969482422,72.18976593017578,26254400
2025-10-03,74.77999877929688,74.77999877929688,71.91999816894531,71.93000030517578,69.63402557373047,18794900
2025-10-06,72.0199966430664,72.38999938964844,71.01000213623047,71.16999816894531,68.8982925415039,14039600
2025-10-07,71.2300033569336,71.58000183105469,68.9000015258789,68.91000366210938,66.71043395996094,17368000
2025-10-08,68.91000366210938,69.43000030517578,68.66999816894531,69.08999633789062,66.88468170166016,13051800
2025-10-09,69.55000305175781,69.66000366210938,67.88999938964844,68.05999755859375,65.88755798339844,13410900
2025-10-10,68.18000030517578,68.48999786376953,64.87999725341797,65.22000122070312,63.13821792602539,18806100
2025-10-13,65.69999694824219,67.5199966430664,65.55000305175781,67.37999725341797,65.22926330566406,13191200
2025-10-14,66.47000122070312,68.0,66.05999755859375,67.63999938964844,65.48096466064453,9483700
2025-10-15,68.58000183105469,69.52999877929688,68.12999725341797,68.45999908447266,66.27478790283203,13001500
2025-10-16,68.5999984741211,69.04000091552734,66.58000183105469,66.83999633789062,64.70649719238281,15349700
2025-10-17,66.62999725341797,67.7699966430664,66.31999969482422,67.37000274658203,65.21958923339844,10054000
2025-10-20,67.55999755859375,68.18000030517578,67.47000122070312,67.62000274658203,65.46160888671875,9670000
2025-10-21,67.75,69.29000091552734,67.41000366210938,68.36000061035156,66.177978515625,9659200
2025-10-22,68.22000122070312,69.36000061035156,67.95999908447266,69.08000183105469,66.87500762939453,8096100
2025-10-23,69.08999633789062,69.88999938964844,68.73999786376953,69.68000030517578,67.45585632324219,9124900
2025-10-24,69.70999908447266,70.08000183105469,68.91000366210938,69.11000061035156,66.90404510498047,7102900
2025-10-27,70.04000091552734,70.44000244140625,68.26000213623047,68.58999633789062,66.40064239501953,9838100
2025-10-28,68.11000061035156,68.61000061035156,67.05000305175781,67.43000030517578,65.27767181396484,11262400
2025-10-29,67.01000213623047,67.19000244140625,64.94999694824219,65.3499984741211,63.264060974121094,15143100
2025-10-30,65.18000030517578,66.0,64.56999969482422,64.9000015258789,62.828426361083984,13895200
2025-10-31,65.0,65.25,64.25,64.58999633789062,62.5283203125,17822500
2025-11-03,64.72000122070312,64.8499984741211,62.34000015258789,62.650001525878906,60.65024948120117,22633300
2025-11-04,62.41999816894531,62.59000015258789,61.119998931884766,61.22999954223633,59.275569915771484,13725400
2025-11-05,61.279998779296875,62.849998474121094,60.86000061035156,62.11000061035156,60.12748718261719,20979800
2025-11-06,61.880001068115234,62.47999954223633,61.66999816894531,61.88999938964844,59.91450500488281,15164600
2025-11-07,61.7400016784668,62.18000030517578,60.290000915527344,61.09000015258789,59.140037536621094,15504800
2025-11-10,61.75,62.09000015258789,60.4900016784668,60.79999923706055,58.85929489135742,13063100
2025-11-11,61.72999954223633,63.599998474121094,61.2400016784668,63.150001525878906,61.1342887878418,17646400
2025-11-12,64.0999984741211,65.19000244140625,63.7400016784668,64.19999694824219,62.1507682800293,14812200
2025-11-13,65.70999908447266,66.26000213623047,64.87999725341797,66.02999877929688,63.922359466552734,21923600
2025-11-14,64.94000244140625,65.05999755859375,63.75,64.16999816894531,62.12172317504883,17760100
2025-11-17,63.06999969482422,63.540000915527344,62.2599983215332,62.900001525878906,60.892269134521484,17064700
2025-11-18,62.400001525878906,62.7599983215332,61.68000030517578,62.4900016784668,60.49535369873047,14614600
2025-11-19,62.43000030517578,63.220001220703125,62.0099983215332,62.63999938964844,60.64056396484375,11732100
2025-11-20,62.95000076293945,63.83000183105469,61.40999984741211,61.43000030517578,59.46918869018555,13886600
2025-11-21,62.0099983215332,63.5,61.540000915527344,62.79999923706055,60.79545974731445,12476900
2025-11-24,62.5099983215332,63.06999969482422,61.93000030517578,61.93000030517578,59.95322799682617,16681700
2025-11-25,62.34000015258789,64.12000274658203,61.869998931884766,63.68000030517578,61.64737319946289,11527200
2025-11-26,63.5,64.87000274658203,62.970001220703125,64.33000183105469,62.2766227722168,13791000
2025-11-28,64.47000122070312,64.77999877929688,63.970001220703125,64.62999725341797,62.56704330444336,4941400
2025-12-01,63.77000045776367,65.98999786376953,63.58000183105469,65.38999938964844,63.70692443847656,12047300
2025-12-02,65.44999694824219,65.47000122070312,64.58000183105469,64.93000030517578,63.25876998901367,9051200
2025-12-03,65.08000183105469,66.66000366210938,64.9800033569336,65.6500015258789,63.960235595703125,12028300
2025-12-04,65.5999984741211,66.0999984741211,65.01000213623047,65.69000244140625,63.99920654296875,10619500
2025-12-05,65.69999694824219,66.08000183105469,64.87999725341797,65.86000061035156,64.16482543945312,10917900
2025-12-08,65.5999984741211,65.80000305175781,63.27000045776367,63.540000915527344,61.90454864501953,12867300
2025-12-09,63.5099983215332,63.95000076293945,62.970001220703125,63.33000183105469,61.699954986572266,9300200
2025-12-10,63.97999954223633,66.1500015258789,63.7599983215332,65.79000091552734,64.09663391113281,20302100
2025-12-11,65.83000183105469,67.81999969482422,65.55999755859375,67.73999786376953,65.99644470214844,16153500
2025-12-12,68.16999816894531,69.13999938964844,67.12000274658203,67.47000122070312,65.73339080810547,14829200
2025-12-15,67.41000366210938,68.3499984741211,66.69000244140625,67.77999877929688,66.03540802001953,15287500
2025-12-16,67.29000091552734,68.19999694824219,66.73999786376953,67.12000274658203,65.39240264892578,16376700
2025-12-17,66.55999755859375,66.83000183105469,65.62000274658203,65.69000244140625,63.99920654296875,13205500
2025-12-18,66.01000213623047,67.0,65.4000015258789,65.62999725341797,63.94075012207031,35650000
2025-12-19,59.20000076293945,60.380001068115234,58.220001220703125,58.709999084472656,57.1988639831543,108652700
2025-12-22,58.9900016784668,59.08000183105469,57.13999938964844,57.220001220703125,55.74721908569336,38695900
2025-12-23,57.18000030517578,57.599998474121094,56.9900016784668,57.34000015258789,55.86412811279297,23276700
2025-12-24,58.880001068115234,60.58000183105469,58.880001068115234,60.0,58.455665588378906,36073300
2025-12-26,60.0,60.93000030517578,59.86000061035156,60.93000030517578,59.361724853515625,22303600
2025-12-29,60.540000915527344,61.75,60.5099983215332,61.209999084472656,59.634517669677734,18062100
2025-12-30,61.29999923706055,61.29999923706055,60.63999938964844,61.189998626708984,59.615028381347656,13507800
2025-12-31,62.25,64.19999694824219,61.91999816894531,63.709999084472656,62.070167541503906,35457400
2026-01-02,64.0,64.12999725341797,62.54999923706055,63.279998779296875,61.65123748779297,22284100
2026-01-05,63.7400016784668,65.37000274658203,63.38999938964844,64.52999877929688,62.86906433105469,23482500
2026-01-06,64.05999755859375,65.43000030517578,63.40999984741211,65.3499984741211,63.6679573059082,19973200
2026-01-07,65.5199966430664,65.61000061035156,63.189998626708984,63.220001220703125,61.59278106689453,18284100
2026-01-08,62.18000030517578,65.73999786376953,61.70000076293945,65.26000213623047,63.58028030395508,21573900
2026-01-09,65.11000061035156,66.54000091552734,64.4000015258789,65.91999816894531,64.22328186035156,18470400
2026-01-12,65.25,66.33999633789062,64.23999786376953,65.63999938964844,63.950496673583984,13901100
2026-01-13,66.25,67.08000183105469,65.8499984741211,66.30000305175781,64.593505859375,13685200
2026-01-14,66.29000091552734,67.12999725341797,65.04000091552734,65.56999969482422,63.88228988647461,15939100
2026-01-15,65.76000213623047,65.76000213623047,64.20999908447266,64.58999633789062,62.92751693725586,13295300
2026-01-16,64.38999938964844,64.58999633789062,63.68000030517578,64.37999725341797,62.72291946411133,15903000
2026-01-20,63.4900016784668,64.58000183105469,63.02000045776367,63.630001068115234,61.99222946166992,20406000
2026-01-21,63.880001068115234,65.41999816894531,63.61000061035156,65.41000366210938,63.726417541503906,17166400
2026-01-22,65.41000366210938,66.55000305175781,65.25,65.45999908447266,63.77513122558594,11853700
2026-01-23,65.25,65.44999694824219,64.44000244140625,65.04000091552734,63.36594009399414,11243900
2026-01-26,64.80999755859375,65.63999938964844,64.77999877929688,64.98999786376953,63.31721878051758,14765900
2026-01-27,64.75,64.83000183105469,62.880001068115234,63.09000015258789,61.466129302978516,13536700
2026-01-28,63.04999923706055,63.47999954223633,61.970001220703125,62.2400016784668,60.63800811767578,10363600
2026-01-29,61.93000030517578,62.939998626708984,61.459999084472656,62.599998474121094,60.988739013671875,12739400
2026-01-30,62.2400016784668,62.52000045776367,61.02000045776367,61.810001373291016,60.21907424926758,14309200
2026-02-02,61.65999984741211,62.56999969482422,61.150001525878906,62.18000030517578,60.579551696777344,11006300
2026-02-03,61.779998779296875,62.529998779296875,60.43000030517578,60.93000030517578,59.361724853515625,17322100
2026-02-04,61.720001220703125,64.41000366210938,61.5099983215332,64.22000122070312,62.567047119140625,20957700
2026-02-05,64.19000244140625,64.58000183105469,62.09000015258789,62.70000076293945,61.0861701965332,12506200
2026-02-06,63.0099983215332,64.23999786376953,63.0,63.91999816894531,62.27476119995117,11961500
2026-02-09,63.56999969482422,63.90999984741211,62.369998931884766,62.40999984741211,60.80363082885742,12920800
2026-02-10,63.0,64.19000244140625,62.290000915527344,63.040000915527344,61.41741943359375,13003400
2026-02-11,63.900001525878906,64.01000213623047,61.68000030517578,62.349998474121094,60.74517059326172,15511900
2026-02-12,62.33000183105469,62.720001220703125,60.849998474121094,61.099998474121094,59.527347564697266,13602400
2026-02-13,61.59000015258789,63.380001068115234,61.59000015258789,63.130001068115234,61.50510025024414,20180900
2026-02-17,62.939998626708984,64.81999969482422,62.939998626708984,64.81999969482422,63.1515998840332,12347500
2026-02-18,64.30999755859375,66.1500015258789,64.30999755859375,65.55000305175781,63.862815856933594,11211500
2026-02-19,65.19999694824219,65.83999633789062,64.25,65.61000061035156,63.921260833740234,10778300
2026-02-20,65.30000305175781,68.48999786376953,63.33000183105469,65.4000015258789,63.716670989990234,33436800
2026-02-23,64.5999984741211,64.97000122070312,62.04999923706055,63.09000015258789,61.466129302978516,17748800
2026-02-24,63.279998779296875,64.69999694824219,62.599998474121094,64.08999633789062,62.44038391113281,14296100
2026-02-25,63.88999938964844,64.22000122070312,63.2599983215332,63.400001525878906,61.768150329589844,9500800
2026-02-26,64.20999908447266,65.05999755859375,63.779998779296875,63.95000076293945,62.30399703979492,10319100
2026-02-27,62.720001220703125,62.720001220703125,61.52000045776367,62.18000030517578,60.579551696777344,18017400
2026-03-02,59.900001525878906,61.529998779296875,59.13999938964844,61.0099983215332,59.83419418334961,15335000
2026-03-03,59.439998626708984,60.11000061035156,58.619998931884766,59.38999938964844,58.245418548583984,17438600
2026-03-04,59.189998626708984,59.4900016784668,58.61000061035156,58.63999938964844,57.50987243652344,15971300
2026-03-05,58.599998474121094,58.790000915527344,57.43000030517578,58.02000045776367,56.901824951171875,22040200
2026-03-06,57.470001220703125,57.54999923706055,56.7599983215332,57.0099983215332,55.911285400390625,16323700
2026-03-09,55.7400016784668,56.709999084472656,55.38999938964844,56.529998779296875,55.44053649902344,18053100
2026-03-10,56.70000076293945,57.2400016784668,55.79999923706055,56.08000183105469,54.99921417236328,15706400
2026-03-11,57.599998474121094,57.599998474121094,55.40999984741211,55.70000076293945,54.62653732299805,20245300
2026-03-12,55.279998779296875,55.459999084472656,54.029998779296875,54.130001068115234,53.0867919921875,18611800
2026-03-13,54.34000015258789,54.869998931884766,53.7400016784668,53.97999954223633,52.93968200683594,14377100
2026-03-16,54.27000045776367,55.06999969482422,53.97999954223633,54.790000915527344,53.734073638916016,13115200
2026-03-17,55.45000076293945,55.68000030517578,55.0,55.119998931884766,54.05771255493164,9861400
2026-03-18,54.5,54.959999084472656,53.2599983215332,53.470001220703125,52.43951416015625,16861300
2026-03-19,52.900001525878906,53.630001068115234,52.59000015258789,53.439998626708984,52.41008758544922,12307700
2026-03-20,52.939998626708984,53.61000061035156,52.18000030517578,52.369998931884766,51.36071014404297,19566100
2026-03-23,53.279998779296875,53.560001373291016,52.529998779296875,52.709999084472656,51.694156646728516,15242700
2026-03-24,52.36000061035156,54.08000183105469,52.27000045776367,53.4900016784668,52.459129333496094,12073800
2026-03-25,53.7599983215332,54.220001220703125,52.560001373291016,52.97999954223633,51.958953857421875,13427100
2026-03-26,52.7599983215332,53.619998931884766,51.869998931884766,52.06999969482422,51.066490173339844,14486700
2026-03-27,51.709999084472656,52.11000061035156,51.20000076293945,51.369998931884766,50.379981994628906,13077800
2026-03-30,51.43000030517578,52.189998626708984,50.95000076293945,51.2400016784668,50.25249099731445,16869200
2026-03-31,51.93000030517578,53.11000061035156,51.689998626708984,52.81999969482422,51.80203628540039,36422800
2026-04-01,46.560001373291016,46.83000183105469,44.560001373291016,44.630001068115234,43.76987838745117,114225700
2026-04-02,43.7599983215332,44.34000015258789,43.16999816894531,44.189998626708984,43.338356018066406,63242600
2026-04-06,44.15999984741211,44.380001068115234,43.560001373291016,44.029998779296875,43.18143844604492,26999600
2026-04-07,43.70000076293945,43.869998931884766,42.36000061035156,42.689998626708984,41.86726379394531,38253000
2026-04-08,43.90999984741211,44.29999923706055,42.7599983215332,43.130001068115234,42.298789978027344,29462900
2026-04-09,43.220001220703125,44.220001220703125,42.720001220703125,44.0,43.15201950073242,24147400
2026-04-10,43.83000183105469,43.959999084472656,42.400001525878906,42.619998931884766,41.798614501953125,26094800
2026-04-13,42.22999954223633,42.97999954223633,42.09000015258789,42.90999984741211,42.08302688598633,21236700
2026-04-14,42.9900016784668,44.209999084472656,42.95000076293945,44.20000076293945,43.34816360473633,22554100
2026-04-15,45.09000015258789,45.900001525878906,44.709999084472656,45.439998626708984,44.564266204833984,31523500
2026-04-16,45.79999923706055,46.4900016784668,45.54999923706055,45.70000076293945,44.81925582885742,21766300
2026-04-17,46.380001068115234,46.779998779296875,45.779998779296875,46.029998779296875,45.14289474487305,31290400
2026-04-20,45.97999954223633,46.560001373291016,45.56999969482422,46.47999954223633,45.584224700927734,19003100
2026-04-21,46.77000045776367,46.970001220703125,45.93000030517578,46.38999938964844,45.49595642089844,22194000
2026-04-22,46.310001373291016,46.95000076293945,45.5,45.68000030517578,44.79964065551758,17985200
2026-04-23,45.58000183105469,45.75,44.2400016784668,44.779998779296875,43.916988372802734,17457500
2026-04-24,44.97999954223633,45.41999816894531,44.59000015258789,44.689998626708984,43.82872009277344,15885000
2026-04-27,44.599998474121094,45.40999984741211,44.4900016784668,45.13999938964844,44.270050048828125,14583100
2026-04-28,45.380001068115234,45.709999084472656,44.75,45.029998779296875,44.16217041015625,12426000
2026-04-29,44.91999816894531,45.15999984741211,44.150001525878906,44.38999938964844,43.53450393676758,13329700
2026-04-30,44.09000015258789,44.810001373291016,43.5099983215332,44.36000061035156,43.50508117675781,21679500
2026-05-01,44.81999969482422,44.959999084472656,44.220001220703125,44.400001525878906,43.5443115234375,11562800
2026-05-04,44.189998626708984,44.34000015258789,43.09000015258789,43.09000015258789,42.259559631347656,33272400
2026-05-05,43.040000915527344,43.29999923706055,42.650001525878906,43.060001373291016,42.23013687133789,18589700
2026-05-06,43.630001068115234,44.06999969482422,43.20000076293945,43.880001068115234,43.034332275390625,19406700
2026-05-07,44.04999923706055,44.63999938964844,44.0099983215332,44.40999984741211,43.55411911010742,17177700
2026-05-08,44.2599983215332,44.65999984741211,43.79999923706055,44.13999938964844,43.28932189941406,17357100
2026-05-11,44.06999969482422,44.06999969482422,42.38999938964844,42.38999938964844,41.57304763793945,24863800
2026-05-12,42.29999923706055,42.5099983215332,42.060001373291016,42.349998474121094,41.533817291259766,21271300
2026-05-13,42.20000076293945,42.61000061035156,41.70000076293945,42.34000015258789,41.52401351928711,21325200
2026-05-14,42.560001373291016,42.83000183105469,41.9900016784668,42.02000045776367,41.21017837524414,19146900
2026-05-15,42.0,42.779998779296875,41.84000015258789,41.880001068115234,41.0728759765625,26172600
2026-05-18,41.880001068115234,42.75,41.349998474121094,42.56999969482422,41.74958038330078,18694900
2026-05-19,42.599998474121094,43.20000076293945,41.810001373291016,42.41999816894531,41.60246658325195,22957900
2026-05-20,42.209999084472656,44.279998779296875,41.83000183105469,44.189998626708984,43.338356018066406,27060200
2026-05-21,43.88999938964844,44.7400016784668,43.15999984741211,44.38999938964844,43.53450393676758,18428100
2026-05-22,44.560001373291016,44.720001220703125,44.209999084472656,44.66999816894531,43.809104919433594,14905100
2026-05-26,44.70000076293945,44.95000076293945,44.099998474121094,44.939998626708984,44.07390213012695,18667600
2026-05-27,45.709999084472656,46.59000015258789,45.66999816894531,45.97999954223633,45.0938606262207,24251900
2026-05-28,45.970001220703125,47.650001525878906,45.560001373291016,47.369998931884766,46.45707321166992,22871300
2026-05-29,47.11000061035156,47.20000076293945,46.08000183105469,46.22999954223633,45.33904266357422,38949100
2026-06-01,45.52000045776367,46.279998779296875,45.04999923706055,45.93000030517578,45.4478874206543,26885100
2026-06-02,45.779998779296875,45.779998779296875,43.5099983215332,43.72999954223633,43.27098083496094,28345000
2026-06-03,43.650001525878906,43.9900016784668,43.15999984741211,43.810001373291016,43.35014343261719,18940500
2026-06-04,44.5,44.70000076293945,43.130001068115234,43.619998931884766,43.162132263183594,17350900
2026-06-05,43.29999923706055,43.7400016784668,42.790000915527344,42.97999954223633,42.52885055541992,18406500
2026-06-08,43.060001373291016,43.86000061035156,42.650001525878906,43.22999954223633,42.77622985839844,18192000
2026-06-09,43.52000045776367,45.279998779296875,43.27000045776367,44.650001525878906,44.18132400512695,21505800
2026-06-10,43.77000045776367,44.58000183105469,43.310001373291016,43.959999084472656,43.498565673828125,15335600
2026-06-11,44.52000045776367,45.97999954223633,44.220001220703125,45.959999084472656,45.47757339477539,16647500
2026-06-12,46.290000915527344,46.310001373291016,44.849998474121094,44.93000030517578,44.4583854675293,16524300
2026-06-15,45.36000061035156,46.09000015258789,45.09000015258789,45.20000076293945,44.72555160522461,14345100
2026-06-16,45.5099983215332,46.099998474121094,45.0,45.040000915527344,44.567230224609375,19591400
2026-06-17,44.900001525878906,45.849998474121094,44.15999984741211,44.189998626708984,43.72615051269531,20859700
2026-06-18,44.40999984741211,45.709999084472656,44.2400016784668,45.20000076293945,44.72555160522461,32320300
2026-06-22,44.619998931884766,44.90999984741211,43.13999938964844,43.189998626708984,42.73664855957031,25864500
2026-06-23,42.38999938964844,43.189998626708984,42.31999969482422,42.380001068115234,41.935150146484375,31517900
2026-06-24,42.040000915527344,42.33000183105469,41.310001373291016,41.81999969482422,41.38102722167969,34384300
2026-06-25,41.79999923706055,41.86000061035156,40.439998626708984,40.900001525878906,40.47068786621094,29228300
2026-06-26,40.06999969482422,41.470001220703125,40.0,40.75,40.322261810302734,33970700
2026-06-29,41.13999938964844,41.689998626708984,40.77000045776367,41.47999954223633,41.04459762573242,27824700
2026-06-30,41.380001068115234,41.63999938964844,40.88999938964844,41.04999923706055,40.619110107421875,73891500
2026-07-01,41.400001525878906,43.279998779296875,40.11000061035156,43.060001373291016,42.60801315307617,80185700
2026-07-02,44.11000061035156,45.040000915527344,43.599998474121094,44.09000015258789,43.627201080322266,34233400
2026-07-06,43.900001525878906,44.11000061035156,41.84000015258789,43.34000015258789,42.885074615478516,21979100
2026-07-07,43.720001220703125,44.040000915527344,42.880001068115234,43.209999084472656,42.756439208984375,17784900
2026-07-08,42.70000076293945,43.2599983215332,42.06999969482422,42.88999938964844,42.439796447753906,21101500
2026-07-09,42.689998626708984,43.060001373291016,42.130001068115234,42.779998779296875,42.33095169067383,19647000
2026-07-10,43.41999816894531,44.630001068115234,43.060001373291016,44.369998931884766,43.90426254272461,23313500
2026-07-13,44.7599983215332,44.900001525878906,43.66999816894531,43.7599983215332,43.300662994384766,13665500
2026-07-14,44.310001373291016,44.4900016784668,42.470001220703125,42.86000061035156,42.41011428833008,13090200
2026-07-15,43.0,43.58000183105469,42.47999954223633,42.77000045776367,42.3210563659668,14388200
2026-07-16,42.900001525878906,44.66999816894531,42.900001525878906,44.56999969482422,44.1021614074707,15944700
2026-07-17,44.52000045776367,44.97999954223633,43.52000045776367,43.7599983215332,43.300662994384766,15825100
2026-07-20,43.84000015258789,43.84000015258789,42.83000183105469,43.470001220703125,43.013710021972656,11926900
2026-07-21,43.060001373291016,43.560001373291016,42.75,42.959999084472656,42.509063720703125,11859000
2026-07-22,42.45000076293945,42.90999984741211,41.56999969482422,42.209999084472656,41.76693344116211,18990000
2026-07-23,41.79999923706055,42.08000183105469,40.689998626708984,40.9900016784668,40.55974197387695,18156200
2026-07-24,41.189998626708984,42.150001525878906,40.88999938964844,41.70000076293945,41.262290954589844,26175200
2026-07-27,42.150001525878906,42.599998474121094,41.58000183105469,42.13999938964844,41.697669982910156,16996900
2026-07-28,42.75,43.27000045776367,42.52000045776367,43.04999923706055,42.59811782836914,23601400
2026-07-29,42.599998474121094,43.689998626708984,42.400001525878906,43.220001220703125,42.766334533691406,15029100
2026-07-30,42.5,42.5,41.22999954223633,42.290000915527344,41.84609603881836,16977600
2026-07-31,42.02000045776367,42.08000183105469,41.4900016784668,41.709999084472656,41.27218246459961,22622400
2026-08-03,42.56999969482422,43.209999084472656,42.060001373291016,42.63999938964844,42.192420959472656,21329900
2026-08-04,41.349998474121094,42.09000015258789,40.90999984741211,41.529998779296875,41.09407043457031,27802800
2026-08-05,41.650001525878906,42.47999954223633,41.36000061035156,42.45000076293945,42.004417419433594,22088600
2026-08-06,42.52000045776367,42.63999938964844,41.849998474121094,42.0,41.559139251708984,18150300
2026-08-07,42.02000045776367,42.369998931884766,41.61000061035156,41.70000076293945,41.262290954589844,22042300
2026-08-10,41.7400016784668,42.22999954223633,41.13999938964844,42.11000061035156,41.66798400878906,21664600
2026-08-11,41.47999954223633,41.529998779296875,40.83000183105469,41.31999969482422,40.88627624511719,25538000
2026-08-12,41.029998779296875,41.25,40.45000076293945,40.5099983215332,40.08477783203125,28760300
2026-08-13,40.7400016784668,41.470001220703125,40.47999954223633,41.22999954223633,40.79722213745117,23641700
2026-08-14,41.22999954223633,41.33000183105469,40.709999084472656,40.72999954223633,40.30247116088867,23639800
2026-08-17,40.349998474121094,40.599998474121094,38.86000061035156,39.09000015258789,38.679683685302734,58659900
2026-08-18,39.650001525878906,40.63999938964844,39.22999954223633,40.060001373291016,39.639503479003906,39173300
2026-08-19,40.529998779296875,41.310001373291016,40.369998931884766,41.04999923706055,40.619110107421875,22055700
2026-08-20,40.4900016784668,40.63999938964844,39.810001373291016,40.209999084472656,39.78792953491211,16662100
2026-08-21,40.2599983215332,41.130001068115234,40.2400016784668,40.7599983215332,40.3321533203125,14707800
2026-08-24,41.0,41.34000015258789,40.68000030517578,40.75,40.322261810302734,18839100
2026-08-25,39.52000045776367,39.869998931884766,39.029998779296875,39.47999954223633,39.065589904785156,41525000
2026-08-26,39.400001525878906,39.47999954223633,38.40999984741211,38.59000015258789,38.184932708740234,38604300
2026-08-27,38.5,38.79999923706055,38.16999816894531,38.439998626708984,38.03650665283203,36573800
2026-08-28,38.709999084472656,39.7599983215332,38.560001373291016,39.599998474121094,39.184329986572266,28437400
2026-08-31,39.40999984741211,39.880001068115234,39.029998779296875,39.060001373291016,38.650001525878906,23905300
2026-09-01,38.36000061035156,38.56999969482422,37.970001220703125,38.119998931884766,38.119998931884766,22241100
2026-09-02,38.060001373291016,38.72999954223633,38.0099983215332,38.2400016784668,38.2400016784668,20727200
2026-09-03,38.52000045776367,38.93000030517578,37.95000076293945,38.77000045776367,38.77000045776367,29597500
2026-09-04,38.220001220703125,38.654998779296875,37.97999954223633,38.400001525878906,38.400001525878906,20178773
