date,open,high,low,close,adj_close,volume
2021-07-21,117.54000091552734,119.6500015258789,117.4800033569336,119.2699966430664,106.13771057128906,4377500
2021-07-22,119.33999633789062,122.91999816894533,119.06999969482422,122.62999725341795,109.12776184082033,7172300
2021-07-23,124.5500030517578,126.31999969482422,123.91999816894533,125.97000122070312,112.10001373291016,7934200
2021-07-26,125.73999786376952,126.0999984741211,124.25,126.05999755859376,112.18009948730467,4827500
2021-07-27,126.08000183105467,126.16000366210938,124.80999755859376,126.02999877929688,112.1534194946289,6110900
2021-07-28,122.55999755859376,123.33000183105467,121.38999938964844,122.41000366210938,108.93197631835938,11747000
2021-07-29,122.93000030517578,123.47000122070312,122.13999938964844,122.37999725341795,108.90526580810548,6618400
2021-07-30,122.19000244140624,122.9800033569336,121.0999984741211,121.43000030517578,108.05988311767578,5712300
2021-08-02,122.02999877929688,122.9800033569336,120.06999969482422,120.37000274658203,107.11660766601562,5996800
2021-08-03,120.56999969482422,120.75,117.5199966430664,119.12999725341797,106.01313781738281,6030500
2021-08-04,119.12999725341797,119.20999908447266,117.56999969482422,118.25,105.23002624511719,6675500
2021-08-05,118.72000122070312,119.08999633789062,118.11000061035156,119.02999877929688,105.92414855957031,4281900
2021-08-06,119.13999938964844,119.20999908447266,118.08000183105469,119.05000305175781,105.94195556640625,6832600
2021-08-09,118.98999786376953,119.0199966430664,117.75,117.94000244140625,104.95417785644531,4557900
2021-08-10,118.38999938964844,118.5,115.9800033569336,116.38999938964844,103.5748291015625,9839700
2021-08-11,116.33999633789062,117.29000091552734,115.9000015258789,116.5,104.0750961303711,6472300
2021-08-12,116.41000366210938,116.77999877929688,115.51000213623047,115.75,103.40509033203125,4358300
2021-08-13,115.94000244140625,116.83000183105469,115.4000015258789,116.76000213623047,104.30738067626953,4361700
2021-08-16,116.69000244140625,117.7300033569336,116.41000366210938,117.54000091552734,105.00418853759766,5976000
2021-08-17,116.62000274658203,116.94000244140625,115.55999755859375,116.56999969482422,104.13764190673828,4719800
2021-08-18,116.27999877929688,116.73999786376953,115.5999984741211,115.68000030517578,103.34255981445312,4520500
2021-08-19,114.51000213623047,115.06999969482422,113.61000061035156,114.31999969482422,102.12760925292969,5317100
2021-08-20,113.9800033569336,115.0,113.66000366210938,114.62999725341797,102.404541015625,3486300
2021-08-23,114.70999908447266,115.45999908447266,114.70999908447266,115.1500015258789,102.86909484863281,4235100
2021-08-24,115.38999938964844,115.8499984741211,114.94000244140625,115.08000183105469,102.8065414428711,3447300
2021-08-25,115.58999633789062,115.98999786376953,115.0,115.56999969482422,103.24429321289062,3881500
2021-08-26,115.62000274658203,115.7699966430664,113.86000061035156,114.31999969482422,102.12760925292969,5188200
2021-08-27,114.61000061035156,115.38999938964844,114.18000030517578,115.12000274658203,102.84230041503906,4204700
2021-08-30,115.61000061035156,115.81999969482422,114.62999725341797,115.61000061035156,103.28002166748047,3078200
2021-08-31,115.7699966430664,117.5999984741211,115.6500015258789,117.48999786376953,104.95953369140625,6995500
2021-09-01,118.01000213623047,118.33000183105469,117.27999877929688,117.44999694824219,104.92378234863281,4402700
2021-09-02,118.29000091552734,118.36000061035156,116.9000015258789,117.37000274658203,104.85232543945312,3801900
2021-09-03,116.83999633789062,117.58000183105469,116.33999633789062,117.19000244140625,104.69152069091797,2921300
2021-09-07,117.08999633789062,117.12999725341797,115.47000122070312,115.79000091552734,103.44084167480469,4264900
2021-09-08,116.0999984741211,118.19000244140625,115.51000213623047,118.04000091552734,105.45086669921875,5548400
2021-09-09,117.9800033569336,120.06999969482422,117.80000305175781,118.79000091552734,106.12088012695312,4711200
2021-09-10,119.3499984741211,120.76000213623047,118.88999938964844,119.33999633789062,106.61221313476562,6517900
2021-09-13,119.88999938964844,120.1500015258789,118.55999755859375,119.18000030517578,106.4692611694336,4381100
2021-09-14,119.72000122070312,119.86000061035156,118.36000061035156,118.86000061035156,106.18341827392578,4722800
2021-09-15,116.95999908447266,117.0199966430664,113.12000274658203,114.63999938964844,102.41349792480469,11556200
2021-09-16,114.79000091552734,115.2699966430664,113.19000244140625,114.66999816894531,102.4402847290039,7997000
2021-09-17,114.54000091552734,114.8499984741211,113.12000274658203,113.41000366210938,101.31465148925781,9261000
2021-09-20,111.3499984741211,112.2699966430664,110.37999725341797,111.81999969482422,99.89423370361328,7795200
2021-09-21,111.91999816894531,113.5999984741211,111.75,112.22000122070312,100.25157928466797,5468400
2021-09-22,113.05999755859375,114.02999877929688,112.31999969482422,113.06999969482422,101.01090240478516,4578200
2021-09-23,113.38999938964844,114.70999908447266,113.0999984741211,114.13999938964844,101.96678924560547,3842000
2021-09-24,114.12999725341797,114.86000061035156,113.76000213623047,114.11000061035156,101.93998718261719,3955000
2021-09-27,113.61000061035156,114.66999816894531,112.91000366210938,113.68000030517578,101.55587005615234,3988800
2021-09-28,112.68000030517578,113.0,111.08000183105469,111.70999908447266,99.79597473144531,5917700
2021-09-29,111.9000015258789,112.5199966430664,111.56999969482422,112.16999816894531,100.20689392089844,4389100
2021-09-30,111.5199966430664,112.16000366210938,110.30999755859375,110.30999755859375,98.5452651977539,5974500
2021-10-01,110.88999938964844,113.45999908447266,110.54000091552734,112.91999816894531,100.87690734863281,5636900
2021-10-04,112.43000030517578,113.08000183105469,111.0199966430664,111.45999908447266,99.57262420654297,4497700
2021-10-05,111.12999725341797,111.4800033569336,110.02999877929688,110.8499984741211,99.02767944335938,5884000
2021-10-06,110.18000030517578,112.0199966430664,109.4800033569336,111.63999938964844,99.73341369628906,5734500
2021-10-07,112.37999725341797,112.9800033569336,112.05000305175781,112.20999908447266,100.24264526367188,5549500
2021-10-08,112.58000183105469,112.66000366210938,111.12999725341797,111.22000122070312,99.35823059082031,3787000
2021-10-11,112.88999938964844,113.55999755859375,110.91999816894531,110.94000244140625,99.10809326171875,5987300
2021-10-12,111.72000122070312,111.87000274658203,110.66000366210938,111.0,99.16167449951172,3866800
2021-10-13,111.38999938964844,111.4800033569336,109.41000366210938,110.76000213623047,98.94729614257812,4806500
2021-10-14,111.08000183105469,112.61000061035156,111.01000213623047,111.87000274658203,99.93888854980469,5194900
2021-10-15,112.44999694824219,112.91999816894531,110.94999694824219,111.44999694824219,99.56370544433594,5860900
2021-10-18,111.44000244140625,113.56999969482422,110.95999908447266,113.37000274658203,101.2789306640625,4958400
2021-10-19,113.73999786376953,114.54000091552734,112.76000213623047,113.48999786376953,101.38611602783203,5799300
2021-10-20,113.05999755859375,115.11000061035156,112.70999908447266,113.86000061035156,101.71666717529297,7645200
2021-10-21,113.93000030517578,114.55999755859375,113.61000061035156,114.44000244140625,102.23480987548828,3684300
2021-10-22,114.41000366210938,114.9800033569336,114.06999969482422,114.55000305175781,102.33309173583984,3396400
2021-10-25,114.73999786376953,114.87999725341797,113.36000061035156,114.70999908447266,102.47601318359375,4290600
2021-10-26,114.91999816894531,115.27999877929688,114.25,114.91999816894531,102.66361999511719,5948000
2021-10-27,115.56999969482422,115.56999969482422,113.08000183105469,113.51000213623047,101.40399932861328,5853900
2021-10-28,113.73999786376953,114.5999984741211,112.45999908447266,113.19999694824219,101.12705993652344,7697600
2021-10-29,107.5,107.98999786376953,104.0199966430664,106.06999969482422,94.75747680664062,27419600
2021-11-01,107.2300033569336,110.1500015258789,107.19999694824219,109.80000305175781,98.08966827392578,14184600
2021-11-02,110.25,111.81999969482422,109.79000091552734,111.44999694824219,99.56370544433594,11538900
2021-11-03,111.33000183105469,112.91999816894531,110.11000061035156,112.61000061035156,100.59998321533203,6422600
2021-11-04,111.5999984741211,112.41999816894531,110.93000030517578,112.16000366210938,100.19798278808594,8212600
2021-11-05,113.23999786376953,117.33000183105469,113.13999938964844,116.91000366210938,104.4413833618164,10256800
2021-11-08,116.5199966430664,117.47000122070312,114.56999969482422,115.16000366210938,102.87803649902344,8753300
2021-11-09,114.6500015258789,115.5999984741211,113.37000274658203,114.12999725341797,101.95785522460938,6754700
2021-11-10,112.91000366210938,114.45999908447266,112.5999984741211,113.25,101.60796356201172,6563700
2021-11-11,113.25,113.25,110.54000091552734,111.44000244140625,99.98401641845703,7191900
2021-11-12,111.73999786376953,112.23999786376953,111.08999633789062,111.72000122070312,100.2352523803711,7350400
2021-11-15,112.12000274658203,113.6500015258789,111.58000183105469,111.87000274658203,100.36980438232422,6566100
2021-11-16,112.27999877929688,113.11000061035156,111.51000213623047,112.2300033569336,100.69282531738281,7965000
2021-11-17,112.22000122070312,113.11000061035156,111.66000366210938,112.5199966430664,100.95299530029297,5768600
2021-11-18,112.12000274658203,113.2300033569336,111.33999633789062,112.9000015258789,101.29393005371094,5632100
2021-11-19,112.7300033569336,112.9000015258789,109.7699966430664,110.77999877929688,99.39187622070312,6921800
2021-11-22,111.11000061035156,112.58999633789062,110.66999816894531,111.44999694824219,99.99298095703125,5967300
2021-11-23,112.0,114.11000061035156,111.77999877929688,113.58000183105469,101.90403747558594,7911000
2021-11-24,113.41000366210938,114.26000213623047,113.08000183105469,113.97000122070312,102.25393676757812,4464300
2021-11-26,110.01000213623047,110.83000183105469,109.25,110.66000366210938,99.28421783447266,6703200
2021-11-29,111.36000061035156,111.69000244140625,109.62000274658203,110.7300033569336,99.34701538085938,7114100
2021-11-30,109.55000305175781,111.08999633789062,109.05000305175781,109.63999938964844,98.36905670166016,9483300
2021-12-01,110.95999908447266,113.3499984741211,108.55000305175781,108.66000366210938,97.48980712890625,7618500
2021-12-02,109.16999816894531,112.08000183105469,109.16999816894531,111.41999816894531,99.96607208251953,7709400
2021-12-03,111.8499984741211,112.8499984741211,110.08000183105469,111.23999786376953,99.80459594726562,7014100
2021-12-06,112.01000213623047,114.16999816894531,111.70999908447266,113.36000061035156,101.70665740966797,8280200
2021-12-07,115.05999755859375,117.19000244140625,114.79000091552734,116.26000213623047,104.30853271484375,8786900
2021-12-08,115.77999877929688,116.6500015258789,115.1500015258789,116.25,104.299560546875,5807000
2021-12-09,115.80000305175781,116.41000366210938,115.23999786376953,115.3499984741211,103.49208068847656,5664700
2021-12-10,115.81999969482422,117.08999633789062,115.77999877929688,116.7300033569336,104.73020935058594,6110800
2021-12-13,116.16000366210938,116.83000183105469,115.22000122070312,115.55999755859375,103.68048858642578,6479400
2021-12-14,114.56999969482422,115.30000305175781,114.02999877929688,114.70999908447266,102.91786193847656,6854600
2021-12-15,114.80999755859375,115.19999694824219,112.76000213623047,114.68000030517578,102.89094543457031,6902400
2021-12-16,115.0,115.4000015258789,113.22000122070312,113.58999633789062,101.91301727294922,7544400
2021-12-17,111.2699966430664,111.80000305175781,108.22000122070312,108.62999725341797,97.46287536621094,13696900
2021-12-20,107.06999969482422,108.12000274658203,106.61000061035156,108.08999633789062,96.97840118408203,6313700
2021-12-21,109.0,110.9000015258789,108.87000274658203,110.37000274658203,99.0240249633789,4682200
2021-12-22,110.19999694824219,111.77999877929688,110.0,111.73999786376953,100.25316619873047,3643300
2021-12-23,112.2300033569336,112.91000366210938,111.98999786376953,112.37000274658203,100.81840515136719,3359600
2021-12-27,112.5999984741211,114.37000274658203,112.38999938964844,114.22000122070312,102.47824096679688,3716700
2021-12-28,114.0,116.27999877929688,113.80999755859375,115.56999969482422,103.68946838378906,4561600
2021-12-29,115.4000015258789,116.95999908447266,115.30999755859375,116.37999725341797,104.41619110107422,4215300
2021-12-30,116.37999725341797,117.33999633789062,116.08000183105469,116.23999786376953,104.29058837890625,4068700
2021-12-31,115.66999816894531,117.4800033569336,115.5999984741211,116.97000122070312,104.94554901123047,3674900
2022-01-03,116.47000122070312,117.80000305175781,114.77999877929688,116.68000030517578,104.68535614013672,5475700
2022-01-04,116.9000015258789,117.05000305175781,114.16999816894531,114.23999786376953,102.49618530273438,8367600
2022-01-05,114.4000015258789,114.95999908447266,110.4000015258789,110.44000244140625,99.08683013916016,8662300
2022-01-06,110.0,111.87999725341797,109.98999786376953,111.13999938964844,99.71485900878906,6099900
2022-01-07,108.22000122070312,109.70999908447266,107.4800033569336,107.56999969482422,96.51185607910156,11266400
2022-01-10,106.62000274658203,107.01000213623047,104.41999816894531,106.02999877929688,95.13015747070312,8499400
2022-01-11,106.04000091552734,106.16999816894531,103.70999908447266,104.04000091552734,93.3447265625,13073200
2022-01-12,104.44000244140625,105.31999969482422,103.68000030517578,103.87000274658203,93.19220733642578,11810500
2022-01-13,104.1500015258789,104.66999816894531,102.08999633789062,102.4000015258789,91.87332153320312,9818500
2022-01-14,101.91000366210938,101.91000366210938,99.08999633789062,100.12000274658203,89.82771301269531,13703200
2022-01-18,99.16999816894531,99.36000061035156,97.51000213623047,97.7300033569336,87.68341064453125,11396000
2022-01-19,97.94000244140625,98.38999938964844,96.77999877929688,96.87000274658203,86.91180419921875,10856800
2022-01-20,97.48999786376953,98.94000244140625,95.58999633789062,95.72000122070312,85.8800277709961,20311500
2022-01-21,95.9000015258789,98.41000366210938,95.47000122070312,96.30999755859375,86.40937805175781,13438300
2022-01-24,94.75,98.3499984741211,94.41000366210938,98.0999984741211,88.01536560058594,17201400
2022-01-25,96.66999816894531,98.08999633789062,95.12999725341797,97.01000213623047,87.03741455078125,12368500
2022-01-26,97.69999694824219,98.63999938964844,94.9000015258789,95.58000183105469,85.75442504882812,11863000
2022-01-27,96.62000274658203,97.16999816894531,95.05999755859375,95.31999969482422,85.52116394042969,7322200
2022-01-28,95.05999755859375,97.22000122070312,93.79000091552734,97.20999908447266,87.21685028076172,8345400
2022-01-31,97.02999877929688,98.4000015258789,96.41999816894531,98.31999969482422,88.21276092529297,8807700
2022-02-01,98.41999816894531,99.02999877929688,96.80000305175781,98.76000213623047,88.60751342773438,11601900
2022-02-02,95.80000305175781,99.1500015258789,94.73999786376953,97.7300033569336,87.68341064453125,15578800
2022-02-03,96.83999633789062,97.47000122070312,95.66999816894531,95.94000244140625,86.0774154663086,8901100
2022-02-04,95.41000366210938,95.94000244140625,93.83000183105469,95.0,85.23405456542969,8267600
2022-02-07,95.3499984741211,96.11000061035156,94.87999725341797,95.19000244140625,85.40452575683594,6849000
2022-02-08,95.29000091552734,96.02999877929688,94.3499984741211,94.91999816894531,85.16226959228516,7161000
2022-02-09,96.25,97.97000122070312,96.19999694824219,97.12999725341797,87.14508056640625,9353700
2022-02-10,95.45999908447266,96.80999755859375,94.9800033569336,95.30999755859375,85.94576263427734,9098800
2022-02-11,95.58999633789062,96.48999786376953,93.36000061035156,93.7300033569336,84.52098846435547,6924800
2022-02-14,93.75,94.48999786376953,92.41999816894531,93.6500015258789,84.44886779785156,7948500
2022-02-15,95.1500015258789,95.45999908447266,94.36000061035156,94.51000213623047,85.224365234375,7722200
2022-02-16,94.33999633789062,95.55000305175781,93.16000366210938,95.18000030517578,85.82852935791016,6545800
2022-02-17,94.41999816894531,94.62999725341797,92.77999877929688,93.05000305175781,83.90779876708984,6578200
2022-02-18,92.55999755859375,94.05000305175781,92.52999877929688,93.33999633789062,84.16930389404297,6210600
2022-02-22,93.5999984741211,94.04000091552734,92.36000061035156,93.11000061035156,83.96192169189453,8622500
2022-02-23,93.87999725341797,93.87999725341797,89.44000244140625,89.6500015258789,80.84185028076172,9674800
2022-02-24,87.5,91.19999694824219,87.25,91.01000213623047,82.06822967529297,9260500
2022-02-25,91.30000305175781,92.79000091552734,90.27999877929688,92.58000183105469,83.4839859008789,7039400
2022-02-28,91.29000091552734,92.30999755859375,90.62000274658203,91.79000091552734,82.77159881591797,8591500
2022-03-01,91.48999786376953,91.51000213623047,89.6500015258789,90.13999938964844,81.2837142944336,7100700
2022-03-02,90.7699966430664,93.27999877929688,90.58999633789062,92.7699966430664,83.65531921386719,10721100
2022-03-03,93.4800033569336,93.5,91.08000183105469,91.52999877929688,82.5371322631836,6587400
2022-03-04,90.97000122070312,91.16000366210938,89.44999694824219,90.02999877929688,81.18452453613281,7179800
2022-03-07,90.04000091552734,90.05000305175781,84.3499984741211,84.45999908447266,76.16177368164062,14608700
2022-03-08,84.76000213623047,86.91999816894531,83.76000213623047,84.0,75.7469711303711,10692000
2022-03-09,86.5,88.12999725341797,86.33000183105469,87.5999984741211,78.9932632446289,8811600
2022-03-10,86.08999633789062,87.36000061035156,85.5999984741211,87.16000366210938,78.59651184082031,9114300
2022-03-11,88.3499984741211,88.80999755859375,82.54000091552734,82.7300033569336,74.60176086425781,15351700
2022-03-14,82.31999969482422,82.33999633789062,78.91999816894531,79.29000091552734,71.49971771240234,18199300
2022-03-15,80.5,83.44000244140625,80.27999877929688,83.12000274658203,74.95343017578125,12542300
2022-03-16,88.01000213623047,90.08999633789062,85.62000274658203,87.41000366210938,78.8219223022461,21207900
2022-03-17,87.45999908447266,87.94999694824219,86.01000213623047,87.66000366210938,79.04737091064453,8554200
2022-03-18,86.12000274658203,89.75,84.9800033569336,89.5999984741211,80.79676818847656,23784200
2022-03-21,89.61000061035156,89.72000122070312,85.97000122070312,86.86000061035156,78.32598876953125,11925300
2022-03-22,87.4000015258789,89.0999984741211,87.1500015258789,87.88999938964844,79.25476837158203,8447400
2022-03-23,87.36000061035156,87.70999908447266,86.0999984741211,86.22000122070312,77.74884033203125,7670500
2022-03-24,86.83000183105469,87.1500015258789,85.55999755859375,87.12000274658203,78.5604248046875,6163400
2022-03-25,87.38999938964844,87.66999816894531,86.22000122070312,87.44999694824219,78.85799407958984,7048100
2022-03-28,87.4800033569336,88.41999816894531,86.75,88.37999725341797,79.6966323852539,5981000
2022-03-29,89.69999694824219,91.9000015258789,89.66000366210938,91.2300033569336,82.2666244506836,8963200
2022-03-30,90.75,91.54000091552734,90.4000015258789,91.02999877929688,82.08627319335938,8122100
2022-03-31,91.31999969482422,92.62999725341797,90.97000122070312,90.97000122070312,82.03218078613281,11306100
2022-04-01,91.5,91.88999938964844,90.4800033569336,91.48999786376953,82.5010757446289,6516300
2022-04-04,87.88999938964844,88.45999908447266,86.18000030517578,88.08999633789062,79.43511199951172,16243100
2022-04-05,86.55999755859375,86.62000274658203,83.81999969482422,84.12000274658203,75.85518646240234,17525800
2022-04-06,83.6500015258789,83.88999938964844,82.06999969482422,83.36000061035156,75.16985321044922,10567000
2022-04-07,82.98999786376953,83.5,81.44999694824219,83.12000274658203,74.95343017578125,10869100
2022-04-08,83.19000244140625,83.19000244140625,81.33999633789062,81.5199966430664,73.51063537597656,9286800
2022-04-11,80.87999725341797,81.73999786376953,80.29000091552734,80.68000030517578,72.7531509399414,8623200
2022-04-12,80.83000183105469,81.2699966430664,79.6500015258789,79.79000091552734,71.95059967041016,8472500
2022-04-13,79.87999725341797,81.30999755859375,79.61000061035156,80.91999816894531,72.96957397460938,8604400
2022-04-14,80.75,81.08000183105469,79.25,79.5,71.68909454345703,9567200
2022-04-18,79.04000091552734,79.97000122070312,78.87999725341797,79.5999984741211,71.7792739868164,7797300
2022-04-19,79.62000274658203,81.54000091552734,79.41000366210938,81.22000122070312,73.2401123046875,8622100
2022-04-20,81.30999755859375,81.5199966430664,80.0,80.16999816894531,72.29325103759766,8368800
2022-04-21,81.05000305175781,81.19000244140625,78.7300033569336,78.95999908447266,71.2021255493164,8152500
2022-04-22,78.88999938964844,79.4800033569336,77.77999877929688,77.91999816894531,70.26432800292969,10315500
2022-04-25,77.37999725341797,78.08000183105469,76.7300033569336,77.9800033569336,70.31842041015625,10259000
2022-04-26,77.48999786376953,77.58000183105469,75.62999725341797,75.62999725341797,68.1993179321289,8800500
2022-04-27,75.37999725341797,76.43000030517578,74.68000030517578,74.73999786376953,67.3967514038086,8467300
2022-04-28,75.62000274658203,77.0999984741211,74.86000061035156,76.58000183105469,69.05597686767578,8818500
2022-04-29,76.0199966430664,76.7699966430664,74.4800033569336,74.63999938964844,67.30657196044922,9199300
2022-05-02,75.25,75.72000122070312,73.47000122070312,75.37000274658203,67.9648666381836,12379000
2022-05-03,75.72000122070312,75.79000091552734,73.37999725341797,74.33000183105469,67.02705383300781,15570100
2022-05-04,79.30999755859375,82.87000274658203,77.91999816894531,81.63999938964844,73.61884307861328,30199700
2022-05-05,80.43000030517578,81.22000122070312,77.12999725341797,77.4800033569336,69.86756896972656,19114700
2022-05-06,77.02999877929688,77.19999694824219,75.20999908447266,76.5199966430664,69.00186920166016,11165800
2022-05-09,75.23999786376953,76.55000305175781,73.33000183105469,73.48999786376953,66.26957702636719,12863600
2022-05-10,74.8499984741211,75.05000305175781,71.61000061035156,71.86000061035156,64.79973602294922,14085900
2022-05-11,71.55000305175781,71.94999694824219,69.95999908447266,70.05999755859375,63.17657470703125,12118100
2022-05-12,69.1500015258789,70.02999877929688,68.38999938964844,69.9000015258789,63.476261138916016,15460600
2022-05-13,71.87999725341797,75.7300033569336,71.87999725341797,75.5999984741211,68.65242004394531,18156300
2022-05-16,74.94000244140625,75.44000244140625,72.30999755859375,72.41999816894531,65.76465606689453,11435300
2022-05-17,74.01000213623047,74.3499984741211,72.83999633789062,73.72000122070312,66.9451904296875,12454500
2022-05-18,73.1500015258789,73.54000091552734,70.77999877929688,71.27999877929688,64.72943115234375,10576500
2022-05-19,71.0999984741211,72.41999816894531,70.33000183105469,71.93000030517578,65.31969451904297,11193700
2022-05-20,72.87999725341797,73.43000030517578,71.45999908447266,73.38999938964844,66.64551544189453,15941800
2022-05-23,73.7300033569336,74.2699966430664,72.56999969482422,73.41999816894531,66.67276000976562,10741900
2022-05-24,72.97000122070312,73.33000183105469,71.2699966430664,72.72000122070312,66.03711700439453,9227700
2022-05-25,72.72000122070312,73.5,71.93000030517578,72.4800033569336,65.81916046142578,8344400
2022-05-26,72.94999694824219,74.7699966430664,72.87000274658203,74.48999786376953,67.6444320678711,8940900
2022-05-27,75.2300033569336,76.72000122070312,75.1500015258789,76.70999908447266,69.66041564941406,8498400
2022-05-31,76.97000122070312,79.66000366210938,76.55000305175781,78.5,71.28592681884766,23361800
2022-06-01,78.75,78.87999725341797,76.05000305175781,76.27999877929688,69.2699203491211,7579000
2022-06-02,76.54000091552734,79.5,75.8499984741211,79.41999816894531,72.12136840820312,10241500
2022-06-03,79.0,79.9000015258789,78.31999969482422,79.05000305175781,71.7853775024414,10415700
2022-06-06,79.69999694824219,81.30000305175781,78.52999877929688,78.9800033569336,71.72181701660156,7239400
2022-06-07,78.56999969482422,79.75,78.26000213623047,79.47000122070312,72.16677856445312,5517100
2022-06-08,78.9000015258789,79.7699966430664,78.26000213623047,78.47000122070312,71.25867462158203,5178300
2022-06-09,77.97000122070312,80.2699966430664,77.7300033569336,78.91000366210938,71.65825653076172,13248100
2022-06-10,77.0199966430664,77.79000091552734,75.66000366210938,75.66999816894531,68.71599578857422,8694300
2022-06-13,73.08999633789062,74.01000213623047,71.91000366210938,72.36000061035156,65.7101821899414,9282800
2022-06-14,72.8499984741211,73.83999633789062,71.52999877929688,72.30999755859375,65.66476440429688,7635600
2022-06-15,73.25,75.2699966430664,73.11000061035156,74.19000244140625,67.37200164794922,7682300
2022-06-16,72.43000030517578,72.61000061035156,70.3499984741211,70.94999694824219,64.42975616455078,10147000
2022-06-17,71.08000183105469,72.44000244140625,70.7699966430664,71.87000274658203,65.26522064208984,9824300
2022-06-21,73.05999755859375,73.16999816894531,72.02999877929688,72.95999908447266,66.25503540039062,7872500
2022-06-22,72.37000274658203,73.81999969482422,72.22000122070312,73.30000305175781,66.56379699707031,6702200
2022-06-23,73.86000061035156,75.36000061035156,73.51000213623047,75.19999694824219,68.28917694091797,6586400
2022-06-24,75.66000366210938,78.1500015258789,75.55000305175781,78.11000061035156,70.93175506591797,18012000
2022-06-27,78.0,78.44000244140625,77.2699966430664,77.68000030517578,70.54126739501953,6672200
2022-06-28,78.38999938964844,79.88999938964844,76.19000244140625,76.33999633789062,69.32441711425781,7206400
2022-06-29,76.20999908447266,77.1500015258789,75.63999938964844,76.43000030517578,69.4061508178711,8983900
2022-06-30,76.01000213623047,76.87999725341797,74.87000274658203,76.38999938964844,69.36982727050781,6781100
2022-07-01,76.7300033569336,79.47000122070312,76.54000091552734,79.26000213623047,71.97608184814453,7539200
2022-07-05,78.0199966430664,79.55000305175781,77.36000061035156,79.5199966430664,72.21217346191406,8087800
2022-07-06,79.83000183105469,80.47000122070312,78.18000030517578,78.86000061035156,71.61283874511719,4652800
2022-07-07,78.80999755859375,79.6500015258789,78.37000274658203,79.23999786376953,71.9579086303711,5395600
2022-07-08,78.69000244140625,79.62999725341797,78.2699966430664,79.27999877929688,71.9942398071289,3927100
2022-07-11,78.8499984741211,79.05000305175781,77.43000030517578,77.9000015258789,70.74105834960938,5351500
2022-07-12,78.36000061035156,79.44000244140625,77.37999725341797,77.76000213623047,70.61392211914062,5393400
2022-07-13,75.98999786376953,78.54000091552734,75.7300033569336,77.91999816894531,70.75921630859375,3897500
2022-07-14,77.08999633789062,78.37000274658203,76.80999755859375,78.19999694824219,71.01348876953125,4504500
2022-07-15,78.61000061035156,80.20999908447266,78.61000061035156,79.62000274658203,72.3030014038086,5584100
2022-07-18,80.02999877929688,81.66999816894531,80.0,80.2300033569336,72.85693359375,6768800
2022-07-19,81.11000061035156,82.66999816894531,80.91000366210938,82.55000305175781,74.96373748779297,5949200
2022-07-20,82.4800033569336,83.47000122070312,81.88999938964844,83.2699966430664,75.6175537109375,6850600
2022-07-21,82.94999694824219,83.61000061035156,82.6500015258789,83.54000091552734,75.86274719238281,7695300
2022-07-22,84.16000366210938,84.43000030517578,82.83999633789062,83.58999633789062,75.90814971923828,6283600
2022-07-25,83.58999633789062,83.69999694824219,81.04000091552734,81.5,74.01022338867188,5861100
2022-07-26,81.22000122070312,81.41999816894531,80.0,80.30999755859375,72.92957305908203,6587000
2022-07-27,81.2300033569336,83.41000366210938,81.12000274658203,82.95999908447266,75.3360366821289,6372600
2022-07-28,83.19000244140625,84.88999938964844,82.81999969482422,84.66999816894531,76.8888931274414,5594600
2022-07-29,84.5999984741211,84.9800033569336,83.93000030517578,84.77999877929688,76.9887924194336,5802700
2022-08-01,84.19000244140625,85.58999633789062,84.02999877929688,84.91000366210938,77.10684967041016,7313700
2022-08-02,84.69999694824219,85.13999938964844,83.62000274658203,83.70999908447266,76.01713562011719,7254700
2022-08-03,86.01000213623047,87.97000122070312,83.91000366210938,87.2699966430664,79.24996185302734,12915700
2022-08-04,87.20999908447266,88.27999877929688,86.56999969482422,86.87999725341797,78.89581298828125,7086700
2022-08-05,85.76000213623047,86.1500015258789,84.91999816894531,85.7300033569336,77.85149383544922,4835100
2022-08-08,86.1500015258789,86.86000061035156,85.41999816894531,85.72000122070312,77.84239196777344,4878400
2022-08-09,85.73999786376953,85.83000183105469,84.45999908447266,84.83999633789062,77.04327392578125,3498400
2022-08-10,86.5,86.9000015258789,86.08999633789062,86.48999786376953,78.5416488647461,5072300
2022-08-11,86.94000244140625,87.55000305175781,86.5,87.2699966430664,79.70150756835938,5595700
2022-08-12,87.30999755859375,88.4000015258789,87.19000244140625,88.30999755859375,80.65131378173828,5154000
2022-08-15,88.11000061035156,89.25,88.01000213623047,89.16000366210938,81.42760467529297,5601000
2022-08-16,88.77999877929688,89.93000030517578,88.54000091552734,89.4000015258789,81.64678192138672,4580800
2022-08-17,88.4000015258789,89.0,87.86000061035156,88.3499984741211,80.6878433227539,3831300
2022-08-18,88.02999877929688,88.77999877929688,87.68000030517578,88.55000305175781,80.87049102783203,3428300
2022-08-19,87.7699966430664,87.97000122070312,86.55000305175781,86.91999816894531,79.38185119628906,4597700
2022-08-22,85.37999725341797,85.55000305175781,84.33999633789062,84.94999694824219,77.58270263671875,5915200
2022-08-23,84.8499984741211,85.61000061035156,84.58000183105469,84.69000244140625,77.34526062011719,4560400
2022-08-24,84.76000213623047,86.4800033569336,84.4800033569336,86.05000305175781,78.58729553222656,4386000
2022-08-25,86.3499984741211,87.62999725341797,86.30000305175781,87.38999938964844,79.81109619140625,4236300
2022-08-26,87.51000213623047,87.98999786376953,83.95999908447266,84.05999755859375,76.7698974609375,6674900
2022-08-29,83.19999694824219,84.66000366210938,83.04000091552734,84.12000274658203,76.8246841430664,5035500
2022-08-30,84.18000030517578,85.0199966430664,82.69000244140625,83.41000366210938,76.17626190185547,6812500
2022-08-31,83.87000274658203,84.76000213623047,83.6500015258789,84.06999969482422,76.77902221679688,6570100
2022-09-01,83.69999694824219,85.47000122070312,82.93000030517578,85.4000015258789,77.9936752319336,7556800
2022-09-02,85.47000122070312,85.7699966430664,82.55000305175781,82.94000244140625,75.74702453613281,10336800
2022-09-06,83.06999969482422,84.62000274658203,81.66999816894531,84.5199966430664,77.18999481201172,11062800
2022-09-07,85.11000061035156,88.62000274658203,84.91999816894531,88.30999755859375,80.65131378173828,9946800
2022-09-08,87.30000305175781,89.4800033569336,87.16000366210938,89.45999908447266,81.70157623291016,7721100
2022-09-09,89.5,89.94999694824219,88.63999938964844,88.69000244140625,80.99835205078125,7094600
2022-09-12,89.7699966430664,90.37999725341797,88.54000091552734,89.06999969482422,81.34539794921875,9078900
2022-09-13,86.72000122070312,89.30000305175781,86.06999969482422,87.83999633789062,80.22206115722656,16033600
2022-09-14,89.56999969482422,93.4800033569336,89.51000213623047,92.69999694824219,84.66058349609375,24320600
2022-09-15,92.08999633789062,93.1500015258789,91.7300033569336,92.22000122070312,84.22222900390625,11052400
2022-09-16,91.1500015258789,92.0999984741211,90.6500015258789,91.30999755859375,83.3911361694336,11987600
2022-09-19,90.88999938964844,92.55000305175781,90.83000183105469,92.13999938964844,84.14916229248047,6287000
2022-09-20,91.66000366210938,92.0199966430664,90.0999984741211,90.79000091552734,82.91624450683594,6560000
2022-09-21,91.29000091552734,91.5199966430664,88.56999969482422,88.5999984741211,80.9161605834961,8806800
2022-09-22,88.0,88.0199966430664,84.37999725341797,84.69999694824219,77.35437774658203,9953000
2022-09-23,83.9000015258789,84.44000244140625,83.2300033569336,84.16999816894531,76.87035369873047,7153200
2022-09-26,84.30999755859375,86.02999877929688,84.27999877929688,84.80999755859375,77.4548568725586,7583500
2022-09-27,85.97000122070312,86.5,83.16999816894531,84.27999877929688,76.9708023071289,8628800
2022-09-28,84.68000030517578,87.4800033569336,84.25,87.11000061035156,79.55538940429688,7850800
2022-09-29,86.80999755859375,87.33999633789062,85.61000061035156,86.56999969482422,79.06220245361328,6881500
2022-09-30,86.56999969482422,86.69999694824219,84.1500015258789,84.26000213623047,76.9525375366211,7737500
2022-10-03,84.75,86.22000122070312,83.80000305175781,85.62000274658203,78.1946029663086,6739900
2022-10-04,87.08999633789062,88.94999694824219,86.86000061035156,88.51000213623047,80.83397674560547,5982400
2022-10-05,87.7300033569336,90.63999938964844,87.55000305175781,90.12000274658203,82.30435180664062,7980800
2022-10-06,90.19000244140625,90.9000015258789,89.26000213623047,89.3499984741211,81.60110473632812,6893800
2022-10-07,88.54000091552734,88.9000015258789,86.30000305175781,87.02999877929688,79.48231506347656,6606400
2022-10-10,87.01000213623047,87.56999969482422,86.12999725341797,87.05999755859375,79.50971221923828,5092400
2022-10-11,86.70999908447266,87.19999694824219,85.63999938964844,86.20999908447266,78.73342895507812,5531300
2022-10-12,87.0,88.05999755859375,86.41000366210938,86.87000274658203,79.33618927001953,5261900
2022-10-13,85.08999633789062,89.97000122070312,84.70999908447266,89.37000274658203,81.61937713623047,7616600
2022-10-14,90.01000213623047,90.69999694824219,86.23999786376953,86.37000274658203,78.87955474853516,6315200
2022-10-17,87.9000015258789,89.22000122070312,87.80999755859375,88.9000015258789,81.19014739990234,6255300
2022-10-18,90.11000061035156,90.47000122070312,88.08000183105469,88.95999908447266,81.24494171142578,5484400
2022-10-19,88.38999938964844,89.12999725341797,87.01000213623047,87.5199966430664,79.9298095703125,6473400
2022-10-20,87.33000183105469,88.2300033569336,86.47000122070312,86.79000091552734,79.26314544677734,4540700
2022-10-21,87.0,88.97000122070312,86.55999755859375,88.61000061035156,80.92529296875,9088800
2022-10-24,86.9000015258789,87.51000213623047,82.43000030517578,83.76000213623047,76.49591064453125,16499300
2022-10-25,84.0999984741211,86.0,84.0999984741211,85.20999908447266,77.82015228271484,10674000
2022-10-26,85.61000061035156,88.2300033569336,85.4800033569336,85.88999938964844,78.44117736816406,9987000
2022-10-27,86.12999725341797,86.4000015258789,84.08000183105469,85.27999877929688,77.88408660888672,9524600
2022-10-28,85.16999816894531,87.79000091552734,84.30999755859375,87.0999984741211,79.54624938964844,8284900
2022-10-31,86.5999984741211,87.56999969482422,85.94999694824219,86.58999633789062,79.08048248291016,7401100
2022-11-01,88.05999755859375,88.87999725341797,86.58000183105469,87.0999984741211,79.54624938964844,6219600
2022-11-02,87.2699966430664,88.58000183105469,84.52999877929688,84.58000183105469,77.24478912353516,7653200
2022-11-03,84.06999969482422,85.47000122070312,82.97000122070312,84.68000030517578,77.33611297607422,8855100
2022-11-04,91.9800033569336,93.5999984741211,90.5199966430664,91.86000061035156,83.89344024658203,20194300
2022-11-07,91.66999816894531,92.36000061035156,89.27999877929688,90.44999694824219,82.605712890625,10190200
2022-11-08,90.91999816894531,93.77999877929688,90.91999816894531,92.75,84.70624542236328,9675500
2022-11-09,91.61000061035156,92.5999984741211,91.33999633789062,91.62999725341797,84.16432189941406,6271200
2022-11-10,93.88999938964844,96.41999816894531,93.33000183105469,96.26000213623047,88.41709899902344,10408400
2022-11-11,96.76000213623047,98.66999816894531,96.56999969482422,97.37999725341797,89.44583892822266,8294400
2022-11-14,97.12999725341797,98.55999755859375,96.69000244140625,97.41999816894531,89.48257446289062,8521100
2022-11-15,98.91000366210938,99.52999877929688,97.29000091552734,97.83000183105469,89.85917663574219,6410000
2022-11-16,96.5199966430664,97.95999908447266,96.26000213623047,97.06999969482422,89.16108703613281,5348900
2022-11-17,95.20999908447266,97.01000213623047,95.0999984741211,96.97000122070312,89.0692367553711,5245600
2022-11-18,97.75,98.3499984741211,97.12999725341797,97.94999694824219,89.96939086914062,5964800
2022-11-21,96.98999786376953,98.48999786376953,96.69999694824219,98.31999969482422,90.30924987792969,4499200
2022-11-22,98.5,98.7300033569336,97.5199966430664,98.43000030517578,90.41029357910156,5398600
2022-11-23,98.48999786376953,100.08000183105469,98.2699966430664,99.5199966430664,91.41146850585938,5944900
2022-11-25,99.63999938964844,99.87999725341797,98.5199966430664,99.55999755859375,91.44820404052734,2320000
2022-11-28,98.98999786376953,100.16000366210938,98.55999755859375,98.66000366210938,90.62155151367188,5257300
2022-11-29,98.95999908447266,99.33000183105469,98.19999694824219,98.66000366210938,90.62155151367188,4423900
2022-11-30,99.05000305175781,102.55999755859375,98.5199966430664,102.19999694824219,93.87311553955078,15000800
2022-12-01,102.33000183105469,103.55999755859375,101.94999694824219,103.37000274658203,94.94781494140625,7452300
2022-12-02,102.0199966430664,105.54000091552734,101.81999969482422,105.05000305175781,96.49092102050781,7916900
2022-12-05,103.38999938964844,104.23999786376953,103.0,103.55000305175781,95.1131362915039,9285800
2022-12-06,103.81999969482422,104.19000244140625,101.44000244140625,102.08000183105469,93.76290130615234,8383000
2022-12-07,101.29000091552734,102.97000122070312,101.05999755859375,101.87000274658203,93.57000732421875,4194300
2022-12-08,102.73999786376953,103.91000366210938,102.4000015258789,103.73999786376953,95.28764343261719,5465100
2022-12-09,103.43000030517578,103.5,101.75,101.79000091552734,93.49652862548828,7999600
2022-12-12,101.12999725341797,102.8499984741211,100.81999969482422,102.69999694824219,94.3323745727539,5796000
2022-12-13,104.81999969482422,105.19999694824219,100.98999786376953,102.11000061035156,93.79045867919922,7066000
2022-12-14,102.31999969482422,103.30000305175781,100.69999694824219,102.19000244140625,93.86394500732422,5624000
2022-12-15,101.20999908447266,101.55000305175781,99.44999694824219,99.98999786376953,91.84317779541016,7244400
2022-12-16,99.27999877929688,99.54000091552734,98.0199966430664,98.83000183105469,90.77769470214844,13862300
2022-12-19,98.43000030517578,98.80999755859375,97.7300033569336,98.30000305175781,90.2908935546875,5771100
2022-12-20,98.19000244140625,98.58000183105469,97.2699966430664,98.0,90.01532745361328,4533500
2022-12-21,96.72000122070312,99.06999969482422,96.3499984741211,98.66999816894531,90.6307373046875,5566300
2022-12-22,98.44999694824219,98.55999755859375,96.16999816894531,97.76000213623047,89.79487609863281,4756900
2022-12-23,97.58999633789062,98.30000305175781,96.87999725341797,98.2699966430664,90.26331329345703,3944500
2022-12-27,98.56999969482422,99.45999908447266,98.20999908447266,99.19999694824219,91.1175537109375,4402500
2022-12-28,99.41000366210938,99.91000366210938,98.38999938964844,98.5999984741211,90.56643676757812,3491500
2022-12-29,99.0,100.6500015258789,98.66999816894531,99.7699966430664,91.64110565185547,3976100
2022-12-30,99.19000244140625,99.25,98.23999786376953,99.19999694824219,91.1175537109375,3988900
2023-01-03,100.55999755859375,101.16999816894531,99.47000122070312,100.83000183105469,92.61474609375,6607700
2023-01-04,102.69000244140625,104.7300033569336,102.55000305175781,104.45999908447266,95.9489974975586,8166600
2023-01-05,104.48999786376953,105.0999984741211,103.48999786376953,104.43000030517578,95.92142486572266,5575100
2023-01-06,105.37999725341797,107.0,105.01000213623047,106.69000244140625,97.9972915649414,9644100
2023-01-09,106.5199966430664,106.68000030517578,104.43000030517578,104.73999786376953,96.20616149902344,10124800
2023-01-10,104.36000061035156,106.43000030517578,104.16999816894531,106.0,97.36351776123047,4183600
2023-01-11,105.80999755859375,106.44000244140625,104.86000061035156,106.30000305175781,97.63906860351562,5634400
2023-01-12,106.29000091552734,106.44000244140625,105.16999816894531,105.8499984741211,97.2257308959961,4882000
2023-01-13,105.06999969482422,107.30000305175781,105.06999969482422,107.2300033569336,98.49330139160156,5529700
2023-01-17,106.94999694824219,107.5999984741211,106.30999755859375,106.75,98.05240631103516,7477200
2023-01-18,107.13999938964844,107.47000122070312,104.91000366210938,105.0,96.44499969482422,5725800
2023-01-19,105.0,105.69999694824219,104.23999786376953,104.26000213623047,95.76528930664062,5115800
2023-01-20,104.4000015258789,105.19999694824219,103.88999938964844,105.04000091552734,96.48171997070312,6543500
2023-01-23,105.04000091552734,106.88999938964844,104.4000015258789,106.20999908447266,97.556396484375,6320500
2023-01-24,106.4000015258789,106.87000274658203,105.41000366210938,106.63999938964844,97.95136260986328,5517200
2023-01-25,106.05999755859375,107.13999938964844,105.9000015258789,106.9800033569336,98.26366424560547,5416900
2023-01-26,107.30000305175781,108.80000305175781,107.05999755859375,108.76000213623047,99.89864349365234,6324100
2023-01-27,108.73999786376953,109.76000213623047,108.33999633789062,109.0199966430664,100.13744354248047,6851100
2023-01-30,108.26000213623047,108.87000274658203,107.41999816894531,108.4000015258789,99.5679702758789,6880700
2023-01-31,108.26000213623047,109.1500015258789,107.5,109.13999938964844,100.24766540527344,5816300
2023-02-01,108.97000122070312,110.77999877929688,107.9800033569336,109.98999786376953,101.0284194946289,5841200
2023-02-02,110.04000091552734,110.83000183105469,108.0,109.1500015258789,100.25686645507812,9852900
2023-02-03,104.58000183105469,106.44000244140625,103.04000091552734,104.30000305175781,95.80201721191406,15200500
2023-02-06,104.0,106.16999816894531,103.30000305175781,105.0199966430664,96.46334838867188,6392200
2023-02-07,104.83000183105469,107.37999725341797,104.55999755859375,106.83000183105469,98.12588500976562,6207500
2023-02-08,106.31999969482422,106.54000091552734,105.6500015258789,106.30000305175781,97.63906860351562,5557500
2023-02-09,105.7300033569336,106.61000061035156,105.5999984741211,106.05000305175781,97.89755249023438,5608400
2023-02-10,105.5199966430664,107.26000213623047,105.47000122070312,107.08999633789062,98.85758972167969,6298600
2023-02-13,107.44999694824219,108.93000030517578,107.27999877929688,108.5199966430664,100.17765808105469,5192400
2023-02-14,107.93000030517578,108.47000122070312,106.69999694824219,107.9800033569336,99.6791763305664,5109400
2023-02-15,107.5,109.0,107.26000213623047,109.0,100.62076568603516,4059100
2023-02-16,107.76000213623047,109.0999984741211,107.41000366210938,107.54000091552734,99.27299499511719,4596800
2023-02-17,106.73999786376953,107.45999908447266,106.2300033569336,107.0999984741211,98.86682891845703,6876400
2023-02-21,105.5,105.94999694824219,104.70999908447266,104.77999877929688,96.72517395019531,5438000
2023-02-22,105.41000366210938,105.94000244140625,104.38999938964844,104.7699966430664,96.7159423828125,7523700
2023-02-23,105.51000213623047,105.51000213623047,102.62999725341797,103.51000213623047,95.55280303955078,6857900
2023-02-24,102.6500015258789,102.72000122070312,100.81999969482422,101.5999984741211,93.78964233398438,6019700
2023-02-27,102.33000183105469,103.30000305175781,102.1500015258789,102.44000244140625,94.56505584716797,5235100
2023-02-28,101.98999786376953,102.94999694824219,101.9000015258789,102.08999633789062,94.24195861816406,5186500
2023-03-01,102.19000244140625,102.33000183105469,100.91000366210938,101.43000030517578,93.63268280029297,5382200
2023-03-02,101.27999877929688,103.16999816894531,100.94000244140625,103.01000213623047,95.09123992919922,4777600
2023-03-03,103.4000015258789,104.69000244140625,103.01000213623047,104.55000305175781,96.51284790039062,4882100
2023-03-06,104.44999694824219,105.94000244140625,104.44000244140625,104.98999786376953,96.91901397705078,5237100
2023-03-07,104.98999786376953,105.68000030517578,103.12000274658203,103.33999633789062,95.39585876464844,3976300
2023-03-08,102.9000015258789,103.0199966430664,101.7300033569336,102.5,94.62043762207031,4225500
2023-03-09,102.73999786376953,102.75,99.95999908447266,100.30000305175781,92.58956909179688,5732300
2023-03-10,100.62000274658203,101.23999786376953,99.02999877929688,99.37999725341797,91.74028778076172,6641900
2023-03-13,98.91000366210938,100.19999694824219,98.37000274658203,99.08000183105469,91.46334838867188,6408200
2023-03-14,100.11000061035156,100.37999725341797,98.47000122070312,99.45999908447266,91.81412506103516,6248800
2023-03-15,98.4000015258789,99.37000274658203,97.27999877929688,99.33999633789062,91.70336151123047,6603300
2023-03-16,99.13999938964844,100.70999908447266,99.02999877929688,100.43000030517578,92.70957946777344,8188600
2023-03-17,99.06999969482422,99.29000091552734,97.83999633789062,98.69999694824219,91.11256408691406,10189700
2023-03-20,99.0999984741211,100.22000122070312,98.93000030517578,99.8499984741211,92.17416381835938,4864000
2023-03-21,100.51000213623047,101.19000244140625,100.13999938964844,100.54000091552734,92.81111145019531,4743700
2023-03-22,100.69000244140625,101.4800033569336,99.05999755859375,99.12000274658203,91.50027465820312,5917700
2023-03-23,99.33999633789062,100.12999725341797,97.5199966430664,98.41999816894531,90.85409545898438,6879200
2023-03-24,98.22000122070312,98.43000030517578,97.19000244140625,98.33999633789062,90.78022766113281,4685400
2023-03-27,98.91999816894531,99.72000122070312,98.58000183105469,98.66000366210938,91.07564544677734,6022200
2023-03-28,98.13999938964844,98.91000366210938,98.08000183105469,98.72000122070312,91.13102722167969,4709800
2023-03-29,99.33000183105469,100.69000244140625,98.73999786376953,100.62000274658203,92.88497161865234,4946600
2023-03-30,101.44000244140625,101.69999694824219,100.6500015258789,101.31999969482422,93.5311508178711,4082600
2023-03-31,101.83999633789062,104.27999877929688,101.83999633789062,104.12999725341797,96.12512969970703,6900100
2023-04-03,104.05999755859375,104.94000244140625,103.66999816894531,104.8499984741211,96.78977966308594,3855400
2023-04-04,104.8499984741211,105.01000213623047,103.3499984741211,104.0,96.005126953125,3854400
2023-04-05,103.9800033569336,105.69999694824219,103.93000030517578,104.9000015258789,96.8359375,5170900
2023-04-06,104.9000015258789,105.16000366210938,104.0199966430664,104.68000030517578,96.63286590576172,3155700
2023-04-10,103.55000305175781,104.81999969482422,103.06999969482422,104.73999786376953,96.688232421875,3761600
2023-04-11,105.05999755859375,106.4000015258789,104.91999816894531,105.73999786376953,97.61137390136719,4010600
2023-04-12,106.23999786376953,106.58000183105469,105.3499984741211,105.5999984741211,97.48213195800781,4606000
2023-04-13,106.37999725341797,107.2300033569336,106.25,106.98999786376953,98.76528930664062,4367600
2023-04-14,106.91000366210938,108.16999816894531,106.8499984741211,107.47000122070312,99.20838165283203,3963300
2023-04-17,107.95999908447266,108.6500015258789,107.55999755859375,108.30999755859375,99.98381042480469,4780700
2023-04-18,108.87000274658203,109.2300033569336,107.7300033569336,107.91000366210938,99.61455535888672,5300500
2023-04-19,107.69000244140625,107.86000061035156,107.08000183105469,107.16000366210938,98.92221069335938,4617800
2023-04-20,106.19000244140625,107.58000183105469,106.19000244140625,107.05000305175781,98.8206787109375,4297200
2023-04-21,107.30000305175781,108.77999877929688,106.66000366210938,108.19000244140625,99.8730239868164,4522800
2023-04-24,108.19000244140625,109.29000091552734,108.04000091552734,109.29000091552734,100.88846588134766,5940700
2023-04-25,108.91000366210938,111.11000061035156,108.83000183105469,109.33999633789062,100.93463134765625,8747100
2023-04-26,109.01000213623047,112.33000183105469,109.01000213623047,111.47000122070312,102.9009017944336,8081600
2023-04-27,111.38999938964844,112.87999725341797,111.18000030517578,112.75,104.08250427246094,7618500
2023-04-28,112.41999816894531,114.30999755859375,112.29000091552734,114.29000091552734,105.50409698486328,5979300
2023-05-01,114.25,115.4800033569336,114.25,114.55999755859375,105.75335693359375,6495900
2023-05-02,114.48999786376953,114.55999755859375,112.8499984741211,114.45999908447266,105.66102600097656,9626400
2023-05-03,109.08000183105469,109.72000122070312,103.80000305175781,103.95999908447266,95.96822357177734,24388600
2023-05-04,104.2699966430664,105.66999816894531,103.80000305175781,104.72000122070312,96.66978454589844,8858100
2023-05-05,105.55000305175781,107.4800033569336,105.37999725341797,107.20999908447266,98.9683609008789,7813800
2023-05-08,107.47000122070312,108.12000274658203,106.93000030517578,107.16999816894531,98.93144226074219,6090700
2023-05-09,106.98999786376953,107.18000030517578,106.4000015258789,106.70999908447266,98.50679779052734,3682400
2023-05-10,107.16000366210938,108.11000061035156,105.68000030517578,106.97000122070312,98.74681091308594,4565000
2023-05-11,106.44000244140625,106.76000213623047,105.12000274658203,105.62999725341797,97.995361328125,4791700
2023-05-12,105.76000213623047,106.22000122070312,104.83000183105469,106.12000274658203,98.44994354248047,5175600
2023-05-15,106.11000061035156,106.76000213623047,105.61000061035156,106.63999938964844,98.93236541748047,4217000
2023-05-16,106.41000366210938,106.55999755859375,105.19999694824219,105.27999877929688,97.67064666748047,3676600
2023-05-17,105.95999908447266,106.54000091552734,104.94999694824219,105.69000244140625,98.05101776123047,4757300
2023-05-18,105.41999816894531,107.13999938964844,105.19999694824219,107.08999633789062,99.3498306274414,5377500
2023-05-19,107.0,107.1500015258789,105.31999969482422,105.51000213623047,97.88402557373047,4985200
2023-05-22,105.5199966430664,105.69999694824219,102.7699966430664,102.9000015258789,95.4626693725586,7504300
2023-05-23,102.12000274658203,102.13999938964844,100.08000183105469,100.33999633789062,93.08771514892578,6766300
2023-05-24,100.80000305175781,100.80999755859375,99.11000061035156,99.61000061035156,92.41046905517578,6134800
2023-05-25,98.69999694824219,98.9000015258789,97.7300033569336,98.44000244140625,91.32502746582031,8177000
2023-05-26,98.62999725341797,99.61000061035156,98.33000183105469,98.52999877929688,91.40853118896484,7276500
2023-05-30,98.88999938964844,98.95999908447266,97.30999755859375,97.75,90.68489837646484,6505400
2023-05-31,98.02999877929688,98.08000183105469,96.9800033569336,97.63999938964844,90.58284759521484,10377100
2023-06-01,97.58999633789062,98.2300033569336,96.5199966430664,97.5199966430664,90.47151184082031,6752200
2023-06-02,98.30999755859375,99.66000366210938,98.19000244140625,99.5,92.30842590332031,6221400
2023-06-05,100.04000091552734,100.87000274658203,99.5,99.93000030517578,92.70733642578125,6536500
2023-06-06,99.73999786376953,100.33000183105469,97.52999877929688,98.22000122070312,91.12092590332031,8657100
2023-06-07,98.55000305175781,98.86000061035156,97.58999633789062,97.91999816894531,90.84261322021484,6285600
2023-06-08,97.6500015258789,99.18000030517578,96.91999816894531,99.1500015258789,91.98372650146484,6877800
2023-06-09,98.80000305175781,98.95999908447266,97.63999938964844,97.95999908447266,90.87974548339844,5550800
2023-06-12,97.95999908447266,98.51000213623047,97.5199966430664,98.45999908447266,91.34359741210938,6705800
2023-06-13,98.51000213623047,99.47000122070312,98.51000213623047,99.26000213623047,92.08576965332031,5137900
2023-06-14,99.55999755859375,101.36000061035156,99.19000244140625,100.66000366210938,93.38459014892578,9279500
2023-06-15,101.33999633789062,101.98999786376953,100.66000366210938,101.37999725341797,94.05253601074219,6448200
2023-06-16,102.01000213623047,102.51000213623047,101.4800033569336,101.87000274658203,94.50712585449219,11709200
2023-06-20,101.86000061035156,102.48999786376953,100.9000015258789,101.2699966430664,93.95048522949219,5506400
2023-06-21,100.5999984741211,102.45999908447266,100.36000061035156,101.87000274658203,94.50712585449219,5508800
2023-06-22,101.41999816894531,101.63999938964844,99.63999938964844,100.8499984741211,93.56082916259766,6125500
2023-06-23,99.6500015258789,99.7300033569336,97.5199966430664,98.33999633789062,91.23226928710938,18770100
2023-06-26,98.33999633789062,98.7699966430664,97.4800033569336,98.2300033569336,91.13021850585938,6069000
2023-06-27,98.38999938964844,99.05999755859375,97.7300033569336,98.72000122070312,91.58478546142578,5034100
2023-06-28,98.63999938964844,98.63999938964844,97.30000305175781,98.61000061035156,91.48274993896484,6581900
2023-06-29,98.61000061035156,98.83000183105469,97.9800033569336,98.68000030517578,91.54768371582031,5113500
2023-06-30,99.4000015258789,99.45999908447266,98.54000091552734,99.05999755859375,91.90022277832031,6229900
2023-07-03,98.7300033569336,99.56999969482422,98.25,99.1500015258789,91.98372650146484,3287000
2023-07-05,99.1500015258789,99.33000183105469,98.29000091552734,98.45999908447266,91.34359741210938,6365400
2023-07-06,97.86000061035156,98.06999969482422,95.91000366210938,96.19999694824219,89.24693298339844,7153300
2023-07-07,95.98999786376953,96.66000366210938,95.55000305175781,96.05000305175781,89.10778045654297,7889500
2023-07-10,96.30000305175781,99.52999877929688,96.2300033569336,99.12999725341797,91.96514892578125,9294600
2023-07-11,99.44000244140625,100.2300033569336,99.13999938964844,100.08999633789062,92.85576629638672,5268000
2023-07-12,101.41999816894531,101.83000183105469,100.76000213623047,101.13999938964844,93.82988739013672,6971900
2023-07-13,101.51000213623047,102.19999694824219,101.30000305175781,101.5999984741211,94.25662994384766,4511700
2023-07-14,101.7699966430664,102.08000183105469,100.98999786376953,101.61000061035156,94.26592254638672,3939800
2023-07-17,100.83000183105469,101.80999755859375,100.04000091552734,100.93000030517578,93.63504791259766,5244500
2023-07-18,100.73999786376953,101.41999816894531,99.86000061035156,100.76000213623047,93.47735595703125,5989000
2023-07-19,100.62000274658203,101.9800033569336,100.62000274658203,101.83000183105469,94.47002410888672,5556200
2023-07-20,101.77999877929688,102.4800033569336,100.69999694824219,100.87999725341797,93.58867645263672,5466100
2023-07-21,101.80000305175781,103.55000305175781,101.61000061035156,102.81999969482422,95.38845825195312,20370300
2023-07-24,102.87999725341797,103.41000366210938,102.31999969482422,102.77999877929688,95.35135650634766,4746600
2023-07-25,102.43000030517578,103.7699966430664,102.33000183105469,102.91999816894531,95.48123168945312,5627500
2023-07-26,102.20999908447266,102.66999816894531,101.30000305175781,101.7300033569336,94.37724304199219,6568300
2023-07-27,102.02999877929688,102.43000030517578,100.54000091552734,100.77999877929688,93.49590301513672,5373400
2023-07-28,101.5,101.83000183105469,100.80999755859375,101.25,93.93192291259766,5320700
2023-07-31,101.30999755859375,101.83000183105469,100.86000061035156,101.56999969482422,94.22879791259766,6377400
2023-08-01,101.47000122070312,101.70999908447266,100.4000015258789,101.26000213623047,93.94122314453125,7784300
2023-08-02,100.5,104.45999908447266,99.29000091552734,102.12999725341797,94.74832916259766,14463100
2023-08-03,101.97000122070312,102.9000015258789,101.44999694824219,102.33000183105469,94.93387603759766,5547500
2023-08-04,102.95999908447266,103.1500015258789,100.5199966430664,100.68000030517578,93.40312194824219,5199200
2023-08-07,101.41999816894531,101.86000061035156,100.94000244140625,101.73999786376953,94.38651275634766,5222700
2023-08-08,101.22000122070312,101.41999816894531,99.88999938964844,100.69999694824219,93.42169189453125,4058400
2023-08-09,101.0,101.58000183105469,99.47000122070312,99.91999816894531,92.69805145263672,4494300
2023-08-10,100.54000091552734,102.37000274658203,100.4000015258789,101.66000366210938,94.81523132324219,6844200
2023-08-11,101.4000015258789,101.4000015258789,100.13999938964844,100.98999786376953,94.19031524658203,3180600
2023-08-14,100.4800033569336,101.22000122070312,100.19999694824219,101.01000213623047,94.20897674560547,3239300
2023-08-15,100.12999725341797,100.6500015258789,99.77999877929688,100.04000091552734,93.3042984008789,3203700
2023-08-16,99.61000061035156,100.08999633789062,98.88999938964844,98.9800033569336,92.31566619873047,3679500
2023-08-17,99.0,99.0999984741211,96.43000030517578,96.56999969482422,90.06793212890625,5291100
2023-08-18,96.01000213623047,97.48999786376953,95.79000091552734,97.2300033569336,90.6834945678711,4126000
2023-08-21,97.31999969482422,97.56999969482422,96.16000366210938,96.45999908447266,89.96533966064453,3753200
2023-08-22,96.48999786376953,96.73999786376953,95.5999984741211,96.06999969482422,89.60159301757812,3639800
2023-08-23,96.41999816894531,96.55999755859375,94.01000213623047,95.18000030517578,88.7715072631836,9704500
2023-08-24,94.75,95.62999725341797,93.70999908447266,94.83000183105469,88.44509887695312,7824500
2023-08-25,95.54000091552734,95.95999908447266,94.51000213623047,95.4800033569336,89.05131530761719,5360400
2023-08-28,95.94000244140625,97.19999694824219,95.83000183105469,97.04000091552734,90.50628662109375,5098900
2023-08-29,97.36000061035156,99.2300033569336,97.33999633789062,99.1500015258789,92.47422790527344,5512300
2023-08-30,99.0199966430664,99.72000122070312,99.0,99.23999786376953,92.55815887451172,4212200
2023-08-31,99.0,99.33000183105469,97.27999877929688,97.44000244140625,90.87934875488281,5624500
2023-09-01,98.4000015258789,98.75,97.04000091552734,98.0,91.40164947509766,4747100
2023-09-05,97.5199966430664,97.80999755859375,96.58999633789062,96.83999633789062,90.31974029541016,5414300
2023-09-06,96.41999816894531,96.55000305175781,95.37000274658203,95.94999694824219,89.48966979980469,5428400
2023-09-07,95.48999786376953,95.81999969482422,95.0199966430664,95.0999984741211,88.6968994140625,6404100
2023-09-08,95.25,95.8499984741211,94.75,95.27999877929688,88.86478424072266,4754700
2023-09-11,95.6500015258789,96.2300033569336,95.22000122070312,95.66999816894531,89.22850799560547,5577500
2023-09-12,95.5,96.51000213623047,95.19999694824219,96.23999786376953,89.7601318359375,5007600
2023-09-13,96.19999694824219,97.30000305175781,96.04000091552734,96.93000030517578,90.40369415283203,5830200
2023-09-14,96.7699966430664,97.77999877929688,96.25,97.16000366210938,90.61820983886719,6039700
2023-09-15,97.25,97.47000122070312,96.05000305175781,96.2300033569336,89.75083923339844,8767600
2023-09-18,96.30000305175781,96.97000122070312,96.08999633789062,96.76000213623047,90.2451400756836,4477500
2023-09-19,95.20999908447266,95.47000122070312,94.2699966430664,95.29000091552734,88.87410736083984,6803000
2023-09-20,95.44999694824219,96.62000274658203,95.05000305175781,95.16000366210938,88.75288391113281,4572100
2023-09-21,95.16000366210938,95.31999969482422,93.02999877929688,93.0999984741211,86.83155059814453,6108800
2023-09-22,93.43000030517578,94.33999633789062,93.37000274658203,93.68000030517578,87.37251281738281,5118900
2023-09-25,92.88999938964844,93.47000122070312,92.25,92.73999786376953,86.49580383300781,4818800
2023-09-26,92.0,92.48999786376953,91.18000030517578,92.0,85.80561828613281,6086600
2023-09-27,92.45999908447266,92.7300033569336,90.37999725341797,91.16999816894531,85.0315170288086,4731500
2023-09-28,91.16999816894531,91.38999938964844,90.20999908447266,91.08000183105469,84.94757080078125,4736300
2023-09-29,92.61000061035156,93.05999755859375,90.83999633789062,91.2699966430664,85.12478637695312,7700200
2023-10-02,91.05000305175781,91.73999786376953,90.79000091552734,91.12999725341797,84.99420928955078,6430500
2023-10-03,90.5,91.06999969482422,89.20999908447266,89.4800033569336,83.4552993774414,6666600
2023-10-04,89.88999938964844,91.43000030517578,89.80999755859375,91.1500015258789,85.01284790039062,6166100
2023-10-05,91.13999938964844,93.05000305175781,91.13999938964844,92.37000274658203,86.15071868896484,7548600
2023-10-06,92.0,93.33999633789062,91.68000030517578,92.8499984741211,86.598388671875,6979300
2023-10-09,92.44999694824219,92.79000091552734,91.43000030517578,92.68000030517578,86.43983459472656,4120700
2023-10-10,92.95999908447266,93.97000122070312,92.87000274658203,93.18000030517578,86.90617370605469,4974800
2023-10-11,93.29000091552734,93.62999725341797,91.8499984741211,91.94999694824219,85.75898742675781,4499200
2023-10-12,91.83999633789062,92.25,90.7699966430664,91.41999816894531,85.26467895507812,5485200
2023-10-13,91.27999877929688,92.05999755859375,91.05000305175781,91.4800033569336,85.32063293457031,4780100
2023-10-16,92.16999816894531,93.86000061035156,91.8499984741211,93.6500015258789,87.34453582763672,4595900
2023-10-17,92.75,94.19000244140625,92.62999725341797,94.18000030517578,87.8388442993164,6086700
2023-10-18,93.94000244140625,94.52999877929688,93.5,93.75,87.43779754638672,4110700
2023-10-19,94.37000274658203,95.66000366210938,94.16999816894531,94.41999816894531,88.06268310546875,5610800
2023-10-20,94.62000274658203,95.08999633789062,94.13999938964844,94.19000244140625,87.84819030761719,4699000
2023-10-23,93.93000030517578,95.02999877929688,93.29000091552734,94.19999694824219,87.85749816894531,4481000
2023-10-24,94.27999877929688,94.9800033569336,94.05999755859375,94.62000274658203,88.24922180175781,3600200
2023-10-25,94.31999969482422,95.36000061035156,93.97000122070312,94.0,87.67096710205078,5497300
2023-10-26,93.80999755859375,94.4800033569336,92.5999984741211,92.66999816894531,86.43052673339844,6201700
2023-10-27,92.63999938964844,93.7300033569336,91.7699966430664,92.0199966430664,85.82428741455078,8293600
2023-10-30,93.12000274658203,93.70999908447266,92.72000122070312,93.1500015258789,86.87818908691406,7852700
2023-10-31,93.16999816894531,93.31999969482422,92.0,92.23999786376953,86.02946472167969,9308300
2023-11-01,91.83000183105469,91.86000061035156,90.55000305175781,91.3499984741211,85.19939422607422,14292500
2023-11-02,100.98999786376953,101.91999816894531,99.73999786376953,100.01000213623047,93.27631378173828,23396300
2023-11-03,100.62000274658203,103.7699966430664,100.5,102.6500015258789,95.73856353759766,15995700
2023-11-06,102.87000274658203,104.08999633789062,101.97000122070312,104.02999877929688,97.02564239501953,7532000
2023-11-07,104.2300033569336,104.38999938964844,103.33000183105469,103.68000030517578,96.69921875,6239500
2023-11-08,103.73999786376953,104.81999969482422,103.6500015258789,104.30000305175781,97.27747344970703,7453000
2023-11-09,104.30000305175781,104.45999908447266,102.02999877929688,102.2300033569336,95.87078094482422,7607000
2023-11-10,102.5999984741211,104.3499984741211,101.9800033569336,104.33000183105469,97.84015655517578,7338500
2023-11-13,103.91999816894531,104.2300033569336,102.95999908447266,103.51000213623047,97.07115936279297,7120800
2023-11-14,104.4800033569336,105.81999969482422,104.23999786376953,105.5999984741211,99.03115844726562,8323000
2023-11-15,105.66000366210938,106.54000091552734,105.66000366210938,106.02999877929688,99.43440246582031,7980200
2023-11-16,106.27999877929688,107.66000366210938,106.19999694824219,107.20999908447266,100.54100036621094,8037200
2023-11-17,107.18000030517578,107.5,105.4800033569336,105.56999969482422,99.0030288696289,6341800
2023-11-20,105.20999908447266,105.47000122070312,103.86000061035156,104.30000305175781,97.81201934814453,9799500
2023-11-21,104.44999694824219,104.68000030517578,103.16999816894531,103.69000244140625,97.23995208740234,6149000
2023-11-22,104.16000366210938,104.68000030517578,103.27999877929688,103.44000244140625,97.00550842285156,4828700
2023-11-24,103.44000244140625,103.5999984741211,102.47000122070312,102.77999877929688,96.38656616210938,3206400
2023-11-27,102.29000091552734,103.08999633789062,102.06999969482422,102.36000061035156,95.99269104003906,7853600
2023-11-28,101.95999908447266,102.05000305175781,100.88999938964844,101.18000030517578,94.88610076904297,6848100
2023-11-29,101.51000213623047,101.69000244140625,99.52999877929688,99.8499984741211,93.63882446289062,8428500
2023-11-30,100.05999755859375,100.12000274658203,98.41999816894531,99.30000305175781,93.123046875,11442600
2023-12-01,98.5,99.27999877929688,97.5199966430664,99.19999694824219,93.02925872802734,12506500
2023-12-04,98.38999938964844,98.87999725341797,96.7699966430664,97.5999984741211,91.52879333496094,11477400
2023-12-05,97.37999725341797,97.4800033569336,94.8499984741211,95.54000091552734,89.59693145751953,16027300
2023-12-06,95.94999694824219,97.16999816894531,95.47000122070312,97.0199966430664,90.98485565185547,12115000
2023-12-07,97.25,97.69999694824219,96.2699966430664,96.44000244140625,90.44094848632812,7858300
2023-12-08,96.08000183105469,96.86000061035156,95.80999755859375,96.61000061035156,90.60037231445312,7125200
2023-12-11,97.22000122070312,99.01000213623047,97.22000122070312,98.12000274658203,92.01644134521484,7639100
2023-12-12,98.44000244140625,98.5999984741211,97.43000030517578,98.1500015258789,92.0445785522461,6313800
2023-12-13,98.5,98.63999938964844,96.81999969482422,98.11000061035156,92.0070571899414,7741900
2023-12-14,98.72000122070312,98.79000091552734,97.1500015258789,97.83999633789062,91.75385284423828,9764800
2023-12-15,97.83999633789062,98.23999786376953,96.55999755859375,96.75,90.73165893554688,12466000
2023-12-18,97.23999786376953,97.31999969482422,95.91999816894531,96.55999755859375,90.55348205566406,6146400
2023-12-19,96.94000244140625,98.05000305175781,96.94000244140625,97.72000122070312,91.64131927490234,5992900
2023-12-20,96.36000061035156,96.87999725341797,94.6500015258789,94.70999908447266,88.81856536865234,10057400
2023-12-21,95.08000183105469,95.44000244140625,94.47000122070312,95.33000183105469,89.4000015258789,7097200
2023-12-22,94.88999938964844,95.83000183105469,94.33999633789062,95.27999877929688,89.35310363769531,6361000
2023-12-26,95.33999633789062,95.69000244140625,94.95999908447266,95.66999816894531,89.71882629394531,3709500
2023-12-27,95.69000244140625,95.77999877929688,94.79000091552734,95.29000091552734,89.36248016357422,4959300
2023-12-28,95.5,95.97000122070312,95.11000061035156,95.93000030517578,89.96267700195312,4518300
2023-12-29,95.87999725341797,96.3499984741211,95.3499984741211,96.01000213623047,90.0376968383789,6135700
2024-01-02,95.44999694824219,95.94999694824219,93.62000274658203,93.66999816894531,87.84324645996094,8859700
2024-01-03,93.95999908447266,94.23999786376953,93.05999755859375,93.2300033569336,87.43061828613281,7161700
2024-01-04,93.0999984741211,94.58000183105469,93.0,93.55000305175781,87.73072052001953,7118600
2024-01-05,93.33000183105469,93.58000183105469,92.4800033569336,92.98999786376953,87.2055435180664,7191000
2024-01-08,93.0199966430664,94.56999969482422,92.94999694824219,94.19000244140625,88.33092498779297,7536900
2024-01-09,93.61000061035156,93.7300033569336,92.86000061035156,93.08999633789062,87.29933166503906,6348500
2024-01-10,93.01000213623047,93.69000244140625,92.87999725341797,93.5,87.68383026123047,5847700
2024-01-11,93.33000183105469,93.63999938964844,91.9000015258789,92.94000244140625,87.1586685180664,6483600
2024-01-12,93.2300033569336,93.4000015258789,91.7699966430664,91.9800033569336,86.25838470458984,5641200
2024-01-16,92.66000366210938,92.7300033569336,91.7300033569336,92.69999694824219,86.93358612060547,7493400
2024-01-17,91.66000366210938,91.95999908447266,91.4000015258789,91.7699966430664,86.06143951416016,6672900
2024-01-18,91.95999908447266,93.43000030517578,91.81999969482422,93.33999633789062,87.53376770019531,7549500
2024-01-19,93.18000030517578,94.23999786376953,92.63999938964844,93.86000061035156,88.02144622802734,9565900
2024-01-22,93.80000305175781,93.91999816894531,92.80999755859375,93.06999969482422,87.28058624267578,9421000
2024-01-23,93.02999877929688,93.6500015258789,91.7699966430664,91.97000122070312,86.24900817871094,10227100
2024-01-24,92.55000305175781,92.83999633789062,91.98999786376953,92.04000091552734,86.31464385986328,7661400
2024-01-25,92.22000122070312,92.6500015258789,91.72000122070312,92.61000061035156,86.84918212890625,11991500
2024-01-26,92.91999816894531,93.48999786376953,92.41000366210938,92.80000305175781,87.02737426757812,9229400
2024-01-29,93.0199966430664,93.93000030517578,92.23999786376953,93.80000305175781,87.96516418457031,12728100
2024-01-30,93.0,94.68000030517578,92.58999633789062,94.08000183105469,88.22774505615234,17625200
2024-01-31,98.27999877929688,98.36000061035156,93.0199966430664,93.02999877929688,87.24307250976562,26751800
2024-02-01,93.0999984741211,93.5999984741211,91.87000274658203,93.37000274658203,87.5619125366211,15001500
2024-02-02,92.69000244140625,93.61000061035156,91.66999816894531,92.98999786376953,87.2055435180664,11366600
2024-02-05,92.77999877929688,92.87000274658203,91.9000015258789,92.51000213623047,86.75540924072266,7335800
2024-02-06,92.5,95.69999694824219,92.3499984741211,95.66999816894531,89.71882629394531,11531500
2024-02-07,96.23999786376953,96.66000366210938,94.43000030517578,95.30999755859375,89.38123321533203,9078000
2024-02-08,95.0999984741211,96.69000244140625,93.93000030517578,96.58999633789062,91.1265869140625,9888100
2024-02-09,96.31999969482422,97.98999786376953,96.29000091552734,97.30000305175781,91.79644012451172,9385600
2024-02-12,96.91999816894531,97.13999938964844,95.37999725341797,95.47000122070312,90.06993865966797,9224400
2024-02-13,94.8499984741211,95.55999755859375,93.38999938964844,93.87000274658203,88.5604476928711,8138500
2024-02-14,94.08000183105469,94.47000122070312,93.76000213623047,94.06999969482422,88.74913024902344,5510600
2024-02-15,94.02999877929688,94.23999786376953,93.0,93.22000122070312,87.94721984863281,8878000
2024-02-16,93.0999984741211,94.18000030517578,92.75,93.22000122070312,87.94721984863281,5737500
2024-02-20,93.36000061035156,94.12000274658203,93.06999969482422,93.45999908447266,88.17363739013672,8844500
2024-02-21,93.86000061035156,95.7699966430664,93.7699966430664,95.0199966430664,89.64539337158203,8284600
2024-02-22,94.88999938964844,96.08000183105469,94.13999938964844,95.77999877929688,90.36241912841797,8124700
2024-02-23,95.87999725341797,96.93000030517578,95.58000183105469,95.62000274658203,90.21146392822266,6845200
2024-02-26,95.36000061035156,95.56999969482422,94.25,94.27999877929688,88.94725036621094,7043800
2024-02-27,94.31999969482422,94.66000366210938,93.5999984741211,94.12999725341797,88.80574035644531,5356100
2024-02-28,93.7699966430664,93.97000122070312,92.7699966430664,93.0,87.73965454101562,5622400
2024-02-29,94.5,95.0999984741211,93.9800033569336,94.9000015258789,89.53218078613281,11221100
2024-03-01,94.44999694824219,94.56999969482422,92.91000366210938,93.16000366210938,87.89060974121094,7995400
2024-03-04,93.05999755859375,93.31999969482422,92.04000091552734,92.45999908447266,87.2302017211914,7321000
2024-03-05,92.0999984741211,92.16999816894531,91.06999969482422,91.22000122070312,86.06034088134766,7137300
2024-03-06,91.3499984741211,92.02999877929688,91.12000274658203,91.6500015258789,86.46601867675781,4826900
2024-03-07,91.62000274658203,91.76000213623047,90.30999755859375,90.94999694824219,85.80560302734375,8792400
2024-03-08,90.62000274658203,91.52999877929688,90.5999984741211,91.05999755859375,85.90937805175781,7673300
2024-03-11,91.26000213623047,92.95999908447266,91.16999816894531,92.06999969482422,86.86225891113281,6702300
2024-03-12,92.0,92.72000122070312,91.20999908447266,92.4000015258789,87.173583984375,9444900
2024-03-13,92.48999786376953,92.87000274658203,90.87000274658203,91.61000061035156,86.42827606201172,8254500
2024-03-14,91.0999984741211,91.70999908447266,90.41000366210938,91.66000366210938,86.47545623779297,8544800
2024-03-15,91.5999984741211,92.0199966430664,90.0999984741211,90.12000274658203,85.02256774902344,18136300
2024-03-18,90.75,91.43000030517578,90.52999877929688,91.01000213623047,85.86222076416016,7413900
2024-03-19,91.0,91.9000015258789,90.86000061035156,91.58999633789062,86.40940856933594,5676500
2024-03-20,91.79000091552734,92.62999725341797,91.5199966430664,92.5999984741211,87.36227416992188,5804400
2024-03-21,92.62999725341797,93.16999816894531,91.63999938964844,91.66000366210938,86.47545623779297,6287300
2024-03-22,91.73999786376953,91.77999877929688,90.05999755859375,90.70999908447266,85.57917022705078,6495000
2024-03-25,90.6500015258789,91.12000274658203,90.47000122070312,90.66999816894531,85.54144287109375,6903000
2024-03-26,90.9800033569336,91.0,90.2300033569336,90.36000061035156,85.24897766113281,6216100
2024-03-27,90.6500015258789,91.83000183105469,90.5999984741211,91.5,86.32450866699219,5863700
2024-03-28,91.79000091552734,92.23999786376953,91.30000305175781,91.38999938964844,86.2207260131836,6784300
2024-04-01,91.81999969482422,92.06999969482422,91.0199966430664,91.52999877929688,86.35281372070312,4990200
2024-04-02,91.11000061035156,91.23999786376953,89.2300033569336,89.30000305175781,84.24894714355469,8276800
2024-04-03,89.5999984741211,89.83999633789062,88.6500015258789,88.69999694824219,83.68287658691406,6316400
2024-04-04,89.12999725341797,89.33999633789062,87.61000061035156,87.62000274658203,82.6639633178711,8057600
2024-04-05,87.9000015258789,87.93000030517578,86.83000183105469,86.8499984741211,81.93751525878906,7161400
2024-04-08,86.97000122070312,87.36000061035156,86.36000061035156,87.19000244140625,82.25827026367188,6322900
2024-04-09,87.19000244140625,87.5999984741211,86.30999755859375,87.12999725341797,82.20167541503906,6240700
2024-04-10,86.31999969482422,86.87000274658203,85.5999984741211,85.94999694824219,81.08841705322266,7413900
2024-04-11,86.0,86.30999755859375,85.26000213623047,85.9000015258789,81.04125213623047,6841600
2024-04-12,85.41999816894531,85.51000213623047,84.29000091552734,84.91999816894531,80.1166763305664,8594800
2024-04-15,85.4000015258789,86.37000274658203,84.91999816894531,85.16999816894531,80.35254669189453,9676900
2024-04-16,84.81999969482422,86.19000244140625,84.41999816894531,85.41999816894531,80.5884017944336,8866800
2024-04-17,86.0,86.41999816894531,85.33999633789062,86.20999908447266,81.33373260498047,6870100
2024-04-18,86.44000244140625,87.62999725341797,86.05000305175781,87.1500015258789,82.22055053710938,11403300
2024-04-19,87.1500015258789,88.08000183105469,87.12000274658203,87.61000061035156,82.65452575683594,11900000
2024-04-22,88.08000183105469,88.61000061035156,87.33999633789062,88.18000030517578,83.1922836303711,8669000
2024-04-23,88.7699966430664,88.80999755859375,87.31999969482422,87.87000274658203,82.89981842041016,5670500
2024-04-24,87.05999755859375,88.94000244140625,86.94999694824219,88.75,83.73005676269531,7183900
2024-04-25,89.55000305175781,89.7300033569336,87.68000030517578,87.83999633789062,82.87150573730469,7284600
2024-04-26,87.4000015258789,89.25,87.37000274658203,88.25,83.25833892822266,7185300
2024-04-29,88.23999786376953,88.61000061035156,87.86000061035156,88.33000183105469,83.33380889892578,8522800
2024-04-30,87.61000061035156,88.98999786376953,87.18000030517578,88.48999786376953,83.4847412109375,14538400
2024-05-01,75.81999969482422,76.98999786376953,72.66999816894531,74.44000244140625,70.2294692993164,66610700
2024-05-02,74.9000015258789,75.1500015258789,73.3499984741211,74.93000030517578,70.69174194335938,23883400
2024-05-03,75.2699966430664,75.51000213623047,72.98999786376953,73.11000061035156,68.97469329833984,22153800
2024-05-06,73.30999755859375,74.19000244140625,72.69999694824219,72.9000015258789,68.77657318115234,18632200
2024-05-07,72.8499984741211,72.8499984741211,71.80000305175781,72.5,68.39920043945312,21901300
2024-05-08,72.29000091552734,74.47000122070312,72.25,73.5,69.34263610839844,24482600
2024-05-09,73.56999969482422,75.76000213623047,73.06999969482422,75.68000030517578,71.39933013916016,18591500
2024-05-10,75.30999755859375,76.30999755859375,75.05999755859375,76.11000061035156,71.80500030517578,15761900
2024-05-13,76.22000122070312,76.83999633789062,75.80000305175781,76.18000030517578,71.87104034423828,10953600
2024-05-14,76.2300033569336,76.7300033569336,75.5199966430664,75.62999725341797,71.3521499633789,10961100
2024-05-15,75.9000015258789,76.02999877929688,75.31999969482422,75.69999694824219,71.41818237304688,8826500
2024-05-16,75.19000244140625,75.55000305175781,74.45999908447266,75.27999877929688,71.56077575683594,10758500
2024-05-17,75.2699966430664,78.0,74.91999816894531,77.8499984741211,74.0038070678711,14436500
2024-05-20,77.68000030517578,78.31999969482422,76.70999908447266,77.54000091552734,73.70913696289062,11183800
2024-05-21,77.55999755859375,78.22000122070312,77.5,77.72000122070312,73.88023376464844,8916600
2024-05-22,77.69999694824219,81.0199966430664,77.44000244140625,80.72000122070312,76.73201751708984,22072200
2024-05-23,80.0999984741211,80.69999694824219,77.63999938964844,78.30999755859375,74.44109344482422,15841300
2024-05-24,78.5,79.22000122070312,78.11000061035156,78.87000274658203,74.9734115600586,10746200
2024-05-28,78.79000091552734,78.80000305175781,77.41000366210938,77.4800033569336,73.652099609375,8833300
2024-05-29,77.0999984741211,78.31999969482422,76.83000183105469,76.87999725341797,73.08173370361328,9268100
2024-05-30,77.0999984741211,78.87999725341797,77.05999755859375,78.76000213623047,74.86886596679688,9294200
2024-05-31,79.08000183105469,80.33000183105469,78.61000061035156,80.22000122070312,76.25672149658203,12669700
2024-06-03,79.68000030517578,82.12000274658203,79.62000274658203,82.08000183105469,78.02483367919922,12443400
2024-06-04,81.97000122070312,83.43000030517578,81.9000015258789,82.79000091552734,78.69974517822266,12370000
2024-06-05,82.45999908447266,82.5,80.95999908447266,81.16000366210938,77.15028381347656,11275300
2024-06-06,81.1500015258789,82.93000030517578,80.91999816894531,81.47000122070312,77.4449691772461,9237800
2024-06-07,81.62000274658203,82.62999725341797,80.61000061035156,81.43000030517578,77.40695190429688,10852600
2024-06-10,81.48999786376953,81.8499984741211,80.83999633789062,81.5999984741211,77.56855010986328,8698600
2024-06-11,80.91999816894531,80.97000122070312,79.75,79.88999938964844,75.94302368164062,9024300
2024-06-12,79.98999786376953,80.18000030517578,79.18000030517578,79.37999725341797,75.45822143554688,8873400
2024-06-13,79.5,80.9000015258789,79.18000030517578,80.23999786376953,76.2757339477539,13947300
2024-06-14,80.0,80.4000015258789,79.11000061035156,79.6500015258789,75.71488189697266,7192400
2024-06-17,79.58000183105469,81.75,79.2699966430664,81.33000183105469,77.3118896484375,9845900
2024-06-18,81.01000213623047,81.70999908447266,79.58999633789062,80.19999694824219,76.23770904541016,9664500
2024-06-20,79.81999969482422,80.77999877929688,79.66999816894531,79.72000122070312,75.78141021728516,10183900
2024-06-21,80.0,80.25,79.16000366210938,79.91000366210938,75.96205139160156,25648400
2024-06-24,80.0,80.06999969482422,79.16999816894531,79.7300033569336,75.79093933105469,7396600
2024-06-25,80.0,80.75,78.87000274658203,79.27999877929688,75.3631591796875,15821600
2024-06-26,79.0,79.27999877929688,78.37999725341797,79.1500015258789,75.23958587646484,10708100
2024-06-27,79.05000305175781,79.44000244140625,78.68000030517578,79.23999786376953,75.32513427734375,10289600
2024-06-28,78.72000122070312,78.87999725341797,77.61000061035156,77.8499984741211,74.0038070678711,13207500
2024-07-01,77.98999786376953,78.22000122070312,76.77999877929688,77.12999725341797,73.31938171386719,6767600
2024-07-02,77.12000274658203,77.20999908447266,76.27999877929688,76.83000183105469,73.0342025756836,8854100
2024-07-03,76.83999633789062,77.04000091552734,76.06999969482422,76.26000213623047,72.49237060546875,4906700
2024-07-05,76.23999786376953,76.2699966430664,75.41999816894531,76.05000305175781,72.29273986816406,9663100
2024-07-08,76.33999633789062,76.44999694824219,74.47000122070312,74.56999969482422,70.88585662841797,8871200
2024-07-09,74.62999725341797,74.63999938964844,72.7300033569336,72.75,69.15577697753906,11816900
2024-07-10,72.98999786376953,73.16999816894531,72.3499984741211,72.51000213623047,68.92764282226562,11132500
2024-07-11,72.33999633789062,73.5,72.08000183105469,73.30000305175781,69.6786117553711,12316100
2024-07-12,73.80000305175781,75.05999755859375,73.37999725341797,74.83000183105469,71.13301086425781,10559300
2024-07-15,74.88999938964844,74.9000015258789,72.5199966430664,72.75,69.15577697753906,9064400
2024-07-16,72.20999908447266,75.51000213623047,71.55000305175781,75.51000213623047,71.77941131591797,14968700
2024-07-17,75.22000122070312,76.12999725341797,74.55000305175781,75.0999984741211,71.38967895507812,11567800
2024-07-18,74.45999908447266,75.11000061035156,73.80999755859375,74.19000244140625,70.5246353149414,10701000
2024-07-19,74.66000366210938,79.37999725341797,74.19000244140625,79.2699966430664,75.35364532470703,32965900
2024-07-22,78.33000183105469,78.47000122070312,76.01000213623047,76.55000305175781,72.76803588867188,18851500
2024-07-23,77.13999938964844,77.13999938964844,76.02999877929688,76.26000213623047,72.49237060546875,9592100
2024-07-24,76.37000274658203,76.48999786376953,74.0199966430664,74.68000030517578,70.99042510986328,10478200
2024-07-25,75.05999755859375,75.7699966430664,73.26000213623047,73.31999969482422,69.6976089477539,18973600
2024-07-26,73.83999633789062,75.0199966430664,73.70999908447266,74.05000305175781,70.39155578613281,12387100
2024-07-29,74.38999938964844,75.58999633789062,73.72000122070312,75.19999694824219,71.48473358154297,10864700
2024-07-30,75.25,76.05000305175781,74.8499984741211,75.94000244140625,72.18817901611328,16163600
2024-07-31,79.55000305175781,81.23999786376953,77.80000305175781,77.94999694824219,74.0988540649414,18901100
2024-08-01,77.88999938964844,78.13999938964844,73.83000183105469,75.11000061035156,71.39917755126953,17307200
2024-08-02,75.11000061035156,76.66999816894531,74.91999816894531,75.87999725341797,72.13113403320312,15185700
2024-08-05,73.8499984741211,75.0,72.72000122070312,73.86000061035156,70.2109375,12372900
2024-08-06,73.91999816894531,75.98999786376953,73.83999633789062,75.37000274658203,71.64633178710938,10525500
2024-08-07,75.30000305175781,76.83000183105469,75.16000366210938,75.29000091552734,71.5702896118164,7297000
2024-08-08,75.06999969482422,76.1500015258789,74.80000305175781,75.75,72.00756072998047,8988300
2024-08-09,75.6500015258789,75.86000061035156,74.75,75.08999633789062,71.38016510009766,4683600
2024-08-12,76.52999877929688,78.43000030517578,76.29000091552734,77.02999877929688,73.22431945800781,13123000
2024-08-13,91.0199966430664,96.01000213623047,90.29000091552734,95.9000015258789,91.16206359863281,157215500
2024-08-14,95.38999938964844,95.86000061035156,91.43000030517578,93.9000015258789,89.26084899902344,45737800
2024-08-15,94.12000274658203,94.95999908447266,92.9800033569336,94.87999725341797,90.19245147705078,21109800
2024-08-16,93.36000061035156,95.6500015258789,93.30000305175781,94.80999755859375,90.67060852050781,16336300
2024-08-19,94.3499984741211,94.88999938964844,92.12999725341797,92.30000305175781,88.27019500732422,14479000
2024-08-20,92.29000091552734,93.81999969482422,92.12999725341797,93.01000213623047,88.94921112060547,11536200
2024-08-21,92.48999786376953,93.37999725341797,92.22000122070312,92.77999877929688,88.72924041748047,6769200
2024-08-22,92.66999816894531,92.83000183105469,91.7699966430664,92.43000030517578,88.39453125,10010300
2024-08-23,92.8499984741211,94.41999816894531,92.83000183105469,94.0199966430664,89.91510772705078,11483700
2024-08-26,94.19999694824219,95.93000030517578,94.18000030517578,95.62999725341797,91.4548110961914,13882800
2024-08-27,95.4000015258789,98.72000122070312,95.25,98.5999984741211,94.29515075683594,17456300
2024-08-28,98.22000122070312,98.70999908447266,94.37999725341797,95.30000305175781,91.13922119140625,14866300
2024-08-29,95.47000122070312,95.83000183105469,94.27999877929688,94.86000061035156,90.71843719482422,8781300
2024-08-30,94.98999786376953,95.93000030517578,94.44000244140625,94.56999969482422,90.44109344482422,7117200
2024-09-03,94.12999725341797,94.80999755859375,93.04000091552734,93.18000030517578,89.11177825927734,11234000
2024-09-04,93.37000274658203,93.9800033569336,91.97000122070312,92.33000183105469,88.29889678955078,7193500
2024-09-05,92.16999816894531,93.0199966430664,91.19999694824219,91.55999755859375,87.56250762939453,8370100
2024-09-06,91.5,92.16000366210938,90.18000030517578,91.1500015258789,87.17041015625,9257000
2024-09-09,91.22000122070312,92.36000061035156,90.41000366210938,92.20999908447266,88.18412780761719,10089700
2024-09-10,92.12000274658203,93.5199966430664,91.13999938964844,93.33999633789062,89.26478576660156,7327000
2024-09-11,94.08000183105469,98.3499984741211,93.66000366210938,98.19999694824219,93.91260528564453,19302900
2024-09-12,98.45999908447266,99.30999755859375,97.33999633789062,99.27999877929688,94.9454574584961,14653500
2024-09-13,99.12999725341797,99.51000213623047,98.5,98.56999969482422,94.26644897460938,9899900
2024-09-16,98.5199966430664,98.5999984741211,95.9800033569336,96.30999755859375,92.1051254272461,9263400
2024-09-17,96.48999786376953,96.54000091552734,95.19999694824219,96.44000244140625,92.22944641113281,6281700
2024-09-18,95.55000305175781,97.5999984741211,95.33000183105469,96.12000274658203,91.92342376708984,8793800
2024-09-19,97.97000122070312,98.69999694824219,96.33000183105469,96.9000015258789,92.66936492919922,8752600
2024-09-20,96.8499984741211,97.05999755859375,95.31999969482422,96.05000305175781,91.85647583007812,19541000
2024-09-23,96.05000305175781,96.05000305175781,94.3499984741211,95.4800033569336,91.31137084960938,8382800
2024-09-24,95.47000122070312,95.81999969482422,94.19000244140625,94.44999694824219,90.32632446289062,8606800
2024-09-25,94.26000213623047,95.95999908447266,94.22000122070312,95.62000274658203,91.44525146484375,8632900
2024-09-26,98.5,99.1500015258789,97.0,97.47000122070312,93.21448516845703,9876800
2024-09-27,97.6500015258789,98.1500015258789,97.19000244140625,97.36000061035156,93.10929107666016,6319900
2024-09-30,97.38999938964844,97.69000244140625,96.41000366210938,97.48999786376953,93.23359680175781,6436400
2024-10-01,97.48999786376953,98.13999938964844,96.3499984741211,97.43000030517578,93.17623138427734,7171600
2024-10-02,96.83000183105469,97.0,95.87000274658203,96.5,92.2868423461914,6346000
2024-10-03,95.63999938964844,96.38999938964844,95.30999755859375,95.55999755859375,91.38787078857422,5556400
2024-10-04,96.16999816894531,96.7300033569336,95.1500015258789,96.58000183105469,92.36334228515625,6818900
2024-10-07,96.19000244140625,96.5199966430664,95.36000061035156,96.08999633789062,91.89472961425781,7478900
2024-10-08,96.05000305175781,96.87999725341797,95.27999877929688,96.20999908447266,92.0094985961914,6595200
2024-10-09,96.4800033569336,96.4800033569336,95.45999908447266,95.87999725341797,91.69390106201172,3344800
2024-10-10,95.41999816894531,95.4800033569336,93.76000213623047,93.87999725341797,89.78121948242188,5459500
2024-10-11,94.13999938964844,95.95999908447266,94.01000213623047,95.55000305175781,91.37830352783203,4834800
2024-10-14,95.41000366210938,95.52999877929688,94.33999633789062,94.76000213623047,90.62279510498047,4124700
2024-10-15,94.66999816894531,95.97000122070312,94.56999969482422,95.04000091552734,90.89057922363281,6264100
2024-10-16,95.44999694824219,95.83999633789062,94.08999633789062,95.45999908447266,91.29222869873047,7537100
2024-10-17,95.33000183105469,96.19000244140625,94.77999877929688,95.2699966430664,91.11052703857422,5577300
2024-10-18,95.68000030517578,96.8499984741211,95.04000091552734,96.83999633789062,92.61198425292969,6178300
2024-10-21,96.94999694824219,97.19999694824219,95.88999938964844,96.44999694824219,92.239013671875,3994300
2024-10-22,96.3499984741211,97.19000244140625,95.94000244140625,96.81999969482422,92.59286499023438,6670900
2024-10-23,93.87000274658203,97.72000122070312,93.69000244140625,97.6500015258789,93.3866195678711,18858800
2024-10-24,97.69000244140625,99.41999816894531,96.8499984741211,97.1500015258789,92.90845489501953,9828600
2024-10-25,97.22000122070312,97.95999908447266,96.43000030517578,97.30999755859375,93.06145477294922,9665600
2024-10-28,97.6500015258789,99.13999938964844,97.55000305175781,98.0199966430664,93.74047088623047,6790900
2024-10-29,97.73999786376953,98.05000305175781,96.3499984741211,97.38999938964844,93.13796997070312,7664200
2024-10-30,97.37000274658203,98.1500015258789,96.80000305175781,97.31999969482422,93.07103729248047,9187200
2024-10-31,97.31999969482422,99.0,95.3499984741211,97.69999694824219,93.43443298339844,12011500
2024-11-01,97.5999984741211,99.80000305175781,97.37000274658203,98.87000274658203,94.5533676147461,8860200
2024-11-04,98.58999633789062,98.80999755859375,96.69999694824219,97.02999877929688,92.79368591308594,7049100
2024-11-05,96.86000061035156,97.47000122070312,96.1500015258789,97.08999633789062,92.85106658935547,6348300
2024-11-06,96.97000122070312,98.2300033569336,94.77999877929688,96.08000183105469,91.88516998291016,9708800
2024-11-07,96.05999755859375,96.69000244140625,95.76000213623047,96.12000274658203,91.92342376708984,6195200
2024-11-08,96.11000061035156,97.63999938964844,96.02999877929688,97.55000305175781,93.2909927368164,6118700
2024-11-11,98.0,101.41000366210938,97.94999694824219,100.30999755859375,95.93049621582031,10313300
2024-11-12,100.12999725341797,100.54000091552734,98.41999816894531,98.80000305175781,94.48641967773438,8438400
2024-11-13,97.3499984741211,99.94000244140625,96.2300033569336,99.80000305175781,95.44276428222656,8816300
2024-11-14,99.43000030517578,100.0199966430664,99.13999938964844,99.2300033569336,94.89763641357422,6441500
2024-11-15,99.0999984741211,100.22000122070312,97.98999786376953,98.41999816894531,94.70519256591797,8119900
2024-11-18,98.44000244140625,100.61000061035156,97.93000030517578,100.4000015258789,96.6104507446289,7041500
2024-11-19,99.79000091552734,100.30000305175781,98.19999694824219,98.3499984741211,94.63782501220703,9176200
2024-11-20,98.0,98.75,97.11000061035156,98.26000213623047,94.55122375488281,7527700
2024-11-21,99.5,100.33000183105469,98.48999786376953,100.05999755859375,96.28328704833984,6760600
2024-11-22,100.0,102.55999755859375,99.7699966430664,102.5,98.63119506835938,6563300
2024-11-25,102.93000030517578,103.31999969482422,101.77999877929688,101.83999633789062,97.99610137939453,8839600
2024-11-26,101.98999786376953,102.08999633789062,100.47000122070312,100.68000030517578,96.87987518310547,6558300
2024-11-27,100.75,102.02999877929688,100.72000122070312,101.51000213623047,97.67855834960938,4857800
2024-11-29,101.37000274658203,102.5,101.2699966430664,102.45999908447266,98.59269714355469,3419300
2024-12-02,102.0,102.20999908447266,99.87000274658203,101.51000213623047,97.67855834960938,6103200
2024-12-03,101.08999633789062,102.12000274658203,99.88999938964844,101.56999969482422,97.73629760742188,7101500
2024-12-04,100.88999938964844,101.98999786376953,100.37000274658203,100.69999694824219,96.89912414550781,6151100
2024-12-05,101.0,101.30000305175781,99.19000244140625,99.2300033569336,95.484619140625,7194800
2024-12-06,98.93000030517578,100.62000274658203,98.44000244140625,100.11000061035156,96.3313980102539,6297000
2024-12-09,100.06999969482422,100.56999969482422,98.5199966430664,99.30999755859375,95.56158447265625,7271600
2024-12-10,99.13999938964844,99.25,97.94000244140625,98.16000366210938,94.45500183105469,8192500
2024-12-11,98.5,99.38999938964844,97.9800033569336,98.41999816894531,94.70519256591797,8007300
2024-12-12,98.22000122070312,98.97000122070312,97.41999816894531,97.81999969482422,94.12783813476562,6375900
2024-12-13,97.33999633789062,98.08000183105469,96.94000244140625,97.41999816894531,93.74293518066406,5910900
2024-12-16,96.94999694824219,97.0,93.0999984741211,93.12000274658203,89.60523223876953,12395900
2024-12-17,93.01000213623047,93.94000244140625,92.05000305175781,92.08999633789062,88.61410522460938,8536100
2024-12-18,91.7699966430664,92.25,89.63999938964844,89.9000015258789,86.50678253173828,10886600
2024-12-19,90.23999786376953,91.58000183105469,88.66999816894531,88.76000213623047,85.4098129272461,14628400
2024-12-20,87.86000061035156,89.16000366210938,87.06999969482422,87.97000122070312,84.64961242675781,26477500
2024-12-23,87.5,87.87999725341797,86.30000305175781,87.44000244140625,84.13961791992188,11203700
2024-12-24,87.4000015258789,89.91999816894531,87.16999816894531,89.91000366210938,86.51639556884766,5422000
2024-12-26,89.37000274658203,92.05000305175781,89.37000274658203,91.86000061035156,88.39279174804688,7538700
2024-12-27,90.9000015258789,93.19999694824219,90.87999725341797,92.25,88.76807403564453,8200400
2024-12-30,91.29000091552734,91.31999969482422,89.83999633789062,90.58000183105469,87.16110229492188,8404500
2024-12-31,90.7300033569336,91.7699966430664,90.58999633789062,91.25,87.80581665039062,4220700
2025-01-02,91.55000305175781,92.66000366210938,91.41000366210938,92.16999816894531,88.69109344482422,8640900
2025-01-03,92.4000015258789,93.12000274658203,91.80000305175781,92.58000183105469,89.08561706542969,4964900
2025-01-06,92.04000091552734,94.5,91.94000244140625,93.12999725341797,89.6148452758789,8768100
2025-01-07,92.77999877929688,93.6500015258789,91.86000061035156,92.83999633789062,89.33580017089844,6638300
2025-01-08,92.97000122070312,93.01000213623047,92.01000213623047,92.5999984741211,89.1048583984375,6243700
2025-01-10,92.19000244140625,92.79000091552734,91.93000030517578,92.25,88.76807403564453,6550300
2025-01-13,92.2699966430664,93.58999633789062,91.37999725341797,93.51000213623047,89.98051452636719,6912100
2025-01-14,94.01000213623047,94.88999938964844,92.5199966430664,93.06999969482422,89.55712890625,6406200
2025-01-15,94.0999984741211,94.47000122070312,92.94999694824219,93.08000183105469,89.5667495727539,4554700
2025-01-16,92.87000274658203,94.7699966430664,92.87000274658203,94.43000030517578,90.86579132080078,6548200
2025-01-17,95.58000183105469,95.86000061035156,95.0999984741211,95.12999725341797,91.53936004638672,8361900
2025-01-21,95.41000366210938,98.58000183105469,95.41000366210938,97.9800033569336,94.28179931640625,8803100
2025-01-22,97.9800033569336,98.54000091552734,97.45999908447266,97.7300033569336,94.0412368774414,7678900
2025-01-23,98.0,98.02999877929688,97.0199966430664,97.98999786376953,94.29141235351562,7901800
2025-01-24,97.79000091552734,99.01000213623047,97.62000274658203,98.80999755859375,95.0804672241211,6957100
2025-01-27,98.5199966430664,100.33000183105469,98.0999984741211,100.0199966430664,96.24479675292969,9654900
2025-01-28,98.94000244140625,100.68000030517578,98.58999633789062,100.41000366210938,96.62007904052734,14736500
2025-01-29,102.69999694824219,110.08000183105469,102.68000030517578,108.58000183105469,104.48170471191406,40769300
2025-01-30,109.0,110.33999633789062,108.02999877929688,109.0,104.88585662841797,15023000
2025-01-31,109.0,109.36000061035156,107.5,107.68000030517578,103.61566925048828,19136900
2025-02-03,105.72000122070312,108.44000244140625,105.5199966430664,108.16000366210938,104.07756042480469,8894100
2025-02-04,108.66999816894531,111.06999969482422,108.12999725341797,110.5999984741211,106.42546081542969,11123700
2025-02-05,110.18000030517578,112.41999816894531,109.86000061035156,112.25,108.01318359375,12826000
2025-02-06,112.05000305175781,112.30999755859375,111.05000305175781,111.69999694824219,107.48394012451172,11967300
2025-02-07,111.43000030517578,112.62000274658203,110.05999755859375,112.19999694824219,107.96505737304688,11502400
2025-02-10,112.58000183105469,112.58000183105469,111.0,111.44999694824219,107.24337768554688,8348400
2025-02-11,110.87999725341797,112.08000183105469,110.61000061035156,111.02999877929688,106.83922576904297,4683100
2025-02-12,110.55999755859375,113.19000244140625,110.4000015258789,113.04000091552734,108.77336120605469,7269400
2025-02-13,113.12000274658203,113.4000015258789,111.52999877929688,113.0,108.73487854003906,10046300
2025-02-14,112.81999969482422,113.47000122070312,112.02999877929688,112.55000305175781,108.8896713256836,9115000
2025-02-18,111.80000305175781,113.36000061035156,111.62000274658203,113.02999877929688,109.35405731201172,7574100
2025-02-19,112.44000244140625,113.33999633789062,112.33999633789062,112.48999786376953,108.83161163330078,8268900
2025-02-20,112.16999816894531,113.5,111.95999908447266,113.33999633789062,109.65396881103516,6343800
2025-02-21,113.33000183105469,114.68000030517578,111.62999725341797,111.75,108.11568450927734,9664700
2025-02-24,112.33999633789062,113.91000366210938,111.88999938964844,113.19000244140625,109.50885009765625,13120500
2025-02-25,113.08000183105469,115.23999786376953,112.66999816894531,114.58999633789062,110.86332702636719,11001800
2025-02-26,114.61000061035156,114.79000091552734,112.26000213623047,113.0,109.32503509521484,7466800
2025-02-27,113.0,115.69999694824219,112.80000305175781,114.48999786376953,110.76657104492188,9013700
2025-02-28,115.05999755859375,116.08999633789062,114.2699966430664,115.80999755859375,112.04364776611328,11466000
2025-03-03,116.04000091552734,117.45999908447266,114.0999984741211,115.41000366210938,111.65666198730469,9225500
2025-03-04,114.98999786376953,115.2699966430664,112.0,112.05999755859375,108.41559600830078,12482400
2025-03-05,111.56999969482422,112.5199966430664,110.20999908447266,111.69000244140625,108.0576400756836,11926800
2025-03-06,110.01000213623047,110.43000030517578,104.91000366210938,105.47000122070312,102.0399169921875,16321700
2025-03-07,104.7300033569336,106.86000061035156,103.44000244140625,106.4800033569336,103.01707458496094,11637400
2025-03-10,105.7300033569336,106.0,99.80000305175781,101.12999725341797,97.841064453125,15823300
2025-03-11,101.88999938964844,103.0,99.0,99.58000183105469,96.34146881103516,10663500
2025-03-12,100.30000305175781,100.30000305175781,96.97000122070312,98.69000244140625,95.48043060302734,9461200
2025-03-13,98.70999908447266,98.87000274658203,95.93000030517578,96.04000091552734,92.9166030883789,9274300
2025-03-14,96.5199966430664,98.25,96.16000366210938,98.11000061035156,94.91928100585938,8240900
2025-03-17,97.70999908447266,99.44999694824219,97.0,99.08000183105469,95.85774230957031,10131700
2025-03-18,99.2300033569336,99.37000274658203,97.68000030517578,98.27999877929688,95.08375549316406,7423400
2025-03-19,98.2699966430664,99.52999877929688,97.94999694824219,99.19000244140625,95.96416473388672,4982700
2025-03-20,98.8499984741211,99.69000244140625,98.66999816894531,99.27999877929688,96.05123138427734,5952800
2025-03-21,97.94000244140625,98.01000213623047,96.29000091552734,97.06999969482422,93.9131088256836,11366000
2025-03-24,98.02999877929688,98.19999694824219,95.62999725341797,95.72000122070312,92.60700988769531,8265000
2025-03-25,96.19000244140625,96.97000122070312,94.7699966430664,95.87999725341797,92.76180267333984,6984800
2025-03-26,96.0,98.38999938964844,96.0,97.97000122070312,94.7838363647461,9561600
2025-03-27,97.9000015258789,99.91999816894531,97.54000091552734,98.8499984741211,95.63521575927734,9141000
2025-03-28,98.0,98.48999786376953,97.05999755859375,97.7300033569336,94.55164337158203,8066200
2025-03-31,96.62000274658203,98.81999969482422,94.58000183105469,98.08999633789062,94.89993286132812,11302900
2025-04-01,97.8499984741211,98.9000015258789,97.12999725341797,98.2300033569336,95.03539276123047,5868400
2025-04-02,97.41000366210938,99.75,97.41000366210938,99.41000366210938,96.177001953125,6043300
2025-04-03,93.3499984741211,93.38999938964844,87.6500015258789,88.26000213623047,85.3896255493164,20490100
2025-04-04,84.66000366210938,85.43000030517578,81.30000305175781,82.0999984741211,79.4299545288086,19700100
2025-04-07,78.62999725341797,83.2699966430664,76.1500015258789,80.0,77.39825439453125,26099400
2025-04-08,83.06999969482422,83.4800033569336,78.69000244140625,79.69000244140625,77.09834289550781,20534600
2025-04-09,79.22000122070312,89.12999725341797,77.93000030517578,88.68000030517578,85.79596710205078,26668100
2025-04-10,86.11000061035156,86.58000183105469,81.66999816894531,84.5999984741211,81.84864807128906,16209300
2025-04-11,84.43000030517578,85.81999969482422,82.08000183105469,85.43000030517578,82.65165710449219,10059700
2025-04-14,86.31999969482422,86.7699966430664,83.4000015258789,85.48999786376953,82.70970916748047,8880500
2025-04-15,85.5,86.05999755859375,83.45999908447266,83.70999908447266,80.98760223388672,7088600
2025-04-16,83.30000305175781,83.5199966430664,79.88999938964844,80.76000213623047,78.13353729248047,13080800
2025-04-17,81.25,82.55000305175781,81.19999694824219,81.5,78.84947204589844,9787500
2025-04-21,80.36000061035156,80.81999969482422,78.12999725341797,80.68000030517578,78.05614471435547,10595600
2025-04-22,81.91000366210938,83.48999786376953,81.62000274658203,81.75,79.09134674072266,10408600
2025-04-23,84.0,85.73999786376953,82.6500015258789,82.80999755859375,80.11686706542969,9114400
2025-04-24,82.38999938964844,84.13999938964844,81.58000183105469,83.86000061035156,81.13272857666016,6798100
2025-04-25,83.62999725341797,83.98999786376953,82.45999908447266,83.80999755859375,81.08434295654297,5799400
2025-04-28,84.33000183105469,85.05999755859375,83.2699966430664,83.9000015258789,81.17142486572266,7091400
2025-04-29,83.63999938964844,85.06999969482422,83.19999694824219,84.8499984741211,82.09052276611328,16356900
2025-04-30,76.37000274658203,80.27999877929688,75.5,80.05000305175781,77.44662475585938,41297000
2025-05-01,80.70999908447266,82.70999908447266,80.2699966430664,82.01000213623047,79.34288024902344,18326700
2025-05-02,82.58999633789062,84.83000183105469,82.05000305175781,84.69000244140625,81.93572235107422,13512900
2025-05-05,84.0,84.08000183105469,81.58999633789062,81.66000366210938,79.00426483154297,13361900
2025-05-06,81.0,83.37000274658203,80.61000061035156,82.77999877929688,80.08783721923828,10709500
2025-05-07,82.97000122070312,83.2300033569336,82.13999938964844,82.70999908447266,80.02011108398438,8224800
2025-05-08,83.33999633789062,83.5999984741211,81.69000244140625,82.19000244140625,79.51703643798828,8759800
2025-05-09,82.41000366210938,82.66999816894531,80.19999694824219,80.30000305175781,77.6884994506836,8210700
2025-05-12,83.6500015258789,86.54000091552734,83.63999938964844,85.66999816894531,82.88385009765625,17241500
2025-05-13,85.87000274658203,87.13999938964844,85.0999984741211,86.87999725341797,84.05449676513672,11533700
2025-05-14,86.70999908447266,87.62999725341797,85.73999786376953,86.54000091552734,83.7255630493164,12741500
2025-05-15,86.54000091552734,87.77999877929688,85.81999969482422,87.26000213623047,84.42215728759766,13721900
2025-05-16,86.62000274658203,86.91000366210938,84.27999877929688,85.56999969482422,83.36991882324219,13109500
2025-05-19,84.44999694824219,85.13999938964844,84.11000061035156,84.61000061035156,82.4345932006836,9568100
2025-05-20,84.5199966430664,86.1500015258789,84.44999694824219,85.58999633789062,83.38939666748047,9310600
2025-05-21,84.41000366210938,85.51000213623047,82.51000213623047,82.9800033569336,80.84649658203125,10875400
2025-05-22,83.22000122070312,84.4800033569336,82.72000122070312,83.97000122070312,81.81105041503906,8440400
2025-05-23,82.58000183105469,84.83000183105469,82.56999969482422,84.4000015258789,82.22998809814453,7088200
2025-05-27,85.43000030517578,87.08999633789062,85.22000122070312,87.01000213623047,84.77289581298828,10922300
2025-05-28,87.43000030517578,87.5999984741211,84.54000091552734,86.0,83.78885650634766,12328500
2025-05-29,84.9000015258789,85.69999694824219,83.69999694824219,84.05000305175781,81.88899230957031,10308700
2025-05-30,83.94000244140625,84.2699966430664,83.19000244140625,83.94999694824219,81.79156494140625,7394100
2025-06-02,83.27999877929688,85.30000305175781,83.19000244140625,85.19000244140625,82.99968719482422,8258900
2025-06-03,85.06999969482422,87.48999786376953,84.4000015258789,86.5999984741211,84.37342834472656,8287700
2025-06-04,86.62999725341797,88.54000091552734,86.0199966430664,88.11000061035156,85.84461975097656,8740900
2025-06-05,88.18000030517578,88.41000366210938,86.86000061035156,86.98999786376953,84.75341033935547,8476100
2025-06-06,88.4000015258789,89.88999938964844,88.23999786376953,89.63999938964844,87.33526611328125,8772900
2025-06-09,89.08000183105469,91.13999938964844,89.08000183105469,90.66999816894531,88.33878326416016,8097300
2025-06-10,89.9000015258789,91.88999938964844,89.52999877929688,91.43000030517578,89.0792465209961,6911100
2025-06-11,92.11000061035156,95.91000366210938,92.0,95.38999938964844,92.93743133544922,14835500
2025-06-12,94.68000030517578,95.06999969482422,93.97000122070312,94.31999969482422,91.89493560791016,7183300
2025-06-13,93.5,94.61000061035156,93.16000366210938,93.26000213623047,90.8622055053711,7119900
2025-06-16,93.9800033569336,94.43000030517578,92.94000244140625,93.4800033569336,91.0765380859375,5871000
2025-06-17,93.16000366210938,93.20999908447266,90.79000091552734,91.58999633789062,89.2351303100586,6183000
2025-06-18,91.87999725341797,92.58000183105469,91.2300033569336,92.27999877929688,89.90738677978516,7319300
2025-06-20,93.08000183105469,93.80000305175781,92.4000015258789,93.12000274658203,90.72579956054688,9197000
2025-06-23,93.19999694824219,93.20999908447266,90.73999786376953,92.33999633789062,89.96585083007812,7533000
2025-06-24,92.91000366210938,93.83999633789062,90.30999755859375,91.5,89.14744567871094,11373900
2025-06-25,91.76000213623047,92.0,90.62000274658203,91.0999984741211,88.75773620605469,6929600
2025-06-26,92.0999984741211,92.19999694824219,90.41999816894531,91.83999633789062,89.47870635986328,6571600
2025-06-27,91.7699966430664,92.72000122070312,90.33000183105469,92.11000061035156,89.74176025390625,21491600
2025-06-30,92.41999816894531,94.16000366210938,91.08000183105469,91.62999725341797,89.27410125732422,10083300
2025-07-01,91.54000091552734,95.86000061035156,91.54000091552734,94.91999816894531,92.47950744628906,9828400
2025-07-02,95.27999877929688,95.30000305175781,93.3499984741211,94.18000030517578,91.75853729248047,7942300
2025-07-03,94.19999694824219,94.6500015258789,93.76000213623047,94.44000244140625,92.01187133789062,3557300
2025-07-07,94.16000366210938,94.94999694824219,92.97000122070312,93.63999938964844,91.23242950439453,5311200
2025-07-08,94.05999755859375,95.75,93.77999877929688,94.94000244140625,92.49900817871094,6985700
2025-07-09,97.55000305175781,97.88999938964844,94.66000366210938,95.25,92.801025390625,8322400
2025-07-10,94.87999725341797,95.73999786376953,93.55000305175781,95.1500015258789,92.70360565185547,6913600
2025-07-11,94.37000274658203,95.31999969482422,94.13999938964844,94.94000244140625,92.49900817871094,6339800
2025-07-14,93.68000030517578,93.95999908447266,92.2699966430664,93.41999816894531,91.01808166503906,6048300
2025-07-15,93.62000274658203,94.30000305175781,92.1500015258789,92.4800033569336,90.10225677490234,8567900
2025-07-16,92.66000366210938,93.27999877929688,91.55999755859375,92.51000213623047,90.13147735595703,7136900
2025-07-17,90.7300033569336,93.29000091552734,90.56999969482422,93.19000244140625,90.79399871826172,8589000
2025-07-18,94.04000091552734,94.45999908447266,93.25,93.80000305175781,91.38831329345703,5172800
2025-07-21,94.30000305175781,95.29000091552734,92.61000061035156,92.66000366210938,90.27762603759766,7217300
2025-07-22,92.94999694824219,97.16000366210938,92.8499984741211,96.94000244140625,94.44757843017578,9992400
2025-07-23,97.3499984741211,98.18000030517578,95.54000091552734,95.91999816894531,93.45380401611328,11275300
2025-07-24,95.5,95.58000183105469,93.41999816894531,93.69999694824219,91.29087829589844,7897600
2025-07-25,93.4000015258789,94.4800033569336,92.30999755859375,94.41999816894531,91.99237060546875,7224100
2025-07-28,94.93000030517578,95.73999786376953,93.45999908447266,93.66999816894531,91.26165008544922,10333600
2025-07-29,93.25,94.38999938964844,91.77999877929688,92.95999908447266,90.56990814208984,20923600
2025-07-30,97.83000183105469,98.88999938964844,90.06999969482422,92.76000213623047,90.37505340576172,44794700
2025-07-31,91.5999984741211,93.06999969482422,88.43000030517578,89.16000366210938,86.86761474609375,16565400
2025-08-01,88.38999938964844,88.5,85.48999786376953,86.86000061035156,84.62674713134766,16221300
2025-08-04,87.08000183105469,90.11000061035156,86.94000244140625,89.77999877929688,87.47167205810547,12500400
2025-08-05,89.6500015258789,90.55999755859375,89.30999755859375,90.19999694824219,87.88086700439453,6994400
2025-08-06,90.20999908447266,90.36000061035156,88.81999969482422,88.98999786376953,86.70198059082031,7869100
2025-08-07,89.7300033569336,91.36000061035156,89.48999786376953,91.0199966430664,88.67977905273438,9891800
2025-08-08,90.7699966430664,92.20999908447266,90.75,92.12000274658203,89.75151062011719,8035300
2025-08-11,92.04000091552734,92.44000244140625,90.48999786376953,91.73999786376953,89.38127899169922,9504400
2025-08-12,93.44000244140625,94.8499984741211,93.08000183105469,93.37000274658203,90.96937561035156,9669300
2025-08-13,93.18000030517578,94.69000244140625,92.73999786376953,94.18000030517578,91.75853729248047,6493400
2025-08-14,93.61000061035156,93.61000061035156,92.08000183105469,93.05999755859375,90.6673355102539,9803500
2025-08-15,92.55000305175781,92.7300033569336,90.37000274658203,90.5999984741211,88.85301208496094,8059700
2025-08-18,90.30999755859375,93.58000183105469,89.9000015258789,92.54000091552734,90.75560760498047,7376200
2025-08-19,92.54000091552734,92.97000122070312,90.7300033569336,90.93000030517578,89.17664337158203,6815800
2025-08-20,90.95999908447266,91.31999969482422,89.44999694824219,89.51000213623047,87.78402709960938,5814000
2025-08-21,89.02999877929688,89.19000244140625,88.11000061035156,88.55999755859375,86.85234832763672,5669200
2025-08-22,89.12999725341797,89.8499984741211,88.30999755859375,88.37999725341797,86.67581939697266,7625500
2025-08-25,88.22000122070312,88.31999969482422,85.70999908447266,85.80999755859375,84.1553726196289,11013500
2025-08-26,85.88999938964844,87.19999694824219,85.56999969482422,86.62999725341797,84.95955657958984,9315200
2025-08-27,86.62999725341797,88.30999755859375,86.5,87.66000366210938,85.9697036743164,7677900
2025-08-28,88.22000122070312,88.45999908447266,87.5999984741211,88.0199966430664,86.32275390625,7905600
2025-08-29,88.0,88.56999969482422,87.4000015258789,88.19000244140625,86.4894790649414,6315200
2025-09-02,87.83999633789062,89.98999786376953,87.18000030517578,89.77999877929688,88.04882049560547,10466200
2025-09-03,89.4000015258789,89.4800033569336,86.29000091552734,87.25,85.5676040649414,10201000
2025-09-04,87.16999816894531,87.7699966430664,86.38999938964844,87.01000213623047,85.33223724365234,6799200
2025-09-05,86.86000061035156,87.3499984741211,85.05999755859375,85.43000030517578,83.78269958496094,9047200
2025-09-08,85.5,85.5,83.68000030517578,84.16999816894531,82.5469970703125,9213700
2025-09-09,84.19999694824219,84.68000030517578,83.2699966430664,83.80999755859375,82.19393157958984,8635800
2025-09-10,83.87000274658203,84.0,82.7699966430664,82.87999725341797,81.28186798095703,8108000
2025-09-11,83.29000091552734,83.93000030517578,82.12999725341797,82.36000061035156,80.77189636230469,12046600
2025-09-12,82.37000274658203,82.54000091552734,81.19999694824219,81.9000015258789,80.32077026367188,9996200
2025-09-15,82.08000183105469,83.87000274658203,81.9800033569336,82.68000030517578,81.08572387695312,9685900
2025-09-16,83.02999877929688,84.7300033569336,83.0,84.37000274658203,82.7431411743164,10244300
2025-09-17,84.4800033569336,84.86000061035156,82.95999908447266,83.22000122070312,81.61531829833984,6632200
2025-09-18,83.13999938964844,83.5999984741211,82.62999725341797,83.41999816894531,81.81145477294922,7163700
2025-09-19,84.12999725341797,85.22000122070312,83.37999725341797,84.55999755859375,82.92947387695312,15315900
2025-09-22,84.2300033569336,85.4000015258789,83.69000244140625,85.29000091552734,83.64540100097656,7881700
2025-09-23,85.1500015258789,86.18000030517578,84.8499984741211,85.69000244140625,84.0376968383789,8765500
2025-09-24,85.58000183105469,85.6500015258789,84.12999725341797,84.2699966430664,82.64507293701172,9664000
2025-09-25,84.54000091552734,84.66999816894531,82.88999938964844,83.83000183105469,82.21355438232422,8670500
2025-09-26,83.8499984741211,84.62000274658203,82.9000015258789,83.38999938964844,81.78203582763672,6955500
2025-09-29,83.6500015258789,85.83999633789062,83.55000305175781,85.63999938964844,83.9886474609375,11222800
2025-09-30,85.2300033569336,85.25,84.18000030517578,84.5999984741211,82.96870422363281,7574200
2025-10-01,84.45999908447266,85.13999938964844,83.95999908447266,84.4000015258789,82.7725601196289,8155200
2025-10-02,84.25,87.26000213623047,84.02999877929688,86.72000122070312,85.0478286743164,9461500
2025-10-03,86.5,86.9000015258789,85.95999908447266,86.41999816894531,84.75360870361328,7634500
2025-10-06,86.29000091552734,86.29000091552734,82.05999755859375,82.11000061035156,80.52671813964844,14996700
2025-10-07,82.16000366210938,82.45999908447266,80.79000091552734,81.29000091552734,79.7225341796875,10070100
2025-10-08,81.12999725341797,81.12999725341797,79.93000030517578,80.04000091552734,78.49663543701172,12397700
2025-10-09,80.12000274658203,80.45999908447266,79.43000030517578,79.77999877929688,78.24164581298828,9075700
2025-10-10,79.66000366210938,81.20999908447266,78.41000366210938,78.45999908447266,76.94709777832031,11129800
2025-10-13,78.8499984741211,80.44000244140625,78.51000213623047,80.02999877929688,78.48682403564453,8052000
2025-10-14,79.25,81.4800033569336,79.02999877929688,81.1500015258789,79.5852279663086,7510300
2025-10-15,81.69999694824219,83.31999969482422,81.56999969482422,82.86000061035156,81.26225280761719,11094300
2025-10-16,83.19999694824219,84.88999938964844,83.04000091552734,84.33999633789062,82.71371459960938,11552100
2025-10-17,84.25,85.94000244140625,84.0199966430664,85.36000061035156,83.71405029296875,8527600
2025-10-20,85.69000244140625,86.33999633789062,84.43000030517578,84.52999877929688,82.90005493164062,7679700
2025-10-21,84.13999938964844,86.51000213623047,83.6500015258789,85.9000015258789,84.24363708496094,8262500
2025-10-22,85.76000213623047,86.0,84.9000015258789,85.5,83.85134887695312,5286300
2025-10-23,85.4800033569336,85.9000015258789,84.9800033569336,85.44000244140625,83.79251098632812,4565500
2025-10-24,86.0999984741211,86.83999633789062,85.86000061035156,86.08999633789062,84.42996978759766,5844600
2025-10-27,86.27999877929688,87.44000244140625,86.11000061035156,87.22000122070312,85.5381851196289,7164600
2025-10-28,86.9000015258789,87.54000091552734,85.30999755859375,85.43000030517578,83.78269958496094,11545600
2025-10-29,84.13999938964844,84.88999938964844,83.27999877929688,84.16999816894531,82.5469970703125,13881700
2025-10-30,82.2300033569336,86.05000305175781,81.25,83.1500015258789,81.54666900634766,18337500
2025-10-31,82.7699966430664,82.77999877929688,80.22000122070312,80.87000274658203,79.31063079833984,13598000
2025-11-03,80.93000030517578,81.91999816894531,80.5999984741211,80.95999908447266,79.39888763427734,9525100
2025-11-04,81.18000030517578,81.19999694824219,77.98999786376953,79.5999984741211,78.06511688232422,17774600
2025-11-05,79.5999984741211,83.11000061035156,79.04000091552734,82.87999725341797,81.28186798095703,17996200
2025-11-06,82.56999969482422,83.8499984741211,81.86000061035156,82.22000122070312,80.63459777832031,10382800
2025-11-07,82.33999633789062,85.94999694824219,81.76000213623047,85.56999969482422,83.92000579833984,15009900
2025-11-10,86.05999755859375,86.1500015258789,84.02999877929688,84.5999984741211,82.96870422363281,10507600
2025-11-11,84.9800033569336,87.04000091552734,84.9000015258789,86.41999816894531,84.75360870361328,9575800
2025-11-12,87.62999725341797,89.05999755859375,87.12999725341797,87.26000213623047,85.57742309570312,11975800
2025-11-13,86.76000213623047,87.29000091552734,86.19000244140625,86.44000244140625,84.77323150634766,10507700
2025-11-14,85.61000061035156,86.5,84.0,84.77999877929688,83.74591064453125,13434600
2025-11-17,85.19000244140625,86.8499984741211,83.44999694824219,83.69000244140625,82.66920471191406,8547200
2025-11-18,83.61000061035156,83.83999633789062,82.33999633789062,83.33000183105469,82.3135986328125,7189400
2025-11-19,83.26000213623047,84.38999938964844,83.02999877929688,83.68000030517578,82.65933227539062,6195100
2025-11-20,84.02999877929688,85.2300033569336,82.54000091552734,82.62000274658203,81.61225891113281,8966300
2025-11-21,82.5199966430664,86.58000183105469,82.5199966430664,85.3499984741211,84.30895233154297,10227700
2025-11-24,85.26000213623047,85.58999633789062,82.83000183105469,83.33999633789062,82.32347106933594,10805800
2025-11-25,82.83000183105469,86.0199966430664,82.81999969482422,85.91000366210938,84.86212921142578,9265300
2025-11-26,85.5,87.29000091552734,85.5,86.69999694824219,85.64248657226562,7602600
2025-11-28,87.02999877929688,87.27999877929688,86.4000015258789,87.11000061035156,86.04749298095703,3677600
2025-12-01,86.20999908447266,86.5,84.7699966430664,84.91000366210938,83.87432861328125,8752100
2025-12-02,85.02999877929688,86.0,84.22000122070312,85.19999694824219,84.16078186035156,9001900
2025-12-03,85.02999877929688,87.5,84.97000122070312,87.11000061035156,86.04749298095703,9303900
2025-12-04,87.30000305175781,87.87000274658203,84.75,85.0,83.96322631835938,10555100
2025-12-05,84.91000366210938,86.51000213623047,84.80000305175781,85.12000274658203,84.0817642211914,9402900
2025-12-08,85.12999725341797,85.5,83.13999938964844,83.41000366210938,82.39262390136719,10277600
2025-12-09,83.31999969482422,83.33000183105469,82.0199966430664,82.27999877929688,81.27639770507812,10322900
2025-12-10,82.20999908447266,84.0,81.97000122070312,83.8499984741211,82.82725524902344,10539600
2025-12-11,84.22000122070312,85.0,83.73999786376953,84.73999786376953,83.70639038085938,6894000
2025-12-12,85.11000061035156,85.93000030517578,84.86000061035156,85.3499984741211,84.30895233154297,9071500
2025-12-15,86.0,87.55999755859375,84.66000366210938,85.4000015258789,84.35834503173828,11718600
2025-12-16,85.63999938964844,86.54000091552734,84.72000122070312,85.08000183105469,84.04225158691406,7481400
2025-12-17,84.56999969482422,85.83000183105469,84.5,85.20999908447266,84.17066955566406,7947000
2025-12-18,87.69000244140625,90.58000183105469,87.30000305175781,89.41999816894531,88.32931518554688,16466100
2025-12-19,89.22000122070312,89.26000213623047,88.25,88.33000183105469,87.25260925292969,16986700
2025-12-22,88.16000366210938,88.62000274658203,86.04000091552734,86.16999816894531,85.11894989013672,7161600
2025-12-23,86.0199966430664,86.13999938964844,83.37999725341797,83.86000061035156,82.83712768554688,9511300
2025-12-24,83.83999633789062,84.62000274658203,83.47000122070312,84.56999969482422,83.53846740722656,3462700
2025-12-26,84.58000183105469,85.16000366210938,84.41999816894531,85.08000183105469,84.04225158691406,5046200
2025-12-29,85.12000274658203,86.79000091552734,84.9800033569336,85.56999969482422,84.5262680053711,5352400
2025-12-30,85.23999786376953,85.75,85.05000305175781,85.25,84.21017456054688,4540500
2025-12-31,85.11000061035156,85.18000030517578,84.12000274658203,84.20999908447266,83.18285369873047,5293400
2026-01-02,84.22000122070312,84.95999908447266,83.0199966430664,83.97000122070312,82.94579315185547,11334900
2026-01-05,83.5,87.25,83.4000015258789,86.55999755859375,85.50419616699219,9894300
2026-01-06,86.55999755859375,90.63999938964844,86.36000061035156,89.45999908447266,88.36882019042969,11351100
2026-01-07,89.0199966430664,89.37999725341797,86.47000122070312,86.69000244140625,85.63261413574219,9547000
2026-01-08,85.86000061035156,89.29000091552734,85.61000061035156,88.18000030517578,87.10443878173828,8140100
2026-01-09,88.3499984741211,89.0999984741211,86.79000091552734,88.87999725341797,87.79589080810547,7593200
2026-01-12,88.4000015258789,90.2300033569336,87.5999984741211,89.95999908447266,88.86272430419922,7289500
2026-01-13,89.69000244140625,90.5999984741211,89.47000122070312,90.55999755859375,89.45540618896484,5561900
2026-01-14,90.26000213623047,91.5199966430664,90.1500015258789,91.1500015258789,90.03821563720703,8373200
2026-01-15,92.06999969482422,94.16999816894531,91.63999938964844,93.27999877929688,92.14222717285156,10001700
2026-01-16,93.36000061035156,93.66999816894531,92.22000122070312,92.98999786376953,91.85576629638672,8958200
2026-01-20,91.76000213623047,93.80999755859375,90.77999877929688,93.66000366210938,92.5176010131836,13555200
2026-01-21,93.81999969482422,96.5199966430664,93.7300033569336,96.43000030517578,95.2538070678711,17118100
2026-01-22,96.47000122070312,97.80000305175781,94.86000061035156,95.83000183105469,94.66112518310547,14150800
2026-01-23,97.0999984741211,97.88999938964844,95.76000213623047,97.62000274658203,96.4292984008789,11759800
2026-01-26,97.20999908447266,97.97000122070312,95.79000091552734,96.33000183105469,95.155029296875,14106700
2026-01-27,95.7699966430664,96.6500015258789,95.23999786376953,95.72000122070312,94.55247497558594,16403600
2026-01-28,102.30000305175781,104.81999969482422,95.0999984741211,95.16000366210938,93.99930572509766,25961600
2026-01-29,96.76000213623047,96.9000015258789,92.61000061035156,93.87999725341797,92.73490905761719,16602900
2026-01-30,92.72000122070312,93.20999908447266,91.0,91.94999694824219,90.82845306396484,10748000
2026-02-02,91.8499984741211,92.61000061035156,90.62000274658203,91.69000244140625,90.57162475585938,8675100
2026-02-03,91.62000274658203,94.4000015258789,91.29000091552734,93.04000091552734,91.90515899658203,8361300
2026-02-04,93.72000122070312,97.11000061035156,93.5199966430664,96.97000122070312,95.78722381591797,9077100
2026-02-05,96.86000061035156,97.44999694824219,95.36000061035156,96.06999969482422,94.89820098876953,6776700
2026-02-06,96.30000305175781,99.58000183105469,96.0,99.44999694824219,98.23696899414062,8067100
2026-02-09,99.02999877929688,99.9800033569336,98.26000213623047,98.9800033569336,97.77271270751953,7150600
2026-02-10,98.9800033569336,99.66999816894531,97.44999694824219,97.52999877929688,96.34039306640625,8543500
2026-02-11,97.73999786376953,99.31999969482422,97.33000183105469,99.12000274658203,97.91100311279297,6949100
2026-02-12,100.0,101.19999694824219,96.44000244140625,96.76000213623047,95.57978820800781,9537300
2026-02-13,95.86000061035156,96.91999816894531,93.5999984741211,93.79000091552734,93.24347686767578,8949000
2026-02-17,94.9000015258789,95.51000213623047,93.62000274658203,95.38999938964844,94.83415222167969,8660000
2026-02-18,95.04000091552734,96.66000366210938,94.26000213623047,95.76000213623047,95.2020034790039,6068100
2026-02-19,95.37999725341797,95.94000244140625,94.76000213623047,95.80000305175781,95.24176788330078,5676700
2026-02-20,95.20999908447266,97.77999877929688,94.9000015258789,97.48999786376953,96.92191314697266,8788300
2026-02-23,96.13999938964844,97.18000030517578,93.55000305175781,94.77999877929688,94.22770690917969,7696700
2026-02-24,94.81999969482422,96.73999786376953,94.01000213623047,96.51000213623047,95.9476318359375,6537300
2026-02-25,97.2699966430664,98.19999694824219,95.9000015258789,97.93000030517578,97.3593521118164,6294100
2026-02-26,98.37000274658203,99.80000305175781,97.83999633789062,98.08000183105469,97.50848388671875,6246100
2026-02-27,96.4000015258789,98.43000030517578,96.11000061035156,98.0199966430664,97.4488296508789,7286900
2026-03-02,95.70999908447266,97.11000061035156,95.5,96.76000213623047,96.19617462158203,7250600
2026-03-03,94.91999816894531,97.08999633789062,94.4000015258789,96.68000030517578,96.11663818359375,7197200
2026-03-04,97.3499984741211,98.18000030517578,95.8499984741211,97.1500015258789,96.58390045166016,6233400
2026-03-05,97.12000274658203,98.93000030517578,96.94000244140625,98.69000244140625,98.11492919921875,9608100
2026-03-06,97.06999969482422,99.22000122070312,95.55999755859375,98.98999786376953,98.41317749023438,10826700
2026-03-09,98.25,100.37999725341797,96.81999969482422,99.7699966430664,99.18862915039062,9376800
2026-03-10,99.37000274658203,101.13999938964844,98.26000213623047,100.7699966430664,100.18280029296875,8005800
2026-03-11,101.0,101.69000244140625,99.66000366210938,101.44000244140625,100.84890747070312,8815800
2026-03-12,101.0199966430664,102.44000244140625,99.88999938964844,100.18000030517578,99.59624481201172,12248300
2026-03-13,100.63999938964844,101.22000122070312,98.86000061035156,99.1500015258789,98.57225036621094,9400400
2026-03-16,99.2300033569336,99.9000015258789,97.37999725341797,97.81999969482422,97.24999237060547,6871000
2026-03-17,98.44999694824219,98.77999877929688,97.43000030517578,97.56999969482422,97.00144958496094,5382700
2026-03-18,96.19000244140625,96.93000030517578,92.55999755859375,92.66000366210938,92.12006378173828,7598400
2026-03-19,92.1500015258789,96.26000213623047,91.58999633789062,95.83000183105469,95.27159118652344,10524500
2026-03-20,94.97000122070312,96.3499984741211,92.22000122070312,92.55000305175781,92.01070404052734,13961900
2026-03-23,93.80999755859375,95.0199966430664,93.58999633789062,93.83000183105469,93.28324890136719,7438300
2026-03-24,93.30999755859375,93.58999633789062,91.79000091552734,91.9800033569336,91.44403076171875,6262800
2026-03-25,92.33000183105469,93.52999877929688,91.87000274658203,92.69999694824219,92.15982818603516,7007500
2026-03-26,92.30999755859375,92.76000213623047,90.7300033569336,91.22000122070312,90.6884536743164,6134000
2026-03-27,90.75,90.94999694824219,85.5999984741211,86.80999755859375,86.30415344238281,12433600
2026-03-30,86.4000015258789,87.86000061035156,86.22000122070312,86.72000122070312,86.21467590332031,7422100
2026-03-31,88.0,90.0999984741211,87.45999908447266,89.58999633789062,89.06794738769531,9564200
2026-04-01,90.25,91.02999877929688,89.4800033569336,90.43000030517578,89.90306091308594,8044500
2026-04-02,89.80000305175781,91.22000122070312,88.16000366210938,90.37000274658203,89.8434066772461,7340000
2026-04-06,90.0,94.81999969482422,89.81999969482422,94.77999877929688,94.22770690917969,7236700
2026-04-07,94.54000091552734,95.3499984741211,93.83999633789062,95.20999908447266,94.65520477294922,6205600
2026-04-08,97.5,98.12999725341797,96.0,97.20999908447266,96.64354705810547,8232300
2026-04-09,97.0,97.91000366210938,96.18000030517578,96.91999816894531,96.35523986816406,5320500
2026-04-10,97.0,97.27999877929688,96.05999755859375,96.5999984741211,96.03710174560547,5356400
2026-04-13,96.5999984741211,97.66999816894531,95.44999694824219,97.4800033569336,96.91197967529297,5249200
2026-04-14,97.87999725341797,99.0,97.55999755859375,98.47000122070312,97.89620971679688,4995500
2026-04-15,98.48999786376953,99.18000030517578,97.80000305175781,98.33999633789062,97.76696014404297,5211600
2026-04-16,98.3499984741211,99.1500015258789,97.7699966430664,98.36000061035156,97.78684997558594,5645500
2026-04-17,99.06999969482422,101.43000030517578,98.91000366210938,100.0,99.41728973388672,8133400
2026-04-20,99.0,99.7300033569336,98.30000305175781,98.94999694824219,98.37340545654297,6581800
2026-04-21,99.0,99.16000366210938,96.8499984741211,97.80000305175781,97.23011779785156,4564200
2026-04-22,98.08000183105469,99.66000366210938,97.56999969482422,99.5199966430664,98.9400863647461,5730100
2026-04-23,99.97000122070312,100.80999755859375,99.19999694824219,99.54000091552734,98.95997619628906,4515300
2026-04-24,99.38999938964844,99.51000213623047,98.0,98.66999816894531,98.09503936767578,6092500
2026-04-27,98.73999786376953,99.5,97.83999633789062,97.88999938964844,97.31958770751953,5311600
2026-04-28,98.4800033569336,98.68000030517578,96.44999694824219,97.27999877929688,96.71314239501953,10383500
2026-04-29,102.0,107.2699966430664,100.08000183105469,105.5,104.88524627685547,25449200
2026-04-30,105.55000305175781,105.94999694824219,103.83000183105469,105.33000183105469,104.71623992919922,9485900
2026-05-01,105.69999694824219,107.5199966430664,105.43000030517578,105.9000015258789,105.28291320800781,6362300
2026-05-04,105.80000305175781,106.68000030517578,104.69000244140625,104.97000122070312,104.35833740234375,5487700
2026-05-05,104.76000213623047,106.06999969482422,104.3499984741211,104.94000244140625,104.32850646972656,6458500
2026-05-06,104.75,107.55000305175781,104.4000015258789,106.44000244140625,105.81977081298828,8665700
2026-05-07,105.94999694824219,106.0999984741211,102.94000244140625,104.26000213623047,103.65247344970703,9179300
2026-05-08,104.41999816894531,105.43000030517578,104.25,104.93000030517578,104.31856536865234,4538300
2026-05-11,104.94999694824219,108.04000091552734,104.94999694824219,105.73999786376953,105.12384033203125,6499500
2026-05-12,105.56999969482422,107.16000366210938,104.33999633789062,106.58000183105469,105.95895385742188,6366000
2026-05-13,106.7699966430664,108.05000305175781,105.47000122070312,105.94999694824219,105.3326187133789,8638900
2026-05-14,108.12999725341797,108.87999725341797,106.3499984741211,106.4000015258789,105.77999877929688,9941400
2026-05-15,105.75,107.87999725341797,105.0,106.81999969482422,106.81999969482422,6463900
2026-05-18,106.79000091552734,108.11000061035156,105.83999633789062,106.5999984741211,106.5999984741211,6587800
2026-05-19,105.54000091552734,107.55999755859375,105.11000061035156,106.37999725341797,106.37999725341797,5265800
2026-05-20,106.37999725341797,107.45999908447266,105.41000366210938,106.5,106.5,6632500
2026-05-21,105.86000061035156,106.16000366210938,103.62000274658203,104.12999725341797,104.12999725341797,8342800
2026-05-22,104.04000091552734,104.30000305175781,102.38999938964844,103.11000061035156,103.11000061035156,9095700
2026-05-26,103.08000183105469,103.97000122070312,100.80000305175781,101.41999816894531,101.41999816894531,9099100
2026-05-27,101.77999877929688,102.7699966430664,100.12999725341797,102.0999984741211,102.0999984741211,8901400
2026-05-28,101.73999786376953,102.25,100.37000274658203,100.75,100.75,6261500
2026-05-29,100.5,100.91000366210938,98.58000183105469,99.16000366210938,99.16000366210938,8206600
2026-06-01,98.25,98.33999633789062,95.58999633789062,96.51000213623047,96.51000213623047,8191500
2026-06-02,95.80000305175781,97.9000015258789,95.4000015258789,95.51000213623047,95.51000213623047,9546600
2026-06-03,95.4800033569336,98.19999694824219,95.22000122070312,95.88999938964844,95.88999938964844,8541800
2026-06-04,97.79000091552734,98.23999786376953,93.80999755859375,94.13999938964844,94.13999938964844,7524400
2026-06-05,94.29000091552734,95.98999786376953,93.63999938964844,95.29000091552734,95.29000091552734,7623300
2026-06-08,94.83999633789062,95.7699966430664,94.47000122070312,94.81999969482422,94.81999969482422,7306400
2026-06-09,95.1500015258789,98.44000244140625,94.97000122070312,97.41000366210938,97.41000366210938,10619700
2026-06-10,97.58000183105469,99.55999755859375,96.9000015258789,98.76000213623047,98.76000213623047,8724700
2026-06-11,98.95999908447266,102.55999755859375,98.88999938964844,102.27999877929688,102.27999877929688,10434800
2026-06-12,102.77999877929688,103.69000244140625,101.80000305175781,103.04000091552734,103.04000091552734,5305500
2026-06-15,103.48999786376953,103.61000061035156,101.41000366210938,101.58999633789062,101.58999633789062,7054400
2026-06-16,101.76000213623047,102.55999755859375,100.45999908447266,101.68000030517578,101.68000030517578,6646100
2026-06-17,100.54000091552734,101.80999755859375,98.69000244140625,99.81999969482422,99.81999969482422,6932300
2026-06-18,100.55999755859375,101.5199966430664,99.52999877929688,100.6500015258789,100.6500015258789,10603900
2026-06-22,100.6500015258789,101.80000305175781,99.95999908447266,100.1500015258789,100.1500015258789,5731000
2026-06-23,100.45999908447266,101.33000183105469,99.25,101.05000305175781,101.05000305175781,6001600
2026-06-24,101.23999786376953,104.66000366210938,101.23999786376953,103.52999877929688,103.52999877929688,6989500
2026-06-25,103.0999984741211,104.29000091552734,102.73999786376953,103.16000366210938,103.16000366210938,6853500
2026-06-26,103.44000244140625,104.91999816894531,102.70999908447266,104.5999984741211,104.5999984741211,17150800
2026-06-29,104.80999755859375,104.95999908447266,103.20999908447266,104.05999755859375,104.05999755859375,6788800
2026-06-30,103.9800033569336,104.58000183105469,102.12999725341797,102.19000244140625,102.19000244140625,7140000
2026-07-01,102.44000244140625,103.76000213623047,101.4000015258789,103.38999938964844,103.38999938964844,7464100
2026-07-02,104.0,105.75,103.18000030517578,104.2699966430664,104.2699966430664,7950200
2026-07-06,103.86000061035156,104.44999694824219,100.08999633789062,102.11000061035156,102.11000061035156,7404200
2026-07-07,103.56999969482422,105.75,102.88999938964844,103.61000061035156,103.61000061035156,5556600
2026-07-08,104.29000091552734,104.30000305175781,101.8499984741211,103.87000274658203,103.87000274658203,7084100
2026-07-09,103.6500015258789,107.44999694824219,103.20999908447266,106.41000366210938,106.41000366210938,7012700
2026-07-10,106.30000305175781,107.55999755859375,105.55000305175781,106.01000213623047,106.01000213623047,4686900
2026-07-13,106.33999633789062,108.23999786376953,105.94999694824219,107.33999633789062,107.33999633789062,6278500
2026-07-14,107.61000061035156,108.4800033569336,106.1500015258789,106.16999816894531,106.16999816894531,5153200
2026-07-15,106.3499984741211,107.41000366210938,104.70999908447266,105.11000061035156,105.11000061035156,4786100
2026-07-16,106.0,108.70999908447266,105.54000091552734,108.37000274658203,108.37000274658203,6233800
2026-07-17,108.94999694824219,109.2300033569336,105.08000183105469,105.48999786376953,105.48999786376953,7633400
2026-07-20,105.72000122070312,106.6500015258789,103.22000122070312,104.80999755859375,104.80999755859375,6163000
2026-07-21,105.05999755859375,105.48999786376953,103.91999816894531,104.44999694824219,104.44999694824219,5996000
2026-07-22,104.02999877929688,105.72000122070312,102.91000366210938,103.9800033569336,103.9800033569336,5599800
2026-07-23,102.77999877929688,103.44000244140625,101.93000030517578,103.20999908447266,103.20999908447266,6981400
2026-07-24,103.88999938964844,105.16000366210938,103.12000274658203,103.25,103.25,6397200
2026-07-27,103.80999755859375,105.62999725341797,103.55000305175781,103.6500015258789,103.6500015258789,5517500
2026-07-28,105.83000183105469,106.06999969482422,102.66000366210938,103.0999984741211,103.0999984741211,7055200
2026-07-29,103.66999816894531,104.91000366210938,103.12999725341797,104.13999938964844,104.13999938964844,12546300
2026-07-30,107.21499633789062,108.45950317382812,103.62999725341797,105.8499984741211,105.8499984741211,20600841
