date,open,high,low,close,adj_close,volume
2021-07-21,67.06999969482422,67.91000366210938,66.80000305175781,67.4800033569336,62.74093627929688,3499500
2021-07-22,67.62000274658203,67.7300033569336,66.77999877929688,67.2699966430664,62.54568099975586,2884500
2021-07-23,67.75,68.41999816894531,67.30999755859375,68.18000030517578,63.39179229736328,4816900
2021-07-26,67.94999694824219,68.91999816894531,67.81999969482422,68.72000122070312,63.89385986328125,4861200
2021-07-27,68.41999816894531,68.9800033569336,68.02999877929688,68.44999694824219,63.642822265625,3789300
2021-07-28,68.44999694824219,68.75,67.69000244140625,67.87999725341797,63.11283493041992,3123800
2021-07-29,68.37999725341797,69.2699966430664,68.16000366210938,68.83999633789062,64.00542449951172,4318600
2021-07-30,68.2699966430664,69.77999877929688,68.2699966430664,68.80999755859375,63.97754669189453,3668600
2021-08-02,69.19000244140625,69.19000244140625,67.75,67.94999694824219,63.17793273925781,5747600
2021-08-03,68.41999816894531,69.0,67.3499984741211,68.9800033569336,64.13558197021484,3832000
2021-08-04,68.33999633789062,68.86000061035156,67.2300033569336,67.25,62.527076721191406,6909000
2021-08-05,67.38999938964844,68.6500015258789,67.25,68.58000183105469,63.76369857788086,4340400
2021-08-06,69.08000183105469,69.5999984741211,68.77999877929688,69.30999755859375,64.44242095947266,3456900
2021-08-09,69.01000213623047,69.31999969482422,68.36000061035156,68.93000030517578,64.08912658691406,3190100
2021-08-10,69.12000274658203,71.83999633789062,69.12000274658203,71.43000030517578,66.41354370117188,7078200
2021-08-11,71.51000213623047,71.79000091552734,70.87999725341797,71.70999908447266,66.9174575805664,4264900
2021-08-12,71.80000305175781,71.94000244140625,70.80000305175781,71.55000305175781,66.76815032958984,4273300
2021-08-13,71.2699966430664,71.5,70.29000091552734,70.48999786376953,65.77899169921875,5389000
2021-08-16,70.31999969482422,70.41000366210938,69.30999755859375,70.3499984741211,65.44185638427734,4055600
2021-08-17,70.04000091552734,70.04000091552734,68.4800033569336,69.1500015258789,64.3255844116211,8008300
2021-08-18,68.69000244140625,73.66999816894531,67.9000015258789,73.0,67.90697479248047,14316300
2021-08-19,71.33000183105469,73.87000274658203,71.30000305175781,73.58999633789062,68.45581817626953,11723200
2021-08-20,73.11000061035156,74.41000366210938,72.62999725341797,74.04000091552734,68.87442016601562,7835600
2021-08-23,74.31999969482422,76.11000061035156,74.31999969482422,75.12999725341797,69.88835906982422,9979400
2021-08-24,75.2699966430664,76.16000366210938,75.0999984741211,75.30999755859375,70.05579376220703,7444800
2021-08-25,74.88999938964844,76.06999969482422,74.73999786376953,75.80999755859375,70.52092742919922,5365200
2021-08-26,75.19999694824219,75.19999694824219,73.37999725341797,73.83999633789062,68.68836212158203,6277300
2021-08-27,74.11000061035156,74.33999633789062,73.4000015258789,73.63999938964844,68.50232696533203,5087100
2021-08-30,73.68000030517578,73.83000183105469,72.69999694824219,72.80000305175781,67.7209243774414,4496600
2021-08-31,72.55999755859375,72.91000366210938,72.05000305175781,72.72000122070312,67.64651489257812,5829800
2021-09-01,73.16000366210938,73.38999938964844,71.94999694824219,72.08000183105469,67.05117797851562,4103200
2021-09-02,71.95999908447266,72.58999633789062,71.66999816894531,71.87000274658203,66.85580444335938,3813400
2021-09-03,71.41999816894531,71.83999633789062,70.95999908447266,71.06999969482422,66.11161804199219,5397900
2021-09-07,70.55000305175781,71.0,69.56999969482422,69.8499984741211,64.97673034667969,7085000
2021-09-08,70.11000061035156,70.12999725341797,69.05999755859375,69.81999969482422,64.9488296508789,7124900
2021-09-09,69.8499984741211,70.4800033569336,69.41000366210938,69.44999694824219,64.6046371459961,7613100
2021-09-10,69.94999694824219,70.1500015258789,68.81999969482422,68.87000274658203,64.06509399414062,6709400
2021-09-13,69.30999755859375,69.47000122070312,68.26000213623047,68.69999694824219,63.906978607177734,5820200
2021-09-14,69.37999725341797,69.72000122070312,68.66999816894531,69.4800033569336,64.6325454711914,7322800
2021-09-15,69.19999694824219,69.91999816894531,68.87999725341797,69.4800033569336,64.6325454711914,5031800
2021-09-16,69.63999938964844,70.76000213623047,69.58000183105469,70.4800033569336,65.56280517578125,5629800
2021-09-17,70.0,71.12000274658203,69.7699966430664,70.41000366210938,65.49767303466797,9208800
2021-09-20,69.47000122070312,70.08999633789062,68.48999786376953,69.11000061035156,64.28836822509766,5759800
2021-09-21,69.83000183105469,70.41000366210938,69.23999786376953,69.29000091552734,64.45580291748047,6901300
2021-09-22,69.80000305175781,70.19000244140625,69.38999938964844,69.52999877929688,64.6790771484375,8418600
2021-09-23,69.97000122070312,71.94000244140625,69.95999908447266,70.69999694824219,65.76744079589844,6595300
2021-09-24,70.38999938964844,71.36000061035156,70.19999694824219,71.0999984741211,66.1395263671875,4802100
2021-09-27,71.5,72.61000061035156,71.08000183105469,71.13999938964844,66.17674255371094,5228400
2021-09-28,70.52999877929688,71.05999755859375,69.48999786376953,70.08000183105469,65.1906967163086,5431400
2021-09-29,70.48999786376953,70.98999786376953,69.81999969482422,69.9000015258789,65.02325439453125,3671300
2021-09-30,69.19000244140625,69.3499984741211,65.79000091552734,65.9800033569336,61.376747131347656,10900200
2021-10-01,66.30000305175781,67.05999755859375,65.51000213623047,66.61000061035156,61.96278381347656,6787000
2021-10-04,66.33999633789062,67.0,65.63999938964844,65.86000061035156,61.265106201171875,6503500
2021-10-05,65.91000366210938,66.30999755859375,64.80999755859375,65.11000061035156,60.56743240356445,9136300
2021-10-06,64.5,65.05000305175781,63.52000045776367,64.33000183105469,59.84186553955078,10030200
2021-10-07,64.80000305175781,66.29000091552734,64.7699966430664,64.9800033569336,60.446510314941406,6213800
2021-10-08,64.93000030517578,65.30999755859375,64.6500015258789,64.73999786376953,60.22323989868164,5352100
2021-10-11,64.56999969482422,64.76000213623047,62.95000076293945,63.02000045776367,58.62325668334961,8466100
2021-10-12,63.400001525878906,63.59000015258789,62.84000015258789,62.970001220703125,58.57674026489258,5157400
2021-10-13,63.529998779296875,64.19000244140625,63.36000061035156,63.5,59.06977081298828,7218100
2021-10-14,62.91999816894531,64.55999755859375,62.720001220703125,64.13999938964844,59.665122985839844,7946100
2021-10-15,64.6500015258789,64.97000122070312,64.26000213623047,64.3499984741211,59.86045837402344,5633900
2021-10-18,63.97999954223633,64.79000091552734,63.689998626708984,64.63999938964844,60.13023376464844,4244600
2021-10-19,64.66999816894531,64.83999633789062,63.470001220703125,63.900001525878906,59.44186019897461,6146000
2021-10-20,64.11000061035156,65.02999877929688,63.689998626708984,63.86000061035156,59.4046516418457,5953900
2021-10-21,63.900001525878906,64.72000122070312,63.900001525878906,64.68000030517578,60.16743087768555,3970700
2021-10-22,64.61000061035156,64.76000213623047,63.54999923706055,64.16000366210938,59.6837158203125,4272500
2021-10-25,64.33999633789062,65.6500015258789,64.33999633789062,65.26000213623047,60.70698165893555,5969400
2021-10-26,65.66999816894531,66.13999938964844,65.26000213623047,65.33000183105469,60.77208709716797,6075800
2021-10-27,65.48999786376953,65.48999786376953,64.2300033569336,64.55999755859375,60.05581283569336,4573000
2021-10-28,64.81999969482422,65.4000015258789,64.76000213623047,65.19999694824219,60.65115737915039,3829700
2021-10-29,65.0,65.98999786376953,64.73999786376953,65.48999786376953,60.92093276977539,8269300
2021-11-01,65.52999877929688,67.02999877929688,65.44999694824219,66.6500015258789,61.99998474121094,7424400
2021-11-02,66.87000274658203,67.87999725341797,66.2699966430664,67.31999969482422,62.62326431274414,7510200
2021-11-03,66.94999694824219,68.70999908447266,66.94999694824219,68.43000030517578,63.65579605102539,6308700
2021-11-04,68.62999725341797,69.95999908447266,68.41000366210938,69.73999786376953,64.8744125366211,8238700
2021-11-05,70.94999694824219,71.87999725341797,70.8499984741211,71.19999694824219,66.23255920410156,8726100
2021-11-08,70.9000015258789,71.25,69.55999755859375,69.88999938964844,65.01392364501953,6713700
2021-11-09,69.80999755859375,70.26000213623047,69.2699966430664,69.68000030517578,65.06061553955078,4298800
2021-11-10,69.77999877929688,70.51000213623047,68.9000015258789,68.95999908447266,64.38835906982422,5950600
2021-11-11,69.08000183105469,69.5199966430664,68.11000061035156,68.22000122070312,63.69741439819336,6047500
2021-11-12,68.69999694824219,69.02999877929688,68.18000030517578,68.80000305175781,64.23898315429688,8504700
2021-11-15,69.30999755859375,70.4800033569336,69.16000366210938,69.31999969482422,64.7244873046875,6333200
2021-11-16,69.37000274658203,70.33999633789062,68.33999633789062,69.5,64.89257049560547,9819300
2021-11-17,76.80000305175781,76.94000244140625,73.19999694824219,73.55000305175781,68.674072265625,21456600
2021-11-18,73.5999984741211,73.77999877929688,71.79000091552734,73.0999984741211,68.25390625,9466400
2021-11-19,72.79000091552734,72.81999969482422,70.19000244140625,71.0199966430664,66.3117904663086,8162000
2021-11-22,71.6500015258789,71.97000122070312,69.23999786376953,69.87999725341797,65.24737548828125,7021300
2021-11-23,69.38999938964844,71.2699966430664,69.0,70.94999694824219,66.24644470214844,7110200
2021-11-24,69.69000244140625,71.55000305175781,69.61000061035156,71.4800033569336,66.74130249023438,4960400
2021-11-26,69.91999816894531,70.45999908447266,69.04000091552734,69.36000061035156,64.7618408203125,4737200
2021-11-29,71.80999755859375,72.30000305175781,70.25,70.66999816894531,65.98499298095703,5813500
2021-11-30,70.29000091552734,70.58000183105469,68.44000244140625,69.4000015258789,64.79920196533203,9925200
2021-12-01,70.87999725341797,71.68000030517578,67.97000122070312,68.01000213623047,63.5013542175293,8014400
2021-12-02,68.0199966430664,70.4800033569336,67.9800033569336,70.25,65.59284973144531,6050400
2021-12-03,70.5199966430664,70.91999816894531,69.79000091552734,70.69000244140625,66.00366973876953,7970100
2021-12-06,71.5,73.5,71.22000122070312,72.63999938964844,67.82438659667969,7782500
2021-12-07,72.88999938964844,74.62999725341797,72.38999938964844,74.12000274658203,69.20628356933594,7976000
2021-12-08,74.22000122070312,74.79000091552734,73.8499984741211,74.33999633789062,69.41169738769531,8158900
2021-12-09,74.06999969482422,74.69000244140625,73.9000015258789,74.0199966430664,69.1129150390625,4901400
2021-12-10,74.20999908447266,74.81999969482422,73.94999694824219,74.7300033569336,69.7758560180664,5123800
2021-12-13,74.33999633789062,74.81999969482422,72.86000061035156,73.12999725341797,68.28191375732422,6883900
2021-12-14,72.68000030517578,73.69000244140625,72.58999633789062,72.94000244140625,68.1045150756836,6972700
2021-12-15,72.81999969482422,73.19999694824219,71.33000183105469,73.05999755859375,68.216552734375,5940800
2021-12-16,74.19999694824219,74.72000122070312,73.44999694824219,73.47000122070312,68.59938049316406,9558000
2021-12-17,73.47000122070312,74.56999969482422,72.3499984741211,74.0199966430664,69.1129150390625,11378800
2021-12-20,72.94999694824219,73.19999694824219,71.33000183105469,72.4800033569336,67.67500305175781,7263300
2021-12-21,73.06999969482422,74.43000030517578,72.77999877929688,74.12000274658203,69.20628356933594,6644300
2021-12-22,74.0199966430664,74.43000030517578,73.45999908447266,74.0,69.09423065185547,4852400
2021-12-23,74.08999633789062,74.38999938964844,73.5,73.75,68.86080169677734,4625900
2021-12-27,73.73999786376953,74.52999877929688,73.7300033569336,74.29000091552734,69.36500549316406,3165300
2021-12-28,74.16999816894531,75.30000305175781,74.16999816894531,74.7699966430664,69.81317901611328,2982500
2021-12-29,74.73999786376953,75.91999816894531,74.69999694824219,75.45999908447266,70.45745849609375,2884100
2021-12-30,75.3499984741211,76.12999725341797,75.3499984741211,75.52999877929688,70.5228042602539,2799100
2021-12-31,75.6500015258789,76.33000183105469,75.37999725341797,75.91999816894531,70.88695526123047,3193200
2022-01-03,75.83000183105469,76.58999633789062,75.48999786376953,75.55000305175781,70.54149627685547,4814900
2022-01-04,75.70999908447266,77.3499984741211,75.70999908447266,76.72000122070312,71.63392639160156,5905700
2022-01-05,76.97000122070312,77.33000183105469,75.08999633789062,75.13999938964844,70.1586685180664,5101900
2022-01-06,75.55999755859375,75.98999786376953,74.73999786376953,75.47000122070312,70.46678924560547,4059900
2022-01-07,74.93000030517578,75.41999816894531,74.19000244140625,74.37999725341797,69.44905090332031,5497700
2022-01-10,73.62999725341797,73.86000061035156,70.12000274658203,72.48999786376953,67.6843490600586,7964500
2022-01-11,72.48999786376953,74.63999938964844,72.08000183105469,74.20999908447266,69.29032135009766,5682300
2022-01-12,74.41000366210938,75.41999816894531,73.22000122070312,73.41000366210938,68.54335021972656,5654100
2022-01-13,74.05000305175781,74.13999938964844,72.36000061035156,72.61000061035156,67.79638671875,6149400
2022-01-14,71.83000183105469,71.97000122070312,70.27999877929688,71.18000030517578,66.46119689941406,6631100
2022-01-18,70.23999786376953,70.66999816894531,68.76000213623047,68.91000366210938,64.34168243408203,9601600
2022-01-19,69.3499984741211,70.33999633789062,68.44000244140625,68.51000213623047,63.96818923950195,6621100
2022-01-20,68.68000030517578,69.56999969482422,67.26000213623047,67.33000183105469,62.86643600463867,6669000
2022-01-21,67.06999969482422,68.72000122070312,66.58999633789062,67.45999908447266,62.987796783447266,8652900
2022-01-24,66.45999908447266,69.13999938964844,65.8499984741211,69.05999755859375,64.48174285888672,10903800
2022-01-25,68.0,69.27999877929688,66.87999725341797,68.68000030517578,64.1269302368164,8265700
2022-01-26,69.20999908447266,70.95999908447266,68.37000274658203,69.0999984741211,64.51905822753906,7358200
2022-01-27,70.43000030517578,71.27999877929688,69.25,69.62000274658203,65.00462341308594,6184700
2022-01-28,69.5199966430664,71.4000015258789,68.63999938964844,71.37999725341797,66.64793395996094,7180600
2022-01-31,71.08000183105469,72.0999984741211,70.80000305175781,71.97000122070312,67.19881439208984,4543000
2022-02-01,72.19000244140625,72.94000244140625,71.77999877929688,72.80000305175781,67.9737777709961,4461700
2022-02-02,72.70999908447266,73.13999938964844,71.37000274658203,72.02999877929688,67.25484466552734,5400500
2022-02-03,71.5,71.83000183105469,69.66000366210938,69.80999755859375,65.1820068359375,5802300
2022-02-04,69.26000213623047,69.77999877929688,68.16999816894531,69.18000030517578,64.59376525878906,4991100
2022-02-07,69.58999633789062,70.11000061035156,68.58999633789062,69.3499984741211,64.75250244140625,4750800
2022-02-08,69.30999755859375,70.72000122070312,68.9800033569336,70.44000244140625,65.77024841308594,4464500
2022-02-09,71.0,72.11000061035156,70.86000061035156,71.47000122070312,66.97918701171875,4041800
2022-02-10,70.12999725341797,71.72000122070312,70.04000091552734,70.63999938964844,66.20135498046875,3856000
2022-02-11,70.44999694824219,70.69000244140625,68.48999786376953,68.69999694824219,64.38326263427734,4807400
2022-02-14,68.79000091552734,69.01000213623047,67.5999984741211,67.98999786376953,63.71784210205078,6472000
2022-02-15,68.45999908447266,69.11000061035156,68.25,68.88999938964844,64.5613021850586,6474200
2022-02-16,68.4000015258789,68.83999633789062,66.25,67.0999984741211,62.8837776184082,5802000
2022-02-17,66.26000213623047,66.8499984741211,64.86000061035156,65.16999816894531,61.07504653930664,6591000
2022-02-18,65.12000274658203,66.51000213623047,64.95999908447266,66.1500015258789,61.99348068237305,6050800
2022-02-22,66.05999755859375,66.91000366210938,64.97000122070312,65.25,61.1500244140625,8055300
2022-02-23,60.91999816894531,65.83999633789062,59.849998474121094,62.5,58.572818756103516,25852500
2022-02-24,61.5099983215332,64.80000305175781,60.9900016784668,64.69000244140625,60.62522506713867,9786500
2022-02-25,64.63999938964844,66.8499984741211,64.30999755859375,66.77999877929688,62.58388137817383,6400700
2022-02-28,65.4000015258789,66.36000061035156,65.01000213623047,66.0999984741211,61.94660949707031,7647800
2022-03-01,66.16000366210938,66.33999633789062,63.52000045776367,63.900001525878906,59.88485336303711,6279400
2022-03-02,64.44000244140625,67.58000183105469,64.41000366210938,66.12000274658203,61.965354919433594,8125200
2022-03-03,66.02999877929688,66.12000274658203,65.0,65.70999908447266,61.58112716674805,5186300
2022-03-04,64.91999816894531,65.19000244140625,62.189998626708984,62.540000915527344,58.61030960083008,8971500
2022-03-07,62.439998626708984,63.0099983215332,58.06999969482422,58.33000183105469,54.66484832763672,11448700
2022-03-08,58.16999816894531,61.09000015258789,57.91999816894531,60.0,56.22990417480469,11952400
2022-03-09,61.70000076293945,62.650001525878906,61.150001525878906,61.189998626708984,57.34513473510742,5773800
2022-03-10,59.81999969482422,62.08000183105469,59.56999969482422,62.04999923706055,58.15109634399414,5809100
2022-03-11,62.29999923706055,62.5099983215332,61.2599983215332,61.43000030517578,57.5700569152832,5300600
2022-03-14,61.540000915527344,62.09000015258789,60.95000076293945,61.25,57.4013671875,4889200
2022-03-15,61.7599983215332,62.83000183105469,61.369998931884766,61.720001220703125,57.84183120727539,6422200
2022-03-16,62.43000030517578,63.650001525878906,61.54999923706055,62.540000915527344,58.61030960083008,8278000
2022-03-17,61.869998931884766,62.72999954223633,61.45000076293945,62.25,58.33853530883789,8139200
2022-03-18,62.0,62.619998931884766,61.2400016784668,62.439998626708984,58.51658630371094,11728300
2022-03-21,62.83000183105469,62.83000183105469,60.47999954223633,60.9900016784668,57.15770721435547,7342900
2022-03-22,61.43000030517578,62.29999923706055,60.97999954223633,61.130001068115234,57.288909912109375,13372400
2022-03-23,60.63999938964844,60.72999954223633,59.41999816894531,59.47999954223633,55.742576599121094,8240700
2022-03-24,59.72999954223633,60.33000183105469,58.97999954223633,60.06999969482422,56.29551696777344,8633000
2022-03-25,60.7400016784668,61.439998626708984,60.040000915527344,61.290000915527344,57.4388542175293,10110400
2022-03-28,60.400001525878906,62.0099983215332,60.36000061035156,62.0,58.10423278808594,10417000
2022-03-29,62.63999938964844,64.48999786376953,62.630001068115234,64.30999755859375,60.269073486328125,9812500
2022-03-30,63.380001068115234,63.7599983215332,61.83000183105469,62.0,58.10423278808594,7937100
2022-03-31,61.599998474121094,62.209999084472656,60.4900016784668,60.58000183105469,56.77346420288086,10282200
2022-04-01,60.720001220703125,61.040000915527344,60.029998779296875,60.88999938964844,57.06398391723633,5762000
2022-04-04,60.810001373291016,62.29999923706055,60.439998626708984,62.06999969482422,58.169830322265625,5855000
2022-04-05,60.38999938964844,62.08000183105469,60.16999816894531,61.709999084472656,57.83245849609375,6130300
2022-04-06,60.90999984741211,61.09000015258789,59.779998779296875,60.529998779296875,56.72660827636719,8641500
2022-04-07,59.959999084472656,61.7400016784668,59.470001220703125,61.33000183105469,57.47633743286133,7628300
2022-04-08,61.2599983215332,62.310001373291016,60.880001068115234,61.560001373291016,57.69188690185547,7604400
2022-04-11,61.97999954223633,63.36000061035156,61.77000045776367,61.86000061035156,57.9730339050293,6230000
2022-04-12,62.400001525878906,64.04000091552734,62.34000015258789,62.83000183105469,58.882076263427734,5873900
2022-04-13,63.06999969482422,64.01000213623047,62.7599983215332,63.70000076293945,59.69742202758789,6107600
2022-04-14,63.86000061035156,64.38999938964844,62.56999969482422,62.709999084472656,58.76962661743164,6511000
2022-04-18,62.41999816894531,63.11000061035156,62.099998474121094,62.439998626708984,58.51658630371094,4521800
2022-04-19,62.56999969482422,65.62999725341797,62.43000030517578,65.43000030517578,61.318702697753906,9021100
2022-04-20,66.25,67.43000030517578,66.18000030517578,66.77999877929688,62.58388137817383,7942800
2022-04-21,67.5999984741211,68.29000091552734,65.73999786376953,65.94000244140625,61.796661376953125,7815200
2022-04-22,64.33000183105469,65.37000274658203,62.630001068115234,62.709999084472656,58.76962661743164,5424600
2022-04-25,62.290000915527344,63.439998626708984,61.27000045776367,63.38999938964844,59.406898498535156,6331700
2022-04-26,62.650001525878906,63.25,61.41999816894531,61.41999816894531,57.56067657470703,5744200
2022-04-27,61.40999984741211,62.0099983215332,60.72999954223633,61.470001220703125,57.60753631591797,7501700
2022-04-28,62.349998474121094,63.709999084472656,61.689998626708984,63.34000015258789,59.36003875732422,4236400
2022-04-29,62.7599983215332,63.029998779296875,61.060001373291016,61.279998779296875,57.42947769165039,6981400
2022-05-02,61.68000030517578,62.34000015258789,60.540000915527344,62.29999923706055,58.38538360595703,8136500
2022-05-03,62.65999984741211,62.68000030517578,61.31999969482422,62.02000045776367,58.12298583984375,4447700
2022-05-04,61.97999954223633,64.13999938964844,61.2599983215332,64.06999969482422,60.04417037963867,4747200
2022-05-05,62.970001220703125,63.540000915527344,60.91999816894531,61.709999084472656,57.83245849609375,5940400
2022-05-06,61.220001220703125,61.220001220703125,59.02000045776367,60.40999984741211,56.614139556884766,6099000
2022-05-09,59.779998779296875,61.119998931884766,58.83000183105469,59.13999938964844,55.42393493652344,8264800
2022-05-10,59.58000183105469,59.90999984741211,55.470001220703125,56.20000076293945,52.66868209838867,9331900
2022-05-11,56.41999816894531,56.68000030517578,54.86000061035156,54.9900016784668,51.80664825439453,8399600
2022-05-12,54.619998931884766,56.290000915527344,54.4900016784668,56.0,52.758182525634766,8510600
2022-05-13,56.720001220703125,57.56999969482422,56.06999969482422,57.189998626708984,53.87928771972656,8036400
2022-05-16,56.63999938964844,56.849998474121094,55.560001373291016,56.119998931884766,52.871219635009766,7952300
2022-05-17,55.84000015258789,56.209999084472656,53.689998626708984,56.189998626708984,52.93717956542969,13982300
2022-05-18,61.45000076293945,63.040000915527344,59.0099983215332,60.189998626708984,56.70561599731445,26649700
2022-05-19,59.619998931884766,62.900001525878906,59.0,61.40999984741211,57.8549919128418,13905700
2022-05-20,58.61000061035156,59.849998474121094,55.720001220703125,57.869998931884766,54.519920349121094,15719000
2022-05-23,58.11000061035156,61.119998931884766,57.75,60.310001373291016,56.818668365478516,9251700
2022-05-24,59.20000076293945,59.869998931884766,58.47999954223633,59.68000030517578,56.22514724731445,6998800
2022-05-25,59.45000076293945,61.77000045776367,59.0,61.220001220703125,57.67599105834961,6851700
2022-05-26,62.83000183105469,64.30000305175781,61.84000015258789,64.11000061035156,60.3986930847168,10821900
2022-05-27,63.779998779296875,64.83999633789062,63.369998931884766,64.58999633789062,60.850914001464844,6524400
2022-05-31,64.23999786376953,64.23999786376953,62.630001068115234,63.56999969482422,59.88995361328125,7561200
2022-06-01,64.36000061035156,64.43000030517578,62.2599983215332,62.5,58.88189697265625,4158800
2022-06-02,62.939998626708984,63.88999938964844,62.68000030517578,63.77000045776367,60.0783805847168,3436900
2022-06-03,63.599998474121094,63.869998931884766,61.90999984741211,62.029998779296875,58.43909454345703,4894200
2022-06-06,62.41999816894531,62.540000915527344,61.380001068115234,61.72999954223633,58.156463623046875,3905100
2022-06-07,59.90999984741211,61.279998779296875,59.27000045776367,61.04999923706055,57.51583480834961,6706100
2022-06-08,61.09000015258789,62.380001068115234,60.52000045776367,61.43000030517578,57.87384033203125,4250000
2022-06-09,61.16999816894531,61.65999984741211,60.650001525878906,60.650001525878906,57.13899612426758,3852300
2022-06-10,59.38999938964844,60.29999923706055,58.7599983215332,58.970001220703125,55.556243896484375,4862700
2022-06-13,57.290000915527344,58.08000183105469,57.029998779296875,57.33000183105469,54.011192321777344,7137400
2022-06-14,57.369998931884766,58.31999969482422,57.16999816894531,57.33000183105469,54.011192321777344,5863800
2022-06-15,57.54999923706055,58.189998626708984,56.84000015258789,57.630001068115234,54.29381561279297,7151900
2022-06-16,56.529998779296875,56.97999954223633,55.959999084472656,56.7400016784668,53.45534133911133,9118900
2022-06-17,56.459999084472656,57.36000061035156,56.02000045776367,56.619998931884766,53.34229278564453,12330100
2022-06-21,57.77000045776367,58.279998779296875,57.029998779296875,57.4900016784668,54.16192626953125,6140000
2022-06-22,56.90999984741211,57.7400016784668,56.72999954223633,57.06999969482422,53.76624298095703,6373500
2022-06-23,57.380001068115234,57.779998779296875,56.349998474121094,57.29999923706055,53.982913970947266,4435500
2022-06-24,57.81999969482422,60.310001373291016,57.58000183105469,60.2400016784668,56.75271987915039,7373800
2022-06-27,60.7400016784668,60.900001525878906,59.52000045776367,59.810001373291016,56.34762191772461,5093800
2022-06-28,60.130001068115234,60.59000015258789,57.439998626708984,57.47999954223633,54.15250015258789,5850400
2022-06-29,57.33000183105469,57.529998779296875,56.7400016784668,57.09000015258789,53.78507614135742,3741100
2022-06-30,56.06999969482422,56.66999816894531,55.54999923706055,55.849998474121094,52.61686325073242,5708300
2022-07-01,55.599998474121094,56.119998931884766,54.54999923706055,56.040000915527344,52.79586410522461,5391800
2022-07-05,55.439998626708984,58.310001373291016,55.33000183105469,57.58000183105469,54.2467155456543,8365000
2022-07-06,57.86000061035156,58.66999816894531,57.06999969482422,57.970001220703125,54.61412811279297,5698600
2022-07-07,58.189998626708984,59.959999084472656,58.04999923706055,59.4900016784668,56.046146392822266,6823900
2022-07-08,59.380001068115234,59.779998779296875,58.880001068115234,58.939998626708984,55.527976989746094,5960500
2022-07-11,58.65999984741211,59.06999969482422,58.130001068115234,58.400001525878906,55.01924514770508,4086300
2022-07-12,58.31999969482422,59.59000015258789,58.27000045776367,58.97999954223633,55.565670013427734,5367300
2022-07-13,58.029998779296875,59.439998626708984,57.7599983215332,59.08000183105469,55.65988540649414,5630600
2022-07-14,58.029998779296875,58.9900016784668,57.9900016784668,58.75,55.34898376464844,4195900
2022-07-15,59.560001373291016,60.58000183105469,59.38999938964844,60.560001373291016,57.05419921875,7248800
2022-07-18,61.0099983215332,61.7400016784668,60.45000076293945,60.4900016784668,56.98825454711914,7520700
2022-07-19,61.29999923706055,62.7599983215332,60.9900016784668,62.650001525878906,59.023216247558594,5848000
2022-07-20,62.540000915527344,63.27000045776367,62.33000183105469,63.040000915527344,59.3906364440918,4128900
2022-07-21,62.95000076293945,63.790000915527344,62.689998626708984,63.7400016784668,60.05012130737305,2966200
2022-07-22,64.0,64.66000366210938,63.189998626708984,63.7599983215332,60.06895065307617,5040100
2022-07-25,63.599998474121094,63.7599983215332,62.7400016784668,63.290000915527344,59.62616729736328,5311500
2022-07-26,60.970001220703125,61.29999923706055,60.36000061035156,60.65999984741211,57.14840316772461,7473500
2022-07-27,60.310001373291016,61.29999923706055,59.810001373291016,60.79999923706055,57.28030776977539,5908600
2022-07-28,61.02000045776367,61.56999969482422,60.45000076293945,61.189998626708984,57.647727966308594,5588900
2022-07-29,61.34000015258789,61.7599983215332,60.09000015258789,61.15999984741211,57.61946487426758,6669200
2022-08-01,60.83000183105469,62.84000015258789,60.75,62.650001525878906,59.023216247558594,6196900
2022-08-02,62.310001373291016,62.4900016784668,61.08000183105469,61.63999938964844,58.071685791015625,5947300
2022-08-03,62.2400016784668,63.56999969482422,61.91999816894531,63.220001220703125,59.56022262573242,3711800
2022-08-04,63.709999084472656,63.95000076293945,63.0099983215332,63.279998779296875,59.61675262451172,3445700
2022-08-05,62.4900016784668,63.099998474121094,62.22999954223633,62.81999969482422,59.18336868286133,2640400
2022-08-08,63.400001525878906,64.2699966430664,63.369998931884766,63.68000030517578,59.99357604980469,4694100
2022-08-09,63.5099983215332,63.560001373291016,62.22999954223633,62.70000076293945,59.07032012939453,5572400
2022-08-10,63.65999984741211,64.25,62.900001525878906,63.029998779296875,59.66191864013672,5284900
2022-08-11,63.91999816894531,65.27999877929688,63.77000045776367,64.41000366210938,60.96818161010742,4339900
2022-08-12,64.47000122070312,65.5,63.9900016784668,65.47000122070312,61.97154235839844,5058400
2022-08-15,65.25,66.38999938964844,65.08000183105469,65.37000274658203,61.876895904541016,5306500
2022-08-16,65.2300033569336,67.77999877929688,65.2300033569336,66.6500015258789,63.088478088378906,7562200
2022-08-17,65.97000122070312,69.7699966430664,65.47000122070312,68.54000091552734,64.87747955322266,12745900
2022-08-18,67.77999877929688,68.30000305175781,66.94999694824219,68.01000213623047,64.3758316040039,6770700
2022-08-19,67.62000274658203,67.83000183105469,66.2300033569336,66.4000015258789,62.851844787597656,6078500
2022-08-22,66.0,66.0,63.79999923706055,64.38999938964844,60.949256896972656,4734900
2022-08-23,64.30999755859375,64.69000244140625,63.689998626708984,63.88999938964844,60.4759635925293,4163700
2022-08-24,63.63999938964844,64.94999694824219,63.2599983215332,64.37000274658203,60.930328369140625,5563000
2022-08-25,63.79999923706055,65.4800033569336,63.470001220703125,65.08999633789062,61.6118278503418,6919000
2022-08-26,65.27999877929688,65.73999786376953,62.880001068115234,62.88999938964844,59.52939987182617,4409900
2022-08-29,62.54999923706055,63.72999954223633,62.45000076293945,63.119998931884766,59.74711608886719,4351400
2022-08-30,63.4900016784668,63.709999084472656,62.0099983215332,62.560001373291016,59.217037200927734,4707400
2022-08-31,62.130001068115234,62.83000183105469,61.86000061035156,62.349998474121094,59.01825714111328,6310100
2022-09-01,62.439998626708984,63.90999984741211,62.060001373291016,63.84000015258789,60.42863845825195,4530800
2022-09-02,64.18000030517578,64.56999969482422,63.130001068115234,63.52000045776367,60.125736236572266,4055300
2022-09-06,63.529998779296875,63.86000061035156,62.209999084472656,62.88999938964844,59.52939987182617,4359200
2022-09-07,62.849998474121094,65.97000122070312,62.79999923706055,65.83999633789062,62.32176208496094,4732800
2022-09-08,65.0199966430664,66.5,64.66999816894531,66.47000122070312,62.9181022644043,4956800
2022-09-09,66.25,66.98999786376953,66.12000274658203,66.62000274658203,63.06008529663086,4376300
2022-09-12,66.98999786376953,67.80000305175781,66.48999786376953,66.9800033569336,63.40085220336914,3635000
2022-09-13,65.33999633789062,66.01000213623047,64.37000274658203,64.55999755859375,61.11016082763672,5416900
2022-09-14,64.9000015258789,65.11000061035156,63.709999084472656,64.36000061035156,60.92084503173828,4648100
2022-09-15,64.66999816894531,65.81999969482422,64.5,64.87999725341797,61.413063049316406,4366100
2022-09-16,64.27999877929688,65.25,64.01000213623047,64.66000366210938,61.2048225402832,6657200
2022-09-19,64.25,65.58999633789062,64.16999816894531,65.54000091552734,62.03779602050781,4047700
2022-09-20,64.94999694824219,65.0,62.7599983215332,63.720001220703125,60.3150520324707,4707100
2022-09-21,64.0199966430664,65.0,62.959999084472656,62.959999084472656,59.59565734863281,3093300
2022-09-22,63.0099983215332,63.34000015258789,61.97999954223633,62.0099983215332,58.69643020629883,5146200
2022-09-23,61.63999938964844,61.880001068115234,60.709999084472656,61.27000045776367,57.995975494384766,4677700
2022-09-26,61.38999938964844,62.0099983215332,60.15999984741211,60.310001373291016,57.08726501464844,5108300
2022-09-27,60.939998626708984,61.689998626708984,59.810001373291016,60.56999969482422,57.33336639404297,4400200
2022-09-28,61.060001373291016,62.689998626708984,60.7400016784668,62.310001373291016,58.98039245605469,6416700
2022-09-29,61.86000061035156,61.970001220703125,60.779998779296875,61.34000015258789,58.06222152709961,4500700
2022-09-30,60.79999923706055,63.369998931884766,59.779998779296875,62.119998931884766,58.8005485534668,8322100
2022-10-03,63.029998779296875,63.59000015258789,61.810001373291016,62.900001525878906,59.53887176513672,5927700
2022-10-04,64.29000091552734,65.55000305175781,64.1500015258789,65.41999816894531,61.92421340942383,5831300
2022-10-05,64.80999755859375,66.16000366210938,64.69000244140625,65.80000305175781,62.283905029296875,4066900
2022-10-06,66.05000305175781,66.62999725341797,64.9000015258789,65.08999633789062,61.6118278503418,5122500
2022-10-07,64.51000213623047,64.8499984741211,63.939998626708984,64.58999633789062,61.13856506347656,5153100
2022-10-10,65.0,65.36000061035156,63.63999938964844,64.33000183105469,60.892459869384766,3169400
2022-10-11,63.90999984741211,65.31999969482422,63.66999816894531,64.36000061035156,60.92084503173828,4251400
2022-10-12,64.41999816894531,64.63999938964844,63.619998931884766,63.880001068115234,60.46649932861328,4700900
2022-10-13,62.5,65.76000213623047,62.25,65.18000030517578,61.6970329284668,5318500
2022-10-14,65.83999633789062,66.48999786376953,63.45000076293945,63.54999923706055,60.15412902832031,4234800
2022-10-17,65.20999908447266,66.4000015258789,65.0199966430664,65.88999938964844,62.36909103393555,5570900
2022-10-18,67.41000366210938,67.83000183105469,66.30000305175781,66.83000183105469,63.25886535644531,4674600
2022-10-19,66.68000030517578,67.33999633789062,65.4000015258789,66.0999984741211,62.567867279052734,3190500
2022-10-20,66.29000091552734,66.83000183105469,65.19999694824219,65.36000061035156,61.8674201965332,3985200
2022-10-21,65.30999755859375,68.05999755859375,65.2699966430664,67.61000061035156,63.997188568115234,5865200
2022-10-24,67.93000030517578,69.30000305175781,67.69000244140625,69.18000030517578,65.4832763671875,5044200
2022-10-25,69.91000366210938,71.33999633789062,69.38999938964844,70.45999908447266,66.69489288330078,6383500
2022-10-26,70.76000213623047,71.87000274658203,70.41000366210938,70.91000366210938,67.12084197998047,4420100
2022-10-27,71.11000061035156,72.5,71.05000305175781,71.91000366210938,68.06742095947266,5216700
2022-10-28,71.8499984741211,72.98999786376953,71.25,72.5,68.62589263916016,6658900
2022-10-31,72.16999816894531,73.01000213623047,71.97000122070312,72.0999984741211,68.24726867675781,5887400
2022-11-01,72.55999755859375,72.91999816894531,70.4800033569336,71.76000213623047,67.92542266845703,5222500
2022-11-02,71.66000366210938,72.69000244140625,70.2699966430664,70.29000091552734,66.5339584350586,4432400
2022-11-03,70.19999694824219,71.73999786376953,69.94999694824219,71.19999694824219,67.3953628540039,3886500
2022-11-04,71.76000213623047,72.31999969482422,70.06999969482422,71.19000244140625,67.38587951660156,4970400
2022-11-07,71.48999786376953,72.31999969482422,70.0999984741211,72.12000274658203,68.26618194580078,5189900
2022-11-08,72.5999984741211,72.6500015258789,70.45999908447266,71.48999786376953,67.66984558105469,4279400
2022-11-09,71.58999633789062,72.16000366210938,69.93000030517578,70.08000183105469,66.61006927490234,3797900
2022-11-10,72.95999908447266,74.26000213623047,72.55000305175781,74.0,70.3359603881836,5848100
2022-11-11,74.47000122070312,75.0,73.19000244140625,73.9000015258789,70.24091339111328,5988600
2022-11-14,73.45999908447266,74.16999816894531,72.94000244140625,73.05999755859375,69.44251251220703,6371000
2022-11-15,74.44999694824219,76.0999984741211,74.23999786376953,75.12000274658203,71.40050506591797,9634900
2022-11-16,74.37999725341797,79.4000015258789,74.3499984741211,79.0199966430664,75.10740661621094,12943900
2022-11-17,76.94999694824219,78.19000244140625,75.81999969482422,77.98999786376953,74.1283950805664,9709100
2022-11-18,78.97000122070312,79.98999786376953,77.73999786376953,78.16000366210938,74.28998565673828,6860200
2022-11-21,77.38999938964844,79.05999755859375,77.38999938964844,79.0,75.08837127685547,5493300
2022-11-22,79.5,80.44999694824219,78.69000244140625,80.11000061035156,76.14344024658203,8887400
2022-11-23,80.0,80.86000061035156,79.87999725341797,80.54000091552734,76.55215454101562,6499000
2022-11-25,81.0,81.16999816894531,80.19000244140625,81.02999877929688,77.01787567138672,2454100
2022-11-28,79.98999786376953,80.91999816894531,79.83999633789062,80.02999877929688,76.0673828125,5328900
2022-11-29,80.33999633789062,80.48999786376953,79.41999816894531,80.16000366210938,76.19096374511719,4771300
2022-11-30,80.0,80.16000366210938,78.91000366210938,80.05000305175781,76.0864028930664,10392200
2022-12-01,80.38999938964844,80.38999938964844,78.7699966430664,79.73999786376953,75.79174041748047,6758800
2022-12-02,79.30000305175781,80.69000244140625,78.8499984741211,80.19000244140625,76.21947479248047,4776700
2022-12-05,78.80999755859375,79.87000274658203,78.3499984741211,79.45999908447266,75.5256118774414,4443500
2022-12-06,80.33999633789062,81.1500015258789,78.87999725341797,79.36000061035156,75.4305648803711,4864100
2022-12-07,79.19000244140625,79.91000366210938,78.91000366210938,79.4000015258789,75.46858978271484,5222800
2022-12-08,80.0,80.4000015258789,78.48999786376953,78.68000030517578,74.78424072265625,6358500
2022-12-09,77.62999725341797,78.41000366210938,76.7699966430664,78.05999755859375,74.19493103027344,6594700
2022-12-12,78.56999969482422,78.77999877929688,77.80000305175781,78.76000213623047,74.86028289794922,5570200
2022-12-13,80.69000244140625,80.69000244140625,78.55000305175781,79.16000366210938,75.24049377441406,5808900
2022-12-14,79.37999725341797,79.9000015258789,78.55999755859375,79.29000091552734,75.36402893066406,4749300
2022-12-15,78.4800033569336,79.48999786376953,77.83000183105469,78.66000366210938,74.7652359008789,5929500
2022-12-16,78.18000030517578,78.69999694824219,77.44000244140625,77.6500015258789,73.80523681640625,12375900
2022-12-19,78.0,78.68000030517578,77.62999725341797,78.08999633789062,74.22344207763672,3914200
2022-12-20,78.23999786376953,78.38999938964844,77.47000122070312,77.58999633789062,73.74820709228516,3953200
2022-12-21,78.56999969482422,79.22000122070312,78.29000091552734,78.83999633789062,74.93630981445312,4109900
2022-12-22,78.1500015258789,78.41999816894531,77.30999755859375,78.41999816894531,74.53711700439453,3962100
2022-12-23,78.36000061035156,79.5,78.01000213623047,79.5,75.56364440917969,2318300
2022-12-27,79.6500015258789,80.0,78.91999816894531,79.02999877929688,75.11688995361328,3351500
2022-12-28,78.95999908447266,79.33000183105469,78.25,78.69000244140625,74.79374694824219,3052500
2022-12-29,79.12999725341797,79.88999938964844,78.94999694824219,79.33999633789062,75.41154479980469,2569600
2022-12-30,78.91999816894531,79.72000122070312,78.62999725341797,79.5999984741211,75.65867614746094,3074100
2023-01-03,79.7300033569336,79.9800033569336,78.55000305175781,79.01000213623047,75.09790802001953,4264700
2023-01-04,79.86000061035156,80.58999633789062,79.23999786376953,79.86000061035156,75.90581512451172,4262700
2023-01-05,80.08000183105469,80.94000244140625,79.58000183105469,80.6500015258789,76.65670776367188,4762600
2023-01-06,81.12999725341797,83.08000183105469,80.87000274658203,82.72000122070312,78.62419128417969,4673100
2023-01-09,82.47000122070312,83.12999725341797,81.41999816894531,81.51000213623047,77.47412109375,5960800
2023-01-10,81.5,82.5,81.4000015258789,82.44000244140625,78.35807037353516,3914400
2023-01-11,82.91999816894531,83.02999877929688,81.9000015258789,82.2699966430664,78.19646453857422,6035000
2023-01-12,82.16999816894531,82.30999755859375,81.05000305175781,81.91999816894531,77.86380004882812,5268800
2023-01-13,81.83000183105469,82.54000091552734,81.26000213623047,81.52999877929688,77.49311828613281,4649900
2023-01-17,81.55999755859375,82.06999969482422,81.29000091552734,81.55000305175781,77.51213836669922,5283100
2023-01-18,81.66999816894531,81.98999786376953,79.66999816894531,79.80999755859375,75.85829162597656,4448800
2023-01-19,79.7300033569336,80.12999725341797,79.33000183105469,79.41000366210938,75.47811126708984,5280800
2023-01-20,79.1500015258789,79.54000091552734,78.5199966430664,79.54000091552734,75.60164642333984,10633100
2023-01-23,79.66000366210938,79.9800033569336,78.93000030517578,79.16999816894531,75.2499771118164,6463900
2023-01-24,79.38999938964844,81.31999969482422,79.05000305175781,81.30000305175781,77.2745132446289,7853700
2023-01-25,80.8499984741211,82.6500015258789,80.38999938964844,82.6500015258789,78.55767059326172,5111900
2023-01-26,82.80000305175781,83.05999755859375,81.80999755859375,82.45999908447266,78.37706756591797,5161200
2023-01-27,82.69999694824219,82.98999786376953,81.70999908447266,81.88999938964844,77.8353042602539,3920800
2023-01-30,81.9000015258789,82.19999694824219,81.22000122070312,81.51000213623047,77.47412109375,4289000
2023-01-31,81.51000213623047,82.0,81.30000305175781,81.86000061035156,77.80680084228516,4795500
2023-02-01,81.98999786376953,82.7699966430664,81.02999877929688,82.41999816894531,78.33904266357422,5355400
2023-02-02,82.31999969482422,82.54000091552734,80.26000213623047,80.38999938964844,76.40956115722656,9315300
2023-02-03,80.20999908447266,81.08000183105469,79.80999755859375,80.5199966430664,76.53313446044922,9091000
2023-02-06,80.51000213623047,81.83000183105469,80.04000091552734,80.1500015258789,76.18144226074219,4855100
2023-02-07,79.27999877929688,79.91999816894531,78.20999908447266,79.86000061035156,75.90581512451172,5448400
2023-02-08,79.41999816894531,81.01000213623047,78.83999633789062,80.30999755859375,76.61654663085938,6417800
2023-02-09,80.69999694824219,81.68000030517578,80.69999694824219,80.76000213623047,77.04586791992188,4560900
2023-02-10,80.05999755859375,80.4000015258789,79.79000091552734,80.25,76.5593032836914,3547300
2023-02-13,80.37999725341797,80.98999786376953,80.2300033569336,80.55999755859375,76.85504150390625,5669600
2023-02-14,80.41999816894531,81.12999725341797,80.12999725341797,80.72000122070312,77.00767517089844,3736300
2023-02-15,80.36000061035156,80.87999725341797,80.05999755859375,80.6500015258789,76.94091796875,3389300
2023-02-16,79.68000030517578,80.36000061035156,79.43000030517578,79.62000274658203,75.95828247070312,4739800
2023-02-17,79.62999725341797,80.12000274658203,79.41000366210938,79.83000183105469,76.15861511230469,4926200
2023-02-21,79.08999633789062,79.62999725341797,78.5999984741211,78.81999969482422,75.19508361816406,7122600
2023-02-22,78.19999694824219,78.58000183105469,76.81999969482422,77.45999908447266,73.89761352539062,10844400
2023-02-23,77.86000061035156,77.9800033569336,76.19999694824219,77.75,74.17427062988281,6463800
2023-02-24,77.18000030517578,77.69999694824219,76.48999786376953,77.19000244140625,73.6400375366211,6312100
2023-02-27,78.0199966430664,78.0199966430664,76.4800033569336,76.9000015258789,73.3633804321289,5270000
2023-02-28,77.0,77.27999877929688,76.43000030517578,76.5999984741211,73.07717895507812,5626300
2023-03-01,76.11000061035156,76.91000366210938,75.73999786376953,76.86000061035156,73.32521057128906,5512900
2023-03-02,77.19999694824219,77.5,76.06999969482422,76.70999908447266,73.18211364746094,4878500
2023-03-03,77.06999969482422,77.93000030517578,76.80000305175781,77.91000366210938,74.32693481445312,3864100
2023-03-06,77.66000366210938,78.79000091552734,77.5,78.25,74.65129089355469,5819900
2023-03-07,78.58000183105469,78.63999938964844,76.83999633789062,76.9800033569336,73.439697265625,5224700
2023-03-08,77.44000244140625,77.77999877929688,76.55999755859375,77.18000030517578,73.63050079345703,3811600
2023-03-09,76.73999786376953,77.0,74.5199966430664,74.97000122070312,71.52213287353516,7948600
2023-03-10,75.02999877929688,75.81999969482422,74.19000244140625,74.30000305175781,70.88294219970703,4880200
2023-03-13,73.4800033569336,74.5199966430664,72.91999816894531,73.54000091552734,70.15790557861328,5484600
2023-03-14,74.5999984741211,75.0199966430664,73.98999786376953,74.76000213623047,71.3218002319336,4303800
2023-03-15,73.68000030517578,74.5,73.23999786376953,74.16000366210938,70.7493896484375,6420700
2023-03-16,73.7699966430664,74.91000366210938,73.56999969482422,74.5999984741211,71.16914367675781,5314400
2023-03-17,74.04000091552734,74.7699966430664,73.58999633789062,74.4800033569336,71.0546646118164,7790200
2023-03-20,74.58999633789062,75.75,74.55999755859375,75.4000015258789,71.932373046875,4368400
2023-03-21,76.22000122070312,77.12999725341797,76.0,76.36000061035156,72.84821319580078,4539400
2023-03-22,76.81999969482422,76.91000366210938,75.11000061035156,75.12999725341797,71.67476654052734,3820700
2023-03-23,75.23999786376953,75.83000183105469,74.1500015258789,74.62999725341797,71.19776916503906,5003700
2023-03-24,74.44000244140625,74.95999908447266,73.6500015258789,74.87000274658203,71.4267349243164,4643500
2023-03-27,75.3499984741211,75.72000122070312,74.7699966430664,75.37999725341797,71.91328430175781,3873900
2023-03-28,75.8499984741211,76.2300033569336,75.4000015258789,76.20999908447266,72.7051010131836,3209800
2023-03-29,76.38999938964844,76.83000183105469,76.12000274658203,76.55000305175781,73.02945709228516,3766400
2023-03-30,77.29000091552734,77.86000061035156,76.5999984741211,76.91000366210938,73.37290954589844,3034000
2023-03-31,77.41999816894531,78.41000366210938,77.1500015258789,78.36000061035156,74.75623321533203,5104800
2023-04-03,78.08999633789062,78.87999725341797,78.0,78.86000061035156,75.23323059082031,4464500
2023-04-04,79.19999694824219,79.38999938964844,78.55999755859375,78.63999938964844,75.02334594726562,3102800
2023-04-05,78.69999694824219,78.76000213623047,77.86000061035156,78.04000091552734,74.45093536376953,3893900
2023-04-06,77.88999938964844,78.18000030517578,77.37999725341797,78.05000305175781,74.46050262451172,3085900
2023-04-10,77.44000244140625,78.58999633789062,77.44000244140625,78.37999725341797,74.77529907226562,3899100
2023-04-11,78.7300033569336,78.91000366210938,77.94999694824219,78.33999633789062,74.73714447021484,4367200
2023-04-12,78.25,78.51000213623047,76.45999908447266,76.69999694824219,73.17256927490234,4828400
2023-04-13,77.01000213623047,77.43000030517578,76.54000091552734,77.19999694824219,73.64958190917969,5033000
2023-04-14,77.22000122070312,78.0999984741211,76.5999984741211,77.19000244140625,73.6400375366211,3927000
2023-04-17,77.44999694824219,77.62999725341797,76.97000122070312,77.61000061035156,74.04072570800781,4362200
2023-04-18,77.69000244140625,78.05000305175781,77.43000030517578,77.76000213623047,74.18380737304688,3087100
2023-04-19,77.61000061035156,78.04000091552734,77.47000122070312,78.01000213623047,74.42232513427734,2476900
2023-04-20,77.98999786376953,79.20999908447266,77.75,79.06999969482422,75.43357849121094,4634400
2023-04-21,79.43000030517578,79.70999908447266,78.36000061035156,78.43000030517578,74.82299041748047,4009600
2023-04-24,78.80000305175781,78.88999938964844,78.13999938964844,78.52999877929688,74.91839599609375,4041900
2023-04-25,78.30999755859375,78.45999908447266,76.76000213623047,76.83999633789062,73.30612182617188,4275800
2023-04-26,76.44000244140625,77.9000015258789,76.2300033569336,77.45999908447266,73.89761352539062,5043300
2023-04-27,77.8499984741211,78.98999786376953,77.8499984741211,78.94000244140625,75.3095474243164,5084000
2023-04-28,78.88999938964844,79.04000091552734,78.13999938964844,78.81999969482422,75.19508361816406,3448000
2023-05-01,79.04000091552734,79.12999725341797,77.97000122070312,78.31999969482422,74.71806335449219,3607500
2023-05-02,77.83000183105469,78.30000305175781,76.56999969482422,78.23999786376953,74.64173126220703,3652300
2023-05-03,78.47000122070312,78.79000091552734,77.77999877929688,77.83999633789062,74.26012420654297,4199200
2023-05-04,77.75,77.80000305175781,76.66000366210938,77.06999969482422,73.52555847167969,2657900
2023-05-05,77.63999938964844,78.6500015258789,77.4000015258789,78.5,74.88977813720703,3987900
2023-05-08,78.88999938964844,78.88999938964844,78.02999877929688,78.36000061035156,74.75623321533203,3066600
2023-05-09,78.30000305175781,78.79000091552734,77.79000091552734,78.58999633789062,74.97564697265625,3278100
2023-05-10,78.88999938964844,78.95999908447266,77.12999725341797,77.9800033569336,74.71027374267578,3830500
2023-05-11,78.16999816894531,78.3499984741211,77.44000244140625,78.05999755859375,74.78690338134766,3981500
2023-05-12,78.27999877929688,79.26000213623047,78.0,78.98999786376953,75.67790985107422,6158400
2023-05-15,78.88999938964844,79.30999755859375,78.44999694824219,79.25,75.92701721191406,6987400
2023-05-16,78.81999969482422,79.44000244140625,78.20999908447266,78.22000122070312,74.94021606445312,8043500
2023-05-17,78.72000122070312,81.31999969482422,77.36000061035156,78.94999694824219,75.63957977294922,11852400
2023-05-18,78.70999908447266,79.73999786376953,78.08999633789062,79.2699966430664,75.94617462158203,5139300
2023-05-19,79.02999877929688,79.63999938964844,78.36000061035156,79.3499984741211,76.02281951904297,6441200
2023-05-22,79.2699966430664,79.73999786376953,78.38999938964844,78.43000030517578,75.1413803100586,5500900
2023-05-23,78.0,78.30000305175781,77.33000183105469,77.48999786376953,74.24081420898438,5433600
2023-05-24,77.81999969482422,78.0,76.73999786376953,76.81999969482422,73.59890747070312,4693000
2023-05-25,77.0,77.68000030517578,75.7699966430664,75.94000244140625,72.75580596923828,7042200
2023-05-26,75.94000244140625,77.19000244140625,75.79000091552734,77.0,73.7713623046875,4419300
2023-05-30,76.95999908447266,77.18000030517578,76.45999908447266,76.76000213623047,73.54143524169922,4517400
2023-05-31,76.25,77.05999755859375,75.6500015258789,76.79000091552734,73.57014465332031,7077200
2023-06-01,76.44000244140625,77.12000274658203,76.29000091552734,76.6500015258789,73.43602752685547,5223600
2023-06-02,77.3499984741211,78.48999786376953,77.19999694824219,78.11000061035156,74.83482360839844,4910200
2023-06-05,77.91000366210938,78.88999938964844,77.91000366210938,78.86000061035156,75.55335998535156,4988400
2023-06-06,78.83999633789062,79.37999725341797,78.58000183105469,78.66999816894531,75.37133026123047,5110600
2023-06-07,78.66000366210938,78.91000366210938,77.26000213623047,78.11000061035156,74.83482360839844,5521300
2023-06-08,78.12000274658203,78.3499984741211,77.44000244140625,77.76000213623047,74.49947357177734,4746800
2023-06-09,78.29000091552734,79.66000366210938,78.08000183105469,79.36000061035156,76.03240203857422,4629800
2023-06-12,79.66999816894531,80.23999786376953,79.33999633789062,80.02999877929688,76.6742935180664,4553400
2023-06-13,80.69999694824219,81.8499984741211,80.56999969482422,81.02999877929688,77.63236999511719,5186300
2023-06-14,80.86000061035156,81.05000305175781,79.62999725341797,79.9000015258789,76.54975891113281,4902500
2023-06-15,79.95999908447266,81.58999633789062,79.86000061035156,81.4800033569336,78.06350708007812,5003400
2023-06-16,82.0,82.16999816894531,80.94000244140625,81.26000213623047,77.85272979736328,8394200
2023-06-20,80.93000030517578,81.51000213623047,80.31999969482422,80.38999938964844,77.01920318603516,6513600
2023-06-21,80.6500015258789,81.16999816894531,80.16000366210938,80.87000274658203,77.47908020019531,4920500
2023-06-22,81.7699966430664,81.81999969482422,80.94000244140625,81.4800033569336,78.06350708007812,3763900
2023-06-23,81.16999816894531,82.29000091552734,81.05999755859375,82.05999755859375,78.61919403076172,4912100
2023-06-26,82.04000091552734,82.27999877929688,81.6500015258789,81.72000122070312,78.29344177246094,3650300
2023-06-27,82.31999969482422,83.27999877929688,82.31999969482422,82.80000305175781,79.32816314697266,4318600
2023-06-28,82.77999877929688,83.33999633789062,82.30000305175781,82.66000366210938,79.19403839111328,3972600
2023-06-29,83.33999633789062,83.83000183105469,83.08999633789062,83.73999786376953,80.22875213623047,4138700
2023-06-30,84.0,85.2300033569336,83.88999938964844,84.79000091552734,81.2347183227539,4579900
2023-07-03,84.41000366210938,84.9000015258789,84.23999786376953,84.23999786376953,80.70777893066406,2181800
2023-07-05,84.02999877929688,84.75,83.87999725341797,84.69999694824219,81.14848327636719,4912900
2023-07-06,84.38999938964844,84.7300033569336,83.3499984741211,83.44000244140625,79.94134521484375,4677100
2023-07-07,83.0,83.25,82.54000091552734,82.69999694824219,79.23235321044922,4533100
2023-07-10,82.25,83.66000366210938,82.25,83.56999969482422,80.06587219238281,3807000
2023-07-11,83.95999908447266,84.83000183105469,83.5999984741211,84.73999786376953,81.18681335449219,3722600
2023-07-12,86.1500015258789,86.43000030517578,85.1500015258789,85.25,81.67543029785156,6298800
2023-07-13,85.33999633789062,85.69000244140625,84.75,84.94000244140625,81.37843322753906,6468300
2023-07-14,84.66000366210938,84.94000244140625,83.98999786376953,84.91999816894531,81.35926818847656,3865200
2023-07-17,85.16999816894531,85.86000061035156,84.77999877929688,85.0999984741211,81.5317153930664,3126500
2023-07-18,85.12000274658203,85.66999816894531,84.55999755859375,85.16000366210938,81.58920288085938,4254000
2023-07-19,84.95999908447266,85.73999786376953,84.83000183105469,85.58999633789062,82.00118255615234,3002300
2023-07-20,85.83999633789062,86.19999694824219,85.36000061035156,85.43000030517578,81.84789276123047,2904100
2023-07-21,85.7699966430664,86.11000061035156,85.36000061035156,85.58000183105469,81.99159240722656,3575500
2023-07-24,85.5,86.68000030517578,85.41999816894531,86.58999633789062,82.95922088623047,2827400
2023-07-25,86.41000366210938,87.45999908447266,85.81999969482422,87.27999877929688,83.62030792236328,4648600
2023-07-26,87.20999908447266,87.62999725341797,86.6500015258789,87.41999816894531,83.75443267822266,3505400
2023-07-27,87.5,87.5999984741211,86.37999725341797,86.44999694824219,82.8250961303711,3708200
2023-07-28,86.73999786376953,87.43000030517578,86.41999816894531,86.8499984741211,83.20833587646484,3105500
2023-07-31,86.87000274658203,87.0,86.05999755859375,86.52999877929688,82.9017562866211,3202500
2023-08-01,86.52999877929688,87.23999786376953,86.22000122070312,86.37000274658203,82.74848175048828,3963500
2023-08-02,86.31999969482422,86.87999725341797,85.55000305175781,85.61000061035156,82.02032470703125,3552500
2023-08-03,85.62999725341797,86.66999816894531,85.5199966430664,86.0199966430664,82.41313171386719,3361300
2023-08-04,86.55999755859375,86.62000274658203,85.2699966430664,85.44999694824219,81.86703491210938,2470700
2023-08-07,86.0,86.5999984741211,85.88999938964844,86.29000091552734,82.67182922363281,2694800
2023-08-08,86.29000091552734,86.61000061035156,85.3499984741211,86.58000183105469,82.94966125488281,3020000
2023-08-09,87.0,87.23999786376953,86.16999816894531,86.22000122070312,82.9237060546875,6829500
2023-08-10,86.75,87.80999755859375,86.1500015258789,86.19999694824219,82.9044418334961,4797800
2023-08-11,85.91999816894531,86.69999694824219,85.66000366210938,85.88999938964844,82.6063232421875,4656100
2023-08-14,86.31999969482422,87.20999908447266,86.11000061035156,86.20999908447266,82.91407012939453,6871700
2023-08-15,86.02999877929688,86.62000274658203,85.44000244140625,85.7699966430664,82.49089813232422,6082000
2023-08-16,88.75,90.19000244140625,87.83999633789062,89.30999755859375,85.89556121826172,15063200
2023-08-17,89.05999755859375,89.83999633789062,87.9800033569336,88.29000091552734,84.91454315185547,8543100
2023-08-18,88.5,89.62999725341797,88.31999969482422,89.5199966430664,86.0975341796875,7777700
2023-08-21,89.48999786376953,89.87999725341797,88.55999755859375,89.62000274658203,86.19371795654297,5617200
2023-08-22,89.0,89.29000091552734,88.43000030517578,89.0999984741211,85.69358825683594,4343500
2023-08-23,89.0199966430664,90.19000244140625,88.58999633789062,90.01000213623047,86.56879425048828,4478900
2023-08-24,90.0,90.30000305175781,88.26000213623047,88.30999755859375,84.93379211425781,4747400
2023-08-25,88.80999755859375,89.18000030517578,87.80999755859375,88.81999969482422,85.42430114746094,4277800
2023-08-28,88.75,90.4000015258789,88.58000183105469,90.27999877929688,86.82847595214844,5083700
2023-08-29,90.0,91.22000122070312,89.97000122070312,90.97000122070312,87.49209594726562,4700000
2023-08-30,91.19999694824219,92.33000183105469,90.91000366210938,92.13999938964844,88.61737060546875,5520800
2023-08-31,91.98999786376953,92.87000274658203,91.88999938964844,92.4800033569336,88.94437408447266,6427600
2023-09-01,92.5,92.80000305175781,92.04000091552734,92.63999938964844,89.09825134277344,4450700
2023-09-05,92.5,92.5,91.55000305175781,91.62000274658203,88.11725616455078,4171000
2023-09-06,91.48999786376953,91.58999633789062,90.48999786376953,90.76000213623047,87.29012298583984,6003400
2023-09-07,90.88999938964844,91.7300033569336,90.79000091552734,91.44999694824219,87.9537353515625,4940900
2023-09-08,91.6500015258789,92.13999938964844,91.37999725341797,91.44999694824219,87.9537353515625,4720600
2023-09-11,91.81999969482422,92.02999877929688,91.23999786376953,91.58000183105469,88.07877349853516,4042200
2023-09-12,91.45999908447266,92.31999969482422,91.41999816894531,92.18000030517578,88.65581512451172,3678300
2023-09-13,92.55999755859375,93.0,92.19000244140625,92.91999816894531,89.36754608154297,5481900
2023-09-14,92.5999984741211,93.77999877929688,92.41999816894531,93.58999633789062,90.01192474365234,5182500
2023-09-15,93.2300033569336,93.4000015258789,92.33000183105469,92.44000244140625,88.90589141845703,7606900
2023-09-18,92.37000274658203,92.97000122070312,91.79000091552734,91.94000244140625,88.42500305175781,4274100
2023-09-19,91.80999755859375,92.11000061035156,90.47000122070312,91.0,87.52093505859375,6972400
2023-09-20,91.1500015258789,91.55999755859375,90.56999969482422,90.66000366210938,87.19393157958984,5076200
2023-09-21,90.37999725341797,90.5999984741211,88.94999694824219,89.16999816894531,85.76092529296875,4975600
2023-09-22,89.11000061035156,89.9000015258789,88.94000244140625,89.16000366210938,85.75130462646484,4352200
2023-09-25,88.88999938964844,89.20999908447266,88.05999755859375,88.26000213623047,84.88569641113281,4273300
2023-09-26,88.4000015258789,88.77999877929688,87.81999969482422,87.87000274658203,84.5106201171875,3867300
2023-09-27,88.0999984741211,88.86000061035156,87.47000122070312,88.11000061035156,84.74143981933594,4913600
2023-09-28,88.58999633789062,89.63999938964844,88.58999633789062,89.58000183105469,86.15524291992188,6608600
2023-09-29,89.8499984741211,90.08000183105469,88.80000305175781,88.87999725341797,85.48200225830078,5420900
2023-10-02,88.55000305175781,89.61000061035156,88.3499984741211,88.68000030517578,85.2896499633789,4685600
2023-10-03,88.83000183105469,89.33999633789062,87.29000091552734,87.8499984741211,84.49137878417969,5094600
2023-10-04,87.9000015258789,88.37000274658203,87.0199966430664,88.04000091552734,84.67411041259766,4349200
2023-10-05,88.18000030517578,88.47000122070312,87.47000122070312,87.83000183105469,84.47215270996094,3649500
2023-10-06,87.76000213623047,89.05999755859375,86.70999908447266,88.55999755859375,85.17424774169922,3947300
2023-10-09,87.87000274658203,88.7300033569336,87.33999633789062,88.70999908447266,85.31849670410156,3487100
2023-10-10,88.88999938964844,89.63999938964844,88.44000244140625,88.6500015258789,85.26079559326172,5786000
2023-10-11,89.19999694824219,89.56999969482422,88.58999633789062,89.25,85.83785247802734,3916100
2023-10-12,89.37999725341797,89.55999755859375,88.2300033569336,88.91999816894531,85.5204849243164,2808300
2023-10-13,88.93000030517578,89.16000366210938,88.2300033569336,88.5999984741211,85.21270751953125,2846000
2023-10-16,89.0,90.30999755859375,88.88999938964844,89.68000030517578,86.25141906738281,6125100
2023-10-17,89.56999969482422,90.95999908447266,89.33999633789062,90.61000061035156,87.14588165283203,4373500
2023-10-18,90.33000183105469,91.18000030517578,90.26000213623047,90.44999694824219,86.9919662475586,3701100
2023-10-19,90.52999877929688,90.94000244140625,89.08000183105469,89.83000183105469,86.39568328857422,4276200
2023-10-20,89.95999908447266,90.0,88.87000274658203,89.0999984741211,85.69358825683594,4166200
2023-10-23,88.88999938964844,89.19999694824219,87.91000366210938,88.33000183105469,84.95303344726562,3395000
2023-10-24,88.80999755859375,90.08000183105469,88.80999755859375,89.45999908447266,86.0398178100586,4186400
2023-10-25,89.36000061035156,89.62999725341797,88.38999938964844,88.94999694824219,85.54931640625,3951300
2023-10-26,88.83000183105469,89.58000183105469,87.86000061035156,87.93000030517578,84.56832122802734,4031600
2023-10-27,87.91000366210938,88.47000122070312,86.91999816894531,87.19000244140625,83.85660552978516,3553200
2023-10-30,87.43000030517578,88.54000091552734,87.05000305175781,88.2699966430664,84.89531707763672,3453300
2023-10-31,88.37999725341797,88.44999694824219,87.30999755859375,88.06999969482422,84.70297241210938,6610000
2023-11-01,88.55000305175781,88.69999694824219,87.22000122070312,88.05999755859375,84.693359375,5079600
2023-11-02,88.30999755859375,90.27999877929688,88.08999633789062,89.91999816894531,86.48223114013672,8158100
2023-11-03,90.68000030517578,91.5199966430664,90.61000061035156,91.0,87.52093505859375,3978400
2023-11-06,90.98999786376953,91.41999816894531,90.68000030517578,90.8499984741211,87.37667846679688,4686800
2023-11-07,91.05000305175781,91.41999816894531,90.62000274658203,90.7699966430664,87.29974365234375,4438400
2023-11-08,90.52999877929688,91.16999816894531,90.31999969482422,90.41999816894531,87.28334045410156,8107400
2023-11-09,90.62000274658203,91.63999938964844,90.05999755859375,91.05999755859375,87.901123046875,7382800
2023-11-10,91.44000244140625,91.5199966430664,89.7300033569336,91.19999694824219,88.03627014160156,6767300
2023-11-13,91.08999633789062,91.63999938964844,90.55999755859375,91.13999938964844,87.97834777832031,5520700
2023-11-14,92.04000091552734,93.25,91.91000366210938,92.5,89.29117584228516,7076000
2023-11-15,89.80000305175781,90.91000366210938,88.5199966430664,89.43000030517578,86.32767486572266,11607300
2023-11-16,88.76000213623047,89.69000244140625,87.26000213623047,88.37000274658203,85.304443359375,9584200
2023-11-17,89.12999725341797,90.1500015258789,88.79000091552734,88.83999633789062,85.75814819335938,9344700
2023-11-20,88.66000366210938,89.80000305175781,88.3499984741211,89.54000091552734,86.43386840820312,7061600
2023-11-21,89.77999877929688,90.0,88.44000244140625,89.06999969482422,85.98016357421875,6659800
2023-11-22,89.66999816894531,90.4000015258789,89.22000122070312,89.94999694824219,86.82962799072266,4982200
2023-11-24,90.36000061035156,90.5999984741211,89.55000305175781,89.97000122070312,86.84894561767578,2066400
2023-11-27,89.70999908447266,89.91000366210938,89.01000213623047,89.0999984741211,86.00912475585938,6165500
2023-11-28,88.91000366210938,89.4800033569336,88.75,89.13999938964844,86.04773712158203,3865000
2023-11-29,89.44000244140625,89.5999984741211,87.8499984741211,88.0999984741211,85.04381561279297,5014600
2023-11-30,88.37000274658203,88.66000366210938,87.79000091552734,88.11000061035156,85.05347442626953,11206300
2023-12-01,88.30999755859375,89.38999938964844,87.91999816894531,89.04000091552734,85.95120239257812,4964500
2023-12-04,88.54000091552734,89.68000030517578,88.30000305175781,88.56999969482422,85.49749755859375,5884400
2023-12-05,88.23999786376953,88.4000015258789,87.44000244140625,88.0,84.94728088378906,3840200
2023-12-06,87.97000122070312,89.04000091552734,87.97000122070312,88.55999755859375,85.48784637451172,5102500
2023-12-07,88.7699966430664,89.29000091552734,88.5,88.88999938964844,85.80640411376953,4210200
2023-12-08,89.02999877929688,89.30000305175781,88.43000030517578,89.12999725341797,86.03807830810547,5124900
2023-12-11,89.66000366210938,90.87999725341797,89.66000366210938,90.7699966430664,87.62118530273438,4891000
2023-12-12,90.68000030517578,91.4000015258789,90.4000015258789,91.16999816894531,88.00730895996094,4237200
2023-12-13,91.54000091552734,91.88999938964844,90.87000274658203,91.88999938964844,88.70234680175781,5567000
2023-12-14,92.12999725341797,92.30999755859375,89.86000061035156,89.94999694824219,86.82962799072266,7156000
2023-12-15,89.41000366210938,90.12000274658203,88.58000183105469,89.29000091552734,86.19253540039062,9827600
2023-12-18,89.73999786376953,90.30999755859375,89.37000274658203,89.81999969482422,86.70414733886719,4367300
2023-12-19,89.5199966430664,91.37999725341797,89.5199966430664,91.27999877929688,88.11349487304688,4429400
2023-12-20,90.91999816894531,91.19999694824219,90.04000091552734,90.05999755859375,86.93582916259766,4783100
2023-12-21,90.4000015258789,91.48999786376953,90.2699966430664,91.37999725341797,88.21002197265625,5376200
2023-12-22,91.56999969482422,91.97000122070312,91.30000305175781,91.8499984741211,88.6637191772461,3463200
2023-12-26,91.91999816894531,92.87000274658203,91.83000183105469,92.79000091552734,89.57112121582031,3275600
2023-12-27,92.7699966430664,93.1500015258789,92.37000274658203,92.7699966430664,89.55181121826172,3525300
2023-12-28,92.9800033569336,93.68000030517578,92.69000244140625,93.23999786376953,90.00550842285156,3249100
2023-12-29,93.58999633789062,94.29000091552734,93.37999725341797,93.80999755859375,90.55573272705078,5342500
2024-01-02,93.08999633789062,94.2300033569336,92.83000183105469,93.27999877929688,90.04411315917969,5273500
2024-01-03,93.05999755859375,93.25,91.66000366210938,91.69999694824219,88.51892852783203,5337800
2024-01-04,91.81999969482422,93.08000183105469,91.30999755859375,92.77999877929688,89.56145477294922,5328000
2024-01-05,92.6500015258789,93.22000122070312,91.55999755859375,91.70999908447266,88.5285873413086,4533700
2024-01-08,91.58999633789062,92.94999694824219,91.58999633789062,92.81999969482422,89.60008239746094,4716100
2024-01-09,92.5,93.20999908447266,92.19999694824219,93.08000183105469,89.8510513305664,3609400
2024-01-10,93.08000183105469,94.45999908447266,93.08000183105469,94.13999938964844,90.874267578125,4653800
2024-01-11,94.33999633789062,95.33999633789062,93.91000366210938,95.25,91.94577026367188,4287900
2024-01-12,95.6500015258789,95.6500015258789,94.80000305175781,95.02999877929688,91.73340606689453,2958900
2024-01-16,95.08000183105469,95.91999816894531,95.08000183105469,95.87000274658203,92.54427337646484,5972000
2024-01-17,95.43000030517578,95.58999633789062,94.30999755859375,94.38999938964844,91.11560821533203,5530800
2024-01-18,94.30999755859375,94.9800033569336,94.05999755859375,94.75,91.46312713623047,4390100
2024-01-19,95.16000366210938,95.69999694824219,94.2699966430664,95.5,92.1871109008789,4138600
2024-01-22,95.5199966430664,95.6500015258789,94.77999877929688,95.12999725341797,91.82992553710938,3974100
2024-01-23,95.1500015258789,95.66000366210938,94.9800033569336,95.05999755859375,91.76236724853516,3387500
2024-01-24,95.2300033569336,95.63999938964844,94.88999938964844,94.94999694824219,91.65618896484375,3438900
2024-01-25,95.36000061035156,95.91000366210938,95.04000091552734,95.51000213623047,92.19676208496094,4326700
2024-01-26,95.69000244140625,96.44999694824219,95.54000091552734,96.37999725341797,93.03657531738281,4163600
2024-01-29,96.37999725341797,96.8499984741211,95.62999725341797,96.41000366210938,93.06554412841797,3636500
2024-01-30,96.16000366210938,96.8499984741211,95.62000274658203,96.81999969482422,93.46131896972656,4112800
2024-01-31,97.0,97.0,94.66000366210938,94.91000366210938,91.6175765991211,4967000
2024-02-01,94.95999908447266,97.08000183105469,94.70999908447266,97.05999755859375,93.69298553466797,4608900
2024-02-02,96.94000244140625,98.05000305175781,96.25,97.51000213623047,94.12738800048828,3973400
2024-02-05,96.5,96.73999786376953,95.16000366210938,96.6500015258789,93.29721069335938,5466200
2024-02-06,96.5,97.2300033569336,96.04000091552734,97.0999984741211,93.7315902709961,4410700
2024-02-07,97.54000091552734,98.29000091552734,97.4000015258789,97.83000183105469,94.43629455566406,4641900
2024-02-08,98.5,99.44999694824219,98.12999725341797,98.36000061035156,94.94789123535156,6246100
2024-02-09,98.23999786376953,99.06999969482422,98.01000213623047,98.75,95.32437133789062,3488200
2024-02-12,98.66000366210938,98.86000061035156,97.77999877929688,98.08000183105469,94.6776123046875,4062500
2024-02-13,97.18000030517578,98.04000091552734,97.13999938964844,97.95999908447266,94.561767578125,4190200
2024-02-14,97.91000366210938,98.22000122070312,96.6500015258789,97.16999816894531,94.11912536621094,4765700
2024-02-15,97.41999816894531,98.33000183105469,97.20999908447266,97.94000244140625,94.86493682861328,4802900
2024-02-16,97.98999786376953,98.48999786376953,97.04000091552734,98.04000091552734,94.96179962158203,4470000
2024-02-20,97.80000305175781,98.41000366210938,97.2699966430664,97.36000061035156,94.30315399169922,5591600
2024-02-21,97.7300033569336,98.41999816894531,97.11000061035156,98.16999816894531,95.08771514892578,5690400
2024-02-22,98.7699966430664,99.12999725341797,98.3499984741211,99.11000061035156,95.99822235107422,5463200
2024-02-23,99.16999816894531,99.63999938964844,98.76000213623047,99.37999725341797,96.25971984863281,4581400
2024-02-26,99.52999877929688,99.69000244140625,98.43000030517578,99.2300033569336,96.11444091796875,4688600
2024-02-27,99.13999938964844,100.73999786376953,99.0199966430664,100.5199966430664,97.36395263671875,5436200
2024-02-28,100.87999725341797,102.83999633789062,99.97000122070312,101.0999984741211,97.92572784423828,7555500
2024-02-29,100.04000091552734,100.16000366210938,98.56999969482422,99.13999938964844,96.02726745605469,10568000
2024-03-01,99.37999725341797,99.55999755859375,97.91000366210938,98.51000213623047,95.41704559326172,7110400
2024-03-04,98.16000366210938,98.63999938964844,97.7699966430664,97.94000244140625,94.86493682861328,5319400
2024-03-05,97.69999694824219,98.38999938964844,97.29000091552734,97.38999938964844,94.33219909667969,5982700
2024-03-06,97.25,97.66999816894531,96.22000122070312,96.4000015258789,93.37330627441406,6421400
2024-03-07,96.94999694824219,97.54000091552734,95.62000274658203,95.76000213623047,92.75338745117188,6760100
2024-03-08,95.81999969482422,96.63999938964844,95.7699966430664,95.91000366210938,92.89868927001953,5372600
2024-03-11,96.33000183105469,96.83000183105469,95.55999755859375,96.47000122070312,93.44110107421875,4185200
2024-03-12,96.47000122070312,97.44999694824219,96.26000213623047,97.22000122070312,94.16755676269531,4130900
2024-03-13,97.33000183105469,98.0999984741211,97.16000366210938,98.05999755859375,94.9811782836914,3919000
2024-03-14,98.5,98.6500015258789,97.68000030517578,98.62999725341797,95.53328704833984,5858300
2024-03-15,98.31999969482422,98.62999725341797,97.20999908447266,97.55000305175781,94.48719787597656,7609900
2024-03-18,97.55000305175781,97.55000305175781,96.16000366210938,96.22000122070312,93.1989517211914,4780400
2024-03-19,96.44999694824219,98.47000122070312,96.27999877929688,98.41999816894531,95.32987976074219,5573300
2024-03-20,98.4800033569336,98.87999725341797,97.7300033569336,98.87999725341797,95.77542877197266,5825800
2024-03-21,98.80000305175781,99.5999984741211,98.54000091552734,99.18000030517578,96.06600952148438,4962000
2024-03-22,98.83000183105469,99.62999725341797,98.4800033569336,99.4800033569336,96.3565902709961,5138400
2024-03-25,99.52999877929688,99.58999633789062,98.13999938964844,98.18000030517578,95.09740447998047,6915400
2024-03-26,98.25,99.38999938964844,98.20999908447266,99.30000305175781,96.18224334716797,5256900
2024-03-27,100.08000183105469,101.61000061035156,100.08000183105469,101.08000183105469,97.90635681152344,5461600
2024-03-28,101.22000122070312,102.04000091552734,100.88999938964844,101.41999816894531,98.23567962646484,4778100
2024-04-01,101.05000305175781,101.16000366210938,99.36000061035156,99.69999694824219,96.56967163085938,3731300
2024-04-02,99.37000274658203,99.5199966430664,98.58999633789062,99.47000122070312,96.34690856933594,4350100
2024-04-03,99.41000366210938,99.70999908447266,97.1500015258789,97.27999877929688,94.22566223144531,5036200
2024-04-04,97.86000061035156,98.25,95.58000183105469,95.75,92.74369812011719,5660700
2024-04-05,96.16000366210938,97.27999877929688,95.93000030517578,96.80999755859375,93.77043151855469,5866100
2024-04-08,96.47000122070312,96.97000122070312,96.22000122070312,96.2300033569336,93.2086410522461,5390200
2024-04-09,96.9800033569336,97.29000091552734,96.30000305175781,97.0999984741211,94.05130767822266,7992300
2024-04-10,96.61000061035156,97.0999984741211,96.11000061035156,96.27999877929688,93.25706481933594,3910700
2024-04-11,96.18000030517578,96.51000213623047,94.83999633789062,95.86000061035156,92.8502426147461,4845100
2024-04-12,94.91999816894531,95.33999633789062,93.91999816894531,94.41999816894531,91.45545196533203,3951600
2024-04-15,95.33000183105469,95.43000030517578,92.94999694824219,92.9800033569336,90.06068420410156,5194900
2024-04-16,93.01000213623047,93.88999938964844,92.98999786376953,93.37999725341797,90.44812774658203,4063500
2024-04-17,94.26000213623047,94.26000213623047,92.80999755859375,93.12999725341797,90.2059555053711,4768400
2024-04-18,93.6500015258789,93.69999694824219,92.5199966430664,92.66000366210938,89.75072479248047,3290800
2024-04-19,93.0199966430664,93.38999938964844,92.3499984741211,93.36000061035156,90.42874908447266,6043900
2024-04-22,94.12999725341797,94.61000061035156,93.31999969482422,94.08000183105469,91.12612915039062,4114500
2024-04-23,94.47000122070312,94.66999816894531,93.48999786376953,94.5,91.53295135498047,5843600
2024-04-24,94.08000183105469,95.48999786376953,93.83000183105469,95.27999877929688,92.28845977783203,6897000
2024-04-25,97.3499984741211,97.4800033569336,94.47000122070312,96.41999816894531,93.39266204833984,6248700
2024-04-26,96.63999938964844,97.87999725341797,96.29000091552734,96.36000061035156,93.33454132080078,3748400
2024-04-29,96.06999969482422,96.29000091552734,94.62000274658203,94.87000274658203,91.89132690429688,4631000
2024-04-30,94.61000061035156,94.91000366210938,94.05000305175781,94.08999633789062,91.13583374023438,5117000
2024-05-01,93.55999755859375,94.41999816894531,93.38999938964844,93.81999969482422,90.87430572509766,5363900
2024-05-02,95.5,95.58000183105469,94.31999969482422,94.91000366210938,91.93008422851562,6314400
2024-05-03,95.2699966430664,95.5,94.51000213623047,95.11000061035156,92.12381744384766,5893900
2024-05-06,95.41999816894531,97.66000366210938,95.37999725341797,97.44999694824219,94.39031982421875,6229600
2024-05-07,97.5999984741211,98.2699966430664,97.4800033569336,97.91999816894531,94.84557342529297,4749300
2024-05-08,97.80000305175781,98.55999755859375,97.47000122070312,98.5,95.4073486328125,5814400
2024-05-09,98.69999694824219,99.29000091552734,98.55000305175781,98.91000366210938,95.80448913574219,6000600
2024-05-10,99.2699966430664,99.58000183105469,98.55999755859375,98.80999755859375,95.70763397216797,2906000
2024-05-13,99.06999969482422,99.61000061035156,98.56999969482422,98.75,95.64952087402344,4146600
2024-05-14,99.0199966430664,99.30999755859375,98.08000183105469,99.04000091552734,95.93041229248047,5709600
2024-05-15,98.5,99.3499984741211,98.19999694824219,98.4800033569336,95.75054168701172,4246800
2024-05-16,98.81999969482422,99.45999908447266,98.73999786376953,98.91999816894531,96.1783218383789,3592000
2024-05-17,99.20999908447266,100.37999725341797,98.70999908447266,100.29000091552734,97.51036071777344,6467500
2024-05-20,99.55000305175781,99.88999938964844,97.72000122070312,97.79000091552734,95.07965850830078,7054100
2024-05-21,98.4000015258789,98.73999786376953,97.52999877929688,97.69999694824219,94.99214172363281,7664700
2024-05-22,102.0999984741211,104.9800033569336,100.79000091552734,101.12000274658203,98.31737518310547,14857300
2024-05-23,99.66000366210938,100.98999786376953,99.22000122070312,100.16000366210938,97.38397979736328,7430400
2024-05-24,100.88999938964844,102.56999969482422,100.69999694824219,102.13999938964844,99.30908203125,5625200
2024-05-28,102.0,102.9800033569336,101.33000183105469,101.41999816894531,98.60904693603516,5090300
2024-05-29,101.06999969482422,101.98999786376953,101.01000213623047,101.44000244140625,98.62850189208984,5367100
2024-05-30,101.98999786376953,104.30000305175781,101.80000305175781,103.37000274658203,100.50499725341797,9088700
2024-05-31,103.44999694824219,104.2699966430664,102.9000015258789,103.0999984741211,100.24248504638672,26987100
2024-06-03,103.69999694824219,105.66999816894531,103.69999694824219,105.44000244140625,102.51762390136719,7160100
2024-06-04,105.06999969482422,105.94999694824219,104.25,105.87000274658203,102.93571472167969,5068200
2024-06-05,106.05999755859375,107.81999969482422,105.52999877929688,107.79000091552734,104.80249786376953,5377000
2024-06-06,107.80000305175781,107.94999694824219,106.51000213623047,106.93000030517578,103.9663314819336,9229900
2024-06-07,107.4000015258789,108.58000183105469,107.12000274658203,107.44000244140625,104.46219635009766,8043300
2024-06-10,107.26000213623047,107.5199966430664,106.37000274658203,107.31999969482422,104.34552001953125,4502700
2024-06-11,107.30000305175781,107.4000015258789,106.81999969482422,107.08000183105469,104.11219024658203,4010400
2024-06-12,107.12999725341797,107.66000366210938,106.18000030517578,107.08999633789062,104.12188720703125,4297700
2024-06-13,107.13999938964844,108.45999908447266,106.88999938964844,108.26000213623047,105.25947570800781,5636600
2024-06-14,107.94000244140625,108.81999969482422,107.83999633789062,108.5,105.4928207397461,3698700
2024-06-17,108.0999984741211,110.58000183105469,108.0999984741211,110.22000122070312,107.16515350341797,5444900
2024-06-18,110.19999694824219,110.70999908447266,109.7300033569336,110.26000213623047,107.20404052734375,4869000
2024-06-20,110.06999969482422,111.33999633789062,109.7300033569336,110.37999725341797,107.32071685791016,7622200
2024-06-21,110.16999816894531,111.11000061035156,109.9000015258789,111.01000213623047,107.9332504272461,9206200
2024-06-24,111.11000061035156,111.56999969482422,110.77999877929688,111.05000305175781,107.97216033935547,4657500
2024-06-25,111.12000274658203,111.37000274658203,109.94999694824219,110.66999816894531,107.60267639160156,3931100
2024-06-26,110.2699966430664,111.79000091552734,110.12999725341797,110.54000091552734,107.47628021240234,5966800
2024-06-27,110.51000213623047,110.83000183105469,109.83000183105469,110.55000305175781,107.48600769042969,3377500
2024-06-28,110.33999633789062,110.75,109.79000091552734,110.0999984741211,107.04847717285156,12781400
2024-07-01,110.66000366210938,111.26000213623047,109.55999755859375,110.58000183105469,107.51516723632812,4546500
2024-07-02,110.36000061035156,110.9000015258789,109.88999938964844,110.19999694824219,107.14569854736328,4955600
2024-07-03,110.30999755859375,111.12000274658203,110.20999908447266,110.38999938964844,107.33043670654297,2277500
2024-07-05,110.41000366210938,111.72000122070312,110.41000366210938,111.63999938964844,108.54578399658203,4408800
2024-07-08,111.87999725341797,112.27999877929688,111.1500015258789,112.20999908447266,109.10000610351562,5074700
2024-07-09,112.29000091552734,112.61000061035156,111.76000213623047,112.1500015258789,109.04165649414062,4328600
2024-07-10,112.73999786376953,112.97000122070312,111.63999938964844,112.97000122070312,109.83893585205078,4240700
2024-07-11,112.93000030517578,114.0199966430664,112.43000030517578,113.94000244140625,110.78203582763672,3520800
2024-07-12,114.30999755859375,115.3499984741211,114.0199966430664,114.30000305175781,111.13207244873047,3866000
2024-07-15,114.29000091552734,114.44000244140625,113.27999877929688,113.80999755859375,110.6556396484375,5555500
2024-07-16,113.97000122070312,115.23999786376953,113.91999816894531,115.0199966430664,111.83209991455078,3660000
2024-07-17,114.8499984741211,115.1500015258789,113.87999725341797,113.97000122070312,110.81121826171875,5012600
2024-07-18,113.81999969482422,114.29000091552734,112.0,113.02999877929688,109.89727020263672,7285200
2024-07-19,113.45999908447266,113.5199966430664,111.58999633789062,111.75,108.65274047851562,5721900
2024-07-22,112.30000305175781,113.58999633789062,112.0999984741211,113.20999908447266,110.07228088378906,4764600
2024-07-23,113.30999755859375,113.98999786376953,113.0999984741211,113.41999816894531,110.27645874023438,3203100
2024-07-24,113.05999755859375,113.13999938964844,111.1500015258789,111.25,108.1666030883789,4755500
2024-07-25,111.62999725341797,112.5999984741211,111.19000244140625,111.2699966430664,108.1860580444336,3570800
2024-07-26,111.76000213623047,112.5199966430664,111.51000213623047,111.83000183105469,108.73052215576172,4958700
2024-07-29,111.80999755859375,112.9800033569336,111.18000030517578,112.55999755859375,109.44029235839844,2579800
2024-07-30,112.76000213623047,113.36000061035156,112.6500015258789,113.23999786376953,110.10143280029297,3104600
2024-07-31,113.69999694824219,113.83000183105469,112.94000244140625,113.0199966430664,109.88753509521484,4360400
2024-08-01,113.79000091552734,113.95999908447266,112.69999694824219,113.66000366210938,110.50979614257812,3131400
2024-08-02,113.06999969482422,114.19000244140625,111.62000274658203,113.13999938964844,110.00421905517578,3369800
2024-08-05,111.55999755859375,112.48999786376953,107.83000183105469,108.88999938964844,105.87200927734375,8563600
2024-08-06,109.27999877929688,110.55000305175781,108.55999755859375,109.41000366210938,106.37759399414062,5045200
2024-08-07,109.9000015258789,111.02999877929688,107.76000213623047,107.93000030517578,104.9386215209961,4856500
2024-08-08,108.51000213623047,110.02999877929688,108.2699966430664,109.91999816894531,106.87346649169922,5158700
2024-08-09,109.68000030517578,111.0,109.4800033569336,110.69999694824219,107.63182830810547,7202100
2024-08-12,111.06999969482422,111.55000305175781,110.16000366210938,111.38999938964844,108.30270385742188,4437100
2024-08-13,111.3499984741211,111.72000122070312,110.43000030517578,111.04000091552734,107.9624252319336,4675500
2024-08-14,108.2300033569336,110.31999969482422,107.70999908447266,109.08000183105469,106.0567398071289,7077800
2024-08-15,110.56999969482422,111.70999908447266,110.23999786376953,111.4800033569336,108.76412963867188,5625500
2024-08-16,111.44000244140625,111.95999908447266,110.95999908447266,111.44999694824219,108.73485565185547,4656300
2024-08-19,111.87000274658203,112.69999694824219,111.80999755859375,112.48999786376953,109.74952697753906,7163100
2024-08-20,113.04000091552734,113.48999786376953,112.36000061035156,113.30999755859375,110.54954528808594,6750600
2024-08-21,119.88999938964844,120.88999938964844,117.91000366210938,120.2300033569336,117.30096435546875,11343400
2024-08-22,119.0199966430664,121.05999755859375,118.73999786376953,119.0,116.10093688964844,7843800
2024-08-23,120.12999725341797,120.54000091552734,118.47000122070312,119.47000122070312,116.55947875976562,4523900
2024-08-26,119.66999816894531,120.6500015258789,119.66999816894531,120.12999725341797,117.20340728759766,3939600
2024-08-27,119.48999786376953,120.52999877929688,119.19000244140625,120.05999755859375,117.13510131835938,4680000
2024-08-28,120.5,121.12999725341797,119.12999725341797,119.27999877929688,116.37409973144531,3906100
2024-08-29,119.30000305175781,119.94000244140625,117.2300033569336,117.37000274658203,114.51063537597656,5055000
2024-08-30,117.5,117.69000244140625,116.25,117.2699966430664,114.41307067871094,6369600
2024-09-03,117.86000061035156,118.2300033569336,116.66000366210938,117.54000091552734,114.67650604248047,5657500
2024-09-04,117.08999633789062,117.81999969482422,116.58000183105469,117.5199966430664,114.656982421875,5540400
2024-09-05,117.62000274658203,118.13999938964844,116.45999908447266,118.01000213623047,115.13505554199219,5387800
2024-09-06,117.69000244140625,118.13999938964844,115.41000366210938,115.62000274658203,112.80328369140625,4827100
2024-09-09,116.0,117.7300033569336,115.9000015258789,117.06999969482422,114.21795654296875,5752200
2024-09-10,117.44999694824219,118.41000366210938,116.8499984741211,117.83000183105469,114.95944213867188,5160200
2024-09-11,117.93000030517578,117.93000030517578,116.37999725341797,117.8499984741211,114.97894287109375,3561200
2024-09-12,117.81999969482422,118.52999877929688,117.63999938964844,118.22000122070312,115.3399429321289,3287300
2024-09-13,118.80999755859375,120.01000213623047,118.37000274658203,119.80999755859375,116.89119720458984,3961000
2024-09-16,120.36000061035156,120.75,119.4800033569336,119.61000061035156,116.6960678100586,3392200
2024-09-17,119.52999877929688,120.23999786376953,117.47000122070312,117.83999633789062,114.96919250488281,3880100
2024-09-18,117.55999755859375,118.41999816894531,117.05999755859375,117.25,114.39356994628906,3183300
2024-09-19,118.5199966430664,118.73999786376953,117.75,118.29000091552734,115.40823364257812,3186800
2024-09-20,117.76000213623047,118.5,117.55000305175781,117.93000030517578,115.05699920654297,7024800
2024-09-23,118.52999877929688,118.55999755859375,116.44000244140625,117.12999725341797,114.27649688720703,3511600
2024-09-24,117.2300033569336,117.76000213623047,116.29000091552734,117.6500015258789,114.78382110595703,3354400
2024-09-25,117.9000015258789,118.16000366210938,117.11000061035156,118.12999725341797,115.25212860107422,3743100
2024-09-26,118.5,118.8499984741211,117.51000213623047,118.08000183105469,115.2033462524414,3797900
2024-09-27,117.80000305175781,118.04000091552734,117.30000305175781,117.5,114.63748168945312,2998100
2024-09-30,117.55999755859375,117.86000061035156,116.54000091552734,117.54000091552734,114.67650604248047,5350400
2024-10-01,117.5,117.52999877929688,115.72000122070312,116.63999938964844,113.79843139648438,7888700
2024-10-02,116.0,116.62999725341797,115.41000366210938,116.44999694824219,113.61305236816406,4315500
2024-10-03,115.5,115.8499984741211,114.23999786376953,115.05999755859375,112.25691986083984,4851700
2024-10-04,115.11000061035156,115.54000091552734,113.88999938964844,114.69000244140625,111.89593505859375,6480000
2024-10-07,114.30999755859375,114.63999938964844,111.22000122070312,112.12999725341797,109.39828491210938,6345200
2024-10-08,112.80000305175781,113.55999755859375,111.88999938964844,113.44999694824219,110.68614196777344,6289400
2024-10-09,113.41999816894531,114.2300033569336,113.19000244140625,113.9800033569336,111.20323944091797,3970800
2024-10-10,113.7300033569336,113.81999969482422,112.22000122070312,112.58999633789062,109.84709167480469,3453100
2024-10-11,112.62999725341797,113.87999725341797,112.3499984741211,113.7300033569336,110.9593276977539,3865500
2024-10-14,114.0199966430664,115.36000061035156,113.6500015258789,115.23999786376953,112.43254089355469,4697500
2024-10-15,115.83000183105469,117.66999816894531,115.54000091552734,116.76000213623047,113.91551208496094,7378400
2024-10-16,116.30000305175781,117.5,116.04000091552734,117.4000015258789,114.5399169921875,4688700
2024-10-17,118.06999969482422,118.55999755859375,117.20999908447266,117.4800033569336,114.61796569824219,2934400
2024-10-18,117.86000061035156,118.13999938964844,117.13999938964844,117.70999908447266,114.84236145019531,3478100
2024-10-21,117.55999755859375,117.62000274658203,114.87000274658203,115.66000366210938,112.8423080444336,4495600
2024-10-22,115.83999633789062,115.95999908447266,114.69000244140625,115.19000244140625,112.38375091552734,3900300
2024-10-23,114.62000274658203,115.19999694824219,114.12999725341797,114.22000122070312,111.43737030029297,4156400
2024-10-24,114.83999633789062,115.38999938964844,114.08999633789062,114.19999694824219,111.4178695678711,2847600
2024-10-25,114.56999969482422,114.80999755859375,113.56999969482422,113.81999969482422,111.04711151123047,2686900
2024-10-28,114.66000366210938,115.0,113.66000366210938,114.16999816894531,111.38859558105469,2798900
2024-10-29,113.16000366210938,114.97000122070312,112.77999877929688,114.11000061035156,111.33006286621094,3576500
2024-10-30,114.0999984741211,114.13999938964844,112.48999786376953,112.94999694824219,110.19831848144531,3763700
2024-10-31,112.3499984741211,113.55999755859375,112.04000091552734,113.02999877929688,110.27637481689453,3874200
2024-11-01,113.30999755859375,113.87999725341797,112.37999725341797,112.38999938964844,109.65196228027344,5067400
2024-11-04,112.73999786376953,113.52999877929688,111.7300033569336,112.69000244140625,109.94465637207031,4006800
2024-11-05,112.55999755859375,113.81999969482422,112.44999694824219,113.75,110.97883605957031,2962800
2024-11-06,116.13999938964844,116.94999694824219,114.08000183105469,115.62999725341797,112.81303405761719,11891300
2024-11-07,115.79000091552734,117.58000183105469,115.5199966430664,116.8499984741211,114.00330352783203,6897600
2024-11-08,116.51000213623047,118.61000061035156,116.47000122070312,117.83000183105469,114.95944213867188,5785700
2024-11-11,118.20999908447266,118.9800033569336,117.69000244140625,118.05999755859375,115.183837890625,3537200
2024-11-12,118.66999816894531,120.0199966430664,117.77999877929688,119.8499984741211,116.93022918701172,3943200
2024-11-13,119.91000366210938,121.91999816894531,119.88999938964844,121.12999725341797,118.17904663085938,4511000
2024-11-14,120.18000030517578,122.0999984741211,119.91000366210938,119.91000366210938,117.35208129882812,5581000
2024-11-15,119.7300033569336,120.61000061035156,119.33999633789062,119.97000122070312,117.4107894897461,5103300
2024-11-18,120.01000213623047,120.97000122070312,119.45999908447266,119.66999816894531,117.1171875,5134500
2024-11-19,119.37000274658203,119.9000015258789,118.02999877929688,119.55999755859375,117.00953674316406,5794500
2024-11-20,119.44000244140625,120.69999694824219,116.75,119.73999786376953,117.18568420410156,8991000
2024-11-21,119.87000274658203,119.91000366210938,117.77999877929688,119.7699966430664,117.21505737304688,5204300
2024-11-22,120.25,121.70999908447266,119.05999755859375,121.47000122070312,118.87879943847656,6398500
2024-11-25,121.94000244140625,125.43000030517578,121.86000061035156,124.79000091552734,122.12796783447266,8925200
2024-11-26,125.04000091552734,126.44000244140625,124.43000030517578,126.19999694824219,123.50788879394531,4725000
2024-11-27,126.30000305175781,128.0,126.16999816894531,126.36000061035156,123.66448211669922,4491100
2024-11-29,126.13999938964844,126.55999755859375,125.69000244140625,125.69000244140625,123.00877380371094,2846700
2024-12-02,126.38999938964844,127.62000274658203,126.06999969482422,126.19000244140625,123.49810791015625,4818800
2024-12-03,126.58999633789062,126.80000305175781,124.25,124.75,122.08882141113281,3916000
2024-12-04,124.76000213623047,125.73999786376953,124.1500015258789,125.5,122.82283020019531,4785500
2024-12-05,125.56999969482422,126.80999755859375,125.25,125.91999816894531,123.2338638305664,4768000
2024-12-06,126.44000244140625,127.13999938964844,125.68000030517578,126.08999633789062,123.40023803710938,4064400
2024-12-09,126.4000015258789,126.7300033569336,125.5199966430664,125.9000015258789,123.21430206298828,6245800
2024-12-10,126.16000366210938,127.4000015258789,124.94000244140625,127.19999694824219,124.48655700683594,6186000
2024-12-11,127.30999755859375,127.91000366210938,126.56999969482422,126.80999755859375,124.10487365722656,5440600
2024-12-12,126.94000244140625,127.05000305175781,125.8499984741211,126.41999816894531,123.72319793701172,4727700
2024-12-13,126.43000030517578,126.8499984741211,124.83000183105469,124.8499984741211,122.18669128417969,4595400
2024-12-16,125.20999908447266,125.41000366210938,123.37000274658203,123.72000122070312,121.08079528808594,6990500
2024-12-17,124.2300033569336,124.9800033569336,122.9000015258789,123.05999755859375,120.43486022949219,6813000
2024-12-18,123.2699966430664,124.31999969482422,121.16000366210938,121.23999786376953,118.65370178222656,5808500
2024-12-19,122.41000366210938,123.27999877929688,121.01000213623047,121.19999694824219,118.61454772949219,7979800
2024-12-20,121.0999984741211,123.54000091552734,121.0,122.0,119.3974838256836,11714000
2024-12-23,121.54000091552734,122.12999725341797,120.30000305175781,121.7699966430664,119.17239379882812,5436900
2024-12-24,121.98999786376953,123.48999786376953,121.76000213623047,123.48999786376953,120.85569763183594,1476100
2024-12-26,123.44999694824219,125.2300033569336,123.4000015258789,125.01000213623047,122.34327697753906,2892800
2024-12-27,123.91999816894531,124.76000213623047,123.69000244140625,123.94000244140625,121.29610443115234,3471500
2024-12-30,122.20999908447266,122.63999938964844,120.61000061035156,121.08999633789062,118.50689697265625,3976600
2024-12-31,121.88999938964844,121.88999938964844,120.3499984741211,120.80999755859375,118.23286437988281,3600100
2025-01-02,121.70999908447266,122.13999938964844,120.75,121.1500015258789,118.56562805175781,3424400
2025-01-03,121.55000305175781,121.79000091552734,120.0199966430664,120.7300033569336,118.15457916259766,3897200
2025-01-06,120.73999786376953,121.72000122070312,120.36000061035156,120.87999725341797,118.30138397216797,5963400
2025-01-07,121.08999633789062,121.7699966430664,120.02999877929688,120.13999938964844,117.57716369628906,4500100
2025-01-08,120.16999816894531,122.01000213623047,119.51000213623047,121.6500015258789,119.05496215820312,5219200
2025-01-10,121.4800033569336,122.29000091552734,119.75,120.05999755859375,117.49886322021484,4355200
2025-01-13,120.05999755859375,120.19999694824219,117.88999938964844,119.88999938964844,117.33248901367188,4603700
2025-01-14,120.5,120.5999984741211,118.69000244140625,119.23999786376953,116.69636535644531,4652500
2025-01-15,120.33999633789062,120.41999816894531,118.47000122070312,119.11000061035156,116.56913757324219,4906300
2025-01-16,119.55000305175781,121.69000244140625,119.2300033569336,121.37999725341797,118.79071044921875,3840100
2025-01-17,122.58000183105469,122.83999633789062,121.47000122070312,121.8499984741211,119.25069427490234,4752400
2025-01-21,123.68000030517578,124.48999786376953,122.70999908447266,123.30000305175781,120.66976165771484,4859700
2025-01-22,123.41000366210938,123.48999786376953,121.3499984741211,122.56999969482422,119.955322265625,4256800
2025-01-23,122.5,123.06999969482422,122.20999908447266,122.5999984741211,119.98468780517578,3821400
2025-01-24,122.56999969482422,123.4800033569336,122.30999755859375,122.7300033569336,120.11193084716797,4470300
2025-01-27,123.0999984741211,125.31999969482422,123.04000091552734,124.9000015258789,122.23564147949219,4734000
2025-01-28,124.61000061035156,125.44999694824219,123.69999694824219,124.33999633789062,121.68755340576172,3350800
2025-01-29,124.27999877929688,125.30000305175781,124.0,124.20999908447266,121.56033325195312,3930500
2025-01-30,124.83000183105469,126.4800033569336,124.61000061035156,126.08999633789062,123.40023803710938,4334300
2025-01-31,125.91999816894531,126.22000122070312,124.62000274658203,124.79000091552734,122.12796783447266,3268400
2025-02-03,123.95999908447266,125.30999755859375,123.0999984741211,124.30999755859375,121.658203125,5635800
2025-02-04,124.30999755859375,125.38999938964844,124.26000213623047,125.13999938964844,122.47050476074219,5804900
2025-02-05,125.13999938964844,125.55999755859375,123.93000030517578,125.51000213623047,122.83261108398438,4381500
2025-02-06,125.94000244140625,127.4800033569336,125.80000305175781,126.16000366210938,123.46874237060547,4769200
2025-02-07,126.0999984741211,126.80000305175781,124.44999694824219,124.69000244140625,122.03010559082031,3216700
2025-02-10,125.12000274658203,125.66000366210938,123.58000183105469,124.97000122070312,122.30413055419922,3765000
2025-02-11,124.47000122070312,124.81999969482422,123.91999816894531,124.68000030517578,122.02031707763672,2571300
2025-02-12,123.83000183105469,124.55000305175781,123.5999984741211,124.41000366210938,121.7560806274414,3453300
2025-02-13,124.5,126.12000274658203,124.2300033569336,125.8499984741211,123.53772735595703,2885700
2025-02-14,126.55000305175781,126.75,123.3499984741211,124.33999633789062,122.05545806884766,4192900
2025-02-18,124.0199966430664,124.3499984741211,122.2300033569336,123.83000183105469,121.55484771728516,5121300
2025-02-19,123.91999816894531,124.0,123.0,123.41999816894531,121.15237426757812,3678700
2025-02-20,123.08999633789062,123.37999725341797,121.94999694824219,122.9800033569336,120.720458984375,4662900
2025-02-21,122.93000030517578,123.06999969482422,120.66999816894531,121.11000061035156,118.88481140136719,5692800
2025-02-24,121.54000091552734,122.51000213623047,121.27999877929688,121.47000122070312,119.23820495605469,5293000
2025-02-25,121.5199966430664,123.37999725341797,121.5,122.69999694824219,120.44559478759766,6373500
2025-02-26,125.87999725341797,127.58000183105469,123.0,124.88999938964844,122.59536743164062,7545100
2025-02-27,126.0,126.45999908447266,123.1500015258789,123.48999786376953,121.22108459472656,5259600
2025-02-28,123.5999984741211,124.9000015258789,123.3499984741211,124.76000213623047,122.46775817871094,6043200
2025-03-03,124.43000030517578,125.98999786376953,123.05999755859375,123.54000091552734,121.2701644897461,4817500
2025-03-04,122.79000091552734,123.19999694824219,121.23999786376953,121.73999786376953,119.50323486328125,6264200
2025-03-05,121.33999633789062,123.2300033569336,121.19999694824219,123.04000091552734,120.77935791015625,6704900
2025-03-06,121.55999755859375,122.81999969482422,120.1500015258789,120.6500015258789,118.43327331542969,4834100
2025-03-07,120.01000213623047,120.58000183105469,117.25,119.2699966430664,117.07861328125,6230100
2025-03-10,118.77999877929688,119.79000091552734,116.98999786376953,117.61000061035156,115.4491195678711,5952200
2025-03-11,117.45999908447266,117.61000061035156,115.7300033569336,116.12000274658203,113.98649597167969,6518900
2025-03-12,117.4000015258789,117.4000015258789,114.86000061035156,115.33999633789062,113.2208251953125,4063700
2025-03-13,114.97000122070312,114.97000122070312,112.0999984741211,112.80999755859375,110.73731231689453,6018600
2025-03-14,113.55999755859375,114.0,112.30000305175781,113.26000213623047,111.17904663085938,6411000
2025-03-17,113.88999938964844,115.08000183105469,113.37999725341797,114.5199966430664,112.41590118408203,4358400
2025-03-18,114.55999755859375,115.5199966430664,114.13999938964844,115.26000213623047,113.14229583740234,5874100
2025-03-19,115.7300033569336,118.2699966430664,115.30999755859375,117.86000061035156,115.69452667236328,6838200
2025-03-20,117.30000305175781,117.9800033569336,116.0,116.25,114.11410522460938,6841300
2025-03-21,115.33999633789062,116.30000305175781,113.9800033569336,116.12000274658203,113.98649597167969,7150700
2025-03-24,117.0,119.69999694824219,116.9800033569336,119.5999984741211,117.40255737304688,4315200
2025-03-25,119.5999984741211,120.7300033569336,119.41000366210938,119.87999725341797,117.67741394042969,4134700
2025-03-26,119.87000274658203,120.52999877929688,119.33000183105469,119.69999694824219,117.50072479248047,3004700
2025-03-27,119.80999755859375,121.33999633789062,119.38999938964844,120.56999969482422,118.35474395751953,4003400
2025-03-28,120.0199966430664,120.2699966430664,117.20999908447266,118.20999908447266,116.03809356689453,3742300
2025-03-31,117.63999938964844,122.1500015258789,117.45999908447266,121.80000305175781,119.56214904785156,6828800
2025-04-01,121.44000244140625,122.87999725341797,121.25,122.72000122070312,120.4652328491211,4781900
2025-04-02,122.0,125.45999908447266,121.80999755859375,124.93000030517578,122.63462829589844,5002000
2025-04-03,123.79000091552734,128.0,123.12999725341797,125.43000030517578,123.12544250488281,11388100
2025-04-04,125.37000274658203,128.3300018310547,121.80000305175781,122.16000366210938,119.91553497314453,12964000
2025-04-07,120.04000091552734,123.98999786376953,116.37000274658203,119.12999725341797,116.9411849975586,12898300
2025-04-08,122.36000061035156,124.87000274658203,118.58999633789062,120.02999877929688,117.82466125488281,10926000
2025-04-09,119.75,128.99000549316406,119.75,126.05000305175781,123.73406219482422,12134400
2025-04-10,125.97000122070312,128.42999267578125,123.80999755859375,127.47000122070312,125.1279525756836,7583200
2025-04-11,126.52999877929688,129.02000427246094,125.9000015258789,128.14999389648438,125.79547119140625,6935500
2025-04-14,129.25999450683594,131.1999969482422,128.6300048828125,130.60000610351562,128.20045471191406,7093500
2025-04-15,130.50999450683594,131.3000030517578,128.2899932861328,128.5,126.1390380859375,5020900
2025-04-16,128.72999572753906,129.27000427246094,125.52999877929688,126.30999755859375,123.98927307128906,5569600
2025-04-17,126.7699966430664,127.9800033569336,126.18000030517578,127.62000274658203,125.27521514892578,5555200
2025-04-21,127.2300033569336,127.52999877929688,122.25,123.9800033569336,121.70208740234375,4946600
2025-04-22,124.5999984741211,126.76000213623047,124.0,125.70999908447266,123.4002914428711,4989300
2025-04-23,127.19000244140625,128.11000061035156,124.80999755859375,125.5,123.19416046142578,5612900
2025-04-24,124.69000244140625,127.02999877929688,123.91999816894531,126.5,124.17578125,4626200
2025-04-25,126.08999633789062,126.7699966430664,125.12000274658203,126.55999755859375,124.23467254638672,4205800
2025-04-28,126.7699966430664,127.79000091552734,126.11000061035156,127.12999725341797,124.79420471191406,3573200
2025-04-29,126.9000015258789,128.2100067138672,126.12999725341797,128.02999877929688,125.67767333984375,3886700
2025-04-30,127.9800033569336,128.8699951171875,126.5199966430664,128.67999267578125,126.31572723388672,5685800
2025-05-01,127.86000061035156,128.77999877929688,127.33999633789062,127.62999725341797,125.28502655029297,4585300
2025-05-02,129.0,129.77999877929688,128.22999572753906,129.2100067138672,126.83600616455078,4720700
2025-05-05,129.2100067138672,129.88999938964844,128.8000030517578,128.94000244140625,126.5709457397461,4869600
2025-05-06,127.62999725341797,128.8699951171875,127.4800033569336,128.4600067138672,126.09977722167969,3472100
2025-05-07,128.10000610351562,129.89999389648438,128.10000610351562,128.64999389648438,126.2862777709961,5967700
2025-05-08,129.07000732421875,130.27000427246094,127.7300033569336,128.08999633789062,125.736572265625,4443600
2025-05-09,127.55999755859375,128.35000610351562,126.95999908447266,128.10000610351562,125.74639129638672,4131100
2025-05-12,130.30999755859375,131.5399932861328,128.6300048828125,131.49000549316406,129.07411193847656,4810500
2025-05-13,131.67999267578125,132.47000122070312,130.3699951171875,130.82000732421875,128.41641235351562,5471800
2025-05-14,130.5,131.52000427246094,130.0,131.25,128.8385009765625,5763100
2025-05-15,131.13999938964844,133.17999267578125,130.91000366210938,133.0399932861328,131.01986694335938,4846400
2025-05-16,133.0,133.89999389648438,132.47999572753906,133.33999633789062,131.3153076171875,4874400
2025-05-19,133.0800018310547,135.2899932861328,132.5500030517578,135.02999877929688,132.97967529296875,5118900
2025-05-20,134.8699951171875,135.85000610351562,134.25999450683594,134.92999267578125,132.88116455078125,7061100
2025-05-21,131.14999389648438,133.0,129.9600067138672,131.02999877929688,129.04039001464844,12025600
2025-05-22,130.38999938964844,131.36000061035156,129.1199951171875,129.5800018310547,127.61241912841797,5341800
2025-05-23,128.0,128.1199951171875,124.91999816894531,125.69999694824219,123.79132080078125,8787100
2025-05-27,126.63999938964844,128.24000549316406,126.36000061035156,127.95999908447266,126.01702117919922,7198200
2025-05-28,127.58999633789062,128.42999267578125,126.06999969482422,126.22000122070312,124.30342864990234,4344800
2025-05-29,127.3499984741211,127.93000030517578,126.69999694824219,127.06999969482422,125.1405258178711,6410900
2025-05-30,127.1500015258789,127.29000091552734,126.19999694824219,126.9000015258789,124.97310638427734,9364900
2025-06-02,126.25,128.4600067138672,125.87999725341797,128.42999267578125,126.47987365722656,6271000
2025-06-03,128.24000549316406,128.39999389648438,126.83000183105469,128.1199951171875,126.17457580566406,5132600
2025-06-04,128.22000122070312,129.07000732421875,127.55000305175781,128.07000732421875,126.12535095214844,4437200
2025-06-05,128.05999755859375,128.19000244140625,126.52999877929688,127.37000274658203,125.43598175048828,4693600
2025-06-06,127.94000244140625,128.7899932861328,127.30000305175781,128.4499969482422,126.49957275390625,4612900
2025-06-09,128.00999450683594,128.0800018310547,125.73999786376953,126.3499984741211,124.43145751953125,4754800
2025-06-10,125.69999694824219,126.58000183105469,125.45999908447266,126.04000091552734,124.12617492675781,4684800
2025-06-11,126.20999908447266,126.20999908447266,124.30000305175781,124.52999877929688,122.63909149169922,4145800
2025-06-12,124.47000122070312,124.94000244140625,123.55999755859375,124.45999908447266,122.57015991210938,4087600
2025-06-13,123.5,124.97000122070312,123.25,123.91000366210938,122.02851104736328,3786600
2025-06-16,124.55999755859375,125.31999969482422,124.08000183105469,124.2699966430664,122.3830337524414,4930200
2025-06-17,123.47000122070312,124.5999984741211,122.72000122070312,123.01000213623047,121.14218139648438,4264600
2025-06-18,123.44999694824219,123.5,122.41000366210938,122.54000091552734,120.67931365966797,4924800
2025-06-20,123.05000305175781,123.77999877929688,122.5,123.5,121.6247329711914,6729700
2025-06-23,123.44999694824219,124.97000122070312,122.72000122070312,124.76000213623047,122.86560821533203,4072700
2025-06-24,124.94999694824219,125.55000305175781,124.18000030517578,124.5999984741211,122.70802307128906,4546200
2025-06-25,124.48999786376953,124.75,122.44999694824219,122.4800033569336,120.62022399902344,4669700
2025-06-26,122.7699966430664,122.7699966430664,119.9000015258789,122.13999938964844,120.2853775024414,8415100
2025-06-27,121.9800033569336,123.79000091552734,121.63999938964844,123.37999725341797,121.50656127929688,9786300
2025-06-30,123.98999786376953,123.98999786376953,122.26000213623047,123.48999786376953,121.61488342285156,6228000
2025-07-01,123.66999816894531,125.6500015258789,123.16000366210938,125.16000366210938,123.25952911376953,5126200
2025-07-02,125.38999938964844,125.62999725341797,124.30999755859375,125.30999755859375,123.4072494506836,4790200
2025-07-03,125.3499984741211,126.11000061035156,124.7699966430664,125.86000061035156,123.94889831542969,2986600
2025-07-07,125.94999694824219,126.19999694824219,124.72000122070312,125.16999816894531,123.26937866210938,3945000
2025-07-08,125.0199966430664,125.6500015258789,124.1500015258789,125.26000213623047,123.3580093383789,5683300
2025-07-09,125.5199966430664,125.94999694824219,124.3499984741211,125.44999694824219,123.54512023925781,3818100
2025-07-10,125.0199966430664,125.37000274658203,123.98999786376953,124.16000366210938,122.27471160888672,5051100
2025-07-11,123.7300033569336,124.16999816894531,123.37000274658203,123.70999908447266,121.83155059814453,4145900
2025-07-14,123.1500015258789,123.69000244140625,122.5199966430664,123.55999755859375,121.6838150024414,4651200
2025-07-15,123.19000244140625,123.79000091552734,121.72000122070312,121.73999786376953,119.8914566040039,4720500
2025-07-16,122.12999725341797,122.29000091552734,119.83999633789062,121.3499984741211,119.50736999511719,6151800
2025-07-17,121.05000305175781,122.38999938964844,121.0,122.16999816894531,120.31493377685547,3828200
2025-07-18,122.30000305175781,122.81999969482422,122.0,122.16999816894531,120.31493377685547,3464300
2025-07-21,122.48999786376953,125.16999816894531,122.30000305175781,124.94000244140625,123.0428695678711,4721900
2025-07-22,125.08000183105469,126.43000030517578,124.2300033569336,125.5999984741211,123.69284057617188,4284900
2025-07-23,126.19000244140625,127.04000091552734,125.93000030517578,126.36000061035156,124.4413070678711,4367500
2025-07-24,126.06999969482422,126.72000122070312,125.4000015258789,126.26000213623047,124.34284210205078,4722800
2025-07-25,126.76000213623047,127.0199966430664,125.95999908447266,126.44000244140625,124.52009582519531,5143200
2025-07-28,126.33999633789062,127.12999725341797,124.8499984741211,125.38999938964844,123.48603057861328,6114400
2025-07-29,126.0999984741211,127.0,125.5,126.37000274658203,124.45115661621094,5543300
2025-07-30,126.62999725341797,127.08000183105469,125.27999877929688,125.80999755859375,123.899658203125,3193300
2025-07-31,124.94000244140625,125.7699966430664,124.37999725341797,124.52999877929688,122.63909149169922,4653000
2025-08-01,124.11000061035156,126.2300033569336,123.77999877929688,126.0,124.08677673339844,4855400
2025-08-04,126.41999816894531,129.22000122070312,126.30000305175781,129.22000122070312,127.25788116455078,4807800
2025-08-05,129.22999572753906,129.85000610351562,128.47999572753906,128.77000427246094,126.8147201538086,5178400
2025-08-06,128.91000366210938,132.16000366210938,128.6300048828125,132.10000610351562,130.09414672851562,4839400
2025-08-07,132.7100067138672,132.88999938964844,130.97999572753906,131.97999572753906,129.97596740722656,6154800
2025-08-08,132.0800018310547,132.75,131.36000061035156,131.3699951171875,129.375244140625,4629700
2025-08-11,131.7899932861328,132.4499969482422,130.8800048828125,132.39999389648438,130.3896026611328,3304200
2025-08-12,132.80999755859375,133.66000366210938,132.3300018310547,133.38999938964844,131.36456298828125,4284500
2025-08-13,133.35000610351562,134.22999572753906,133.16000366210938,134.10000610351562,132.06378173828125,5593800
2025-08-14,133.02000427246094,134.00999450683594,132.7100067138672,132.9499969482422,131.34750366210938,3763200
2025-08-15,133.1300048828125,133.61000061035156,132.00999450683594,132.6199951171875,131.02149963378906,4796100
2025-08-18,132.92999267578125,134.1300048828125,132.6300048828125,133.05999755859375,131.45620727539062,6225500
2025-08-19,133.33999633789062,134.97000122070312,133.33999633789062,134.6199951171875,132.99737548828125,6727300
2025-08-20,143.5399932861328,145.5800018310547,137.75999450683594,138.27000427246094,136.60340881347656,13223200
2025-08-21,136.4600067138672,138.75999450683594,136.32000732421875,137.50999450683594,135.85255432128906,7054300
2025-08-22,137.97000122070312,139.3800048828125,135.9199981689453,136.5399932861328,134.89425659179688,5776700
2025-08-25,136.11000061035156,137.07000732421875,135.36000061035156,135.5,133.86679077148438,4734400
2025-08-26,135.6699981689453,136.74000549316406,134.75,136.67999267578125,135.03256225585938,6531600
2025-08-27,136.67999267578125,137.5,136.22000122070312,137.22999572753906,135.575927734375,4522000
2025-08-28,137.5500030517578,137.89999389648438,136.3000030517578,137.1199951171875,135.4672393798828,5138900
2025-08-29,137.27000427246094,137.47999572753906,135.89999389648438,136.61000061035156,134.96340942382812,4118600
2025-09-02,136.1999969482422,138.60000610351562,136.1999969482422,138.57000732421875,136.89979553222656,5282500
2025-09-03,138.57000732421875,139.5800018310547,138.38999938964844,139.47000122070312,137.7889404296875,4798900
2025-09-04,139.8699951171875,141.10000610351562,139.7100067138672,141.02000427246094,139.3202667236328,4172500
2025-09-05,141.4199981689453,141.5,138.92999267578125,139.25999450683594,137.58145141601562,6735800
2025-09-08,139.22999572753906,141.0,139.14999389648438,140.83999633789062,139.1424102783203,4801400
2025-09-09,139.77999877929688,140.52999877929688,139.05999755859375,139.97000122070312,138.28289794921875,3453300
2025-09-10,139.55999755859375,140.0399932861328,138.7100067138672,139.86000061035156,138.1742401123047,3573600
2025-09-11,140.3800048828125,141.25,139.7899932861328,140.8300018310547,139.13253784179688,5197900
2025-09-12,140.52000427246094,141.35000610351562,138.89999389648438,139.47999572753906,137.79881286621094,5173200
2025-09-15,139.8000030517578,141.24000549316406,139.47000122070312,141.1699981689453,139.46844482421875,4186600
2025-09-16,140.6699981689453,141.11000061035156,138.8300018310547,139.5500030517578,137.8679962158203,3786300
2025-09-17,139.99000549316406,140.88999938964844,139.22000122070312,140.0399932861328,138.35205078125,4617100
2025-09-18,139.97000122070312,141.02000427246094,139.3699951171875,139.92999267578125,138.24339294433594,4794700
2025-09-19,140.19000244140625,140.4199981689453,139.10000610351562,139.77999877929688,138.09521484375,7503900
2025-09-22,139.7899932861328,139.7899932861328,138.6699981689453,139.41000366210938,137.7296600341797,3683200
2025-09-23,139.4499969482422,139.86000061035156,138.89999389648438,139.72000122070312,138.0359344482422,3308500
2025-09-24,139.50999450683594,141.4499969482422,139.0,140.44000244140625,138.7472381591797,5027700
2025-09-25,140.8699951171875,141.57000732421875,140.3000030517578,141.4600067138672,139.7549591064453,4120000
2025-09-26,141.8699951171875,143.22000122070312,141.4499969482422,143.08999633789062,141.36529541015625,4224400
2025-09-29,143.19000244140625,143.64999389648438,142.0399932861328,143.52000427246094,141.79013061523438,4260400
2025-09-30,143.30999755859375,144.8300018310547,143.30999755859375,144.5399932861328,142.79782104492188,6435800
2025-10-01,144.0800018310547,145.1199951171875,143.5399932861328,144.32000732421875,142.58047485351562,6703800
2025-10-02,143.6699981689453,144.49000549316406,142.1999969482422,142.49000549316406,140.77252197265625,4449400
2025-10-03,142.49000549316406,143.25,141.14999389648438,141.3300018310547,139.62652587890625,2993800
2025-10-06,141.24000549316406,143.63999938964844,141.24000549316406,143.11000061035156,141.38507080078125,6309600
2025-10-07,142.74000549316406,143.64999389648438,140.11000061035156,142.66000366210938,140.94049072265625,6700900
2025-10-08,142.72000122070312,142.9499969482422,140.3800048828125,140.7100067138672,139.0139923095703,5158400
2025-10-09,140.72999572753906,141.47000122070312,138.4499969482422,138.55999755859375,136.889892578125,3750700
2025-10-10,138.7100067138672,141.07000732421875,138.22999572753906,140.3800048828125,138.68795776367188,4261200
2025-10-13,140.22999572753906,141.91000366210938,139.77999877929688,141.38999938964844,139.68580627441406,4144300
2025-10-14,141.41000366210938,144.36000061035156,141.16000366210938,144.10000610351562,142.36314392089844,4431800
2025-10-15,144.00999450683594,146.4600067138672,144.00999450683594,145.16000366210938,143.41036987304688,5397600
2025-10-16,145.25999450683594,145.25999450683594,142.05999755859375,142.5500030517578,140.83181762695312,3400100
2025-10-17,143.0,144.4600067138672,142.64999389648438,143.83999633789062,142.10626220703125,4003100
2025-10-20,143.9499969482422,144.3800048828125,142.5500030517578,143.3300018310547,141.6024169921875,3321600
2025-10-21,143.17999267578125,144.3000030517578,142.6699981689453,143.91000366210938,142.17543029785156,3886900
2025-10-22,144.39999389648438,144.6199951171875,142.92999267578125,143.05999755859375,141.33566284179688,3800000
2025-10-23,143.05999755859375,143.38999938964844,142.08999633789062,142.39999389648438,140.68362426757812,5072500
2025-10-24,142.77000427246094,142.99000549316406,141.83999633789062,141.91000366210938,140.19952392578125,3442600
2025-10-27,142.5500030517578,143.5399932861328,142.08999633789062,143.27000427246094,141.54312133789062,3775400
2025-10-28,142.82000732421875,144.0500030517578,142.27000427246094,144.02999877929688,142.29397583007812,3628100
2025-10-29,143.57000732421875,143.83999633789062,140.86000061035156,141.69000244140625,139.98219299316406,4383300
2025-10-30,141.61000061035156,143.49000549316406,141.39999389648438,142.2899932861328,140.57493591308594,4168600
2025-10-31,141.6699981689453,142.05999755859375,139.7100067138672,140.13999938964844,138.4508514404297,4877300
2025-11-03,140.3800048828125,140.72999572753906,138.82000732421875,140.41000366210938,138.71762084960938,5195700
2025-11-04,139.80999755859375,142.10000610351562,139.75999450683594,142.0500030517578,140.3378448486328,4473300
2025-11-05,141.74000549316406,145.5500030517578,141.36000061035156,143.6999969482422,141.96795654296875,6335900
2025-11-06,143.38999938964844,144.02999877929688,141.85000610351562,143.77000427246094,142.037109375,5554600
2025-11-07,143.97000122070312,145.11000061035156,143.33999633789062,144.61000061035156,142.86700439453125,5638000
2025-11-10,144.11000061035156,146.92999267578125,143.75999450683594,146.72000122070312,144.95155334472656,4056300
2025-11-11,147.19000244140625,147.58999633789062,145.6199951171875,146.16000366210938,144.39830017089844,2980000
2025-11-12,146.66000366210938,148.11000061035156,144.92999267578125,147.6300048828125,145.8505859375,5826500
2025-11-13,146.97000122070312,147.9199981689453,146.25,146.39999389648438,145.05299377441406,3879200
2025-11-14,146.16000366210938,147.6999969482422,145.42999267578125,146.0800018310547,144.73594665527344,4774300
2025-11-17,146.16000366210938,147.0,144.75999450683594,145.17999267578125,143.84420776367188,10612400
2025-11-18,144.25,146.85000610351562,143.82000732421875,145.5800018310547,144.2405242919922,10007700
2025-11-19,150.5,151.0,144.66000366210938,145.80999755859375,144.46841430664062,8563300
2025-11-20,146.25,149.22999572753906,145.94000244140625,148.07000732421875,146.7076416015625,9023900
2025-11-21,149.05999755859375,152.5800018310547,148.82000732421875,151.42999267578125,150.03671264648438,10087100
2025-11-24,151.5,151.72000122070312,148.5,148.86000061035156,147.4903564453125,13003600
2025-11-25,148.8699951171875,153.02000427246094,148.41000366210938,152.38999938964844,150.98788452148438,5639100
2025-11-26,152.99000549316406,154.66000366210938,151.9499969482422,153.1300048828125,151.72105407714844,4373600
2025-11-28,152.89999389648438,153.05999755859375,151.52000427246094,151.9199981689453,150.52220153808594,2496200
2025-12-01,151.5,152.74000549316406,150.7100067138672,151.1300048828125,149.73948669433594,4598200
2025-12-02,151.69000244140625,151.74000549316406,149.41000366210938,150.02000427246094,148.6396942138672,5336400
2025-12-03,150.3699951171875,150.97999572753906,149.66000366210938,150.05999755859375,148.67930603027344,4517000
2025-12-04,150.08999633789062,151.30999755859375,150.05999755859375,150.3000030517578,148.91709899902344,4075400
2025-12-05,150.0800018310547,153.33999633789062,149.9499969482422,153.27999877929688,151.8697052001953,6075200
2025-12-08,153.25,154.44000244140625,152.8000030517578,153.72000122070312,152.30563354492188,5633500
2025-12-09,153.52999877929688,154.05999755859375,153.02000427246094,153.67999267578125,152.26600646972656,5108800
2025-12-10,155.0800018310547,156.39999389648438,154.8699951171875,155.6699981689453,154.23768615722656,6249200
2025-12-11,156.27999877929688,157.72000122070312,155.2100067138672,155.5800018310547,154.14852905273438,4444400
2025-12-12,156.08999633789062,157.13999938964844,155.60000610351562,156.13999938964844,154.703369140625,4431100
2025-12-15,156.2100067138672,157.33999633789062,155.92999267578125,156.7100067138672,155.2681427001953,5709900
2025-12-16,157.0399932861328,157.8300018310547,155.00999450683594,155.08999633789062,153.6630401611328,4658900
2025-12-17,155.55999755859375,155.8699951171875,154.61000061035156,155.66000366210938,154.227783203125,3845900
2025-12-18,155.66000366210938,156.9199981689453,154.66000366210938,154.8800048828125,153.45497131347656,5513100
2025-12-19,155.13999938964844,155.42999267578125,154.14999389648438,154.60000610351562,153.17755126953125,9330800
2025-12-22,154.52000427246094,156.6300048828125,154.14999389648438,156.5800018310547,155.1393280029297,3603000
2025-12-23,156.8800048828125,157.16000366210938,155.61000061035156,155.9199981689453,154.4853973388672,2793900
2025-12-24,155.92999267578125,157.47000122070312,155.9199981689453,157.2899932861328,155.84278869628906,1402700
2025-12-26,157.0,157.75999450683594,156.69000244140625,157.11000061035156,155.66444396972656,1688200
2025-12-29,156.83999633789062,157.57000732421875,156.02999877929688,156.47000122070312,155.03033447265625,3214800
2025-12-30,155.8000030517578,156.5,155.0399932861328,155.35000610351562,153.92063903808594,2848000
2025-12-31,155.14999389648438,155.91000366210938,153.55999755859375,153.61000061035156,152.1966552734375,3040400
2026-01-02,153.25,154.35000610351562,152.0500030517578,154.27999877929688,152.86048889160156,4064700
2026-01-05,154.0,155.02000427246094,152.8800048828125,153.83999633789062,152.42453002929688,5027200
2026-01-06,153.0,154.82000732421875,152.1300048828125,153.9199981689453,152.5037841796875,5327900
2026-01-07,154.3699951171875,155.5399932861328,153.3300018310547,154.0399932861328,152.6226806640625,5681800
2026-01-08,154.39999389648438,158.5500030517578,153.4199981689453,158.25,156.79396057128906,5950300
2026-01-09,157.9199981689453,159.47999572753906,157.3000030517578,157.80999755859375,156.35801696777344,4487900
2026-01-12,157.7100067138672,158.75999450683594,156.8000030517578,157.10000610351562,155.654541015625,5529800
2026-01-13,156.8800048828125,158.16000366210938,156.2899932861328,158.13999938964844,156.6849822998047,4104000
2026-01-14,157.75,158.11000061035156,154.5399932861328,155.1300048828125,153.70266723632812,5371200
2026-01-15,155.75,156.7899932861328,154.80999755859375,156.16000366210938,154.72320556640625,4105700
2026-01-16,155.97000122070312,157.7899932861328,155.7100067138672,157.3800048828125,155.93197631835938,6270000
2026-01-20,157.1999969482422,157.60000610351562,155.35000610351562,156.0800018310547,154.6439208984375,5887600
2026-01-21,156.33999633789062,157.0,155.00999450683594,155.85000610351562,154.41604614257812,5511800
2026-01-22,155.94000244140625,156.69000244140625,152.74000549316406,153.4199981689453,152.00840759277344,5808100
2026-01-23,153.0500030517578,153.72999572753906,152.47000122070312,153.24000549316406,151.83006286621094,5651500
2026-01-26,152.72999572753906,153.7899932861328,148.88999938964844,150.0800018310547,148.69912719726562,8152500
2026-01-27,150.5,150.91000366210938,147.5500030517578,148.00999450683594,146.64816284179688,7093800
2026-01-28,147.3800048828125,148.22999572753906,146.75,147.7899932861328,146.43019104003906,6424300
2026-01-29,147.74000549316406,148.8300018310547,145.8300018310547,147.47000122070312,146.11314392089844,5950400
2026-01-30,147.7100067138672,149.94000244140625,147.08999633789062,149.80999755859375,148.43162536621094,6015900
2026-02-02,150.3000030517578,150.49000549316406,148.75,150.1699981689453,148.78829956054688,8782100
2026-02-03,149.69000244140625,152.61000061035156,149.50999450683594,152.07000732421875,150.6708221435547,5637600
2026-02-04,152.8800048828125,155.19000244140625,152.6300048828125,153.94000244140625,152.52362060546875,6879000
2026-02-05,154.5399932861328,156.38999938964844,153.58999633789062,155.39999389648438,153.97018432617188,7474700
2026-02-06,155.3800048828125,156.33999633789062,154.72999572753906,155.86000061035156,154.4259490966797,4708100
2026-02-09,155.39999389648438,156.3300018310547,154.02000427246094,156.24000549316406,154.80245971679688,4337600
2026-02-10,156.61000061035156,157.16000366210938,153.05999755859375,153.2899932861328,151.8795928955078,4519400
2026-02-11,153.17999267578125,154.25999450683594,150.27000427246094,150.75,149.36297607421875,5469400
2026-02-12,153.11000061035156,155.58999633789062,151.97999572753906,154.17999267578125,153.1932830810547,6172400
2026-02-13,153.9199981689453,155.82000732421875,152.6699981689453,154.4600067138672,153.4715118408203,3754700
2026-02-17,155.36000061035156,156.99000549316406,153.41000366210938,156.97000122070312,155.96543884277344,5506700
2026-02-18,156.33999633789062,157.32000732421875,155.9600067138672,157.22999572753906,156.22377014160156,2944200
2026-02-19,156.97000122070312,157.32000732421875,155.27000427246094,156.50999450683594,155.50839233398438,3933200
2026-02-20,156.05999755859375,158.5,155.66000366210938,158.22999572753906,157.21737670898438,5643200
2026-02-23,159.0,160.4600067138672,155.75,157.69000244140625,156.68084716796875,5710000
2026-02-24,158.07000732421875,158.9499969482422,157.02000427246094,157.66000366210938,156.65103149414062,5280900
2026-02-25,157.5500030517578,162.67999267578125,154.8000030517578,155.82000732421875,154.82281494140625,8042000
2026-02-26,157.82000732421875,159.3300018310547,156.4199981689453,158.69000244140625,157.6744384765625,5987700
2026-02-27,158.42999267578125,161.66000366210938,158.39999389648438,161.66000366210938,160.62542724609375,7099900
2026-03-02,160.22000122070312,161.5,158.75,159.94000244140625,158.91644287109375,4924400
2026-03-03,158.66000366210938,159.72000122070312,155.75,159.7100067138672,158.6879119873047,5060100
2026-03-04,160.00999450683594,161.89999389648438,158.1999969482422,161.72999572753906,160.69497680664062,4741100
2026-03-05,160.27000427246094,161.1999969482422,158.97000122070312,160.92999267578125,159.9001007080078,6532400
2026-03-06,159.67999267578125,160.11000061035156,157.6199951171875,159.3300018310547,158.31033325195312,5923100
2026-03-09,158.47999572753906,158.92999267578125,155.11000061035156,158.13999938964844,157.12796020507812,4620600
2026-03-10,157.27000427246094,162.58999633789062,156.3800048828125,159.52999877929688,158.50904846191406,5804700
2026-03-11,158.61000061035156,159.0,157.14999389648438,157.8800048828125,156.86961364746094,3977100
2026-03-12,157.25,158.17999267578125,155.69000244140625,155.7899932861328,154.79298400878906,3664300
2026-03-13,156.4600067138672,157.8699951171875,155.02999877929688,155.42999267578125,154.43528747558594,3123500
2026-03-16,156.5800018310547,157.77999877929688,155.3300018310547,156.02000427246094,155.0215301513672,4384700
2026-03-17,156.60000610351562,156.77000427246094,154.38999938964844,155.3800048828125,154.38563537597656,3861600
2026-03-18,154.72000122070312,155.75,152.75,152.8699951171875,151.8916778564453,3103400
2026-03-19,152.94000244140625,155.58999633789062,152.17999267578125,154.67999267578125,153.69009399414062,3889100
2026-03-20,154.27000427246094,156.67999267578125,154.27000427246094,154.97999572753906,153.98817443847656,7321800
2026-03-23,157.3000030517578,157.82000732421875,155.60000610351562,156.5,155.4984588623047,4577100
2026-03-24,156.72999572753906,159.4600067138672,155.47000122070312,158.3800048828125,157.36642456054688,4380000
2026-03-25,157.5500030517578,159.91000366210938,156.77000427246094,159.74000549316406,158.7177276611328,3606700
2026-03-26,159.5800018310547,159.92999267578125,157.02999877929688,157.57000732421875,156.5615997314453,4156600
2026-03-27,157.30999755859375,158.0,154.4600067138672,155.1199951171875,154.1272735595703,4319100
2026-03-30,157.07000732421875,157.66000366210938,155.25,155.7899932861328,154.79298400878906,3868100
2026-03-31,157.33999633789062,160.3300018310547,156.82000732421875,159.6999969482422,158.67796325683594,4199500
2026-04-01,160.4600067138672,162.3699951171875,160.0,162.02999877929688,160.99305725097656,4003900
2026-04-02,161.5,162.33999633789062,160.16000366210938,161.2899932861328,160.25778198242188,3856700
2026-04-06,160.82000732421875,162.14999389648438,159.89999389648438,161.82000732421875,160.78440856933594,3698100
2026-04-07,161.27999877929688,161.4600067138672,157.42999267578125,157.5800018310547,156.571533203125,4308600
2026-04-08,158.42999267578125,161.88999938964844,158.0500030517578,161.63999938964844,160.6055450439453,4938000
2026-04-09,160.8300018310547,165.82000732421875,160.5399932861328,165.0,163.94406127929688,5593300
2026-04-10,164.42999267578125,164.9499969482422,160.4199981689453,161.60000610351562,160.56582641601562,3559400
2026-04-13,160.97000122070312,161.25,157.3300018310547,159.3300018310547,158.31033325195312,5208400
2026-04-14,158.49000549316406,160.3699951171875,157.89999389648438,160.27999877929688,159.25425720214844,4537600
2026-04-15,159.6999969482422,161.27000427246094,158.9499969482422,160.22999572753906,159.20457458496094,3366700
2026-04-16,160.39999389648438,161.16000366210938,156.4199981689453,157.47999572753906,156.47218322753906,3956100
2026-04-17,158.5800018310547,161.39999389648438,158.50999450683594,160.67999267578125,159.6516876220703,5190300
2026-04-20,161.02999877929688,161.5,159.3699951171875,159.69000244140625,158.66802978515625,4062200
2026-04-21,160.07000732421875,160.69000244140625,158.47999572753906,159.25,158.23085021972656,3236600
2026-04-22,159.39999389648438,160.22999572753906,158.1999969482422,158.47000122070312,157.45584106445312,2582000
2026-04-23,158.74000549316406,160.52999877929688,157.5,158.35000610351562,157.33660888671875,3179100
2026-04-24,157.69000244140625,158.55999755859375,155.72000122070312,157.02999877929688,156.0250701904297,3981400
2026-04-27,156.47000122070312,158.77000427246094,156.47000122070312,157.47999572753906,156.47218322753906,3799500
2026-04-28,158.4600067138672,158.75,155.85000610351562,157.1999969482422,156.1939697265625,2841000
2026-04-29,156.00999450683594,156.63999938964844,155.14999389648438,156.07000732421875,155.07119750976562,3545800
2026-04-30,156.10000610351562,157.5800018310547,155.42999267578125,156.75,155.74684143066406,4613200
2026-05-01,157.11000061035156,158.27999877929688,156.0,156.8300018310547,155.8263397216797,4125500
2026-05-04,155.88999938964844,156.80999755859375,153.5,154.63999938964844,153.6503448486328,4047000
2026-05-05,155.00999450683594,157.1300048828125,154.6999969482422,154.9600067138672,153.9683074951172,6108700
2026-05-06,155.85000610351562,156.14999389648438,153.22000122070312,155.4499969482422,154.45516967773438,7664700
2026-05-07,156.0399932861328,157.42999267578125,153.4199981689453,154.47999572753906,153.49136352539062,4674100
2026-05-08,155.02000427246094,155.3000030517578,152.52000427246094,153.36000061035156,152.3785400390625,4908200
2026-05-11,152.83999633789062,153.8800048828125,147.27000427246094,148.91000366210938,147.95701599121094,5770500
2026-05-12,149.0,151.0500030517578,147.11000061035156,150.25999450683594,149.2983856201172,5317800
2026-05-13,149.17999267578125,149.8000030517578,146.13999938964844,147.02999877929688,146.08905029296875,6416100
2026-05-14,146.75999450683594,148.1199951171875,146.39999389648438,147.35000610351562,146.8865509033203,7764800
2026-05-15,147.82000732421875,148.3699951171875,147.10000610351562,147.42999267578125,146.96627807617188,8988100
2026-05-18,148.19000244140625,151.66000366210938,147.8000030517578,150.25,149.7774200439453,6911700
2026-05-19,149.10000610351562,152.55999755859375,148.7100067138672,150.67999267578125,150.2060546875,8732600
2026-05-20,152.88999938964844,160.58999633789062,152.4499969482422,159.2100067138672,158.70924377441406,9371800
2026-05-21,159.5,159.97999572753906,156.50999450683594,157.4600067138672,156.96475219726562,5855000
2026-05-22,157.5,158.4600067138672,155.8800048828125,158.27000427246094,157.77220153808594,4844800
2026-05-26,158.3000030517578,159.80999755859375,157.0,158.97000122070312,158.47000122070312,4721700
2026-05-27,160.0,160.88999938964844,156.55999755859375,157.00999450683594,156.5161590576172,5631000
2026-05-28,156.02000427246094,157.6300048828125,153.77000427246094,154.88999938964844,154.40283203125,7647200
2026-05-29,155.14999389648438,156.52000427246094,154.25999450683594,154.75,154.26327514648438,12110000
2026-06-01,153.3800048828125,154.3300018310547,152.42999267578125,152.75,152.26956176757812,5892800
2026-06-02,152.86000061035156,154.1999969482422,152.33999633789062,153.69000244140625,153.20660400390625,5004200
2026-06-03,153.05999755859375,158.07000732421875,153.0,157.89999389648438,157.40335083007812,5865100
2026-06-04,160.0,160.8699951171875,157.92999267578125,158.6300048828125,158.13107299804688,5847400
2026-06-05,159.2899932861328,161.77999877929688,158.64999389648438,160.7100067138672,160.20452880859375,4867000
2026-06-08,159.22999572753906,162.19000244140625,159.1199951171875,159.75,159.24754333496094,7123800
2026-06-09,161.11000061035156,164.8699951171875,160.64999389648438,164.8699951171875,164.3514404296875,5663300
2026-06-10,165.64999389648438,167.9199981689453,163.85000610351562,167.66000366210938,167.13265991210938,7141900
2026-06-11,167.75,170.0,167.3300018310547,168.33999633789062,167.81051635742188,6983900
2026-06-12,169.5,169.85000610351562,166.99000549316406,168.41000366210938,167.88031005859375,4875300
2026-06-15,168.38999938964844,168.74000549316406,164.50999450683594,167.3300018310547,166.80369567871094,5819300
2026-06-16,167.57000732421875,168.0500030517578,165.75,166.32000732421875,165.79689025878906,5174900
2026-06-17,165.74000549316406,167.10000610351562,163.44000244140625,164.1300048828125,163.61376953125,4496800
2026-06-18,164.9199981689453,166.8800048828125,163.1300048828125,163.80999755859375,163.29476928710938,9069800
2026-06-22,166.0800018310547,167.2899932861328,164.05999755859375,164.1699981689453,163.6536407470703,5211600
2026-06-23,164.8699951171875,166.52999877929688,163.42999267578125,164.35000610351562,163.8330841064453,4903200
2026-06-24,164.72999572753906,166.25999450683594,164.07000732421875,165.1699981689453,164.65049743652344,4662400
2026-06-25,163.13999938964844,166.5399932861328,154.64999389648438,155.19000244140625,154.70188903808594,8558600
2026-06-26,156.02999877929688,157.1300048828125,153.50999450683594,155.42999267578125,154.9411163330078,13745400
2026-06-29,154.7100067138672,155.05999755859375,150.63999938964844,151.22999572753906,150.75433349609375,7585600
2026-06-30,150.92999267578125,152.3000030517578,149.61000061035156,151.5,151.0234832763672,6785800
2026-07-01,152.0500030517578,152.36000061035156,149.7100067138672,151.35000610351562,150.87396240234375,5047700
2026-07-02,151.8000030517578,154.25999450683594,150.52000427246094,154.25999450683594,153.77481079101562,4918800
2026-07-06,152.99000549316406,154.0,149.9499969482422,151.30999755859375,150.83409118652344,5758000
2026-07-07,153.83999633789062,155.74000549316406,152.47000122070312,154.11000061035156,153.62527465820312,5301900
2026-07-08,154.0,154.1199951171875,152.25,152.7899932861328,152.30943298339844,4624800
2026-07-09,152.75,153.92999267578125,150.25,150.89999389648438,150.4253692626953,6048800
2026-07-10,151.13999938964844,151.8699951171875,150.25,151.33999633789062,150.86398315429688,4169000
2026-07-13,152.82000732421875,153.94000244140625,150.25,150.52999877929688,150.05653381347656,3644900
2026-07-14,150.25,151.1699981689453,148.8800048828125,150.33999633789062,149.8671417236328,4990200
2026-07-15,148.8000030517578,151.8300018310547,148.27000427246094,150.97000122070312,150.4951629638672,6550100
2026-07-16,152.0800018310547,155.27000427246094,151.4499969482422,154.7899932861328,154.30313110351562,4557500
2026-07-17,155.0,158.14999389648438,153.8699951171875,154.4600067138672,153.97418212890625,6184900
2026-07-20,154.52999877929688,156.0399932861328,153.82000732421875,155.6999969482422,155.2102813720703,4979100
2026-07-21,155.1999969482422,155.3699951171875,152.77000427246094,155.0500030517578,154.5623321533203,4737200
2026-07-22,155.7899932861328,158.0,154.0399932861328,155.41000366210938,154.92120361328125,4887800
2026-07-23,154.17999267578125,155.0800018310547,152.39999389648438,153.47999572753906,152.99725341796875,3339700
2026-07-24,152.8699951171875,155.35000610351562,152.1199951171875,154.22000122070312,153.7349395751953,4249500
2026-07-27,155.97000122070312,157.6199951171875,155.14999389648438,156.3800048828125,155.88815307617188,4309200
2026-07-28,159.82000732421875,161.4499969482422,158.35000610351562,160.8000030517578,160.2942352294922,5851600
2026-07-29,159.99000549316406,163.0399932861328,159.3000030517578,161.6300048828125,161.1216278076172,3961300
2026-07-30,159.99000549316406,160.14999389648438,157.52000427246094,159.25999450683594,158.7590789794922,6297700
2026-07-31,159.0500030517578,159.05999755859375,157.10000610351562,157.33999633789062,156.84512329101562,3766700
2026-08-03,159.2899932861328,160.49000549316406,155.72999572753906,157.5,157.00462341308594,4549800
2026-08-04,157.1300048828125,158.49000549316406,155.3000030517578,157.5500030517578,157.05445861816406,7351600
2026-08-05,158.1199951171875,160.5,157.8300018310547,159.9199981689453,159.41700744628906,6044900
2026-08-06,161.85000610351562,162.1199951171875,159.69000244140625,162.05999755859375,161.55027770996094,6853800
2026-08-07,160.4600067138672,162.5,159.22999572753906,161.36000061035156,160.85247802734375,4722500
2026-08-10,160.7899932861328,160.85000610351562,158.22999572753906,158.82000732421875,158.3204803466797,4045800
2026-08-11,157.91000366210938,159.0,155.49000549316406,155.74000549316406,155.25015258789062,3900400
2026-08-12,153.63999938964844,155.30999755859375,152.1300048828125,152.61000061035156,152.1300048828125,4344500
2026-08-13,153.0,154.0399932861328,151.42999267578125,153.80999755859375,153.80999755859375,5377000
2026-08-14,153.2100067138672,153.57000732421875,151.7100067138672,152.11000061035156,152.11000061035156,3928800
2026-08-17,151.0,153.30999755859375,150.40989685058594,150.85000610351562,150.85000610351562,4474887
