date,open,high,low,close,adj_close,volume
2021-07-21,143.99000549316406,146.1199951171875,143.64999389648438,144.57000732421875,138.25143432617188,4700000
2021-07-22,144.66000366210938,144.94000244140625,142.44000244140625,144.75,138.4235382080078,4335700
2021-07-23,145.42999267578125,145.42999267578125,143.89999389648438,144.0,137.7063446044922,4278200
2021-07-26,143.6300048828125,145.72000122070312,143.6300048828125,144.97000122070312,138.63392639160156,3705900
2021-07-27,144.85000610351562,145.07000732421875,143.55999755859375,144.82000732421875,138.49050903320312,4110400
2021-07-28,145.0,145.49000549316406,144.3000030517578,145.1199951171875,138.77737426757812,2975000
2021-07-29,145.5,146.9199981689453,143.6999969482422,144.6300048828125,138.30880737304688,4198600
2021-07-30,143.0,145.17999267578125,141.1999969482422,144.02000427246094,137.72547912597656,6600300
2021-08-02,144.8699951171875,145.2899932861328,144.02000427246094,144.91000366210938,138.5765838623047,4333500
2021-08-03,145.0800018310547,145.4600067138672,144.02999877929688,144.5,138.18446350097656,3953600
2021-08-04,143.8699951171875,144.39999389648438,142.14999389648438,142.22000122070312,136.00411987304688,4615200
2021-08-05,142.82000732421875,143.5,141.6999969482422,141.92999267578125,135.726806640625,4369100
2021-08-06,141.99000549316406,142.75999450683594,141.47000122070312,142.22999572753906,136.01368713378906,5236700
2021-08-09,142.8000030517578,144.0,142.69000244140625,142.99000549316406,136.740478515625,4645800
2021-08-10,143.2899932861328,143.8300018310547,142.47999572753906,143.1999969482422,136.94129943847656,2608300
2021-08-11,143.30999755859375,144.75999450683594,142.94000244140625,144.58999633789062,138.2705535888672,2417800
2021-08-12,144.9600067138672,145.38999938964844,144.69000244140625,144.74000549316406,138.41400146484375,2223900
2021-08-13,144.3000030517578,145.35000610351562,144.07000732421875,144.94000244140625,138.60525512695312,2618200
2021-08-16,141.0,142.66000366210938,139.27999877929688,140.72999572753906,134.57925415039062,7114200
2021-08-17,140.5500030517578,141.85000610351562,140.0800018310547,140.6699981689453,134.5218963623047,4718500
2021-08-18,140.24000549316406,141.77000427246094,139.67999267578125,139.8300018310547,133.71859741210938,4480000
2021-08-19,139.60000610351562,141.60000610351562,139.4199981689453,140.88999938964844,134.73226928710938,3799000
2021-08-20,141.02000427246094,143.27999877929688,140.3699951171875,141.80999755859375,135.612060546875,3274000
2021-08-23,141.50999450683594,142.97000122070312,141.1999969482422,142.5399932861328,136.31015014648438,3186700
2021-08-24,142.3000030517578,143.08999633789062,141.75999450683594,142.5,136.27188110351562,2367100
2021-08-25,142.32000732421875,142.32000732421875,139.8000030517578,139.86000061035156,133.74728393554688,3633400
2021-08-26,140.5500030517578,140.5500030517578,137.4199981689453,137.5800018310547,131.5669403076172,4204800
2021-08-27,137.88999938964844,138.64999389648438,137.17999267578125,138.3800048828125,132.33193969726562,3351800
2021-08-30,136.92999267578125,138.5800018310547,135.6199951171875,137.89999389648438,131.87294006347656,3628600
2021-08-31,137.52999877929688,137.97999572753906,136.57000732421875,137.02000427246094,131.03143310546875,4458900
2021-09-01,137.6300048828125,138.8000030517578,137.3800048828125,137.74000549316406,130.964111328125,2754800
2021-09-02,138.22000122070312,138.25999450683594,135.0500030517578,136.1300048828125,129.43328857421875,3807900
2021-09-03,136.3699951171875,136.49000549316406,135.4199981689453,136.0,129.30966186523438,2448500
2021-09-07,136.08999633789062,136.7899932861328,134.22000122070312,134.47000122070312,127.85492706298828,4403800
2021-09-08,134.66000366210938,134.66000366210938,132.3300018310547,133.6699981689453,127.09428405761719,6635700
2021-09-09,131.1999969482422,133.75,130.24000549316406,131.44000244140625,124.9739990234375,8684000
2021-09-10,131.77000427246094,132.2100067138672,129.07000732421875,130.80999755859375,124.3749771118164,6570000
2021-09-13,131.89999389648438,132.1699981689453,129.57000732421875,130.02000427246094,123.62386322021484,6763200
2021-09-14,130.9199981689453,131.24000549316406,127.97000122070312,128.9199981689453,122.57797241210938,6053700
2021-09-15,128.55999755859375,128.83999633789062,125.3499984741211,127.06999969482422,120.81898498535156,8735700
2021-09-16,127.4000015258789,129.6300048828125,125.95999908447266,128.91000366210938,122.56846618652344,9045100
2021-09-17,128.8800048828125,129.22999572753906,127.02999877929688,128.0,121.70320892333984,8304300
2021-09-20,127.01000213623047,127.97000122070312,124.66999816894531,125.62999725341797,119.4498062133789,7916000
2021-09-21,126.44999694824219,127.5,124.8499984741211,124.9000015258789,118.75572204589844,5908000
2021-09-22,125.76000213623047,128.24000549316406,125.44999694824219,127.7300033569336,121.44650268554688,6952600
2021-09-23,128.25999450683594,131.88999938964844,128.00999450683594,130.94000244140625,124.49858856201172,8177200
2021-09-24,130.1699981689453,130.74000549316406,129.0500030517578,129.42999267578125,123.0628662109375,3712000
2021-09-27,128.72999572753906,128.82000732421875,127.25,127.77999877929688,121.4940414428711,3888500
2021-09-28,126.72000122070312,127.70999908447266,125.86000061035156,126.30999755859375,120.09635162353516,4517900
2021-09-29,126.55000305175781,128.75,126.0,128.10000610351562,121.79830169677734,4398500
2021-09-30,128.8300018310547,129.27000427246094,127.11000061035156,127.76000213623047,121.47502136230469,4541100
2021-10-01,127.08000183105469,128.30999755859375,126.29000091552734,126.76000213623047,120.52421569824219,4126700
2021-10-04,126.80999755859375,127.75,124.73999786376953,125.45999908447266,119.28816986083984,4753000
2021-10-05,125.08999633789062,126.19000244140625,124.29000091552734,125.4000015258789,119.23113250732422,3051100
2021-10-06,124.25,124.72000122070312,123.30000305175781,124.5999984741211,118.47048950195312,4160400
2021-10-07,125.66999816894531,126.12999725341797,122.80999755859375,123.18000030517578,117.1203384399414,5431700
2021-10-08,123.63999938964844,123.63999938964844,120.5999984741211,121.22000122070312,115.25675201416016,5975800
2021-10-11,120.9800033569336,121.5999984741211,116.95999908447266,117.19000244140625,111.42500305175781,9884200
2021-10-12,117.58999633789062,118.58000183105469,116.1500015258789,116.27999877929688,110.55975341796875,7095400
2021-10-13,117.16000366210938,118.02999877929688,116.0,116.45999908447266,110.73091888427734,6845800
2021-10-14,118.08999633789062,119.69000244140625,117.61000061035156,119.26000213623047,113.3931655883789,9698500
2021-10-15,119.61000061035156,120.33999633789062,117.22000122070312,117.55999755859375,111.77679443359375,4453800
2021-10-18,117.05999755859375,118.19999694824219,116.12999725341797,117.37999725341797,111.60565948486328,4377700
2021-10-19,117.61000061035156,118.6500015258789,116.81999969482422,118.55999755859375,112.72760772705078,3426500
2021-10-20,119.08000183105469,122.66000366210938,118.98999786376953,121.94000244140625,115.94134521484375,5875900
2021-10-21,121.5999984741211,121.93000030517578,116.43000030517578,116.8499984741211,111.10172271728516,6744800
2021-10-22,117.4000015258789,117.51000213623047,116.16999816894531,116.87000274658203,111.1207504272461,5213700
2021-10-25,116.7699966430664,116.97000122070312,115.83000183105469,115.93000030517578,110.22698974609375,5940100
2021-10-26,116.58999633789062,117.9800033569336,116.29000091552734,116.36000061035156,110.6358413696289,4600800
2021-10-27,116.31999969482422,117.52999877929688,116.05999755859375,116.62000274658203,110.88304901123047,3998200
2021-10-28,116.88999938964844,117.87000274658203,115.4000015258789,116.04000091552734,110.33158111572266,3371100
2021-10-29,115.81999969482422,116.33000183105469,114.69000244140625,115.02999877929688,109.37126159667969,4175800
2021-11-01,114.98999786376953,116.38999938964844,114.88999938964844,115.86000061035156,110.16045379638672,4044500
2021-11-02,116.86000061035156,117.30000305175781,114.76000213623047,115.80000305175781,110.1033935546875,5446500
2021-11-03,122.12000274658203,124.70999908447266,121.05000305175781,121.94000244140625,115.94134521484375,9641800
2021-11-04,122.12999725341797,124.08000183105469,121.22000122070312,122.6500015258789,116.61640930175781,6250200
2021-11-05,123.0,124.41000366210938,121.79000091552734,122.66999816894531,116.63541412353516,5204800
2021-11-08,122.83999633789062,122.83999633789062,119.8499984741211,120.86000061035156,114.91446685791016,4437600
2021-11-09,120.91999816894531,121.69000244140625,119.19000244140625,119.86000061035156,113.96365356445312,3889500
2021-11-10,119.6500015258789,122.27999877929688,119.12000274658203,119.55000305175781,113.66891479492188,3715000
2021-11-11,119.33999633789062,120.05000305175781,118.12000274658203,118.47000122070312,112.64204406738281,3443900
2021-11-12,118.88999938964844,119.2699966430664,118.0199966430664,118.23999786376953,112.42335510253906,2853900
2021-11-15,117.98999786376953,118.30000305175781,115.76000213623047,117.7699966430664,111.97645568847656,5337000
2021-11-16,118.51000213623047,119.30000305175781,118.01000213623047,118.36000061035156,112.53743743896484,4056900
2021-11-17,117.7699966430664,118.11000061035156,116.30000305175781,117.19000244140625,111.42500305175781,3494600
2021-11-18,116.72000122070312,117.43000030517578,115.29000091552734,116.9800033569336,111.22533416748047,4801100
2021-11-19,117.01000213623047,117.0199966430664,114.36000061035156,115.62000274658203,109.93223571777344,5741600
2021-11-22,116.06999969482422,116.08999633789062,113.68000030517578,113.8499984741211,108.24930572509766,5315800
2021-11-23,113.48999786376953,116.05000305175781,112.87000274658203,115.45999908447266,109.78012084960938,4483000
2021-11-24,115.01000213623047,115.37999725341797,113.58000183105469,114.4800033569336,108.84831237792969,3552700
2021-11-26,114.73999786376953,115.37000274658203,113.12999725341797,113.52999877929688,107.94505310058594,4391800
2021-11-29,113.55999755859375,113.93000030517578,110.33000183105469,113.4000015258789,107.82144927978516,6836000
2021-11-30,113.04000091552734,113.1500015258789,108.08999633789062,108.80999755859375,103.4572525024414,10010600
2021-12-01,110.4800033569336,111.31999969482422,106.69999694824219,106.72000122070312,101.47004699707031,4757000
2021-12-02,107.1500015258789,111.12000274658203,106.86000061035156,110.36000061035156,104.93099975585938,5829400
2021-12-03,110.5199966430664,112.98999786376953,109.02999877929688,112.7699966430664,107.22244262695312,6010900
2021-12-06,113.72000122070312,116.23999786376953,112.76000213623047,115.62999725341797,109.9417495727539,5042600
2021-12-07,115.87000274658203,117.72000122070312,114.6500015258789,117.1500015258789,111.386962890625,6867900
2021-12-08,117.19000244140625,117.41000366210938,113.4800033569336,114.75,109.10503387451172,5767700
2021-12-09,114.45999908447266,114.69999694824219,112.7699966430664,113.98999786376953,108.38241577148438,4041200
2021-12-10,114.06999969482422,115.9000015258789,113.70999908447266,114.7699966430664,109.12405395507812,3817700
2021-12-13,114.31999969482422,115.48999786376953,113.73999786376953,115.01000213623047,109.35224914550781,4154600
2021-12-14,114.62999725341797,118.30000305175781,114.29000091552734,117.30999755859375,111.53910827636719,5615100
2021-12-15,117.0199966430664,118.81999969482422,116.19999694824219,118.41999816894531,112.59449005126953,4035300
2021-12-16,119.0,121.41999816894531,118.80999755859375,120.58000183105469,114.64824676513672,6062000
2021-12-17,119.93000030517578,121.72000122070312,118.58000183105469,119.80999755859375,113.91612243652344,10490900
2021-12-20,117.80999755859375,119.52999877929688,116.8499984741211,118.98999786376953,113.13644409179688,3542500
2021-12-21,119.69000244140625,121.62999725341797,119.01000213623047,121.0999984741211,115.14266967773438,3696800
2021-12-22,120.51000213623047,122.55999755859375,120.0,120.55999755859375,114.62921905517578,3400100
2021-12-23,120.70999908447266,121.75,119.87999725341797,119.91000366210938,114.01119995117188,3020800
2021-12-27,119.95999908447266,120.05999755859375,118.31999969482422,118.58000183105469,112.74662017822266,3397500
2021-12-28,119.0,120.30999755859375,117.80000305175781,118.16000366210938,112.3472900390625,3706600
2021-12-29,119.18000030517578,119.29000091552734,116.87999725341797,117.63999938964844,111.85286712646484,3389800
2021-12-30,117.72000122070312,118.77999877929688,116.36000061035156,116.51000213623047,110.77845764160156,4348400
2021-12-31,116.5199966430664,116.93000030517578,115.37999725341797,115.9800033569336,110.2745361328125,3186400
2022-01-03,115.76000213623047,116.08999633789062,114.1500015258789,114.43000030517578,108.80078887939453,6673700
2022-01-04,114.68000030517578,114.87999725341797,111.95999908447266,114.05999755859375,108.448974609375,7336100
2022-01-05,114.81999969482422,118.2300033569336,114.37999725341797,115.36000061035156,109.68502807617188,8059200
2022-01-06,116.02999877929688,116.88999938964844,114.54000091552734,115.56999969482422,109.88470458984375,4659400
2022-01-07,112.06999969482422,113.54000091552734,108.55000305175781,109.73999786376953,104.34148406982422,11766800
2022-01-10,109.5,109.62000274658203,104.0999984741211,105.73999786376953,100.53826904296875,9615900
2022-01-11,107.4800033569336,111.0199966430664,104.62000274658203,110.97000122070312,105.510986328125,8358900
2022-01-12,111.5,112.63999938964844,109.97000122070312,110.8499984741211,105.39690399169922,4962500
2022-01-13,111.16999816894531,112.0,109.55999755859375,110.12000274658203,104.70280456542969,4164800
2022-01-14,109.83000183105469,109.83000183105469,107.05999755859375,108.5199966430664,103.18150329589844,3801500
2022-01-18,107.01000213623047,108.2300033569336,106.27999877929688,106.91000366210938,101.65071105957031,4960600
2022-01-19,106.7699966430664,107.27999877929688,105.16999816894531,105.37999725341797,100.19598388671875,3898300
2022-01-20,105.37999725341797,107.87000274658203,103.91000366210938,104.05999755859375,98.94091796875,4795700
2022-01-21,103.9000015258789,105.26000213623047,101.51000213623047,101.62000274658203,96.6209487915039,6504200
2022-01-24,102.4000015258789,106.97000122070312,102.2699966430664,106.6500015258789,101.40350341796875,8814300
2022-01-25,105.62000274658203,106.62000274658203,104.4000015258789,105.66999816894531,100.47171020507812,6237700
2022-01-26,105.22000122070312,106.51000213623047,103.7699966430664,104.22000122070312,99.09304809570312,9372100
2022-01-27,103.91999816894531,107.76000213623047,103.7699966430664,106.02999877929688,100.81400299072266,4671700
2022-01-28,105.70999908447266,108.7300033569336,104.80000305175781,108.6500015258789,103.30511474609375,4649200
2022-01-31,108.19999694824219,108.43000030517578,106.88999938964844,108.16999816894531,102.84873962402344,4857600
2022-02-01,107.72000122070312,109.75,106.75,109.55000305175781,104.16084289550781,4387200
2022-02-02,109.61000061035156,110.5,107.91999816894531,109.58000183105469,104.18938446044922,6408000
2022-02-03,120.0,122.45999908447266,117.5,120.77999877929688,114.8384017944336,16349300
2022-02-04,119.02999877929688,122.5199966430664,117.91000366210938,120.94000244140625,114.99052429199219,7596500
2022-02-07,121.23999786376953,122.9000015258789,120.94000244140625,122.05000305175781,116.04593658447266,6420600
2022-02-08,122.4800033569336,126.26000213623047,122.25,125.44000244140625,119.26915740966797,6064600
2022-02-09,126.62999725341797,128.38999938964844,125.81999969482422,128.0800018310547,121.77928924560547,7483100
2022-02-10,125.0,127.83999633789062,124.55999755859375,125.12999725341797,118.97440338134766,6901600
2022-02-11,124.69000244140625,126.94000244140625,124.13999938964844,124.4800033569336,118.35639190673828,4963100
2022-02-14,125.63999938964844,125.79000091552734,123.3499984741211,125.51000213623047,119.3357162475586,4655300
2022-02-15,126.44000244140625,128.07000732421875,126.08000183105469,127.02999877929688,120.78094482421875,3712500
2022-02-16,127.5,128.3699951171875,125.30999755859375,127.45999908447266,121.18978881835938,3026300
2022-02-17,126.33999633789062,126.6500015258789,124.27999877929688,124.55000305175781,118.42292785644531,4604200
2022-02-18,124.98999786376953,125.63999938964844,122.79000091552734,123.9800033569336,117.88097381591797,3590800
2022-02-22,123.62000274658203,124.5,122.2699966430664,123.51000213623047,117.4341049194336,4369600
2022-02-23,123.06999969482422,123.38999938964844,119.70999908447266,121.44000244140625,115.46592712402344,4635600
2022-02-24,119.73999786376953,123.94999694824219,118.7300033569336,123.66000366210938,117.57673645019531,5549100
2022-02-25,124.7300033569336,125.98999786376953,123.23999786376953,125.45999908447266,119.28816986083984,3816600
2022-02-28,121.47000122070312,123.47000122070312,121.18000030517578,123.20999908447266,117.14884948730469,5167700
2022-03-01,121.91000366210938,124.02999877929688,121.62999725341797,123.12999725341797,117.07279205322266,4325900
2022-03-02,123.9000015258789,126.30999755859375,123.16000366210938,125.61000061035156,119.43080139160156,4177700
2022-03-03,126.54000091552734,127.19999694824219,123.62999725341797,123.91999816894531,117.82392883300781,4718800
2022-03-04,123.55000305175781,124.77999877929688,122.43000030517578,123.2300033569336,117.16787719726562,5086400
2022-03-07,122.5,123.6500015258789,121.79000091552734,122.30999755859375,116.29312133789062,5161500
2022-03-08,121.13999938964844,121.83000183105469,116.91000366210938,119.27999877929688,113.41217803955078,6186800
2022-03-09,120.68000030517578,122.52999877929688,120.48999786376953,121.95999908447266,115.9603500366211,4290200
2022-03-10,120.66000366210938,123.91999816894531,120.44000244140625,123.54000091552734,117.46263122558594,4200600
2022-03-11,124.43000030517578,126.37999725341797,124.4000015258789,124.56999969482422,118.44195556640625,4207200
2022-03-14,124.37000274658203,126.44000244140625,123.97000122070312,124.06999969482422,117.966552734375,5149500
2022-03-15,124.88999938964844,127.5999984741211,124.88999938964844,126.27999877929688,120.0678482055664,3879200
2022-03-16,126.0199966430664,128.13999938964844,125.47000122070312,127.76000213623047,121.47502136230469,5453800
2022-03-17,128.57000732421875,129.57000732421875,127.70999908447266,128.9499969482422,122.60649871826172,5042000
2022-03-18,128.8800048828125,129.39999389648438,126.69000244140625,127.18000030517578,120.9235610961914,8572000
2022-03-21,126.91999816894531,126.91999816894531,124.19999694824219,125.97000122070312,119.77308654785156,5920100
2022-03-22,126.58000183105469,127.12999725341797,125.43000030517578,125.69000244140625,119.50687408447266,4594300
2022-03-23,125.93000030517578,126.81999969482422,124.73999786376953,124.83000183105469,118.68916320800781,4866900
2022-03-24,125.62999725341797,126.12000274658203,123.83999633789062,125.69000244140625,119.50687408447266,5288600
2022-03-25,125.73999786376953,126.2300033569336,123.13999938964844,124.29000091552734,118.17573547363281,5135400
2022-03-28,124.48999786376953,126.58000183105469,124.2699966430664,126.48999786376953,120.26749420166016,5420300
2022-03-29,126.22000122070312,128.5800018310547,125.9800033569336,128.42999267578125,122.112060546875,7016700
2022-03-30,128.99000549316406,128.99000549316406,127.87000274658203,128.61000061035156,122.28321075439453,4077000
2022-03-31,128.8800048828125,129.39999389648438,127.54000091552734,128.35000610351562,122.0360107421875,4434200
2022-04-01,128.97000122070312,130.91000366210938,127.9000015258789,130.75999450683594,124.32746887207031,4205000
2022-04-04,130.5399932861328,133.2100067138672,130.47999572753906,132.58999633789062,126.06745147705078,6882800
2022-04-05,130.9600067138672,133.25,130.7899932861328,131.9600067138672,125.46842193603516,4215100
2022-04-06,131.52999877929688,134.85000610351562,131.25,133.7100067138672,127.13233947753906,7274500
2022-04-07,133.67999267578125,134.85000610351562,132.27999877929688,133.27999877929688,126.72347259521484,5812400
2022-04-08,133.39999389648438,134.3300018310547,132.38999938964844,132.83999633789062,126.30512237548828,4293100
2022-04-11,133.27999877929688,134.08999633789062,129.82000732421875,130.4199981689453,124.0041732788086,5098400
2022-04-12,131.4199981689453,133.1999969482422,130.66000366210938,131.44000244140625,124.9739990234375,5008000
2022-04-13,132.08999633789062,135.05999755859375,131.6999969482422,134.85000610351562,128.21624755859375,6828500
2022-04-14,134.85000610351562,135.14999389648438,132.5399932861328,132.9600067138672,126.41922760009766,3921300
2022-04-18,132.11000061035156,132.9499969482422,130.0,130.75999450683594,124.32746887207031,2604100
2022-04-19,129.64999389648438,133.22000122070312,129.44000244140625,132.83999633789062,126.30512237548828,3707000
2022-04-20,133.61000061035156,133.7899932861328,132.08999633789062,132.6999969482422,126.1719970703125,4407200
2022-04-21,133.25999450683594,134.6199951171875,131.85000610351562,132.10000610351562,125.60152435302734,3580700
2022-04-22,130.47000122070312,130.86000061035156,127.5,128.6300048828125,122.30223083496094,5604700
2022-04-25,128.77000427246094,129.07000732421875,126.37999725341797,128.80999755859375,122.4733657836914,4570400
2022-04-26,128.38999938964844,129.07000732421875,124.80999755859375,124.95999908447266,118.81277465820312,6221100
2022-04-27,129.0,132.4199981689453,127.06999969482422,129.83999633789062,123.45268249511719,8071900
2022-04-28,131.0399932861328,132.94000244140625,128.44000244140625,132.2899932861328,125.78215026855469,4288500
2022-04-29,130.3000030517578,131.74000549316406,122.72000122070312,123.13999938964844,117.0822982788086,7328400
2022-05-02,123.04000091552734,126.81999969482422,123.0199966430664,126.4000015258789,120.18193054199219,5514400
2022-05-03,127.2699966430664,127.54000091552734,124.61000061035156,126.25,120.039306640625,5319000
2022-05-04,126.38999938964844,132.47999572753906,125.37000274658203,132.3699951171875,125.85823059082031,5964000
2022-05-05,130.69000244140625,131.5,127.55999755859375,129.55999755859375,123.18647003173828,4938900
2022-05-06,128.25999450683594,129.49000549316406,125.08999633789062,126.80000305175781,120.5622787475586,4701900
2022-05-09,125.66000366210938,126.0,120.9000015258789,121.7300033569336,115.7416763305664,6938100
2022-05-10,124.06999969482422,126.4000015258789,121.54000091552734,123.0,116.9491958618164,5080900
2022-05-11,121.98999786376953,126.51000213623047,121.5,123.27999877929688,117.21540832519531,7399200
2022-05-12,123.33000183105469,124.44000244140625,121.63999938964844,124.02999877929688,117.92852020263672,4460600
2022-05-13,124.27999877929688,127.43000030517578,124.1500015258789,126.33000183105469,120.1153793334961,3891000
2022-05-16,126.36000061035156,129.11000061035156,126.04000091552734,126.55000305175781,120.32454681396484,3239800
2022-05-17,128.0,129.33999633789062,126.75,128.6199951171875,122.292724609375,3884900
2022-05-18,127.9800033569336,128.3699951171875,124.62999725341797,125.23999786376953,119.07898712158203,3787000
2022-05-19,125.52999877929688,127.31999969482422,124.12999725341797,125.87999725341797,119.68751525878906,4240300
2022-05-20,127.0199966430664,127.11000061035156,123.81999969482422,126.04000091552734,119.83964538574219,4348800
2022-05-23,127.3499984741211,130.10000610351562,126.62000274658203,129.88999938964844,123.50023651123047,4133500
2022-05-24,129.44000244140625,130.0,126.91000366210938,129.22000122070312,122.86320495605469,4037900
2022-05-25,129.52999877929688,131.8800048828125,128.92999267578125,131.44000244140625,124.9739990234375,3185000
2022-05-26,132.0,134.3800048828125,131.66000366210938,132.74000549316406,126.21005249023438,4066000
2022-05-27,133.19000244140625,134.27999877929688,132.89999389648438,134.11000061035156,127.51264190673828,3294200
2022-05-31,133.39999389648438,134.1699981689453,132.36000061035156,133.2899932861328,126.73297882080078,5158100
2022-06-01,133.7100067138672,135.35000610351562,131.63999938964844,134.55999755859375,127.94052124023438,3773600
2022-06-02,135.61000061035156,135.9600067138672,133.42999267578125,135.8000030517578,129.1195068359375,3704700
2022-06-03,135.75999450683594,137.16000366210938,135.1699981689453,136.61000061035156,129.88966369628906,4376300
2022-06-06,137.99000549316406,138.97999572753906,136.50999450683594,137.1699981689453,130.42210388183594,3163200
2022-06-07,136.80999755859375,138.8300018310547,136.0,138.58999633789062,131.7722625732422,3304400
2022-06-08,138.27000427246094,138.27000427246094,134.5399932861328,135.2100067138672,128.5585479736328,3762700
2022-06-09,134.47000122070312,136.10000610351562,132.92999267578125,133.02000427246094,126.47628021240234,3044400
2022-06-10,131.2100067138672,131.9600067138672,129.38999938964844,130.50999450683594,124.08972930908203,3676200
2022-06-13,128.8300018310547,128.9199981689453,124.29000091552734,124.62000274658203,118.48950958251953,5036300
2022-06-14,125.12999725341797,127.04000091552734,123.11000061035156,124.9000015258789,118.75572204589844,4925900
2022-06-15,126.30999755859375,128.11000061035156,124.47000122070312,126.5199966430664,120.29602813720703,5409700
2022-06-16,124.83999633789062,125.55999755859375,121.76000213623047,124.27999877929688,118.16621398925781,6641900
2022-06-17,125.0,129.10000610351562,125.0,127.58999633789062,121.31338500976562,8437400
2022-06-21,129.4600067138672,132.3699951171875,129.00999450683594,131.6699981689453,125.19267272949219,5354100
2022-06-22,130.27999877929688,135.0800018310547,129.02000427246094,133.1699981689453,126.61888885498047,4896000
2022-06-23,134.8000030517578,136.86000061035156,134.5399932861328,135.94000244140625,129.25262451171875,4485900
2022-06-24,136.0800018310547,137.4199981689453,134.05999755859375,137.0800018310547,130.33653259277344,6416400
2022-06-27,135.42999267578125,137.16000366210938,135.0800018310547,136.5399932861328,129.82310485839844,3774100
2022-06-28,137.08999633789062,138.4600067138672,132.7899932861328,133.02999877929688,126.48576354980469,4261000
2022-06-29,133.1999969482422,134.97999572753906,132.5,134.3699951171875,127.75982666015625,2773200
2022-06-30,133.61000061035156,135.75,132.75,134.5399932861328,127.92147827148438,4391100
2022-07-01,134.4199981689453,137.7899932861328,132.99000549316406,136.80999755859375,130.07981872558594,3543800
2022-07-05,136.66000366210938,137.8800048828125,133.97999572753906,137.55999755859375,130.79290771484375,3156700
2022-07-06,138.33999633789062,138.8000030517578,135.9600067138672,137.0,130.26046752929688,3372300
2022-07-07,136.91000366210938,137.74000549316406,136.05999755859375,136.3300018310547,129.6234588623047,3665000
2022-07-08,136.25999450683594,136.25999450683594,134.66000366210938,135.72000122070312,129.04345703125,3330800
2022-07-11,135.7100067138672,136.3300018310547,134.39999389648438,134.72999572753906,128.10215759277344,2927600
2022-07-12,134.7100067138672,136.1300048828125,134.0500030517578,134.44000244140625,127.82642364501953,2927100
2022-07-13,132.8800048828125,136.32000732421875,132.47000122070312,134.9199981689453,128.28277587890625,3121600
2022-07-14,133.80999755859375,137.1199951171875,132.86000061035156,135.66000366210938,128.98641967773438,5083100
2022-07-15,136.19000244140625,137.42999267578125,135.22999572753906,137.3699951171875,130.6122589111328,4051500
2022-07-18,138.02999877929688,138.8000030517578,134.08999633789062,134.47000122070312,127.85492706298828,4339300
2022-07-19,136.11000061035156,137.94000244140625,135.55999755859375,137.52000427246094,130.75491333007812,4207800
2022-07-20,138.05999755859375,138.5,135.72000122070312,137.4499969482422,130.6883087158203,5231800
2022-07-21,134.4600067138672,136.25,130.50999450683594,133.19000244140625,126.63790893554688,6467900
2022-07-22,131.67999267578125,135.02000427246094,131.19000244140625,132.47999572753906,125.96285247802734,5319400
2022-07-25,132.22999572753906,135.49000549316406,132.22999572753906,134.55999755859375,127.94052124023438,4086000
2022-07-26,133.69000244140625,134.69000244140625,131.75,133.91000366210938,127.32252502441406,5523600
2022-07-27,138.07000732421875,142.3699951171875,137.5500030517578,140.91000366210938,133.9781494140625,9649400
2022-07-28,141.4600067138672,142.4600067138672,139.41000366210938,141.6999969482422,134.72926330566406,5721000
2022-07-29,140.82000732421875,143.47000122070312,139.64999389648438,143.05999755859375,136.0223846435547,5559100
2022-08-01,143.0,144.10000610351562,142.1699981689453,143.7899932861328,136.71644592285156,4079200
2022-08-02,143.7899932861328,144.1699981689453,142.00999450683594,142.35000610351562,135.34730529785156,3301500
2022-08-03,142.55999755859375,144.19000244140625,142.3800048828125,143.6999969482422,136.63087463378906,2795300
2022-08-04,144.1199951171875,144.97000122070312,143.33999633789062,143.7899932861328,136.71644592285156,2658400
2022-08-05,142.22000122070312,144.8000030517578,141.38999938964844,144.55999755859375,137.4485626220703,3500200
2022-08-08,145.14999389648438,146.30999755859375,143.9499969482422,144.5800018310547,137.4675750732422,3350600
2022-08-09,145.4499969482422,145.82000732421875,143.58999633789062,145.5800018310547,138.4183807373047,3469700
2022-08-10,146.9199981689453,147.67999267578125,144.3699951171875,144.83999633789062,137.71481323242188,4069900
2022-08-11,145.77000427246094,145.88999938964844,143.47000122070312,143.61000061035156,136.5452880859375,2554000
2022-08-12,144.66000366210938,146.67999267578125,144.38999938964844,146.4600067138672,139.25514221191406,3290300
2022-08-15,145.99000549316406,146.88999938964844,145.5399932861328,146.69000244140625,139.47381591796875,2574100
2022-08-16,145.52000427246094,146.92999267578125,144.80999755859375,146.6300048828125,139.41676330566406,2925100
2022-08-17,145.4499969482422,146.91000366210938,145.25,145.5500030517578,138.389892578125,2509500
2022-08-18,145.0,147.39999389648438,144.58999633789062,146.86000061035156,139.6354522705078,3177000
2022-08-19,145.85000610351562,146.9600067138672,145.39999389648438,146.3699951171875,139.16954040527344,2663200
2022-08-22,145.19000244140625,145.89999389648438,144.33999633789062,144.5800018310547,137.4675750732422,3515600
2022-08-23,144.5800018310547,145.22000122070312,143.74000549316406,143.86000061035156,136.7830047607422,1880300
2022-08-24,143.50999450683594,146.50999450683594,142.86000061035156,145.3300018310547,138.18067932128906,4701700
2022-08-25,145.30999755859375,147.3300018310547,143.7899932861328,147.07000732421875,139.83511352539062,2760200
2022-08-26,147.08999633789062,148.0399932861328,142.7899932861328,143.02000427246094,135.9843292236328,4347700
2022-08-29,142.97999572753906,146.57000732421875,142.5,144.88999938964844,137.7623291015625,3082800
2022-08-30,144.58999633789062,145.75999450683594,143.30999755859375,145.52000427246094,138.36135864257812,3358600
2022-08-31,145.94000244140625,147.2100067138672,143.75999450683594,143.9600067138672,136.8780975341797,6215000
2022-09-01,143.49000549316406,144.8000030517578,142.30999755859375,143.9199981689453,136.84002685546875,4492900
2022-09-02,144.3800048828125,145.77000427246094,141.22999572753906,141.97999572753906,134.99549865722656,4497100
2022-09-06,142.2899932861328,143.33999633789062,140.94000244140625,141.91000366210938,134.92892456054688,3897500
2022-09-07,142.8000030517578,145.9499969482422,142.6300048828125,145.5,138.34234619140625,4102800
2022-09-08,145.80999755859375,147.52999877929688,144.39999389648438,145.3699951171875,138.21871948242188,4326000
2022-09-09,147.14999389648438,147.32000732421875,142.42999267578125,145.6999969482422,138.53250122070312,5585400
2022-09-12,146.66000366210938,146.97999572753906,143.41000366210938,145.14999389648438,138.0095672607422,4513100
2022-09-13,142.49000549316406,143.44000244140625,137.47999572753906,137.74000549316406,130.9640655517578,6206700
2022-09-14,139.3800048828125,142.1699981689453,139.08999633789062,141.92999267578125,134.9479522705078,5726900
2022-09-15,141.89999389648438,143.0500030517578,140.82000732421875,141.02000427246094,134.08273315429688,4373800
2022-09-16,138.22000122070312,140.58999633789062,137.5,139.9499969482422,133.0653533935547,9607100
2022-09-19,139.0,140.8300018310547,138.82000732421875,140.7100067138672,133.7879638671875,3709100
2022-09-20,140.75,141.08999633789062,139.3000030517578,139.63999938964844,132.7706298828125,4205200
2022-09-21,140.2899932861328,140.8699951171875,136.6699981689453,136.77000427246094,130.04177856445312,4542800
2022-09-22,135.97999572753906,136.44000244140625,134.10000610351562,135.0500030517578,128.4064178466797,4566500
2022-09-23,133.7100067138672,133.75999450683594,130.42999267578125,132.3300018310547,125.82022094726562,6091300
2022-09-26,131.55999755859375,133.1300048828125,131.02000427246094,132.32000732421875,125.81072235107422,5177500
2022-09-27,132.32000732421875,133.99000549316406,131.72999572753906,132.67999267578125,126.1529769897461,4239600
2022-09-28,134.4600067138672,136.7100067138672,133.27999877929688,135.52000427246094,128.85330200195312,5573300
2022-09-29,135.35000610351562,135.3699951171875,132.9600067138672,134.63999938964844,128.01657104492188,5602900
2022-09-30,134.9499969482422,136.1999969482422,133.97000122070312,134.1699981689453,127.56970977783203,6201000
2022-10-03,136.25999450683594,139.8800048828125,136.1199951171875,138.89999389648438,132.06700134277344,5543900
2022-10-04,139.7899932861328,142.69000244140625,139.55999755859375,142.5399932861328,135.52796936035156,5648600
2022-10-05,140.3000030517578,141.88999938964844,138.0,141.22999572753906,134.28240966796875,4454600
2022-10-06,140.39999389648438,141.8800048828125,138.85000610351562,139.4199981689453,132.56143188476562,4533500
2022-10-07,138.9199981689453,139.2899932861328,137.0399932861328,137.58999633789062,130.82147216796875,4945800
2022-10-10,137.58999633789062,138.86000061035156,137.1199951171875,137.72999572753906,130.95455932617188,3785800
2022-10-11,137.97000122070312,138.58999633789062,136.85000610351562,137.14999389648438,130.40309143066406,4564800
2022-10-12,136.55999755859375,136.75999450683594,132.7899932861328,132.94000244140625,126.40023803710938,6461300
2022-10-13,130.80999755859375,134.10000610351562,129.5500030517578,133.0800018310547,126.53331756591797,6342000
2022-10-14,135.11000061035156,135.47000122070312,131.44000244140625,131.52000427246094,125.0500717163086,5650100
2022-10-17,133.22999572753906,135.64999389648438,133.22999572753906,133.83999633789062,127.25592803955078,5775300
2022-10-18,136.08999633789062,136.67999267578125,134.49000549316406,136.16000366210938,129.46180725097656,4273000
2022-10-19,136.02999877929688,136.82000732421875,135.3699951171875,135.74000549316406,129.06246948242188,3916100
2022-10-20,135.94000244140625,137.27000427246094,134.97000122070312,136.02000427246094,129.32870483398438,4800300
2022-10-21,135.02999877929688,136.67999267578125,134.8800048828125,136.4600067138672,129.74703979492188,4198600
2022-10-24,137.32000732421875,139.8300018310547,137.2100067138672,139.32000732421875,132.4663543701172,4176300
2022-10-25,140.0,141.89999389648438,139.74000549316406,140.6300048828125,133.7119140625,5738500
2022-10-26,142.0,142.72999572753906,140.5,140.83999633789062,133.9115753173828,6662300
2022-10-27,140.1999969482422,142.8699951171875,140.11000061035156,140.6300048828125,133.7119140625,7425300
2022-10-28,148.0,151.92999267578125,147.22999572753906,151.0,143.57176208496094,13902800
2022-10-31,150.0,152.07000732421875,147.24000549316406,151.55999755859375,144.10423278808594,8396000
2022-11-01,152.99000549316406,154.13999938964844,151.5,152.27999877929688,144.78880310058594,5502400
2022-11-02,152.57000732421875,154.3800048828125,149.97999572753906,150.02000427246094,142.63998413085938,6342100
2022-11-03,148.80999755859375,150.27999877929688,148.0399932861328,148.1699981689453,140.8810272216797,4937500
2022-11-04,148.5,149.7100067138672,146.14999389648438,148.8300018310547,141.50851440429688,7357000
2022-11-07,149.75,150.4199981689453,148.8300018310547,149.77999877929688,142.41177368164062,5150100
2022-11-08,150.0,150.9600067138672,148.4199981689453,149.89999389648438,142.52586364746094,3246500
2022-11-09,149.27999877929688,150.44000244140625,148.44000244140625,148.63999938964844,141.32785034179688,4848900
2022-11-10,151.88999938964844,152.0,148.13999938964844,150.4499969482422,143.04884338378906,6440900
2022-11-11,149.9600067138672,150.13999938964844,145.0500030517578,146.19000244140625,138.99842834472656,7576700
2022-11-14,146.25,147.32000732421875,144.66000366210938,145.4600067138672,138.30430603027344,6535800
2022-11-15,147.58999633789062,149.16000366210938,143.0800018310547,145.0,137.866943359375,6421400
2022-11-16,145.30999755859375,147.27000427246094,144.63999938964844,144.8800048828125,137.75283813476562,4687300
2022-11-17,143.25999450683594,148.55999755859375,143.25999450683594,147.77000427246094,140.50067138671875,6115200
2022-11-18,148.80999755859375,150.30999755859375,148.4600067138672,148.8300018310547,141.50851440429688,3756500
2022-11-21,149.44000244140625,151.07000732421875,148.8699951171875,149.8800048828125,142.50685119628906,5312700
2022-11-22,150.08999633789062,151.77000427246094,149.5,151.60000610351562,144.14224243164062,3234700
2022-11-23,151.0500030517578,152.1699981689453,149.75999450683594,150.1199951171875,142.7350616455078,3026700
2022-11-25,151.1699981689453,151.7899932861328,150.22000122070312,151.0500030517578,143.6193389892578,1481200
2022-11-28,151.00999450683594,152.2100067138672,149.44000244140625,149.89999389648438,142.52586364746094,4909000
2022-11-29,149.05999755859375,149.60000610351562,147.82000732421875,148.6199951171875,141.308837890625,5339000
2022-11-30,148.1999969482422,151.88999938964844,147.6699981689453,151.4600067138672,144.00912475585938,7464500
2022-12-01,152.25999450683594,153.36000061035156,150.9600067138672,151.80999755859375,144.34193420410156,3812600
2022-12-02,149.6199951171875,152.5500030517578,149.6199951171875,152.41000366210938,144.91241455078125,3046600
2022-12-05,151.8000030517578,152.39999389648438,149.89999389648438,150.6199951171875,143.21046447753906,3103800
2022-12-06,150.61000061035156,150.8699951171875,148.30999755859375,149.38999938964844,142.04095458984375,3161700
2022-12-07,150.00999450683594,150.72999572753906,148.3300018310547,148.7899932861328,141.47048950195312,4646100
2022-12-08,148.49000549316406,148.75,143.14999389648438,143.80999755859375,136.73545837402344,7332400
2022-12-09,143.3300018310547,144.1999969482422,141.1999969482422,141.57000732421875,134.60568237304688,6986800
2022-12-12,143.0399932861328,143.39999389648438,141.0399932861328,142.39999389648438,135.3948211669922,4053900
2022-12-13,144.72999572753906,144.97999572753906,140.17999267578125,140.5800018310547,133.6643524169922,10037600
2022-12-14,140.77999877929688,144.49000549316406,140.7100067138672,142.36000061035156,135.35682678222656,7511800
2022-12-15,141.97000122070312,144.00999450683594,139.92999267578125,140.1999969482422,133.30303955078125,6130400
2022-12-16,138.63999938964844,143.1300048828125,138.10000610351562,142.36000061035156,135.35682678222656,15119400
2022-12-19,142.80999755859375,144.25,141.25999450683594,141.6199951171875,134.65318298339844,5643700
2022-12-20,141.99000549316406,142.44000244140625,140.1699981689453,140.33999633789062,133.43617248535156,3925300
2022-12-21,141.6699981689453,142.14999389648438,139.47999572753906,141.47000122070312,134.51058959960938,4327400
2022-12-22,140.57000732421875,140.7899932861328,137.72999572753906,139.52999877929688,132.66603088378906,4692300
2022-12-23,139.50999450683594,140.64999389648438,138.61000061035156,140.02000427246094,133.1318817138672,1857900
2022-12-27,140.50999450683594,141.5,139.92999267578125,140.99000549316406,134.05418395996094,2784400
2022-12-28,140.99000549316406,141.41000366210938,138.80999755859375,138.97999572753906,132.14306640625,2628300
2022-12-29,139.72000122070312,140.5,139.1199951171875,139.39999389648438,132.54237365722656,2617300
2022-12-30,138.97999572753906,140.11000061035156,138.27999877929688,140.0,133.11288452148438,2565400
2023-01-03,139.0,140.08999633789062,136.25999450683594,139.0399932861328,132.20013427734375,8245300
2023-01-04,140.5,140.97999572753906,137.36000061035156,139.9600067138672,133.07485961914062,6900800
2023-01-05,140.6300048828125,145.1199951171875,140.16000366210938,144.47999572753906,137.37249755859375,9254700
2023-01-06,145.7899932861328,149.47000122070312,145.7899932861328,148.57000732421875,141.26132202148438,6539600
2023-01-09,148.02000427246094,150.22999572753906,147.75,148.77000427246094,141.4514617919922,4977100
2023-01-10,148.97000122070312,149.89999389648438,147.74000549316406,149.55999755859375,142.20260620117188,3779400
2023-01-11,149.5,149.85000610351562,148.1199951171875,148.8000030517578,141.47999572753906,4451500
2023-01-12,147.77000427246094,150.08999633789062,146.5500030517578,149.91000366210938,142.535400390625,4269400
2023-01-13,149.91000366210938,150.57000732421875,148.25999450683594,149.67999267578125,142.31671142578125,6543800
2023-01-17,149.17999267578125,149.17999267578125,146.63999938964844,146.97999572753906,139.74952697753906,5482000
2023-01-18,146.1300048828125,147.74000549316406,145.5,145.89999389648438,138.72265625,4543400
2023-01-19,145.17999267578125,145.6699981689453,143.66000366210938,145.13999938964844,138.00003051757812,5345700
2023-01-20,142.41000366210938,145.50999450683594,142.38999938964844,145.1199951171875,137.9810028076172,5878200
2023-01-23,145.64999389648438,145.8300018310547,143.85000610351562,144.3699951171875,137.26792907714844,5306400
2023-01-24,143.8300018310547,146.5399932861328,143.00999450683594,145.80999755859375,138.63706970214844,3851700
2023-01-25,145.72999572753906,148.5399932861328,145.1999969482422,148.07000732421875,140.785888671875,4352500
2023-01-26,147.88999938964844,149.19000244140625,147.49000549316406,148.69000244140625,141.3754119873047,3808400
2023-01-27,148.05999755859375,148.1999969482422,146.1699981689453,146.72999572753906,139.51182556152344,4061700
2023-01-30,145.91000366210938,147.9499969482422,145.33999633789062,146.97999572753906,139.74952697753906,4485200
2023-01-31,147.5800018310547,149.97000122070312,147.47999572753906,149.30999755859375,141.9649200439453,6073000
2023-02-01,149.14999389648438,152.14999389648438,148.49000549316406,150.97000122070312,143.54324340820312,7111300
2023-02-02,150.02000427246094,150.17999267578125,145.77000427246094,146.9499969482422,139.7209930419922,8665700
2023-02-03,146.19000244140625,146.67999267578125,144.33999633789062,145.19000244140625,138.04759216308594,5557500
2023-02-06,141.47000122070312,143.27000427246094,141.47000122070312,141.97000122070312,134.98597717285156,6314200
2023-02-07,140.86000061035156,143.3699951171875,140.25,142.99000549316406,135.95579528808594,4952100
2023-02-08,142.05999755859375,144.16000366210938,141.82000732421875,143.80999755859375,136.73545837402344,4014500
2023-02-09,144.99000549316406,145.3000030517578,142.72999572753906,142.85000610351562,135.82273864746094,4146600
2023-02-10,143.36000061035156,143.94000244140625,142.58999633789062,143.6999969482422,136.63087463378906,3558000
2023-02-13,144.5,146.60000610351562,144.0,146.5800018310547,139.3692169189453,3547900
2023-02-14,145.88999938964844,147.58999633789062,144.88999938964844,147.49000549316406,140.2344207763672,4195500
2023-02-15,146.74000549316406,148.0,146.52000427246094,147.5500030517578,140.29150390625,5334700
2023-02-16,145.6999969482422,148.0500030517578,145.27000427246094,146.72999572753906,139.51182556152344,4689200
2023-02-17,147.0800018310547,149.39999389648438,146.9199981689453,149.35000610351562,142.00296020507812,4617700
2023-02-21,148.25,148.5399932861328,145.5,147.08999633789062,139.85411071777344,5648800
2023-02-22,147.86000061035156,148.4499969482422,146.64999389648438,147.3300018310547,140.08230590820312,3540100
2023-02-23,146.41000366210938,146.42999267578125,142.6300048828125,144.72999572753906,137.61024475097656,5563000
2023-02-24,143.22999572753906,144.55999755859375,142.2100067138672,144.41000366210938,137.30596923828125,4593600
2023-02-27,144.5399932861328,146.0,143.85000610351562,144.1300048828125,137.0397186279297,5287900
2023-02-28,143.2100067138672,144.30999755859375,142.11000061035156,142.17999267578125,135.1856689453125,5648900
2023-03-01,141.8300018310547,142.47999572753906,140.0800018310547,141.2899932861328,134.3394317626953,4353800
2023-03-02,140.8699951171875,141.38999938964844,140.5399932861328,141.14999389648438,134.20631408691406,4621300
2023-03-03,142.27000427246094,142.44000244140625,141.0,141.89999389648438,134.91941833496094,4250300
2023-03-06,141.9499969482422,144.27000427246094,141.63999938964844,143.72000122070312,136.64993286132812,4498100
2023-03-07,143.6699981689453,144.1199951171875,141.8800048828125,142.8699951171875,135.84170532226562,4682100
2023-03-08,143.42999267578125,144.0399932861328,142.30999755859375,143.17999267578125,136.1364288330078,4393100
2023-03-09,143.8000030517578,143.85000610351562,140.69000244140625,141.08999633789062,134.1492919921875,5816500
2023-03-10,141.22000122070312,142.07000732421875,139.0,139.50999450683594,132.64698791503906,6332200
2023-03-13,140.08999633789062,142.39999389648438,139.6699981689453,139.72999572753906,132.85618591308594,6706400
2023-03-14,141.3000030517578,143.19000244140625,140.91000366210938,143.00999450683594,135.97482299804688,6487700
2023-03-15,143.47000122070312,144.92999267578125,142.72000122070312,144.4199981689453,137.3154754638672,7801500
2023-03-16,142.9499969482422,143.57000732421875,141.14999389648438,141.50999450683594,134.54861450195312,8213900
2023-03-17,141.27000427246094,142.88999938964844,140.49000549316406,142.4499969482422,135.4423828125,9163900
2023-03-20,142.92999267578125,146.02999877929688,142.74000549316406,145.61000061035156,138.44692993164062,5601700
2023-03-21,146.17999267578125,146.63999938964844,144.25,144.6699981689453,137.55316162109375,5559100
2023-03-22,144.9499969482422,145.67999267578125,143.4199981689453,143.4600067138672,136.40269470214844,4630600
2023-03-23,143.00999450683594,143.85000610351562,141.1699981689453,142.3000030517578,135.29971313476562,6064400
2023-03-24,141.91000366210938,142.92999267578125,140.72000122070312,142.5399932861328,135.52796936035156,4406800
2023-03-27,143.41000366210938,144.85000610351562,143.00999450683594,143.89999389648438,136.821044921875,4945900
2023-03-28,143.57000732421875,143.9499969482422,142.6300048828125,142.7899932861328,135.76565551757812,3462500
2023-03-29,143.86000061035156,144.05999755859375,143.4600067138672,143.80999755859375,136.73545837402344,3965000
2023-03-30,144.33999633789062,145.10000610351562,143.82000732421875,144.57000732421875,137.45811462402344,4601900
2023-03-31,144.89999389648438,145.27999877929688,144.47999572753906,144.83999633789062,137.71481323242188,5228100
2023-04-03,145.0,146.8000030517578,144.50999450683594,146.75999450683594,139.5403289794922,5674600
2023-04-04,145.58999633789062,146.3800048828125,142.77000427246094,146.30999755859375,139.1124725341797,6955000
2023-04-05,147.02000427246094,150.05999755859375,147.02000427246094,149.1199951171875,141.7842254638672,8223600
2023-04-06,149.39999389648438,149.9499969482422,148.44000244140625,149.61000061035156,142.25015258789062,4263500
2023-04-10,149.14999389648438,150.0,147.8800048828125,149.99000549316406,142.6114501953125,4984500
2023-04-11,150.0,150.2899932861328,149.52999877929688,149.9499969482422,142.5734100341797,5550100
2023-04-12,149.7100067138672,150.6999969482422,149.25,149.50999450683594,142.1550750732422,4717300
2023-04-13,149.6699981689453,150.55999755859375,148.8300018310547,150.3699951171875,142.9727783203125,3490800
2023-04-14,149.7899932861328,150.14999389648438,149.1999969482422,149.58999633789062,142.23114013671875,3227400
2023-04-17,150.3699951171875,150.5,149.58999633789062,150.49000549316406,143.08685302734375,2888400
2023-04-18,151.1300048828125,151.66000366210938,150.10000610351562,150.32000732421875,142.9252166748047,3267600
2023-04-19,150.24000549316406,150.47999572753906,148.64999389648438,148.77999877929688,141.46096801757812,4931500
2023-04-20,146.7899932861328,147.75,144.88999938964844,145.94000244140625,138.76071166992188,6716100
2023-04-21,144.89999389648438,146.57000732421875,144.89999389648438,146.22000122070312,139.02688598632812,4323600
2023-04-24,146.1300048828125,146.77000427246094,145.6199951171875,145.86000061035156,138.6846466064453,3889300
2023-04-25,146.27000427246094,149.17999267578125,146.1999969482422,148.0,140.71937561035156,6394500
2023-04-26,146.19000244140625,148.94000244140625,145.66000366210938,148.27999877929688,140.98556518554688,4522500
2023-04-27,148.85000610351562,150.4499969482422,148.75999450683594,149.94000244140625,142.56393432617188,6332800
2023-04-28,146.5,147.02000427246094,143.35000610351562,143.89999389648438,136.821044921875,9431700
2023-05-01,144.52999877929688,144.57000732421875,142.61000061035156,143.2100067138672,136.16500854492188,5810900
2023-05-02,143.0,143.1999969482422,140.08999633789062,140.36000061035156,133.45518493652344,6764600
2023-05-03,140.58999633789062,141.22000122070312,139.69000244140625,139.91000366210938,133.02732849121094,5568400
2023-05-04,140.1300048828125,141.75999450683594,140.1300048828125,141.25999450683594,134.31092834472656,4849300
2023-05-05,141.5,143.89999389648438,141.1199951171875,143.55999755859375,136.4977569580078,5091900
2023-05-08,144.0,144.30999755859375,142.72000122070312,144.17999267578125,137.0872802734375,4526500
2023-05-09,143.80999755859375,144.0800018310547,141.75,142.02999877929688,135.04302978515625,5038300
2023-05-10,142.5,143.25,140.99000549316406,142.02999877929688,135.04302978515625,4738000
2023-05-11,141.72000122070312,143.41000366210938,141.72000122070312,142.6999969482422,135.68006896972656,4137800
2023-05-12,142.9499969482422,144.22999572753906,142.77000427246094,144.1199951171875,137.03024291992188,3914800
2023-05-15,143.74000549316406,144.83999633789062,143.39999389648438,144.6199951171875,137.505615234375,4065200
2023-05-16,144.52000427246094,144.94000244140625,142.8699951171875,143.6999969482422,136.63087463378906,3657900
2023-05-17,144.44000244140625,144.5,140.86000061035156,141.5800018310547,134.6151885986328,6752600
2023-05-18,140.49000549316406,140.85000610351562,136.33999633789062,138.17999267578125,131.38243103027344,11619800
2023-05-19,138.6300048828125,140.14999389648438,138.02000427246094,139.02999877929688,132.1906280517578,7738300
2023-05-22,139.85000610351562,142.1699981689453,136.92999267578125,141.60000610351562,134.6342010498047,8884800
2023-05-23,140.92999267578125,141.77000427246094,140.32000732421875,141.3699951171875,134.4154815673828,5300200
2023-05-24,141.39999389648438,141.6699981689453,139.88999938964844,140.0,133.11288452148438,4794600
2023-05-25,136.42999267578125,137.3000030517578,134.9199981689453,135.75999450683594,129.0814971923828,9328400
2023-05-26,135.24000549316406,136.47999572753906,134.10000610351562,135.14999389648438,128.50146484375,8849000
2023-05-30,134.1699981689453,135.7899932861328,133.7100067138672,135.1199951171875,128.47299194335938,6874700
2023-05-31,136.13999938964844,138.72999572753906,135.32000732421875,137.25,130.49818420410156,7811200
2023-06-01,137.36000061035156,139.1999969482422,137.17999267578125,138.91000366210938,132.07650756835938,6245500
2023-06-02,129.0,131.35000610351562,124.91999816894531,131.19000244140625,124.7363052368164,37260200
2023-06-05,132.0,133.00999450683594,130.88999938964844,132.22000122070312,125.71562194824219,9068400
2023-06-06,131.19000244140625,131.9199981689453,127.38999938964844,128.5399932861328,122.2166519165039,11129200
2023-06-07,128.83999633789062,129.0,126.05000305175781,126.55000305175781,120.32454681396484,11273700
2023-06-08,128.0,130.41000366210938,127.79000091552734,130.32000732421875,123.90911102294922,8757700
2023-06-09,130.4199981689453,131.89999389648438,130.0,131.36000061035156,124.89794158935547,5623000
2023-06-12,131.69000244140625,131.8000030517578,129.4600067138672,130.77999877929688,124.34647369384766,4451900
2023-06-13,130.6999969482422,130.6999969482422,129.14999389648438,129.8800048828125,123.4907455444336,5139100
2023-06-14,129.52000427246094,129.6999969482422,127.72000122070312,128.0500030517578,121.7507553100586,8696300
2023-06-15,130.50999450683594,133.25,129.60000610351562,132.75999450683594,126.22904205322266,8904800
2023-06-16,131.16000366210938,132.07000732421875,130.69000244140625,130.92999267578125,124.48908233642578,13014800
2023-06-20,131.3699951171875,131.89999389648438,129.83999633789062,131.22999572753906,124.77433013916016,7027600
2023-06-21,131.0,133.85000610351562,130.99000549316406,132.67999267578125,126.1529769897461,6577800
2023-06-22,132.9600067138672,134.47999572753906,132.67999267578125,134.33999633789062,127.73131561279297,4841700
2023-06-23,133.6999969482422,134.60000610351562,132.60000610351562,132.8000030517578,126.26709747314453,5331200
2023-06-26,133.14999389648438,134.97999572753906,132.99000549316406,134.85000610351562,128.21624755859375,4426700
2023-06-27,135.0,136.60000610351562,134.85000610351562,136.1699981689453,129.47128295898438,4046300
2023-06-28,136.25,136.33999633789062,135.1199951171875,136.27000427246094,129.56639099121094,3263300
2023-06-29,135.9499969482422,137.27999877929688,135.91000366210938,136.83999633789062,130.1083526611328,3071400
2023-06-30,137.25999450683594,139.17999267578125,137.00999450683594,138.89999389648438,132.06700134277344,4841700
2023-07-03,138.9199981689453,139.88999938964844,138.1699981689453,139.3300018310547,132.4758758544922,1862600
2023-07-05,138.8300018310547,139.64999389648438,137.91000366210938,139.55999755859375,132.69456481933594,3324300
2023-07-06,138.63999938964844,139.72000122070312,138.5500030517578,139.16000366210938,132.314208984375,3108600
2023-07-07,138.5,139.9499969482422,137.88999938964844,138.97000122070312,132.13356018066406,3070500
2023-07-10,139.02999877929688,140.35000610351562,138.07000732421875,138.33999633789062,131.53457641601562,5624700
2023-07-11,137.9199981689453,140.0800018310547,137.91000366210938,140.02000427246094,133.1318817138672,3639600
2023-07-12,140.72000122070312,141.25,139.57000732421875,140.88999938964844,133.95909118652344,4288500
2023-07-13,141.08999633789062,141.1999969482422,139.1300048828125,140.69000244140625,133.76898193359375,3423500
2023-07-14,138.97000122070312,140.33999633789062,138.4600067138672,139.67999267578125,132.80859375,4053300
2023-07-17,139.32000732421875,139.64999389648438,137.77000427246094,138.0,131.2113037109375,4908900
2023-07-18,138.08999633789062,140.4600067138672,137.50999450683594,138.4499969482422,131.63916015625,5261800
2023-07-19,139.6999969482422,140.4199981689453,137.36000061035156,137.5800018310547,130.81195068359375,4857600
2023-07-20,138.35000610351562,141.27000427246094,138.35000610351562,140.10000610351562,133.20799255371094,5448900
2023-07-21,140.85000610351562,141.83999633789062,140.08999633789062,140.89999389648438,133.9686279296875,12713200
2023-07-24,140.57000732421875,142.49000549316406,140.5399932861328,141.3699951171875,134.4154815673828,5012000
2023-07-25,142.30999755859375,142.83999633789062,140.88999938964844,142.47000122070312,135.4613800048828,4271700
2023-07-26,141.3800048828125,141.75,139.77000427246094,141.08999633789062,134.1492919921875,4436400
2023-07-27,141.97000122070312,142.5399932861328,139.38999938964844,139.8800048828125,132.99879455566406,5560900
2023-07-28,138.8800048828125,142.13999938964844,138.33999633789062,140.8699951171875,133.94009399414062,7683100
2023-07-31,140.60000610351562,140.60000610351562,137.19000244140625,137.77000427246094,130.9925994873047,5633900
2023-08-01,138.11000061035156,138.4499969482422,135.83999633789062,137.25999450683594,130.5076904296875,4167300
2023-08-02,137.3000030517578,137.3000030517578,135.27000427246094,135.77999877929688,129.10047912597656,4810100
2023-08-03,135.47999572753906,135.97000122070312,134.7100067138672,135.3699951171875,128.71066284179688,2753600
2023-08-04,135.7899932861328,136.47000122070312,134.4600067138672,134.60000610351562,127.97856140136719,3255600
2023-08-07,135.4600067138672,137.17999267578125,135.00999450683594,136.64999389648438,129.9276885986328,3554400
2023-08-08,136.49000549316406,137.57000732421875,136.19000244140625,136.25999450683594,129.55686950683594,3242500
2023-08-09,136.22999572753906,138.36000061035156,136.0800018310547,137.7100067138672,130.93556213378906,4092900
2023-08-10,138.64999389648438,139.44000244140625,137.5800018310547,137.72999572753906,130.95455932617188,2492800
2023-08-11,137.0800018310547,138.57000732421875,137.02000427246094,138.33999633789062,131.53457641601562,2897000
2023-08-14,138.9499969482422,139.88999938964844,138.16000366210938,139.5,132.63748168945312,3117800
2023-08-15,138.7100067138672,139.60000610351562,138.17999267578125,138.5800018310547,131.7627410888672,2664500
2023-08-16,138.92999267578125,139.67999267578125,138.22000122070312,138.25,131.448974609375,2755600
2023-08-17,138.66000366210938,139.1300048828125,136.1699981689453,136.3699951171875,129.66148376464844,3916300
2023-08-18,136.3300018310547,137.3699951171875,135.6300048828125,136.13999938964844,129.4427947998047,3632500
2023-08-21,135.80999755859375,136.60000610351562,134.72999572753906,135.5500030517578,128.8817901611328,4141100
2023-08-22,135.02999877929688,135.33999633789062,134.2100067138672,135.16000366210938,128.51100158691406,3239900
2023-08-23,136.22000122070312,136.80999755859375,135.75999450683594,136.3300018310547,129.6234588623047,3267800
2023-08-24,134.99000549316406,136.27999877929688,133.22000122070312,133.32000732421875,126.76150512695312,6200000
2023-08-25,132.83999633789062,133.9600067138672,131.47000122070312,133.35000610351562,126.79004669189453,5732600
2023-08-28,134.3000030517578,135.30999755859375,134.0399932861328,135.17999267578125,128.530029296875,3975300
2023-08-29,135.5,137.07000732421875,135.02000427246094,136.74000549316406,130.01329040527344,3502300
2023-08-30,137.4199981689453,137.8300018310547,136.72000122070312,137.38999938964844,130.63128662109375,3185200
2023-08-31,137.6999969482422,138.08999633789062,135.99000549316406,136.25,129.54736328125,6627300
2023-09-01,137.05999755859375,137.6699981689453,136.24000549316406,137.3300018310547,130.57424926757812,3039800
2023-09-05,137.3300018310547,138.7899932861328,136.5,136.88999938964844,130.15589904785156,3881200
2023-09-06,137.0500030517578,138.97999572753906,132.39999389648438,134.1300048828125,127.5316390991211,10514700
2023-09-07,134.85000610351562,139.9600067138672,134.5,137.27999877929688,130.52670288085938,8462200
2023-09-08,137.88999938964844,139.3800048828125,136.77000427246094,137.6300048828125,130.85948181152344,4273100
2023-09-11,138.30999755859375,141.25999450683594,138.0399932861328,140.25999450683594,133.36009216308594,5271800
2023-09-12,140.47000122070312,140.61000061035156,138.8699951171875,140.11000061035156,133.2174835205078,4862500
2023-09-13,140.44000244140625,142.13999938964844,139.7899932861328,141.5,134.53912353515625,5427100
2023-09-14,141.75999450683594,144.1300048828125,141.1699981689453,143.1199951171875,136.07940673828125,7191200
2023-09-15,143.97000122070312,144.92999267578125,141.4499969482422,141.92999267578125,134.9479522705078,19544200
2023-09-18,143.24000549316406,143.49000549316406,140.6300048828125,140.80999755859375,133.88304138183594,4000800
2023-09-19,141.0,142.5,140.1999969482422,142.47000122070312,135.4613800048828,5252800
2023-09-20,142.77000427246094,143.0500030517578,141.4199981689453,142.07000732421875,135.08103942871094,3396100
2023-09-21,141.92999267578125,143.07000732421875,139.94000244140625,139.99000549316406,133.1033935546875,4297400
2023-09-22,139.30999755859375,140.2899932861328,139.3000030517578,139.35000610351562,132.49490356445312,3175300
2023-09-25,138.72999572753906,140.0399932861328,138.17999267578125,140.00999450683594,133.1223907470703,3910500
2023-09-26,140.00999450683594,141.27999877929688,139.6300048828125,140.4600067138672,133.55029296875,4661000
2023-09-27,140.30999755859375,140.83999633789062,138.6300048828125,139.6999969482422,132.8276824951172,3396900
2023-09-28,140.22999572753906,140.75999450683594,139.22000122070312,139.6999969482422,132.8276824951172,2791900
2023-09-29,139.6699981689453,140.88999938964844,139.55999755859375,140.0500030517578,133.16046142578125,2804800
2023-10-02,139.9199981689453,140.49000549316406,138.5399932861328,139.25999450683594,132.40931701660156,2935500
2023-10-03,138.75999450683594,138.75999450683594,136.2100067138672,136.42999267578125,129.71852111816406,4468200
2023-10-04,136.42999267578125,138.4199981689453,135.82000732421875,138.05999755859375,131.26832580566406,3559400
2023-10-05,138.19000244140625,138.5500030517578,136.83999633789062,137.42999267578125,130.6693115234375,3686000
2023-10-06,137.22999572753906,139.4600067138672,136.86000061035156,139.02999877929688,132.1906280517578,4870900
2023-10-09,139.27000427246094,140.6999969482422,138.72000122070312,140.13999938964844,133.2460174560547,3800500
2023-10-10,140.22999572753906,142.47000122070312,140.1199951171875,142.41000366210938,135.40435791015625,3761800
2023-10-11,142.24000549316406,143.52999877929688,141.7100067138672,143.1199951171875,136.07940673828125,3752500
2023-10-12,143.55999755859375,143.88999938964844,139.74000549316406,141.13999938964844,134.19680786132812,4125900
2023-10-13,141.74000549316406,142.4199981689453,140.52000427246094,141.6699981689453,134.7007598876953,3181200
2023-10-16,142.8800048828125,143.67999267578125,142.05999755859375,143.24000549316406,136.1935272216797,3009200
2023-10-17,143.3300018310547,144.16000366210938,141.47999572753906,142.77000427246094,135.7466583251953,3663800
2023-10-18,142.4499969482422,142.63999938964844,139.5800018310547,139.69000244140625,132.81814575195312,5464100
2023-10-19,139.86000061035156,140.0800018310547,137.75,137.83999633789062,131.05917358398438,6731800
2023-10-20,138.41000366210938,138.8800048828125,136.85000610351562,136.99000549316406,130.25099182128906,5724800
2023-10-23,136.9199981689453,139.05999755859375,136.9199981689453,137.74000549316406,130.9640655517578,3353100
2023-10-24,139.0399932861328,141.30999755859375,138.6999969482422,141.07000732421875,134.13027954101562,5045100
2023-10-25,143.22999572753906,143.30999755859375,137.69000244140625,140.99000549316406,134.05418395996094,9277900
2023-10-26,139.44000244140625,143.3000030517578,138.4199981689453,142.86000061035156,135.8321990966797,7252000
2023-10-27,142.94000244140625,143.38999938964844,139.1999969482422,140.0,133.11288452148438,5429700
2023-10-30,141.32000732421875,142.27000427246094,139.47000122070312,141.57000732421875,134.60568237304688,4830400
2023-10-31,141.5399932861328,144.22999572753906,141.2899932861328,143.86000061035156,136.7830047607422,3971900
2023-11-01,144.58999633789062,145.42999267578125,143.4199981689453,145.0500030517578,137.91445922851562,4277100
2023-11-02,145.0,146.5500030517578,143.89999389648438,146.5,139.2931365966797,4880400
2023-11-03,147.6300048828125,148.17999267578125,146.75,147.49000549316406,140.2344207763672,4323900
2023-11-06,147.58999633789062,148.66000366210938,147.05999755859375,147.33999633789062,140.09181213378906,3253900
2023-11-07,147.6699981689453,147.97999572753906,146.8699951171875,147.1300048828125,139.8921661376953,3504000
2023-11-08,147.0,147.7100067138672,146.0399932861328,146.63999938964844,139.42625427246094,3558600
2023-11-09,146.47000122070312,147.60000610351562,146.22000122070312,146.88999938964844,139.66395568847656,3347200
2023-11-10,147.35000610351562,147.77000427246094,145.9199981689453,147.61000061035156,140.3485565185547,4010900
2023-11-13,147.49000549316406,147.8800048828125,146.58999633789062,147.2100067138672,139.9682159423828,3151900
2023-11-14,148.02000427246094,148.5,146.4499969482422,147.00999450683594,139.77801513671875,5262800
2023-11-15,146.8000030517578,147.5,145.77000427246094,147.1999969482422,139.95870971679688,4675000
2023-11-16,148.9499969482422,149.2899932861328,147.07000732421875,147.49000549316406,140.2344207763672,3641000
2023-11-17,147.9600067138672,148.57000732421875,147.1199951171875,147.7100067138672,140.44361877441406,3267800
2023-11-20,147.7899932861328,148.92999267578125,147.24000549316406,148.5,141.19476318359375,4007700
2023-11-21,149.42999267578125,149.4499969482422,148.13999938964844,148.61000061035156,141.29934692382812,3112300
2023-11-22,149.02000427246094,149.60000610351562,148.6699981689453,148.91000366210938,141.5845947265625,2913800
2023-11-24,148.8800048828125,149.41000366210938,148.3000030517578,148.97999572753906,141.65113830566406,1341400
2023-11-27,148.97999572753906,149.4499969482422,148.14999389648438,148.8000030517578,141.47999572753906,3923200
2023-11-28,148.36000061035156,148.92999267578125,147.9600067138672,148.3800048828125,141.08065795898438,3096900
2023-11-29,148.97000122070312,149.6199951171875,148.58999633789062,149.5500030517578,142.19308471679688,4326500
2023-11-30,148.30999755859375,150.6699981689453,148.19000244140625,150.4499969482422,143.67327880859375,5596100
2023-12-01,150.2899932861328,152.83999633789062,150.2899932861328,152.25,145.39219665527344,4391200
2023-12-04,151.42999267578125,153.42999267578125,151.3800048828125,152.8000030517578,145.91741943359375,4127700
2023-12-05,152.85000610351562,154.52999877929688,151.97999572753906,154.0,147.06338500976562,4577400
2023-12-06,154.92999267578125,155.6199951171875,153.69000244140625,155.5,148.4958038330078,5433600
2023-12-07,155.83999633789062,156.91000366210938,155.0500030517578,156.36000061035156,149.3170928955078,4232200
2023-12-08,156.80999755859375,157.0,154.24000549316406,156.39999389648438,149.35528564453125,3791300
2023-12-11,158.0500030517578,160.22999572753906,158.0,158.85000610351562,151.69491577148438,5170800
2023-12-12,159.80999755859375,161.19000244140625,159.02000427246094,160.44000244140625,153.2133026123047,5049300
2023-12-13,159.9499969482422,160.32000732421875,158.57000732421875,159.5500030517578,152.36337280273438,5195300
2023-12-14,158.4600067138672,158.57000732421875,156.1999969482422,156.8699951171875,149.8040771484375,5758600
2023-12-15,156.8699951171875,157.38999938964844,154.89999389648438,156.14999389648438,149.1165313720703,11044900
2023-12-18,156.42999267578125,157.36000061035156,155.0500030517578,156.25999450683594,149.22157287597656,4072300
2023-12-19,156.14999389648438,156.74000549316406,155.33999633789062,155.8699951171875,148.84915161132812,2722800
2023-12-20,156.17999267578125,156.66000366210938,154.1199951171875,154.5399932861328,147.5790557861328,3866600
2023-12-21,155.25,155.38999938964844,154.27000427246094,154.92999267578125,147.95150756835938,3213600
2023-12-22,155.16000366210938,156.17999267578125,154.32000732421875,155.7100067138672,148.69639587402344,2783900
2023-12-26,155.11000061035156,157.27999877929688,153.83999633789062,156.8300018310547,149.76589965820312,2991200
2023-12-27,156.02000427246094,158.52000427246094,155.80999755859375,157.94000244140625,150.825927734375,3575700
2023-12-28,158.1699981689453,159.30999755859375,157.75,158.9499969482422,151.79043579101562,3013000
2023-12-29,158.85000610351562,160.8800048828125,158.3699951171875,160.3300018310547,153.10826110839844,3867900
2024-01-02,160.3300018310547,163.0,160.3300018310547,161.91000366210938,154.6171112060547,5049700
2024-01-03,163.0,164.5,161.8699951171875,162.0800018310547,154.7794647216797,4608600
2024-01-04,162.85000610351562,163.57000732421875,162.17999267578125,162.3000030517578,154.98953247070312,4068700
2024-01-05,162.25,163.4499969482422,161.74000549316406,163.3699951171875,156.0113067626953,4552800
2024-01-08,163.47000122070312,163.99000549316406,162.32000732421875,163.41000366210938,156.04954528808594,4135100
2024-01-09,163.0500030517578,163.8000030517578,161.6999969482422,163.1999969482422,155.84896850585938,4102500
2024-01-10,163.1999969482422,163.69000244140625,161.80999755859375,163.2899932861328,155.9349365234375,4502200
2024-01-11,163.0,163.1300048828125,161.8300018310547,162.1699981689453,154.86538696289062,3662000
2024-01-12,163.39999389648438,163.75,162.27000427246094,162.5399932861328,155.21871948242188,3394300
2024-01-16,161.82000732421875,163.24000549316406,160.10000610351562,163.0800018310547,155.73440551757812,4839800
2024-01-17,163.11000061035156,165.08999633789062,162.75999450683594,164.27000427246094,156.87078857421875,5598000
2024-01-18,162.6199951171875,165.3800048828125,162.27000427246094,164.88999938964844,157.46286010742188,4041000
2024-01-19,164.3800048828125,165.9499969482422,164.1999969482422,165.16000366210938,157.72071838378906,4332300
2024-01-22,165.3000030517578,165.75,164.25999450683594,164.3800048828125,156.97584533691406,5253300
2024-01-23,164.9499969482422,165.7899932861328,163.4499969482422,163.74000549316406,156.3646697998047,6194000
2024-01-24,163.52000427246094,164.64999389648438,161.8699951171875,162.0,154.7030487060547,5743000
2024-01-25,162.6699981689453,163.44000244140625,161.99000549316406,162.55999755859375,155.23780822753906,7629700
2024-01-26,159.9199981689453,165.69000244140625,159.58999633789062,162.16000366210938,154.8558349609375,8882500
2024-01-29,161.69000244140625,163.55999755859375,159.49000549316406,163.08999633789062,155.74392700195312,6604100
2024-01-30,162.52000427246094,163.77999877929688,161.57000732421875,161.6999969482422,154.4165496826172,6502700
2024-01-31,162.3300018310547,162.86000061035156,160.4600067138672,161.22999572753906,153.9676971435547,5427200
2024-02-01,161.22999572753906,163.0,160.24000549316406,162.5,155.1805419921875,5104000
2024-02-02,162.74000549316406,163.22999572753906,161.2899932861328,161.77999877929688,154.49295043945312,4164200
2024-02-05,160.14999389648438,162.1999969482422,159.91000366210938,162.00999450683594,154.71258544921875,4311400
2024-02-06,161.8800048828125,162.36000061035156,160.58999633789062,161.0,153.74810791015625,4142300
2024-02-07,161.75,162.3000030517578,160.8000030517578,161.77999877929688,154.49295043945312,3686800
2024-02-08,161.77999877929688,162.0,159.22000122070312,160.92999267578125,153.68124389648438,4052200
2024-02-09,161.47999572753906,162.63999938964844,160.27999877929688,162.19000244140625,154.8844757080078,4475500
2024-02-12,162.13999938964844,162.3699951171875,161.10000610351562,161.75999450683594,154.4738311767578,3261900
2024-02-13,162.13999938964844,162.91000366210938,159.97999572753906,161.47999572753906,154.20643615722656,4783600
2024-02-14,161.72000122070312,161.99000549316406,160.9199981689453,161.4199981689453,154.14913940429688,3782500
2024-02-15,161.72000122070312,162.08999633789062,160.85000610351562,161.57000732421875,154.29238891601562,3363600
2024-02-16,161.22999572753906,161.36000061035156,159.6199951171875,160.41000366210938,153.1846466064453,4594300
2024-02-20,161.3000030517578,163.36000061035156,161.3000030517578,162.0500030517578,154.75079345703125,4066700
2024-02-21,162.80999755859375,164.0800018310547,162.72999572753906,164.0500030517578,156.66070556640625,3928000
2024-02-22,163.3699951171875,164.5,162.7899932861328,163.5500030517578,156.18324279785156,4394800
2024-02-23,163.3800048828125,165.50999450683594,163.3800048828125,164.33999633789062,156.93760681152344,3910500
2024-02-26,163.1999969482422,164.3800048828125,162.89999389648438,163.91000366210938,156.52700805664062,3907600
2024-02-27,163.52999877929688,164.6699981689453,162.94000244140625,164.6199951171875,157.20501708984375,3403800
2024-02-28,164.2100067138672,164.57000732421875,163.16000366210938,163.8000030517578,156.42193603515625,3354000
2024-02-29,164.42999267578125,164.5,162.4499969482422,163.3000030517578,156.56578063964844,5128400
2024-03-01,162.69000244140625,163.75999450683594,162.02000427246094,163.3699951171875,156.6328582763672,3298400
2024-03-04,162.69000244140625,163.7899932861328,162.33999633789062,163.33999633789062,156.60411071777344,3531400
2024-03-05,164.41000366210938,166.77000427246094,163.57000732421875,165.89999389648438,159.05856323242188,9049500
2024-03-06,165.8000030517578,168.1300048828125,165.8000030517578,167.4199981689453,160.515869140625,5924100
2024-03-07,168.44000244140625,168.63999938964844,164.0800018310547,164.38999938964844,157.61083984375,5953800
2024-03-08,164.27000427246094,165.44000244140625,163.5,163.99000549316406,157.2273406982422,4444700
2024-03-11,164.10000610351562,165.60000610351562,163.1300048828125,164.75999450683594,157.96556091308594,4138100
2024-03-12,164.2899932861328,164.64999389648438,163.33999633789062,163.67999267578125,156.93011474609375,3800300
2024-03-13,164.0800018310547,164.92999267578125,163.47999572753906,164.08999633789062,157.32318115234375,4441400
2024-03-14,163.11000061035156,163.3800048828125,161.92999267578125,162.86000061035156,156.14393615722656,3967400
2024-03-15,163.22999572753906,164.89999389648438,161.6699981689453,161.80999755859375,155.13722229003906,9849300
2024-03-18,161.8800048828125,162.02000427246094,159.3699951171875,161.14999389648438,154.50442504882812,4803000
2024-03-19,161.80999755859375,162.0,160.64999389648438,160.74000549316406,154.11134338378906,3232800
2024-03-20,160.67999267578125,161.58999633789062,160.1199951171875,161.16000366210938,154.51400756835938,4007600
2024-03-21,161.6300048828125,161.92999267578125,160.16000366210938,160.92999267578125,154.29351806640625,3312400
2024-03-22,161.47000122070312,161.52999877929688,158.83999633789062,160.61000061035156,153.98670959472656,3546400
2024-03-25,160.30999755859375,161.3699951171875,160.1300048828125,161.1199951171875,154.4756317138672,4183800
2024-03-26,160.6199951171875,161.72999572753906,159.86000061035156,161.10000610351562,154.4564971923828,4195900
2024-03-27,162.22999572753906,162.47999572753906,161.33999633789062,162.00999450683594,155.32896423339844,4479800
2024-03-28,162.9499969482422,163.74000549316406,162.00999450683594,163.22000122070312,156.4890899658203,3919700
2024-04-01,163.22000122070312,163.2899932861328,161.60000610351562,162.6699981689453,155.96173095703125,3256800
2024-04-02,161.9199981689453,162.3800048828125,161.19000244140625,162.0800018310547,155.3961181640625,4124900
2024-04-03,161.89999389648438,163.41000366210938,161.52999877929688,163.25999450683594,156.52740478515625,3245900
2024-04-04,163.8800048828125,164.52000427246094,161.4199981689453,161.61000061035156,154.9454803466797,3331600
2024-04-05,161.3800048828125,162.32000732421875,160.3000030517578,161.11000061035156,154.4661102294922,3180600
2024-04-08,159.91000366210938,161.77000427246094,159.50999450683594,160.89999389648438,154.26473999023438,4012000
2024-04-09,161.08999633789062,161.5800018310547,160.07000732421875,161.0,154.3606414794922,3359000
2024-04-10,161.02999877929688,161.02999877929688,159.3800048828125,160.3800048828125,153.7661895751953,4438900
2024-04-11,160.57000732421875,160.97999572753906,159.75999450683594,160.69000244140625,154.0634002685547,4790900
2024-04-12,160.1199951171875,160.8699951171875,159.61000061035156,160.0500030517578,153.4497833251953,3827400
2024-04-15,162.0,162.0,159.3800048828125,159.82000732421875,153.22926330566406,4494600
2024-04-16,160.60000610351562,160.60000610351562,159.13999938964844,159.7899932861328,153.2005157470703,3810400
2024-04-17,159.5800018310547,160.64999389648438,159.41000366210938,160.08999633789062,153.48814392089844,4098300
2024-04-18,160.05999755859375,161.50999450683594,160.05999755859375,160.85000610351562,154.21678161621094,3246600
2024-04-19,161.4600067138672,162.38999938964844,160.6999969482422,162.3300018310547,155.63575744628906,5126100
2024-04-22,163.85000610351562,164.61000061035156,162.11000061035156,162.36000061035156,155.66453552246094,3701900
2024-04-23,162.69000244140625,163.8699951171875,162.35000610351562,163.25,156.51780700683594,4165100
2024-04-24,162.58999633789062,164.5500030517578,162.16000366210938,164.17999267578125,157.40943908691406,4713700
2024-04-25,164.77000427246094,165.19000244140625,161.6999969482422,164.0500030517578,157.28485107421875,5817300
2024-04-26,162.2100067138672,164.1699981689453,160.6199951171875,163.9600067138672,157.19854736328125,7969000
2024-04-29,163.77999877929688,164.6999969482422,163.2100067138672,164.25,157.47657775878906,3451400
2024-04-30,164.25,164.4499969482422,163.07000732421875,164.1699981689453,157.39988708496094,4122400
2024-05-01,164.5,166.5,163.99000549316406,165.47000122070312,158.6462860107422,6020800
2024-05-02,166.30999755859375,166.30999755859375,164.52000427246094,164.91000366210938,158.10939025878906,3449800
2024-05-03,164.91000366210938,165.24000549316406,163.55999755859375,164.60000610351562,157.8121795654297,4274900
2024-05-06,164.19000244140625,164.85000610351562,161.80999755859375,162.3699951171875,155.67410278320312,6022300
2024-05-07,162.75,162.80999755859375,161.61000061035156,162.19000244140625,155.5015411376953,4611400
2024-05-08,162.5,164.08999633789062,162.25,162.8300018310547,156.11514282226562,5106000
2024-05-09,163.25,164.72000122070312,162.49000549316406,164.67999267578125,157.88885498046875,4774700
2024-05-10,164.41000366210938,164.94000244140625,163.52999877929688,164.1999969482422,157.42864990234375,3084800
2024-05-13,164.99000549316406,164.99000549316406,162.72000122070312,163.35000610351562,156.61370849609375,3686200
2024-05-14,163.9499969482422,164.5,161.72000122070312,162.41000366210938,155.7124786376953,4657200
2024-05-15,162.97999572753906,164.0399932861328,162.50999450683594,162.67999267578125,155.97132873535156,4647400
2024-05-16,162.8800048828125,163.67999267578125,162.14999389648438,163.5800018310547,156.834228515625,3217700
2024-05-17,163.11000061035156,164.0,162.55999755859375,164.0,157.23690795898438,2921400
2024-05-20,164.07000732421875,164.1999969482422,163.14999389648438,163.89999389648438,157.14102172851562,2983400
2024-05-21,164.32000732421875,164.72999572753906,163.64999389648438,164.36000061035156,157.58204650878906,3218000
2024-05-22,163.6699981689453,165.8699951171875,163.25999450683594,165.5,158.675048828125,4197800
2024-05-23,164.3800048828125,165.60000610351562,164.2100067138672,164.97000122070312,158.16690063476562,3629200
2024-05-24,165.2100067138672,166.1999969482422,164.75999450683594,166.0,159.15443420410156,3722100
2024-05-28,165.5399932861328,168.7100067138672,165.3699951171875,167.30999755859375,160.41038513183594,5729300
2024-05-29,167.61000061035156,169.11000061035156,167.1300048828125,168.8800048828125,161.91566467285156,6166000
2024-05-30,169.1699981689453,171.07000732421875,168.47000122070312,170.6999969482422,163.66061401367188,6208500
2024-05-31,170.08999633789062,175.27999877929688,169.75999450683594,174.9600067138672,168.38612365722656,8684300
2024-06-03,174.5,178.47000122070312,171.17999267578125,173.0800018310547,166.5767822265625,7801600
2024-06-04,173.0800018310547,178.85000610351562,173.07000732421875,177.91000366210938,171.2252960205078,7238200
2024-06-05,179.02000427246094,181.1699981689453,178.27000427246094,180.27000427246094,173.49661254882812,8973500
2024-06-06,180.27000427246094,182.6699981689453,179.39999389648438,179.77000427246094,173.01541137695312,7651300
2024-06-07,179.52000427246094,180.66000366210938,179.27000427246094,179.82000732421875,173.06350708007812,5994200
2024-06-10,179.92999267578125,182.30999755859375,179.25,180.69000244140625,173.9008331298828,6774800
2024-06-11,180.75,180.89999389648438,178.0399932861328,178.39999389648438,171.6968536376953,7331000
2024-06-12,176.8800048828125,177.2100067138672,171.17999267578125,173.7899932861328,167.2600555419922,10923100
2024-06-13,174.17999267578125,175.39999389648438,173.17999267578125,175.11000061035156,168.53048706054688,5444700
2024-06-14,175.02999877929688,176.0800018310547,174.2100067138672,175.99000549316406,169.37742614746094,4045200
2024-06-17,175.99000549316406,178.8300018310547,174.80999755859375,177.3800048828125,170.71524047851562,6591900
2024-06-18,177.8699951171875,178.25,175.57000732421875,177.61000061035156,170.9365692138672,5712000
2024-06-20,176.50999450683594,179.02000427246094,175.77000427246094,176.44000244140625,169.81051635742188,6596400
2024-06-21,175.4600067138672,177.4199981689453,174.1199951171875,176.72999572753906,170.08963012695312,12269700
2024-06-24,177.4499969482422,178.75,176.1699981689453,177.9499969482422,171.2637481689453,5958300
2024-06-25,178.4600067138672,178.8000030517578,177.25999450683594,177.6300048828125,170.95579528808594,5673300
2024-06-26,177.00999450683594,177.52000427246094,173.77000427246094,176.30999755859375,169.68539428710938,5316600
2024-06-27,176.30999755859375,177.61000061035156,175.7100067138672,177.4199981689453,170.75369262695312,3157400
2024-06-28,177.67999267578125,178.8699951171875,176.11000061035156,176.17999267578125,169.56027221679688,5172300
2024-07-01,177.58999633789062,179.1699981689453,176.72999572753906,179.0800018310547,172.35133361816406,3257400
2024-07-02,178.1199951171875,180.0,177.6999969482422,179.97999572753906,173.21749877929688,3317400
2024-07-03,178.8699951171875,179.60000610351562,178.0,178.4600067138672,171.754638671875,1652900
2024-07-05,178.91000366210938,179.47999572753906,177.92999267578125,179.24000549316406,172.5053253173828,3256500
2024-07-08,179.0399932861328,179.92999267578125,178.24000549316406,179.1699981689453,172.4379425048828,2370200
2024-07-09,179.67999267578125,180.30999755859375,178.4600067138672,179.0500030517578,172.32244873046875,2940800
2024-07-10,178.63999938964844,181.0800018310547,178.63999938964844,180.52000427246094,173.73721313476562,3338400
2024-07-11,179.25,180.82000732421875,177.91000366210938,178.80999755859375,172.09149169921875,4758300
2024-07-12,179.44000244140625,180.7899932861328,178.5500030517578,179.5399932861328,172.7939910888672,3043900
2024-07-15,178.75,182.33999633789062,178.6699981689453,181.75,174.92103576660156,4028300
2024-07-16,181.97000122070312,183.82000732421875,181.25,182.97999572753906,176.10476684570312,5437500
2024-07-17,183.75999450683594,185.4199981689453,182.25999450683594,183.55999755859375,176.6630096435547,5228500
2024-07-18,183.6300048828125,183.8000030517578,181.72000122070312,182.2899932861328,175.44070434570312,4236900
2024-07-19,182.22000122070312,183.24000549316406,181.94000244140625,182.0500030517578,175.209716796875,2494900
2024-07-22,181.4199981689453,181.69000244140625,176.77999877929688,177.44000244140625,170.77294921875,4391100
2024-07-23,177.6199951171875,177.64999389648438,175.7100067138672,176.55999755859375,169.92601013183594,3621200
2024-07-24,177.05999755859375,177.52999877929688,174.22999572753906,176.88999938964844,170.24362182617188,4499600
2024-07-25,178.25,180.3300018310547,175.02000427246094,175.13999938964844,168.55935668945312,4166300
2024-07-26,175.69000244140625,176.5500030517578,173.8300018310547,175.52999877929688,168.93470764160156,3117200
2024-07-29,175.7100067138672,177.02999877929688,175.07000732421875,176.8699951171875,170.2243194580078,2400800
2024-07-30,177.58999633789062,177.88999938964844,173.74000549316406,175.36000061035156,168.77108764648438,4848100
2024-07-31,180.3300018310547,182.75,176.88999938964844,182.27999877929688,175.4310760498047,8036700
2024-08-01,181.8699951171875,187.50999450683594,181.82000732421875,187.07000732421875,180.0410919189453,5228400
2024-08-02,189.0,193.77000427246094,188.3000030517578,188.75999450683594,181.66761779785156,7922800
2024-08-05,192.3699951171875,193.47999572753906,185.38999938964844,186.8699951171875,179.84860229492188,6523000
2024-08-06,186.9499969482422,192.64999389648438,186.52000427246094,189.86000061035156,182.7262725830078,4492100
2024-08-07,189.86000061035156,193.92999267578125,189.86000061035156,190.58999633789062,183.42884826660156,4685900
2024-08-08,190.44000244140625,193.83999633789062,190.0,193.61000061035156,186.3353729248047,5437100
2024-08-09,193.6699981689453,194.3800048828125,192.11000061035156,194.1999969482422,186.9031982421875,2802200
2024-08-12,194.1999969482422,195.24000549316406,193.25999450683594,194.9499969482422,187.62503051757812,2870800
2024-08-13,195.6999969482422,195.92999267578125,193.8800048828125,195.3300018310547,187.99075317382812,3736900
2024-08-14,194.97999572753906,197.02999877929688,194.47999572753906,196.49000549316406,189.107177734375,3248100
2024-08-15,196.32000732421875,196.8300018310547,192.8800048828125,194.6300048828125,187.31707763671875,4673300
2024-08-16,194.38999938964844,196.72999572753906,193.38999938964844,196.55999755859375,189.1745147705078,3161700
2024-08-19,197.16000366210938,198.7899932861328,196.3300018310547,197.5800018310547,190.15621948242188,2786400
2024-08-20,196.80999755859375,198.07000732421875,196.13999938964844,196.22000122070312,188.84730529785156,2885500
2024-08-21,196.3699951171875,197.1199951171875,195.2100067138672,195.4600067138672,188.11587524414062,3252500
2024-08-22,195.88999938964844,197.14999389648438,195.17999267578125,196.44000244140625,189.05905151367188,3034900
2024-08-23,197.75,199.14999389648438,196.49000549316406,198.5800018310547,191.11863708496094,2481100
2024-08-26,199.0,200.60000610351562,199.0,200.42999267578125,192.8991241455078,2537500
2024-08-27,201.13999938964844,204.11000061035156,200.24000549316406,204.02999877929688,196.36386108398438,3687000
2024-08-28,205.27999877929688,205.27999877929688,201.0800018310547,201.41000366210938,193.84231567382812,4062900
2024-08-29,201.41000366210938,201.41000366210938,199.27000427246094,200.0800018310547,192.56227111816406,3340100
2024-08-30,199.97000122070312,200.67999267578125,196.75999450683594,198.72000122070312,191.876708984375,3915100
2024-09-03,199.61000061035156,201.5500030517578,199.32000732421875,200.52999877929688,193.62437438964844,3572900
2024-09-04,200.83999633789062,202.3000030517578,197.75,198.8000030517578,191.95394897460938,3275400
2024-09-05,198.5,199.27999877929688,196.16000366210938,197.17999267578125,190.38975524902344,3573100
2024-09-06,197.3800048828125,197.6999969482422,192.61000061035156,193.0,186.35369873046875,5336900
2024-09-09,193.27000427246094,196.02000427246094,193.27000427246094,195.3000030517578,188.57449340820312,3839600
2024-09-10,195.7100067138672,196.89999389648438,194.5500030517578,196.5,189.73318481445312,3024500
2024-09-11,196.5500030517578,198.86000061035156,194.41000366210938,198.5399932861328,191.7029266357422,4037500
2024-09-12,199.38999938964844,202.6300048828125,199.13999938964844,202.41000366210938,195.43963623046875,3733500
2024-09-13,202.0,203.25,200.72000122070312,202.8300018310547,195.84521484375,1935400
2024-09-16,204.9499969482422,206.30999755859375,203.64999389648438,205.85000610351562,198.7611846923828,2867600
2024-09-17,205.16000366210938,205.49000549316406,201.77999877929688,202.6999969482422,195.71966552734375,3619500
2024-09-18,202.75,206.10000610351562,195.47000122070312,196.67999267578125,189.90695190429688,7300300
2024-09-19,199.0800018310547,201.4499969482422,197.0,199.63999938964844,192.76504516601562,6172700
2024-09-20,198.1199951171875,199.67999267578125,197.4600067138672,199.44000244140625,192.5719451904297,12281900
2024-09-23,199.10000610351562,202.8800048828125,198.69000244140625,202.4600067138672,195.4879150390625,4545600
2024-09-24,201.0,203.72999572753906,200.8800048828125,201.44000244140625,194.5030517578125,4411300
2024-09-25,202.30999755859375,203.88999938964844,201.7100067138672,203.30999755859375,196.3086395263672,2666800
2024-09-26,202.49000549316406,208.16000366210938,201.82000732421875,203.25,196.25071716308594,2629200
2024-09-27,203.25,205.72000122070312,202.80999755859375,205.17999267578125,198.1142578125,3158000
2024-09-30,206.32000732421875,207.47000122070312,204.7100067138672,206.36000061035156,199.2536163330078,3243600
2024-10-01,205.3000030517578,206.35000610351562,202.77000427246094,206.10000610351562,199.00257873535156,3702000
2024-10-02,205.8699951171875,208.36000061035156,205.38999938964844,208.0800018310547,200.91439819335938,2245100
2024-10-03,207.4600067138672,209.25999450683594,207.44000244140625,208.02999877929688,200.86607360839844,2902100
2024-10-04,207.2100067138672,208.72999572753906,206.17999267578125,208.27999877929688,201.1074981689453,2654800
2024-10-07,207.6999969482422,210.0800018310547,207.41000366210938,208.3300018310547,201.15579223632812,2651400
2024-10-08,208.6999969482422,212.24000549316406,208.6999969482422,211.1699981689453,203.8979949951172,3310400
2024-10-09,211.1699981689453,213.47000122070312,210.50999450683594,212.08999633789062,204.78628540039062,2243600
2024-10-10,213.4600067138672,215.17999267578125,210.94000244140625,211.4499969482422,204.1683349609375,2601700
2024-10-11,212.66000366210938,213.83999633789062,212.1699981689453,213.0399932861328,205.70358276367188,1778500
2024-10-14,214.0,216.25,213.72999572753906,215.91000366210938,208.47474670410156,2655700
2024-10-15,215.91000366210938,218.3300018310547,215.63999938964844,217.02999877929688,209.55616760253906,3382500
2024-10-16,216.25999450683594,220.69000244140625,216.08999633789062,219.75999450683594,212.19215393066406,2730100
2024-10-17,220.6699981689453,222.72999572753906,219.89999389648438,221.9499969482422,214.30674743652344,3177700
2024-10-18,221.5,223.4499969482422,220.91000366210938,223.2100067138672,215.5233612060547,3334300
2024-10-21,222.74000549316406,223.91000366210938,221.2899932861328,222.77000427246094,215.09854125976562,4614400
2024-10-22,218.9499969482422,221.1199951171875,218.7100067138672,219.00999450683594,211.46798706054688,6066900
2024-10-23,217.52999877929688,221.82000732421875,216.72999572753906,220.9499969482422,213.3411865234375,5245700
2024-10-24,223.39999389648438,234.39999389648438,221.0,233.55999755859375,225.51690673828125,6920400
2024-10-25,233.5500030517578,234.55999755859375,225.24000549316406,226.36000061035156,218.56488037109375,6478100
2024-10-28,228.5399932861328,228.55999755859375,226.47999572753906,227.80999755859375,219.96493530273438,2732300
2024-10-29,227.72000122070312,228.75999450683594,225.77999877929688,226.0500030517578,218.26556396484375,3150700
2024-10-30,225.44000244140625,225.72999572753906,222.49000549316406,222.77000427246094,215.09854125976562,4218000
2024-10-31,223.33999633789062,225.86000061035156,222.6199951171875,223.16000366210938,215.47509765625,4152400
2024-11-01,223.0,224.5800018310547,222.60000610351562,223.27999877929688,215.59095764160156,2922100
2024-11-04,224.3800048828125,225.0,223.3000030517578,224.25,216.52752685546875,2453900
2024-11-05,226.08999633789062,227.30999755859375,224.9499969482422,227.11000061035156,219.2890625,2864800
2024-11-06,230.5,232.9499969482422,229.24000549316406,232.19000244140625,224.1941375732422,4115900
2024-11-07,232.0500030517578,233.3000030517578,230.0,231.49000549316406,223.5182342529297,2561700
2024-11-08,233.67999267578125,236.74000549316406,233.1699981689453,235.30999755859375,227.2066650390625,3452000
2024-11-11,235.88999938964844,239.1300048828125,234.85000610351562,238.32000732421875,230.11305236816406,3383000
2024-11-12,237.9600067138672,239.1300048828125,236.25999450683594,239.0,230.7696075439453,4226700
2024-11-13,239.25999450683594,241.08999633789062,238.5,240.8800048828125,232.58486938476562,3820300
2024-11-14,241.00999450683594,242.44000244140625,237.52999877929688,237.75,229.5626678466797,3925000
2024-11-15,238.1199951171875,239.17999267578125,235.0500030517578,235.61000061035156,227.49635314941406,3939900
2024-11-18,236.9199981689453,239.0,234.55999755859375,237.02999877929688,228.867431640625,2442400
2024-11-19,237.02999877929688,237.02999877929688,232.8300018310547,233.1999969482422,225.1693572998047,3830100
2024-11-20,233.1999969482422,235.6300048828125,233.1999969482422,235.47000122070312,227.3611602783203,2603100
2024-11-21,235.6699981689453,237.3300018310547,233.94000244140625,236.5800018310547,228.4329376220703,2490100
2024-11-22,236.44000244140625,239.69000244140625,236.27999877929688,238.27999877929688,230.0743865966797,2540800
2024-11-25,239.33999633789062,240.82000732421875,238.50999450683594,239.94000244140625,231.67721557617188,5513100
2024-11-26,241.80999755859375,245.1699981689453,241.47000122070312,244.9199981689453,236.4857177734375,3251100
2024-11-27,245.13999938964844,248.14999389648438,243.91000366210938,246.1999969482422,238.57888793945312,3346600
2024-11-29,245.80999755859375,247.47999572753906,244.44000244140625,246.94000244140625,239.2959747314453,1806000
2024-12-02,246.94000244140625,247.82000732421875,243.50999450683594,244.82000732421875,237.24160766601562,3263900
2024-12-03,244.97000122070312,246.14999389648438,243.69000244140625,244.85000610351562,237.27069091796875,2668800
2024-12-04,244.4600067138672,245.0,242.1699981689453,243.0800018310547,235.55548095703125,2682900
2024-12-05,243.0,245.0500030517578,242.02999877929688,243.94000244140625,236.3888397216797,2676200
2024-12-06,244.14999389648438,245.55999755859375,243.57000732421875,243.77999877929688,236.23377990722656,2177100
2024-12-09,242.99000549316406,243.83999633789062,228.08999633789062,228.86000061035156,221.77565002441406,6267400
2024-12-10,234.83999633789062,235.6199951171875,230.61000061035156,233.5,226.27200317382812,5352700
2024-12-11,233.19000244140625,236.82000732421875,233.02999877929688,234.33999633789062,227.08602905273438,3439400
2024-12-12,231.1300048828125,233.94000244140625,230.02000427246094,233.27000427246094,226.0491180419922,4067600
2024-12-13,232.8000030517578,232.8000030517578,230.72999572753906,231.94000244140625,224.7602996826172,2895400
2024-12-16,233.08999633789062,233.3300018310547,228.3699951171875,229.47000122070312,222.3667755126953,4489700
2024-12-17,229.32000732421875,229.6999969482422,218.9199981689453,220.7100067138672,213.8779296875,7729800
2024-12-18,219.39999389648438,223.1999969482422,219.32000732421875,220.69000244140625,213.85853576660156,5197100
2024-12-19,220.05999755859375,221.75,217.7899932861328,218.0,211.25181579589844,4957700
2024-12-20,218.0,221.47000122070312,217.99000549316406,220.30999755859375,213.4903106689453,9116100
2024-12-23,219.88999938964844,222.41000366210938,217.88999938964844,221.66000366210938,214.79852294921875,3081600
2024-12-24,221.8000030517578,223.6999969482422,221.19000244140625,223.00999450683594,216.10671997070312,1411800
2024-12-26,221.0,224.6699981689453,220.52999877929688,223.67999267578125,216.7559814453125,1902600
2024-12-27,222.10000610351562,224.05999755859375,221.25999450683594,223.02000427246094,216.11642456054688,2150000
2024-12-30,222.77000427246094,223.02000427246094,219.22000122070312,220.66000366210938,213.82948303222656,2160900
2024-12-31,220.16000366210938,221.6699981689453,219.8800048828125,220.72999572753906,213.89730834960938,2119900
2025-01-02,222.17999267578125,222.52000427246094,218.64999389648438,219.52999877929688,212.73443603515625,2850500
2025-01-03,221.14999389648438,221.35000610351562,218.8699951171875,219.11000061035156,212.32745361328125,2737900
2025-01-06,213.4499969482422,215.0,208.38999938964844,212.3800048828125,205.8057861328125,5639700
2025-01-07,211.3800048828125,215.42999267578125,211.3800048828125,212.33999633789062,205.76702880859375,5039300
2025-01-08,214.22999572753906,215.75999450683594,212.1999969482422,215.52000427246094,208.84857177734375,3270000
2025-01-10,212.6300048828125,213.4499969482422,209.8300018310547,211.3000030517578,204.75921630859375,4175400
2025-01-13,211.3300018310547,215.41000366210938,210.7100067138672,213.4600067138672,206.85235595703125,3645000
2025-01-14,213.42999267578125,214.63999938964844,211.33999633789062,214.17999267578125,207.550048828125,3537400
2025-01-15,216.13999938964844,217.55999755859375,213.8800048828125,214.1999969482422,207.56942749023438,3116000
2025-01-16,213.38999938964844,216.74000549316406,213.38999938964844,215.75,209.07147216796875,2411200
2025-01-17,219.2100067138672,219.5,217.63999938964844,218.97000122070312,212.19178771972656,4259900
2025-01-21,218.24000549316406,220.27999877929688,218.1300048828125,219.49000549316406,212.69570922851562,3700400
2025-01-22,219.19000244140625,220.86000061035156,218.0800018310547,218.17999267578125,211.42625427246094,4124000
2025-01-23,218.66000366210938,219.41000366210938,215.3699951171875,216.0399932861328,209.3524932861328,3628400
2025-01-24,216.85000610351562,218.60000610351562,215.74000549316406,218.57000732421875,211.80416870117188,3118500
2025-01-27,216.7899932861328,223.3300018310547,216.7899932861328,221.42999267578125,214.5756378173828,4153100
2025-01-28,220.2100067138672,224.16000366210938,218.8000030517578,221.13999938964844,214.2946014404297,3975500
2025-01-29,238.0,241.39999389648438,233.22999572753906,235.14999389648438,227.87094116210938,8859500
2025-01-30,239.2100067138672,240.83999633789062,233.97000122070312,234.3699951171875,227.1150665283203,4205200
2025-01-31,234.5,235.47999572753906,231.0,232.97000122070312,225.7584228515625,3337900
2025-02-03,235.94000244140625,238.35000610351562,232.60000610351562,238.10000610351562,230.72962951660156,3720000
2025-02-04,236.30999755859375,240.83999633789062,235.38999938964844,237.25,229.9059295654297,3285900
2025-02-05,237.85000610351562,242.6999969482422,237.63999938964844,242.42999267578125,234.92559814453125,3130700
2025-02-06,243.61000061035156,247.60000610351562,243.4199981689453,247.1699981689453,239.5188446044922,3272200
2025-02-07,247.5,250.5,246.10000610351562,246.24000549316406,238.61766052246094,3434400
2025-02-10,254.92999267578125,256.4800109863281,251.25,255.8300018310547,247.91078186035156,4887600
2025-02-11,255.1199951171875,259.4599914550781,253.35000610351562,258.70001220703125,250.6919403076172,2598200
2025-02-12,256.3900146484375,259.5899963378906,255.16000366210938,255.27999877929688,247.37779235839844,3220000
2025-02-13,255.0500030517578,266.0,255.0,265.0799865722656,256.87445068359375,3859900
2025-02-14,266.69000244140625,271.4100036621094,264.3999938964844,270.82000732421875,262.436767578125,4835300
2025-02-18,270.0,270.75,262.54998779296875,263.2099914550781,255.0623321533203,3879300
2025-02-19,262.70001220703125,264.25,259.8299865722656,263.3500061035156,255.19802856445312,3787700
2025-02-20,263.0,265.75,262.1600036621094,265.3999938964844,257.1845397949219,2794700
2025-02-21,265.44000244140625,267.6600036621094,263.5,265.1700134277344,256.961669921875,3554300
2025-02-24,267.9700012207031,273.3999938964844,267.57000732421875,268.1300048828125,259.8300476074219,4141300
2025-02-25,269.2300109863281,272.70001220703125,268.2799987792969,270.5400085449219,262.16546630859375,3516500
2025-02-26,266.1700134277344,267.5,261.9599914550781,263.5799865722656,255.42091369628906,4473400
2025-02-27,263.2300109863281,266.2900085449219,262.1400146484375,264.1700134277344,255.9925994873047,3562000
2025-02-28,266.2699890136719,269.989990234375,263.8900146484375,269.69000244140625,262.2152404785156,4721100
2025-03-03,269.2900085449219,276.489990234375,269.2900085449219,272.8299865722656,265.2681579589844,4025400
2025-03-04,273.1199951171875,274.95001220703125,264.45001220703125,264.6499938964844,257.31494140625,4694600
2025-03-05,261.010009765625,263.5400085449219,257.4800109863281,262.739990234375,255.4578399658203,5161000
2025-03-06,261.4800109863281,263.9700012207031,259.3299865722656,262.95001220703125,255.66204833984375,3276500
2025-03-07,262.42999267578125,266.6099853515625,261.3299865722656,265.239990234375,257.8885803222656,3289600
2025-03-10,263.989990234375,271.5899963378906,263.3500061035156,266.6300048828125,259.2400207519531,5173500
2025-03-11,258.79998779296875,259.9200134277344,252.52000427246094,256.6700134277344,249.55612182617188,5171100
2025-03-12,254.50999450683594,256.9599914550781,248.25999450683594,255.61000061035156,248.52548217773438,3983000
2025-03-13,256.7300109863281,263.2799987792969,256.260009765625,259.1000061035156,251.9187469482422,4196600
2025-03-14,253.49000549316406,257.4599914550781,252.49000549316406,255.97999572753906,248.88519287109375,3511100
2025-03-17,254.2899932861328,261.7699890136719,252.92999267578125,260.1700134277344,252.95912170410156,4329700
2025-03-18,261.3999938964844,261.9800109863281,257.82000732421875,260.7300109863281,253.5036163330078,3088900
2025-03-19,262.2900085449219,262.489990234375,258.760009765625,259.25,252.06459045410156,2926800
2025-03-20,258.3299865722656,259.0,256.4100036621094,257.0299987792969,249.9061279296875,3729100
2025-03-21,254.44000244140625,258.44000244140625,254.3300018310547,255.83999633789062,248.7490997314453,9207000
2025-03-24,258.80999755859375,260.8299865722656,257.6000061035156,258.9599914550781,251.78260803222656,2896900
2025-03-25,257.1199951171875,261.1099853515625,256.4200134277344,258.75,251.5784454345703,2987900
2025-03-26,260.5299987792969,264.95001220703125,260.45001220703125,262.510009765625,255.2342529296875,4683500
2025-03-27,262.9200134277344,268.739990234375,262.9200134277344,268.2799987792969,260.8443298339844,4228500
2025-03-28,270.3399963378906,270.8299865722656,264.2799987792969,264.92999267578125,257.587158203125,3322700
2025-03-31,264.7099914550781,268.1000061035156,264.6000061035156,266.7099914550781,259.3178405761719,4073200
2025-04-01,265.95001220703125,268.70001220703125,262.6300048828125,268.5400085449219,261.09710693359375,3025400
2025-04-02,268.5,268.510009765625,262.4200134277344,264.55999755859375,257.2274169921875,2969500
2025-04-03,265.20001220703125,272.6000061035156,264.94000244140625,267.8900146484375,260.46514892578125,5652100
2025-04-04,267.9100036621094,269.6499938964844,247.3699951171875,248.11000061035156,241.2333526611328,7948500
2025-04-07,243.16000366210938,256.95001220703125,242.80999755859375,246.6699981689453,239.833251953125,8149000
2025-04-08,252.30999755859375,253.8000030517578,243.86000061035156,246.3000030517578,239.4735107421875,6018000
2025-04-09,243.0,255.55999755859375,238.64999389648438,254.89999389648438,247.8351593017578,8590400
2025-04-10,256.1300048828125,260.2300109863281,251.42999267578125,256.1199951171875,249.02133178710938,5406600
2025-04-11,257.6300048828125,260.1199951171875,255.6300048828125,258.6700134277344,251.5006866455078,3987300
2025-04-14,259.5,265.1700134277344,258.5199890136719,262.6400146484375,255.36065673828125,3845400
2025-04-15,264.4700012207031,267.9599914550781,263.17999267578125,266.7099914550781,259.3178405761719,3130500
2025-04-16,266.2300109863281,267.2699890136719,258.9599914550781,259.6400146484375,252.44381713867188,3362700
2025-04-17,259.7200012207031,265.3999938964844,259.0899963378906,262.0400085449219,254.7772674560547,3489600
2025-04-21,260.3900146484375,261.739990234375,250.8699951171875,253.47999572753906,246.4545135498047,3656300
2025-04-22,253.13999938964844,259.32000732421875,253.0,258.29998779296875,251.1409149169922,4762500
2025-04-23,254.0,262.6099853515625,252.6699981689453,259.3500061035156,252.1618194580078,4562300
2025-04-24,259.75,263.7900085449219,258.07000732421875,262.17999267578125,254.9133758544922,5047200
2025-04-25,243.14999389648438,243.80999755859375,230.63999938964844,232.77000427246094,226.31851196289062,13561400
2025-04-28,231.69000244140625,237.32000732421875,231.5399932861328,236.77000427246094,230.20765686035156,5825900
2025-04-29,236.7100067138672,241.91000366210938,235.4199981689453,241.58999633789062,234.89404296875,3900800
2025-04-30,244.72999572753906,247.5500030517578,241.72000122070312,246.9499969482422,240.10548400878906,4440500
2025-05-01,245.27000427246094,247.10000610351562,242.39999389648438,247.0,240.1541290283203,3603400
2025-05-02,247.72999572753906,250.22000122070312,246.22999572753906,248.8800048828125,241.9820098876953,2801100
2025-05-05,248.8000030517578,249.3699951171875,246.5,248.3000030517578,241.41807556152344,2311500
2025-05-06,247.50999450683594,254.16000366210938,247.19000244140625,253.8000030517578,246.76564025878906,2903200
2025-05-07,252.7100067138672,253.72000122070312,250.27999877929688,251.25999450683594,244.29605102539062,4042100
2025-05-08,252.17999267578125,252.63999938964844,247.44000244140625,247.49000549316406,240.6305694580078,3520700
2025-05-09,247.49000549316406,248.16000366210938,243.6699981689453,243.80999755859375,237.0525360107422,3278300
2025-05-12,238.82000732421875,240.3300018310547,236.0,240.32000732421875,233.6592559814453,5373100
2025-05-13,239.25999450683594,240.27999877929688,235.89999389648438,237.33999633789062,230.7618408203125,4712800
2025-05-14,233.83999633789062,235.5500030517578,232.24000549316406,235.2899932861328,228.76866149902344,4168900
2025-05-15,237.1199951171875,242.44000244140625,236.4199981689453,240.16000366210938,233.5037078857422,5215000
2025-05-16,240.52000427246094,243.32000732421875,238.63999938964844,242.66000366210938,235.93441772460938,4402200
2025-05-19,243.0,246.02000427246094,242.91000366210938,244.25,237.48033142089844,4238000
2025-05-20,245.1199951171875,245.6300048828125,239.1199951171875,241.2100067138672,234.52459716796875,4787700
2025-05-21,241.2100067138672,243.22999572753906,239.00999450683594,240.75999450683594,234.0870361328125,4110000
2025-05-22,241.52999877929688,242.05999755859375,239.44000244140625,240.82000732421875,234.14541625976562,3200600
2025-05-23,241.00999450683594,243.35000610351562,238.5800018310547,242.8800048828125,236.14830017089844,4174000
2025-05-27,243.7899932861328,245.88999938964844,242.22000122070312,243.36000061035156,236.61500549316406,3717400
2025-05-28,243.10000610351562,243.50999450683594,241.05999755859375,241.50999450683594,234.81625366210938,2468600
2025-05-29,241.82000732421875,241.82000732421875,236.74000549316406,239.3000030517578,232.6675262451172,3127400
2025-05-30,239.5800018310547,243.32000732421875,238.42999267578125,242.1999969482422,236.3563232421875,8313500
2025-06-02,239.57000732421875,243.3699951171875,238.89999389648438,243.05999755859375,237.19557189941406,2578800
2025-06-03,241.97000122070312,244.42999267578125,241.42999267578125,243.8800048828125,237.99578857421875,3630900
2025-06-04,244.47999572753906,245.1999969482422,241.9499969482422,241.9600067138672,236.1221160888672,3413900
2025-06-05,241.88999938964844,246.25999450683594,241.16000366210938,244.89999389648438,238.9911651611328,2855300
2025-06-06,246.8800048828125,247.5500030517578,244.52000427246094,245.86000061035156,239.92800903320312,2022500
2025-06-09,244.66000366210938,244.9199981689453,237.8699951171875,237.9499969482422,232.2088623046875,4538600
2025-06-10,237.0,237.77000427246094,234.6699981689453,236.97999572753906,231.26226806640625,3766900
2025-06-11,236.30999755859375,236.49000549316406,229.80999755859375,230.94000244140625,225.36801147460938,6709600
2025-06-12,232.49000549316406,232.49000549316406,227.52000427246094,228.6999969482422,223.18203735351562,5369000
2025-06-13,228.5,229.6699981689453,226.14999389648438,228.0,222.4989471435547,4379800
2025-06-16,228.25999450683594,231.61000061035156,227.80999755859375,230.99000549316406,225.4167938232422,3777800
2025-06-17,221.89999389648438,222.5,220.0,221.42999267578125,216.0874481201172,12423600
2025-06-18,222.22999572753906,223.0,220.55999755859375,220.99000549316406,215.6580810546875,5600300
2025-06-20,222.11000061035156,223.1999969482422,220.89999389648438,221.52000427246094,216.17527770996094,8936700
2025-06-23,223.0,227.6300048828125,222.49000549316406,226.97999572753906,221.5035400390625,7469000
2025-06-24,227.58999633789062,230.33999633789062,226.58999633789062,229.82000732421875,224.2750244140625,5128400
2025-06-25,229.4199981689453,231.2899932861328,228.75999450683594,230.89999389648438,225.32894897460938,5428600
2025-06-26,231.0,231.60000610351562,229.0,231.4199981689453,225.83642578125,4342400
2025-06-27,230.72000122070312,236.33999633789062,230.4199981689453,235.25,229.57400512695312,6496300
2025-06-30,234.49000549316406,238.6199951171875,234.22999572753906,238.25999450683594,232.51138305664062,5118400
2025-07-01,238.41000366210938,243.27999877929688,238.0800018310547,241.50999450683594,235.68295288085938,4536400
2025-07-02,240.0,241.0,236.8000030517578,237.4199981689453,231.69166564941406,3414400
2025-07-03,236.97000122070312,241.35000610351562,236.60000610351562,240.75,234.94131469726562,1998800
2025-07-07,239.97000122070312,240.27000427246094,236.60000610351562,237.6300048828125,231.89659118652344,2958400
2025-07-08,236.2100067138672,236.7899932861328,233.61000061035156,235.97000122070312,230.27664184570312,3020800
2025-07-09,234.92999267578125,235.1999969482422,231.39999389648438,232.30999755859375,226.70494079589844,3938100
2025-07-10,231.5,231.5,227.02000427246094,228.14999389648438,222.6453094482422,5528200
2025-07-11,228.3800048828125,229.11000061035156,226.10000610351562,227.75999450683594,222.2646942138672,3093700
2025-07-14,227.69000244140625,229.63999938964844,227.47999572753906,228.14999389648438,222.6453094482422,3118000
2025-07-15,226.6699981689453,227.0800018310547,225.27999877929688,226.02000427246094,220.56671142578125,3429800
2025-07-16,226.5,229.3699951171875,226.47000122070312,228.74000549316406,223.22108459472656,5793100
2025-07-17,227.61000061035156,229.2899932861328,225.94000244140625,227.02999877929688,221.55233764648438,3509300
2025-07-18,228.7100067138672,228.7899932861328,226.24000549316406,227.2100067138672,221.72799682617188,3773600
2025-07-21,229.8300018310547,233.97000122070312,229.61000061035156,232.6199951171875,227.0074462890625,4431100
2025-07-22,233.63999938964844,238.16000366210938,232.77999877929688,233.25,227.62228393554688,4004400
2025-07-23,233.1699981689453,234.9499969482422,230.72000122070312,233.92999267578125,228.2858428955078,5621000
2025-07-24,244.0,251.75,243.5,247.5,241.5284423828125,8623200
2025-07-25,248.25999450683594,249.91000366210938,243.10000610351562,243.5500030517578,237.67373657226562,5205200
2025-07-28,242.5800018310547,242.9600067138672,237.27999877929688,238.19000244140625,232.4430694580078,3702900
2025-07-29,239.1699981689453,241.3000030517578,237.8000030517578,239.25,233.4774932861328,3563600
2025-07-30,239.3300018310547,242.7899932861328,238.58999633789062,241.5800018310547,235.75128173828125,4213000
2025-07-31,239.3800048828125,242.0500030517578,238.1199951171875,238.41000366210938,232.6577606201172,4079200
2025-08-01,240.44000244140625,242.00999450683594,236.91000366210938,237.1999969482422,231.47695922851562,3481400
2025-08-04,237.74000549316406,241.39999389648438,237.0800018310547,241.00999450683594,235.19503784179688,3755500
2025-08-05,240.92999267578125,241.49000549316406,236.8300018310547,238.92999267578125,233.16519165039062,3775600
2025-08-06,238.33999633789062,241.89999389648438,235.55999755859375,239.22000122070312,233.4481964111328,5160200
2025-08-07,239.61000061035156,243.17999267578125,238.50999450683594,242.92999267578125,237.06871032714844,4061800
2025-08-08,243.22000122070312,246.75,242.9499969482422,244.97999572753906,239.06922912597656,4261600
2025-08-11,245.74000549316406,249.00999450683594,245.47999572753906,248.8699951171875,242.86538696289062,3976100
2025-08-12,249.5,252.58999633789062,248.3000030517578,252.27999877929688,246.19313049316406,4620300
2025-08-13,252.5,254.02999877929688,250.4499969482422,250.83999633789062,244.787841796875,3152600
2025-08-14,251.5800018310547,252.5,249.27999877929688,250.30999755859375,244.27064514160156,2951500
2025-08-15,251.1199951171875,256.19000244140625,250.3000030517578,254.6300048828125,248.48641967773438,3939400
2025-08-18,255.61000061035156,256.7300109863281,254.0399932861328,255.17999267578125,249.02313232421875,3309200
2025-08-19,255.14999389648438,258.4599914550781,254.1999969482422,258.2200012207031,251.9897918701172,3641900
2025-08-20,259.94000244140625,261.55999755859375,258.7300109863281,259.010009765625,252.76075744628906,3875900
2025-08-21,258.05999755859375,259.5,257.010009765625,258.1600036621094,251.93124389648438,3330400
2025-08-22,259.9599914550781,261.25,251.13999938964844,251.9499969482422,245.87107849121094,3984800
2025-08-25,253.10000610351562,253.38999938964844,249.8800048828125,251.74000549316406,245.66615295410156,4295700
2025-08-26,251.5800018310547,251.8300018310547,249.4199981689453,251.1999969482422,245.13916015625,6515000
2025-08-27,249.77999877929688,252.27000427246094,249.57000732421875,251.36000061035156,245.29530334472656,3212400
2025-08-28,250.72000122070312,251.64999389648438,249.3800048828125,250.55999755859375,244.51461791992188,3595100
2025-08-29,249.02999877929688,253.14999389648438,248.86000061035156,251.99000549316406,246.77684020996094,3204900
2025-09-02,251.6999969482422,258.6600036621094,251.1999969482422,255.88999938964844,250.59613037109375,4055600
2025-09-03,253.30999755859375,254.41000366210938,251.32000732421875,252.66000366210938,247.43296813964844,3822900
2025-09-04,254.2100067138672,256.69000244140625,250.75,252.1199951171875,246.90414428710938,3349100
2025-09-05,252.8300018310547,255.74000549316406,251.61000061035156,252.75999450683594,247.53089904785156,3294200
2025-09-08,241.1300048828125,247.25,237.39999389648438,242.89999389648438,237.87486267089844,6313600
2025-09-09,242.52999877929688,243.72000122070312,240.83999633789062,242.72000122070312,237.6986083984375,3651800
2025-09-10,241.88999938964844,242.89999389648438,238.5,240.3800048828125,235.40701293945312,4942000
2025-09-11,240.24000549316406,242.33999633789062,239.52000427246094,241.38999938964844,236.3961181640625,4321900
2025-09-12,240.08999633789062,242.82000732421875,239.67999267578125,241.72000122070312,236.7192840576172,3085700
2025-09-15,241.38999938964844,244.24000549316406,238.4199981689453,239.74000549316406,234.78025817871094,3062500
2025-09-16,239.8800048828125,240.14999389648438,236.14999389648438,237.6199951171875,232.70411682128906,3639600
2025-09-17,238.89999389648438,240.82000732421875,238.3300018310547,239.4499969482422,234.49624633789062,3422300
2025-09-18,237.52999877929688,240.74000549316406,237.2100067138672,238.8300018310547,233.88909912109375,3545100
2025-09-19,238.8300018310547,239.7899932861328,236.44000244140625,238.1699981689453,233.24273681640625,7442100
2025-09-22,237.02999877929688,240.32000732421875,235.11000061035156,237.44000244140625,232.52784729003906,4686900
2025-09-23,236.60000610351562,240.77999877929688,234.75999450683594,239.49000549316406,234.53543090820312,4668000
2025-09-24,238.19000244140625,242.3699951171875,236.99000549316406,238.39999389648438,233.46798706054688,3683400
2025-09-25,240.1699981689453,242.30999755859375,237.24000549316406,237.94000244140625,233.0175018310547,3824400
2025-09-26,238.99000549316406,240.25999450683594,236.63999938964844,237.47000122070312,232.5572052001953,2543300
2025-09-29,237.4600067138672,239.82000732421875,237.07000732421875,237.9600067138672,233.03709411621094,3835800
2025-09-30,237.9600067138672,240.44000244140625,237.8000030517578,239.3800048828125,234.42770385742188,4382800
2025-10-01,239.39999389648438,240.9499969482422,231.55999755859375,233.25999450683594,228.43431091308594,5206700
2025-10-02,232.5399932861328,233.25999450683594,229.72000122070312,230.13999938964844,225.3788604736328,4325500
2025-10-03,230.02000427246094,230.82000732421875,227.11000061035156,230.27000427246094,225.5061798095703,3767100
2025-10-06,228.57000732421875,229.05999755859375,222.25999450683594,224.9600067138672,220.30604553222656,6171700
2025-10-07,225.0,228.9499969482422,223.5800018310547,227.67999267578125,222.96975708007812,3942400
2025-10-08,226.6999969482422,226.8800048828125,224.38999938964844,226.5800018310547,221.89251708984375,4059800
2025-10-09,226.3699951171875,228.07000732421875,225.0,226.2100067138672,221.53018188476562,3303700
2025-10-10,227.24000549316406,231.02000427246094,225.83999633789062,228.7899932861328,224.05679321289062,5106300
2025-10-13,228.8699951171875,229.97999572753906,224.05999755859375,225.05999755859375,220.40394592285156,4698300
2025-10-14,230.0,230.64999389648438,226.97999572753906,229.4199981689453,224.6737518310547,3894200
2025-10-15,229.17999267578125,229.52999877929688,226.3699951171875,226.64999389648438,221.9610595703125,3286600
2025-10-16,229.7899932861328,230.07000732421875,225.25,226.4499969482422,221.7651824951172,4217400
2025-10-17,227.14999389648438,229.9499969482422,226.67999267578125,229.3300018310547,224.5856170654297,3446600
2025-10-20,228.92999267578125,230.5399932861328,226.39999389648438,230.08999633789062,225.32989501953125,4561300
2025-10-21,230.08999633789062,230.50999450683594,227.63999938964844,229.0800018310547,224.3407745361328,3580500
2025-10-22,225.42999267578125,227.88999938964844,218.77000427246094,227.39999389648438,222.69552612304688,6674900
2025-10-23,225.75,225.92999267578125,215.82000732421875,219.99000549316406,215.4388427734375,9826400
2025-10-24,220.00999450683594,220.22000122070312,215.60000610351562,217.77000427246094,213.2647705078125,5884400
2025-10-27,216.97999572753906,221.63999938964844,215.5500030517578,220.67999267578125,216.1145782470703,5968200
2025-10-28,218.9199981689453,222.8300018310547,218.25,219.99000549316406,215.4388427734375,4467700
2025-10-29,220.5399932861328,221.3699951171875,212.1199951171875,215.00999450683594,210.56187438964844,8834600
2025-10-30,215.22000122070312,215.97999572753906,209.5800018310547,210.64999389648438,206.29205322265625,6235200
2025-10-31,209.2899932861328,211.85000610351562,207.63999938964844,210.0500030517578,205.70449829101562,4956500
2025-11-03,209.30999755859375,209.39999389648438,202.72999572753906,203.32000732421875,199.11370849609375,7093300
2025-11-04,204.22999572753906,206.85000610351562,203.49000549316406,206.2899932861328,202.0222625732422,4937400
2025-11-05,205.61000061035156,207.25999450683594,204.11000061035156,204.74000549316406,200.5043487548828,3463900
2025-11-06,202.2100067138672,203.47999572753906,199.41000366210938,201.00999450683594,196.85150146484375,5909700
2025-11-07,202.6699981689453,208.5800018310547,201.5800018310547,207.0,202.7175750732422,6464100
2025-11-10,206.19000244140625,207.19000244140625,204.47000122070312,205.8699951171875,201.6109619140625,4079700
2025-11-11,208.10000610351562,212.2100067138672,207.5,211.97999572753906,207.59454345703125,5043100
2025-11-12,211.7100067138672,214.6999969482422,210.67999267578125,212.67999267578125,208.2800750732422,3554700
2025-11-13,212.0,216.7899932861328,211.61000061035156,214.57000732421875,210.13099670410156,5551500
2025-11-14,217.4600067138672,218.17999267578125,214.47999572753906,216.0800018310547,211.6097412109375,4880800
2025-11-17,215.91000366210938,218.3300018310547,215.00999450683594,215.83999633789062,211.37469482421875,7379900
2025-11-18,216.97999572753906,216.97999572753906,212.0500030517578,213.0800018310547,208.6717987060547,5857300
2025-11-19,212.6699981689453,213.25999450683594,210.16000366210938,211.27000427246094,206.8992462158203,3684000
2025-11-20,211.32000732421875,212.32000732421875,209.88999938964844,210.50999450683594,206.15496826171875,5259300
2025-11-21,208.0399932861328,211.36000061035156,206.67999267578125,209.47999572753906,205.14625549316406,6286900
2025-11-24,208.8800048828125,209.25,205.52000427246094,207.33999633789062,203.050537109375,8026400
2025-11-25,207.7100067138672,209.8000030517578,206.5,206.89999389648438,202.61962890625,6278400
2025-11-26,205.77000427246094,207.39999389648438,205.3300018310547,206.72999572753906,203.45619201660156,4002900
2025-11-28,206.72999572753906,210.49000549316406,206.22999572753906,209.00999450683594,205.70008850097656,1633900
2025-12-01,208.97000122070312,209.11000061035156,205.57000732421875,206.6300048828125,203.35777282714844,3025900
2025-12-02,207.60000610351562,210.6199951171875,205.80999755859375,210.1300048828125,206.80233764648438,4076800
2025-12-03,209.6300048828125,211.80999755859375,207.27999877929688,208.50999450683594,205.20799255371094,3999400
2025-12-04,209.36000061035156,210.0,206.7100067138672,208.00999450683594,204.71591186523438,3694300
2025-12-05,208.05999755859375,211.6300048828125,207.6699981689453,209.6300048828125,206.3102569580078,3461500
2025-12-08,209.52999877929688,209.6999969482422,203.6699981689453,204.44000244140625,201.20245361328125,4613200
2025-12-09,205.5399932861328,206.14999389648438,199.1699981689453,201.35000610351562,198.16139221191406,6483800
2025-12-10,202.4499969482422,202.72000122070312,194.88999938964844,195.32000732421875,192.2268829345703,8175800
2025-12-11,196.64999389648438,197.75,194.64999389648438,195.3300018310547,192.23672485351562,4627700
2025-12-12,194.24000549316406,197.8800048828125,194.00999450683594,195.16000366210938,192.0694122314453,4635300
2025-12-15,195.99000549316406,197.9600067138672,194.3000030517578,196.16000366210938,193.05357360839844,5157600
2025-12-16,196.94000244140625,199.67999267578125,195.9600067138672,198.0,194.86444091796875,5685800
2025-12-17,198.00999450683594,201.33999633789062,197.97000122070312,199.3800048828125,196.22259521484375,6266200
2025-12-18,199.19000244140625,202.3699951171875,199.19000244140625,200.27000427246094,197.09849548339844,6862900
2025-12-19,200.85000610351562,201.25999450683594,196.11000061035156,196.72999572753906,193.6145477294922,17206100
2025-12-22,195.80999755859375,197.1999969482422,194.7100067138672,195.75999450683594,192.65989685058594,4712200
2025-12-23,195.85000610351562,197.9600067138672,195.75999450683594,197.6699981689453,194.53965759277344,4403800
2025-12-24,197.64999389648438,199.13999938964844,197.0800018310547,199.02000427246094,195.86830139160156,1312000
2025-12-26,199.14999389648438,201.05999755859375,198.74000549316406,201.0,197.8169403076172,1979500
2025-12-29,201.6999969482422,204.17999267578125,201.42999267578125,203.14999389648438,199.932861328125,4402000
2025-12-30,202.07000732421875,204.2100067138672,201.67999267578125,203.8000030517578,200.5725860595703,3037800
2025-12-31,202.5,204.24000549316406,202.0,203.0399932861328,199.82461547851562,3239500
2026-01-02,202.25,202.69000244140625,199.02999877929688,199.5800018310547,196.41941833496094,3826100
2026-01-05,199.1699981689453,202.44000244140625,198.42999267578125,200.86000061035156,197.6791534423828,4021800
2026-01-06,200.1999969482422,200.94000244140625,197.16000366210938,198.60000610351562,195.45494079589844,3240400
2026-01-07,198.60000610351562,199.8699951171875,195.6199951171875,197.2899932861328,194.16567993164062,3737400
2026-01-08,196.61000061035156,199.5500030517578,195.74000549316406,197.91000366210938,194.77587890625,5185100
2026-01-09,196.47999572753906,202.0500030517578,196.39999389648438,200.55999755859375,197.38389587402344,3829900
2026-01-12,200.33999633789062,200.77000427246094,196.47000122070312,197.50999450683594,194.38218688964844,5271100
2026-01-13,197.22000122070312,197.38999938964844,188.1199951171875,189.6699981689453,186.66635131835938,7654200
2026-01-14,189.14999389648438,192.13999938964844,189.0,192.02000427246094,188.97914123535156,5292400
2026-01-15,192.36000061035156,192.69000244140625,189.16000366210938,190.66000366210938,187.6406707763672,5450000
2026-01-16,190.1999969482422,190.49000549316406,185.17999267578125,186.32000732421875,183.36941528320312,8248300
2026-01-20,185.36000061035156,186.58999633789062,183.33999633789062,183.64999389648438,180.74168395996094,9026900
2026-01-21,182.99000549316406,184.8699951171875,181.36000061035156,183.60000610351562,180.69248962402344,8188000
2026-01-22,183.75,186.30999755859375,183.75,185.38999938964844,182.45411682128906,6502700
2026-01-23,184.49000549316406,186.94000244140625,183.89999389648438,186.02999877929688,183.08399963378906,4827900
2026-01-26,186.97999572753906,188.86000061035156,186.64999389648438,187.9600067138672,184.9834442138672,4772100
2026-01-27,187.14999389648438,187.5399932861328,183.25999450683594,184.49000549316406,181.56837463378906,6791300
2026-01-28,185.1300048828125,188.1300048828125,184.49000549316406,186.25,183.30052185058594,7418900
2026-01-29,186.55999755859375,190.0800018310547,186.25,189.27999877929688,186.2825164794922,5917000
2026-01-30,193.32000732421875,197.32000732421875,192.6999969482422,197.2100067138672,194.08694458007812,10733400
2026-02-02,196.6300048828125,199.39999389648438,194.08999633789062,194.99000549316406,191.90211486816406,7820900
2026-02-03,193.1300048828125,199.52000427246094,193.1300048828125,197.67999267578125,194.5494842529297,6009700
2026-02-04,201.50999450683594,203.1999969482422,198.72999572753906,201.7899932861328,198.5944061279297,7878500
2026-02-05,202.6699981689453,204.82000732421875,199.75,201.86000061035156,198.66329956054688,7196300
2026-02-06,201.5,202.47999572753906,196.82000732421875,197.38999938964844,194.26409912109375,5081600
2026-02-09,196.7100067138672,198.24000549316406,195.1199951171875,197.66000366210938,194.5298309326172,4728500
2026-02-10,196.5,199.7100067138672,196.1699981689453,199.42999267578125,196.27178955078125,6747600
2026-02-11,191.3300018310547,210.47999572753906,188.14999389648438,209.5399932861328,206.2216796875,12960800
2026-02-12,212.88999938964844,220.85000610351562,212.86000061035156,214.67999267578125,211.28028869628906,15729200
2026-02-13,216.27000427246094,219.97999572753906,214.58999633789062,219.5,216.02395629882812,8332900
2026-02-17,220.8000030517578,224.2899932861328,219.1999969482422,219.61000061035156,216.13221740722656,6489600
2026-02-18,220.17999267578125,220.60000610351562,212.89999389648438,213.25,209.8729248046875,7436400
2026-02-19,216.1699981689453,218.52999877929688,213.61000061035156,215.3000030517578,211.89047241210938,4818200
2026-02-20,214.30999755859375,215.97000122070312,212.0500030517578,215.4600067138672,212.04794311523438,5429900
2026-02-23,217.13999938964844,220.97000122070312,216.83999633789062,219.9499969482422,216.46682739257812,5272100
2026-02-24,221.1300048828125,224.75,220.27000427246094,221.97999572753906,218.4646759033203,6832400
2026-02-25,221.22999572753906,223.55999755859375,218.10000610351562,218.66000366210938,215.197265625,4793900
2026-02-26,218.19000244140625,218.5,212.1699981689453,213.14999389648438,209.77450561523438,6626600
2026-02-27,213.42999267578125,217.36000061035156,212.6699981689453,217.08999633789062,214.67942810058594,6916400
2026-03-02,217.0,219.33999633789062,213.75,216.11000061035156,213.7103271484375,5413800
2026-03-03,214.61000061035156,219.57000732421875,214.0,218.52999877929688,216.10345458984375,5904300
2026-03-04,217.74000549316406,222.08999633789062,217.07000732421875,219.7100067138672,217.27035522460938,7407200
2026-03-05,218.19000244140625,221.8000030517578,216.97999572753906,220.5399932861328,218.09112548828125,5431400
2026-03-06,220.35000610351562,221.9199981689453,217.97999572753906,221.57000732421875,219.10971069335938,3535900
2026-03-09,220.0,220.1699981689453,215.0800018310547,217.5,215.0848846435547,5228500
2026-03-10,217.1699981689453,219.16000366210938,216.0,218.77999877929688,216.35067749023438,3345500
2026-03-11,219.0,219.0,212.2100067138672,213.44000244140625,211.06997680664062,4696200
2026-03-12,212.99000549316406,215.17999267578125,211.13999938964844,214.3699951171875,211.98963928222656,3805600
2026-03-13,214.4199981689453,217.6699981689453,214.27999877929688,217.38999938964844,214.97610473632812,2831000
2026-03-16,217.02999877929688,217.02999877929688,209.38999938964844,214.82000732421875,212.43466186523438,4561300
2026-03-17,216.11000061035156,218.27000427246094,213.1699981689453,213.35000610351562,210.98097229003906,4093700
2026-03-18,211.92999267578125,212.3699951171875,205.5,206.6199951171875,204.32569885253906,5606500
2026-03-19,208.30999755859375,210.2100067138672,202.9499969482422,206.58999633789062,204.29603576660156,7623100
2026-03-20,206.38999938964844,209.75999450683594,206.0399932861328,208.47000122070312,206.15516662597656,13798000
2026-03-23,207.86000061035156,209.67999267578125,205.7100067138672,208.75999450683594,206.44192504882812,5531000
2026-03-24,208.44000244140625,213.5800018310547,208.44000244140625,211.25999450683594,208.91416931152344,4756200
2026-03-25,211.8699951171875,212.75999450683594,210.1199951171875,211.36000061035156,209.01307678222656,4000000
2026-03-26,212.5800018310547,213.47000122070312,210.92999267578125,211.58999633789062,209.24050903320312,5201900
2026-03-27,212.91000366210938,214.02000427246094,210.66000366210938,210.82000732421875,208.4790802001953,6055100
2026-03-30,211.66000366210938,216.35000610351562,210.92999267578125,213.94000244140625,211.56442260742188,5900000
2026-03-31,213.8800048828125,214.6199951171875,207.7899932861328,210.02999877929688,207.6978302001953,7070000
2026-04-01,208.4199981689453,209.32000732421875,201.08999633789062,204.25,201.9820098876953,7038500
2026-04-02,205.80999755859375,205.80999755859375,198.69000244140625,201.39999389648438,199.1636505126953,4384000
2026-04-06,200.47999572753906,202.1999969482422,198.05999755859375,198.61000061035156,196.40464782714844,3780200
2026-04-07,197.5500030517578,201.85000610351562,197.05999755859375,200.5399932861328,198.31320190429688,4481300
2026-04-08,200.38999938964844,203.30999755859375,196.1999969482422,197.6300048828125,195.43553161621094,7107100
2026-04-09,197.8800048828125,200.32000732421875,196.3699951171875,197.5399932861328,195.3465118408203,5869300
2026-04-10,197.8800048828125,198.5399932861328,194.2100067138672,195.7100067138672,193.53684997558594,3995300
2026-04-13,195.9199981689453,195.9199981689453,190.8000030517578,192.42999267578125,190.2932586669922,5844100
2026-04-14,190.13999938964844,191.4499969482422,187.8000030517578,190.0,187.89024353027344,6604500
2026-04-15,189.58999633789062,192.1300048828125,188.8000030517578,190.19000244140625,188.07814025878906,5767600
2026-04-16,191.7899932861328,197.6300048828125,190.80999755859375,197.1199951171875,194.93118286132812,6113400
2026-04-17,194.77000427246094,198.55999755859375,194.0,197.6699981689453,195.47506713867188,4800700
2026-04-20,198.91000366210938,199.5800018310547,196.25,198.36000061035156,196.15740966796875,4571100
2026-04-21,197.92999267578125,206.77999877929688,194.75,195.38999938964844,193.22039794921875,11135500
2026-04-22,192.74000549316406,193.47999572753906,184.8699951171875,188.9199981689453,186.82223510742188,9919600
2026-04-23,188.5399932861328,195.75,188.32000732421875,194.07000732421875,191.91506958007812,6622400
2026-04-24,193.91000366210938,193.91000366210938,187.85000610351562,189.8000030517578,187.69247436523438,7753500
2026-04-27,188.75999450683594,190.47000122070312,182.00999450683594,182.75,180.7207489013672,8403000
2026-04-28,185.1699981689453,187.25,184.2100067138672,186.72000122070312,184.64666748046875,11088200
2026-04-29,193.77000427246094,200.6300048828125,191.6300048828125,198.1699981689453,195.9695281982422,9878300
2026-04-30,197.69000244140625,199.63999938964844,194.16000366210938,195.5,193.3291778564453,5092200
2026-05-01,197.38999938964844,198.27999877929688,195.38999938964844,196.05999755859375,193.88296508789062,3451200
2026-05-04,194.27999877929688,195.97000122070312,192.75,194.4199981689453,192.26116943359375,3239500
2026-05-05,193.22000122070312,195.47999572753906,192.69000244140625,194.30999755859375,192.1523895263672,5400600
2026-05-06,192.66000366210938,195.2100067138672,191.64999389648438,193.16000366210938,191.01515197753906,5754100
2026-05-07,192.0,196.0,191.97999572753906,194.1999969482422,192.04360961914062,3540100
2026-05-08,194.10000610351562,195.89999389648438,193.16000366210938,193.6300048828125,191.4799346923828,3965900
2026-05-11,192.33999633789062,193.6300048828125,189.4600067138672,190.85000610351562,188.73080444335938,4476600
2026-05-12,191.8300018310547,196.24000549316406,189.77999877929688,193.3000030517578,191.1536102294922,4174800
2026-05-13,193.1999969482422,195.77999877929688,190.0,190.27999877929688,188.16714477539062,3584100
2026-05-14,191.0500030517578,191.5500030517578,187.5,188.19000244140625,186.100341796875,5650300
2026-05-15,190.77000427246094,191.44000244140625,185.10000610351562,185.22000122070312,183.163330078125,7967900
2026-05-18,186.0500030517578,190.97000122070312,186.00999450683594,190.64999389648438,188.53302001953125,5029900
2026-05-19,193.00999450683594,195.00999450683594,190.64999389648438,193.4199981689453,191.27227783203125,3606700
2026-05-20,192.25,194.0399932861328,188.75999450683594,190.16000366210938,188.0484619140625,3836700
2026-05-21,189.9499969482422,191.02000427246094,188.44000244140625,190.89999389648438,188.78025817871094,3774400
2026-05-22,191.6300048828125,192.02999877929688,190.0,191.47000122070312,189.3439178466797,3973800
2026-05-26,190.47000122070312,192.80999755859375,188.27000427246094,191.11000061035156,188.98793029785156,4024000
2026-05-27,190.0,194.2899932861328,189.57000732421875,190.80999755859375,188.69125366210938,3076400
2026-05-28,191.30999755859375,192.27000427246094,188.11000061035156,189.00999450683594,186.91123962402344,3924200
2026-05-29,187.25,188.4199981689453,185.7100067138672,187.52999877929688,186.45388793945312,7597500
2026-06-01,185.25999450683594,188.82000732421875,185.00999450683594,186.74000549316406,185.66842651367188,3448700
2026-06-02,187.39999389648438,189.07000732421875,185.10000610351562,188.8300018310547,187.74642944335938,4600700
2026-06-03,187.02999877929688,187.5,180.44000244140625,181.4499969482422,180.4087677001953,6755000
2026-06-04,184.80999755859375,184.8800048828125,174.02000427246094,177.02000427246094,176.0041961669922,5960600
2026-06-05,179.72999572753906,181.17999267578125,177.1199951171875,178.10000610351562,177.0780029296875,6340600
2026-06-08,177.61000061035156,180.7100067138672,177.05999755859375,178.42999267578125,177.40609741210938,5274000
2026-06-09,178.42999267578125,182.9600067138672,177.7100067138672,179.4600067138672,178.43019104003906,4668800
2026-06-10,181.6999969482422,185.91000366210938,179.4600067138672,185.5500030517578,184.48524475097656,5302400
2026-06-11,184.13999938964844,188.85000610351562,183.55999755859375,185.82000732421875,184.7537078857422,7188900
2026-06-12,186.57000732421875,189.63999938964844,184.3000030517578,189.10000610351562,188.01487731933594,4237100
2026-06-15,185.99000549316406,189.5,185.0,188.86000061035156,187.7762451171875,5285600
2026-06-16,189.27000427246094,189.88999938964844,184.00999450683594,184.36000061035156,183.3020782470703,5430800
2026-06-17,183.3699951171875,184.4199981689453,179.4600067138672,181.30999755859375,180.2695770263672,6820900
2026-06-18,181.38999938964844,183.50999450683594,179.7899932861328,181.6699981689453,180.62750244140625,12545500
2026-06-22,177.6999969482422,182.0800018310547,177.30999755859375,180.05999755859375,179.02674865722656,5827300
2026-06-23,181.5,185.4499969482422,180.0,184.57000732421875,183.51087951660156,8197000
2026-06-24,184.4600067138672,185.3800048828125,180.6999969482422,180.7899932861328,179.75254821777344,5542300
2026-06-25,179.1300048828125,183.49000549316406,178.39999389648438,181.57000732421875,180.52809143066406,4373200
2026-06-26,182.6999969482422,184.0,180.30999755859375,182.67999267578125,181.63169860839844,7824900
2026-06-29,181.99000549316406,181.99000549316406,169.0,173.97000122070312,172.97169494628906,7760300
2026-06-30,171.35000610351562,173.7100067138672,165.66000366210938,167.72999572753906,166.7675018310547,8600100
2026-07-01,169.6699981689453,173.99000549316406,169.35000610351562,173.05999755859375,172.06690979003906,5941100
2026-07-02,176.0,177.74000549316406,172.85000610351562,177.52000427246094,176.50132751464844,7221300
2026-07-06,179.8300018310547,182.74000549316406,177.33999633789062,181.7899932861328,180.74681091308594,7118100
2026-07-07,185.86000061035156,189.97000122070312,184.55999755859375,184.72999572753906,183.66995239257812,5171300
2026-07-08,185.64999389648438,186.0,179.60000610351562,180.13999938964844,179.10629272460938,4403100
2026-07-09,177.72000122070312,181.5399932861328,177.13999938964844,181.47999572753906,180.4385986328125,3465900
2026-07-10,182.02000427246094,187.72999572753906,181.4600067138672,187.61000061035156,186.53341674804688,4554200
2026-07-13,190.0,190.9199981689453,188.3800048828125,188.41000366210938,187.32884216308594,3787900
2026-07-14,186.8800048828125,189.25999450683594,186.2100067138672,187.1300048828125,186.05618286132812,2884900
2026-07-15,186.3300018310547,190.07000732421875,186.3300018310547,187.6199951171875,186.54336547851562,2602400
2026-07-16,189.83999633789062,194.16000366210938,187.75,192.85000610351562,191.7433624267578,3954100
2026-07-17,197.11000061035156,198.86000061035156,189.8300018310547,192.42999267578125,191.3257598876953,4579900
2026-07-20,190.88999938964844,196.08999633789062,189.0,195.63999938964844,194.51734924316406,3842000
2026-07-21,192.6999969482422,194.36000061035156,190.58999633789062,190.77000427246094,189.67529296875,3725700
2026-07-22,194.8300018310547,195.10000610351562,189.5800018310547,190.94000244140625,189.8443145751953,4476300
2026-07-23,175.75,182.27000427246094,169.9600067138672,170.4199981689453,169.4420623779297,9626400
2026-07-24,172.16000366210938,181.99000549316406,171.52000427246094,180.08999633789062,179.0565643310547,5629200
2026-07-27,180.99000549316406,184.3300018310547,177.0399932861328,177.2100067138672,176.193115234375,5494800
2026-07-28,181.5500030517578,186.1300048828125,181.33999633789062,182.38999938964844,181.3433837890625,4983200
2026-07-29,183.1300048828125,184.08999633789062,175.64999389648438,181.52000427246094,180.47837829589844,7257800
2026-07-30,176.61000061035156,180.91000366210938,173.17999267578125,173.33999633789062,172.34530639648438,6783000
2026-07-31,171.5,173.52000427246094,169.67999267578125,172.7100067138672,171.71893310546875,6746200
2026-08-03,175.19000244140625,177.88999938964844,175.0,177.08999633789062,176.07379150390625,4471300
2026-08-04,175.22000122070312,177.42999267578125,174.1999969482422,177.2100067138672,176.193115234375,5803600
2026-08-05,175.1999969482422,176.75999450683594,171.17999267578125,173.4600067138672,172.46463012695312,5294300
2026-08-06,177.39999389648438,180.3800048828125,176.25,179.97000122070312,178.93727111816406,4608500
2026-08-07,178.41000366210938,179.66000366210938,176.6199951171875,177.19000244140625,176.1732177734375,4831100
2026-08-10,175.94000244140625,178.1999969482422,173.10000610351562,178.1999969482422,177.1774139404297,3794800
2026-08-11,176.8300018310547,181.72999572753906,176.50999450683594,178.5800018310547,177.55523681640625,3682500
2026-08-12,177.72000122070312,178.74000549316406,175.72000122070312,177.1300048828125,176.1135711669922,2589100
2026-08-13,178.38999938964844,183.60000610351562,177.92999267578125,183.3800048828125,182.32769775390625,2998900
2026-08-14,183.22000122070312,183.97999572753906,181.3300018310547,182.61000061035156,181.56211853027344,2507200
2026-08-17,182.41000366210938,184.0,179.0500030517578,180.1199951171875,179.08639526367188,4342800
2026-08-18,183.2100067138672,184.49000549316406,180.6699981689453,182.75,181.70130920410156,4737900
2026-08-19,182.83999633789062,187.47999572753906,182.25999450683594,182.36000061035156,181.3135528564453,5146800
2026-08-20,183.3300018310547,183.3300018310547,179.99000549316406,181.22000122070312,180.1800994873047,4088700
2026-08-21,182.5399932861328,185.83999633789062,181.7100067138672,183.0399932861328,181.98963928222656,4105600
2026-08-24,183.50999450683594,185.0500030517578,181.64999389648438,182.6199951171875,181.57205200195312,4023700
2026-08-25,181.41000366210938,182.66000366210938,180.89999389648438,181.61000061035156,180.56785583496094,3268800
2026-08-26,180.89999389648438,182.94000244140625,179.5500030517578,179.61000061035156,178.57933044433594,3238900
2026-08-27,176.22000122070312,178.8300018310547,176.22000122070312,177.75,176.73001098632812,3942900
2026-08-28,178.77000427246094,181.5,176.49000549316406,181.3699951171875,181.3699951171875,3126400
2026-08-31,180.25,182.72000122070312,179.5,180.44000244140625,180.44000244140625,3805300
2026-09-01,181.6999969482422,183.6199951171875,180.3800048828125,182.16000366210938,182.16000366210938,3813652
