date,open,high,low,close,adj_close,volume
2021-07-21,188.4499969482422,194.25,188.4499969482422,194.2400054931641,168.50979614257812,6352800
2021-07-22,185.7400054931641,187.6600036621093,183.52999877929688,183.9100036621093,159.54820251464844,12673900
2021-07-23,184.19000244140625,186.92999267578125,182.1600036621093,186.8500061035156,163.0028076171875,5983000
2021-07-26,185.3600006103516,188.9900054931641,185.3099975585937,188.259994506836,164.23281860351562,4516600
2021-07-27,187.5200042724609,187.83999633789065,182.22999572753903,185.1300048828125,161.50230407714844,4649900
2021-07-28,186.32000732421875,187.5,185.0200042724609,186.8500061035156,163.00279235839844,2956700
2021-07-29,187.83999633789065,190.4600067138672,187.4600067138672,189.8300018310547,165.6024627685547,3081800
2021-07-30,188.5,190.9499969482422,188.3699951171875,190.6199951171875,166.29164123535156,2521600
2021-08-02,192.3999938964844,193.6000061035156,190.41000366210932,190.72000122070312,166.37887573242188,2922600
2021-08-03,190.92999267578125,191.4499969482422,187.44000244140625,189.33999633789065,165.1750030517578,3703400
2021-08-04,189.88999938964844,193.3699951171875,189.25,192.3800048828125,166.97213745117188,3793600
2021-08-05,193.8000030517578,193.89999389648438,191.58999633789062,193.16000366210938,167.64910888671875,2769500
2021-08-06,192.3699951171875,193.6300048828125,192.19000244140625,192.9600067138672,167.4755096435547,2414300
2021-08-09,193.27999877929688,193.52999877929688,190.3300018310547,190.4499969482422,165.2969970703125,2395900
2021-08-10,190.5399932861328,190.5399932861328,186.82000732421875,189.64999389648438,164.6026611328125,3497100
2021-08-11,191.1699981689453,191.1699981689453,188.0,189.5,164.47247314453125,2339300
2021-08-12,188.85000610351562,189.05999755859375,186.16000366210938,187.8699951171875,163.05776977539062,3949600
2021-08-13,187.5399932861328,188.77999877929688,187.0,188.6999969482422,163.77813720703125,1923700
2021-08-16,188.49000549316406,189.9600067138672,188.10000610351562,189.85000610351562,164.7762451171875,2506100
2021-08-17,188.5500030517578,188.74000549316406,185.10000610351562,186.32000732421875,161.71246337890625,3411800
2021-08-18,185.7100067138672,186.55999755859375,183.55999755859375,183.8000030517578,159.52529907226562,2862500
2021-08-19,182.75,185.97000122070312,181.9600067138672,185.0399932861328,160.60147094726562,3871700
2021-08-20,185.25999450683594,186.16000366210938,183.32000732421875,184.97000122070312,160.54075622558594,3855300
2021-08-23,185.8000030517578,188.63999938964844,185.57000732421875,187.85000610351562,163.04042053222656,3529000
2021-08-24,187.9199981689453,189.52999877929688,187.52999877929688,187.82000732421875,163.01434326171875,3268200
2021-08-25,188.3699951171875,189.1199951171875,187.3300018310547,188.08999633789062,163.2487030029297,3163600
2021-08-26,187.66000366210938,188.58999633789062,186.57000732421875,187.97000122070312,163.14454650878906,3643700
2021-08-27,188.39999389648438,190.8000030517578,188.05999755859375,190.52000427246094,165.3577880859375,2859800
2021-08-30,191.38999938964844,192.2899932861328,190.7100067138672,191.42999267578125,166.14755249023438,2356500
2021-08-31,192.10000610351562,192.6999969482422,189.11000061035156,190.91000366210938,165.69625854492188,4227500
2021-09-01,191.77999877929688,191.77999877929688,188.1699981689453,188.35000610351562,163.474365234375,4536600
2021-09-02,189.2100067138672,189.4199981689453,188.0399932861328,189.41000366210938,164.39437866210938,2061400
2021-09-03,188.6699981689453,190.8300018310547,188.1999969482422,189.8800048828125,164.8022918701172,2103400
2021-09-07,189.3300018310547,190.10000610351562,188.47999572753906,189.4600067138672,164.43775939941406,2295900
2021-09-08,188.5,189.0399932861328,187.1199951171875,188.8000030517578,163.86492919921875,2021600
2021-09-09,189.66000366210938,190.6300048828125,188.25999450683594,188.47000122070312,163.57850646972656,1827900
2021-09-10,189.33999633789062,193.4499969482422,189.33999633789062,190.64999389648438,165.4705810546875,3331700
2021-09-13,192.9600067138672,194.1300048828125,191.24000549316406,193.97999572753906,168.3607635498047,3687200
2021-09-14,195.0,196.33999633789062,193.8000030517578,195.11000061035156,169.341552734375,3239600
2021-09-15,196.1300048828125,197.58999633789062,194.8300018310547,197.5,171.41586303710938,3995900
2021-09-16,196.58999633789062,197.33999633789062,194.85000610351562,196.82000732421875,170.82574462890625,2661500
2021-09-17,197.30999755859375,197.30999755859375,194.61000061035156,196.25,170.33099365234375,5819300
2021-09-20,192.8800048828125,193.74000549316406,189.75999450683594,192.58999633789062,167.15432739257812,4614300
2021-09-21,193.9600067138672,194.49000549316406,190.83999633789062,192.9600067138672,167.4755096435547,3093400
2021-09-22,194.75,196.6999969482422,193.74000549316406,195.9199981689453,170.04457092285156,3526100
2021-09-23,196.3000030517578,199.10000610351562,195.7899932861328,198.6699981689453,172.4313507080078,2756900
2021-09-24,197.3699951171875,200.9199981689453,197.1199951171875,200.64999389648438,174.14987182617188,3191500
2021-09-27,198.22999572753906,200.4499969482422,197.6699981689453,200.3300018310547,173.8721466064453,3022300
2021-09-28,197.49000549316406,199.11000061035156,194.5500030517578,194.88999938964844,169.15060424804688,4274600
2021-09-29,194.52999877929688,195.82000732421875,192.11000061035156,193.07000732421875,167.5709991455078,3436800
2021-09-30,194.47999572753906,194.99000549316406,192.10000610351562,192.2100067138672,166.82455444335938,3270800
2021-10-01,193.42999267578125,194.3300018310547,190.17999267578125,193.7899932861328,168.1958770751953,2986100
2021-10-04,193.0399932861328,194.3800048828125,189.02999877929688,190.39999389648438,165.25360107421875,3934100
2021-10-05,192.22999572753906,195.22000122070312,190.67999267578125,193.8800048828125,168.2740020751953,3860200
2021-10-06,192.0500030517578,194.66000366210938,191.60000610351562,194.38999938964844,168.71664428710938,3103400
2021-10-07,195.80999755859375,197.75,195.02999877929688,195.30999755859375,169.5150909423828,2873200
2021-10-08,196.17999267578125,196.3699951171875,193.99000549316406,195.24000549316406,169.45437622070312,2574100
2021-10-11,194.88999938964844,196.22999572753906,193.30999755859375,193.3699951171875,167.8313751220703,2280200
2021-10-12,193.9199981689453,194.22999572753906,187.33999633789062,188.47999572753906,163.58717346191406,6225100
2021-10-13,189.16000366210938,189.3800048828125,186.52000427246094,187.10000610351562,162.38943481445312,3796500
2021-10-14,189.3699951171875,192.5800018310547,188.92999267578125,192.49000549316406,167.06756591796875,3412800
2021-10-15,192.86000061035156,194.8000030517578,192.63999938964844,194.4499969482422,168.76870727539062,2648900
2021-10-18,193.1699981689453,196.05999755859375,191.6199951171875,194.91000366210938,169.16798400878906,2804600
2021-10-19,194.61000061035156,198.5399932861328,193.83999633789062,198.22999572753906,172.04949951171875,2666100
2021-10-20,198.10000610351562,200.02000427246094,197.0500030517578,199.3800048828125,173.04762268066406,3043300
2021-10-21,199.64999389648438,201.5800018310547,199.0,201.2899932861328,174.705322265625,3276300
2021-10-22,201.5500030517578,202.22000122070312,198.13999938964844,199.07000732421875,172.7785186767578,3649200
2021-10-25,200.0,202.25999450683594,199.05999755859375,200.1999969482422,173.7593231201172,4254900
2021-10-26,200.0800018310547,200.39999389648438,196.49000549316406,196.97999572753906,170.964599609375,5837500
2021-10-27,185.63999938964844,188.52000427246094,183.5500030517578,187.10000610351562,162.38943481445312,10365500
2021-10-28,187.77000427246094,189.60000610351562,186.22999572753906,187.8699951171875,163.05776977539062,5123000
2021-10-29,186.38999938964844,188.36000061035156,186.22999572753906,187.47999572753906,163.72140502929688,4552200
2021-11-01,186.72999572753906,188.57000732421875,186.0800018310547,187.47000122070312,163.7126922607422,4203900
2021-11-02,186.14999389648438,189.3699951171875,186.11000061035156,189.33999633789062,165.34571838378906,4009600
2021-11-03,188.67999267578125,190.11000061035156,186.6699981689453,189.19000244140625,165.2147674560547,3666900
2021-11-04,189.5,191.22000122070312,188.4199981689453,191.11000061035156,166.89141845703125,4828000
2021-11-05,193.64999389648438,195.42999267578125,191.82000732421875,193.39999389648438,168.89122009277344,4510500
2021-11-08,194.0399932861328,195.3800048828125,191.72000122070312,192.36000061035156,167.98301696777344,5213900
2021-11-09,192.6300048828125,193.9499969482422,190.38999938964844,190.7899932861328,166.61196899414062,4314700
2021-11-10,189.63999938964844,190.97000122070312,186.47999572753906,187.02000427246094,163.31971740722656,4304600
2021-11-11,188.63999938964844,188.82000732421875,187.24000549316406,188.60000610351562,164.6995086669922,2554800
2021-11-12,188.91000366210938,191.83999633789062,187.30999755859375,190.0800018310547,165.991943359375,3121700
2021-11-15,191.22000122070312,191.91000366210938,188.5,189.22999572753906,165.2497100830078,2985200
2021-11-16,189.10000610351562,190.25,188.16000366210938,188.52000427246094,164.62962341308594,3312000
2021-11-17,188.41000366210938,190.24000549316406,187.25,189.57000732421875,165.54656982421875,4167800
2021-11-18,190.57000732421875,194.16000366210938,190.13999938964844,193.47000122070312,168.9523468017578,4677300
2021-11-19,193.88999938964844,195.25,192.6199951171875,195.16000366210938,170.4281768798828,5129100
2021-11-22,195.6999969482422,196.91000366210938,192.22000122070312,192.5,168.1052703857422,4712300
2021-11-23,193.61000061035156,193.64999389648438,190.47000122070312,192.63999938964844,168.2275390625,4881400
2021-11-24,192.86000061035156,193.6699981689453,190.10000610351562,193.60000610351562,169.06585693359375,6494000
2021-11-26,189.86000061035156,192.52000427246094,187.3699951171875,188.25999450683594,164.402587890625,3324900
2021-11-29,191.07000732421875,194.72999572753906,189.80999755859375,194.3800048828125,169.74703979492188,4576200
2021-11-30,193.30999755859375,194.6999969482422,191.0,192.3699951171875,167.99176025390625,8775600
2021-12-01,195.72999572753906,199.89999389648438,191.6300048828125,191.75999450683594,167.4590301513672,7279100
2021-12-02,190.4600067138672,194.91000366210938,190.0,193.5800018310547,169.04840087890625,4236700
2021-12-03,194.6300048828125,196.02999877929688,191.67999267578125,193.3800048828125,168.87374877929688,4901000
2021-12-06,195.1699981689453,195.25,189.75999450683594,194.61000061035156,169.94789123535156,4084600
2021-12-07,196.39999389648438,199.86000061035156,195.92999267578125,199.02999877929688,173.80776977539062,5815600
2021-12-08,198.5,198.5,193.8699951171875,196.38999938964844,171.50233459472656,4255900
2021-12-09,195.57000732421875,196.89999389648438,193.25,193.39999389648438,168.89122009277344,3626700
2021-12-10,196.02000427246094,196.36000061035156,192.80999755859375,196.0,171.16172790527344,3264200
2021-12-13,196.10000610351562,196.74000549316406,192.91000366210938,193.24000549316406,168.75148010253906,6178300
2021-12-14,190.97000122070312,191.67999267578125,188.16000366210938,190.27000427246094,166.1578826904297,6130400
2021-12-15,192.0,193.7100067138672,187.8699951171875,193.44000244140625,168.92613220214844,6342000
2021-12-16,194.0,194.22999572753906,187.72000122070312,188.24000549316406,164.3851318359375,5452300
2021-12-17,187.3800048828125,189.3800048828125,185.6300048828125,186.3000030517578,162.6909942626953,8427700
2021-12-20,183.64999389648438,185.05999755859375,182.77000427246094,184.24000549316406,160.8920440673828,4474300
2021-12-21,187.42999267578125,187.49000549316406,184.24000549316406,186.3699951171875,162.75209045410156,6089400
2021-12-22,185.99000549316406,187.00999450683594,184.16000366210938,186.92999267578125,163.24111938476562,3375500
2021-12-23,187.24000549316406,188.94000244140625,187.0,187.39999389648438,163.6515655517578,3266500
2021-12-27,188.0800018310547,191.9499969482422,188.07000732421875,191.83999633789062,167.52891540527344,3405600
2021-12-28,192.8000030517578,192.86000061035156,190.3800048828125,191.10000610351562,166.88270568847656,2806900
2021-12-29,191.38999938964844,193.27999877929688,190.75999450683594,190.80999755859375,166.62945556640625,2754900
2021-12-30,190.8699951171875,191.8699951171875,189.00999450683594,189.41000366210938,165.4068603515625,2109200
2021-12-31,189.41000366210938,190.0,188.27000427246094,188.47000122070312,164.5859832763672,2813900
2022-01-03,188.82000732421875,190.6199951171875,187.4600067138672,190.60000610351562,166.44606018066406,3781500
2022-01-04,191.0,192.10000610351562,188.1999969482422,190.8000030517578,166.6207275390625,4137500
2022-01-05,190.41000366210938,191.61000061035156,186.64999389648438,186.82000732421875,163.14508056640625,5047400
2022-01-06,186.6699981689453,188.52000427246094,185.7899932861328,186.75999450683594,163.09268188476562,4502600
2022-01-07,181.97000122070312,184.05999755859375,178.89999389648438,179.44000244140625,156.70030212402344,7414200
2022-01-10,177.89999389648438,183.22999572753906,176.8800048828125,182.9600067138672,159.77423095703125,7195800
2022-01-11,182.5,186.0800018310547,181.2100067138672,184.63999938964844,161.24131774902344,5239300
2022-01-12,186.0,187.33999633789062,184.39999389648438,186.02999877929688,162.45516967773438,4240100
2022-01-13,188.97000122070312,189.6300048828125,183.61000061035156,184.14999389648438,160.81341552734375,5361100
2022-01-14,183.25999450683594,187.1999969482422,183.0,187.00999450683594,163.3109893798828,4731400
2022-01-18,183.61000061035156,184.36000061035156,181.25999450683594,182.27999877929688,159.18038940429688,7382800
2022-01-19,183.44000244140625,183.5800018310547,178.19000244140625,178.3000030517578,155.70477294921875,5207300
2022-01-20,178.77999877929688,180.55999755859375,173.3800048828125,173.4499969482422,151.4694061279297,6057800
2022-01-21,174.05999755859375,179.5500030517578,173.3300018310547,175.63999938964844,153.38185119628906,11527900
2022-01-24,175.77999877929688,178.6199951171875,171.1199951171875,178.33999633789062,155.73973083496094,11717600
2022-01-25,174.91000366210938,178.00999450683594,173.0399932861328,173.9600067138672,151.914794921875,8157600
2022-01-26,182.27000427246094,183.25,176.17999267578125,178.3300018310547,155.73097229003906,12852700
2022-01-27,180.89999389648438,181.02000427246094,173.10000610351562,174.80999755859375,152.65708923339844,6752900
2022-01-28,173.80999755859375,177.47000122070312,169.38999938964844,177.2899932861328,155.84803771972656,7322100
2022-01-31,177.67999267578125,179.63999938964844,175.83999633789062,179.49000549316406,157.78195190429688,6980800
2022-02-01,179.58999633789062,181.6699981689453,176.6300048828125,181.2899932861328,159.36424255371094,6233700
2022-02-02,181.5500030517578,188.25,181.49000549316406,187.83999633789062,165.12208557128906,8993800
2022-02-03,185.24000549316406,186.5500030517578,174.8800048828125,175.58999633789062,154.3536376953125,11691400
2022-02-04,172.47999572753906,172.77000427246094,167.50999450683594,171.4199981689453,150.68798828125,11408600
2022-02-07,172.47999572753906,172.5,168.91000366210938,169.9499969482422,149.395751953125,6418900
2022-02-08,170.02999877929688,173.19000244140625,168.5,172.6300048828125,151.75161743164062,4622000
2022-02-09,174.27000427246094,177.1999969482422,173.05999755859375,176.7100067138672,155.3381805419922,7140600
2022-02-10,172.16000366210938,176.8300018310547,169.74000549316406,170.66000366210938,150.0198974609375,7583400
2022-02-11,169.92999267578125,171.36000061035156,163.64999389648438,164.39999389648438,144.51699829101562,7564200
2022-02-14,163.94000244140625,165.64999389648438,161.0399932861328,162.47000122070312,142.8203887939453,7468000
2022-02-15,164.80999755859375,166.77000427246094,164.0800018310547,166.1699981689453,146.0729217529297,6969700
2022-02-16,164.7899932861328,168.9600067138672,164.22999572753906,168.24000549316406,147.892578125,4594300
2022-02-17,166.07000732421875,167.38999938964844,164.1999969482422,164.64999389648438,144.7367401123047,6807700
2022-02-18,165.25,168.11000061035156,164.0399932861328,166.74000549316406,146.57398986816406,6359100
2022-02-22,166.05999755859375,171.13999938964844,165.00999450683594,166.69000244140625,146.530029296875,7293800
2022-02-23,168.02000427246094,169.9600067138672,165.3699951171875,165.63999938964844,145.60702514648438,5893900
2022-02-24,163.77999877929688,169.92999267578125,161.19000244140625,169.58999633789062,149.07928466796875,7754800
2022-02-25,169.72999572753906,170.97000122070312,167.13999938964844,170.82000732421875,150.1605682373047,4830100
2022-02-28,168.6300048828125,170.5399932861328,166.99000549316406,169.99000549316406,149.43093872070312,5656600
2022-03-01,169.36000061035156,170.00999450683594,164.3699951171875,167.2899932861328,147.05747985839844,6049600
2022-03-02,168.49000549316406,171.50999450683594,167.83999633789062,170.10000610351562,149.52761840820312,5304100
2022-03-03,171.72000122070312,172.75,169.30999755859375,171.0,150.3187713623047,5154200
2022-03-04,169.47999572753906,171.75999450683594,168.13999938964844,169.97999572753906,149.42213439941406,6804700
2022-03-07,170.86000061035156,170.97000122070312,164.75999450683594,164.88999938964844,144.94769287109375,7064800
2022-03-08,164.8300018310547,172.6999969482422,162.38999938964844,167.33999633789062,147.10140991210938,7486500
2022-03-09,172.60000610351562,173.99000549316406,169.44000244140625,172.4600067138672,151.60218811035156,6047300
2022-03-10,169.47999572753906,173.4199981689453,168.58999633789062,172.75,151.8571014404297,6079100
2022-03-11,173.89999389648438,175.42999267578125,169.94000244140625,170.36000061035156,149.7561798095703,4869700
2022-03-14,169.9600067138672,171.64999389648438,166.08999633789062,166.72000122070312,146.556396484375,4863200
2022-03-15,168.5800018310547,172.63999938964844,167.88999938964844,172.32000732421875,151.4791259765625,5138600
2022-03-16,173.75999450683594,176.47000122070312,171.42999267578125,176.3300018310547,155.004150390625,5660400
2022-03-17,175.83999633789062,178.47999572753906,175.24000549316406,178.47000122070312,156.8853302001953,4930700
2022-03-18,178.1999969482422,180.35000610351562,175.74000549316406,180.10000610351562,158.31814575195312,9031500
2022-03-21,179.2899932861328,181.2100067138672,177.72999572753906,180.4600067138672,158.6346435546875,5030600
2022-03-22,180.8800048828125,182.74000549316406,180.0,182.35000610351562,160.2960662841797,3802900
2022-03-23,182.0,183.0,179.02999877929688,179.0800018310547,157.42152404785156,4821100
2022-03-24,180.33999633789062,184.3300018310547,179.6300048828125,184.2100067138672,161.9311065673828,4169400
2022-03-25,184.6699981689453,186.1999969482422,183.1999969482422,184.89999389648438,162.53765869140625,3738800
2022-03-28,183.16000366210938,185.7899932861328,182.00999450683594,185.67999267578125,163.2233123779297,3117000
2022-03-29,187.97000122070312,191.33999633789062,187.2899932861328,191.00999450683594,167.90867614746094,5835700
2022-03-30,190.0,190.89999389648438,186.7100067138672,187.4499969482422,164.77928161621094,3865700
2022-03-31,188.1300048828125,188.6199951171875,183.17999267578125,183.47999572753906,161.28936767578125,7170700
2022-04-01,184.42999267578125,184.8800048828125,179.75,182.0800018310547,160.05873107910156,4631700
2022-04-04,181.5500030517578,183.35000610351562,180.57000732421875,182.7100067138672,160.6125030517578,4644800
2022-04-05,181.6300048828125,181.85000610351562,176.3699951171875,177.17999267578125,155.7513427734375,6956500
2022-04-06,175.0,179.61000061035156,174.82000732421875,177.25,155.81285095214844,6932900
2022-04-07,176.25,178.92999267578125,175.3000030517578,177.60000610351562,156.12054443359375,4178500
2022-04-08,177.19000244140625,177.3000030517578,173.8300018310547,174.11000061035156,153.05264282226562,4504500
2022-04-11,172.77000427246094,174.44000244140625,171.77999877929688,171.94000244140625,151.1450653076172,4347800
2022-04-12,175.4199981689453,176.3699951171875,172.38999938964844,173.0,152.07687377929688,4550800
2022-04-13,173.30999755859375,175.49000549316406,172.41000366210938,175.11000061035156,153.9317169189453,5229100
2022-04-14,174.91000366210938,176.11000061035156,173.52999877929688,173.66000366210938,152.6571044921875,4578500
2022-04-18,173.0,177.5800018310547,173.0,176.55999755859375,155.20632934570312,3564000
2022-04-19,175.41000366210938,179.33999633789062,175.22999572753906,179.05999755859375,157.40396118164062,4671900
2022-04-20,181.60000610351562,183.66000366210938,179.0800018310547,179.4199981689453,157.7203826904297,4553700
2022-04-21,181.36000061035156,183.24000549316406,176.77000427246094,177.22999572753906,155.79530334472656,4735000
2022-04-22,177.30999755859375,177.6300048828125,172.92999267578125,173.30999755859375,152.34939575195312,6355900
2022-04-25,173.05999755859375,175.1699981689453,171.6699981689453,173.91000366210938,152.8767852783203,8737600
2022-04-26,171.42999267578125,172.49000549316406,168.3699951171875,168.44000244140625,148.068359375,9591700
2022-04-27,160.5500030517578,171.9199981689453,160.5,169.38999938964844,148.90350341796875,12570400
2022-04-28,170.05999755859375,176.8800048828125,169.99000549316406,175.85000610351562,154.58216857910156,8233600
2022-04-29,174.0399932861328,176.02999877929688,169.92999267578125,170.25,149.65945434570312,6698600
2022-05-02,170.5500030517578,174.1199951171875,168.0800018310547,174.0,152.95590209960938,5851500
2022-05-03,173.8800048828125,174.7899932861328,172.0,172.5399932861328,151.67251586914062,5438600
2022-05-04,173.17999267578125,176.8699951171875,167.3300018310547,176.22999572753906,154.91622924804688,10311500
2022-05-05,174.39999389648438,174.97999572753906,168.64999389648438,170.27999877929688,149.68585205078125,7740400
2022-05-06,167.83999633789062,170.0800018310547,165.74000549316406,167.4499969482422,148.19898986816406,5724800
2022-05-09,166.11000061035156,168.4600067138672,164.10000610351562,164.94000244140625,145.97752380371094,7929700
2022-05-10,168.3800048828125,170.83999633789062,166.3000030517578,168.24000549316406,148.89816284179688,7033300
2022-05-11,166.72999572753906,170.33999633789062,164.24000549316406,164.69000244140625,145.75628662109375,5892800
2022-05-12,163.88999938964844,166.4499969482422,162.6699981689453,165.89999389648438,146.8271942138672,5936100
2022-05-13,168.41000366210938,170.67999267578125,167.5800018310547,169.74000549316406,150.2257080078125,5329900
2022-05-16,168.07000732421875,170.13999938964844,166.8300018310547,168.5,149.12828063964844,3648900
2022-05-17,172.10000610351562,175.11000061035156,171.32000732421875,174.97999572753906,154.86329650878906,5851300
2022-05-18,173.39999389648438,174.91000366210938,169.67999267578125,170.3000030517578,150.72134399414062,5747200
2022-05-19,169.86000061035156,170.74000549316406,167.16000366210938,167.6199951171875,148.34947204589844,5399600
2022-05-20,168.60000610351562,170.3000030517578,164.2100067138672,169.80999755859375,150.28765869140625,6278300
2022-05-23,170.27000427246094,170.88999938964844,168.22999572753906,169.92999267578125,150.3938751220703,5384100
2022-05-24,168.2899932861328,169.47999572753906,166.3699951171875,167.86000061035156,148.56185913085938,5121700
2022-05-25,168.08999633789062,170.97999572753906,167.00999450683594,170.00999450683594,150.46469116210938,4712100
2022-05-26,170.32000732421875,174.8300018310547,169.2899932861328,174.1300048828125,154.1110076904297,4536600
2022-05-27,175.52000427246094,178.35000610351562,175.52000427246094,177.97000122070312,157.50953674316406,5857900
2022-05-31,176.74000549316406,178.2899932861328,173.80999755859375,176.75999450683594,156.4386444091797,9408000
2022-06-01,177.50999450683594,177.58999633789062,172.6999969482422,174.4199981689453,154.36766052246094,4681600
2022-06-02,174.0,176.8000030517578,172.38999938964844,176.72000122070312,156.4032745361328,6521600
2022-06-03,174.8699951171875,175.5,171.99000549316406,172.3300018310547,152.51791381835938,4485500
2022-06-06,173.64999389648438,174.25999450683594,167.3800048828125,167.75999450683594,148.4733428955078,5603800
2022-06-07,166.1199951171875,170.0800018310547,165.24000549316406,169.85000610351562,150.3230743408203,4416100
2022-06-08,169.75,169.75,164.77000427246094,165.3699951171875,146.3581085205078,5112600
2022-06-09,165.00999450683594,166.72999572753906,161.4600067138672,161.5800018310547,143.00381469726562,5353200
2022-06-10,159.16000366210938,160.42999267578125,157.67999267578125,157.77999877929688,139.6407012939453,6511000
2022-06-13,154.89999389648438,156.92999267578125,153.13999938964844,153.52999877929688,135.87928771972656,7765000
2022-06-14,155.14999389648438,155.94000244140625,153.0399932861328,154.0800018310547,136.36607360839844,4772600
2022-06-15,155.72000122070312,157.91000366210938,153.32000732421875,155.9199981689453,137.99449157714844,5442100
2022-06-16,151.52000427246094,152.55999755859375,150.1999969482422,151.3699951171875,133.96763610839844,6843700
2022-06-17,151.83999633789062,153.2100067138672,149.10000610351562,150.1999969482422,132.93212890625,11262500
2022-06-21,151.82000732421875,154.5800018310547,151.72999572753906,153.4600067138672,135.81735229492188,6283100
2022-06-22,151.9600067138672,153.94000244140625,151.16000366210938,152.60000610351562,135.05621337890625,4242900
2022-06-23,152.8300018310547,153.2100067138672,149.25,151.13999938964844,133.76409912109375,4318200
2022-06-24,153.00999450683594,156.1300048828125,152.49000549316406,155.9499969482422,138.0210723876953,6425900
2022-06-27,156.99000549316406,157.6199951171875,155.1300048828125,155.6199951171875,137.72901916503906,5762300
2022-06-28,156.74000549316406,158.99000549316406,154.0800018310547,154.16000366210938,136.43687438964844,4687500
2022-06-29,152.44000244140625,153.2899932861328,150.94000244140625,152.77999877929688,135.21554565429688,4348300
2022-06-30,152.49000549316406,155.07000732421875,150.88999938964844,153.64999389648438,135.98553466796875,6807900
2022-07-01,150.35000610351562,152.27999877929688,147.02000427246094,148.5399932861328,131.4629669189453,8740200
2022-07-05,145.72999572753906,149.69000244140625,144.4600067138672,149.10000610351562,131.95863342285156,8486400
2022-07-06,150.0,152.0399932861328,148.3699951171875,150.80999755859375,133.47201538085938,5238200
2022-07-07,153.16000366210938,155.39999389648438,153.16000366210938,154.69000244140625,136.9059295654297,5169400
2022-07-08,152.74000549316406,155.85000610351562,152.14999389648438,155.52999877929688,137.64939880371094,3467500
2022-07-11,154.1199951171875,155.02000427246094,152.6199951171875,153.55999755859375,135.90586853027344,4051100
2022-07-12,155.97000122070312,156.4600067138672,153.6999969482422,154.4600067138672,136.702392578125,4085100
2022-07-13,151.9600067138672,155.2100067138672,151.6699981689453,154.2899932861328,136.5519256591797,3755400
2022-07-14,154.1300048828125,158.33999633789062,152.9600067138672,157.85000610351562,139.70265197753906,4758800
2022-07-15,159.1999969482422,160.7100067138672,157.63999938964844,160.5399932861328,142.0833740234375,7466100
2022-07-18,161.72000122070312,162.64999389648438,159.02000427246094,159.6699981689453,141.31341552734375,4088700
2022-07-19,161.36000061035156,165.67999267578125,160.64999389648438,164.63999938964844,145.71206665039062,5390800
2022-07-20,163.88999938964844,167.1199951171875,162.5399932861328,165.3300018310547,146.3227081298828,5889100
2022-07-21,165.97999572753906,166.82000732421875,163.67999267578125,166.5399932861328,147.39358520507812,5466700
2022-07-22,167.7100067138672,167.7100067138672,162.8699951171875,163.89999389648438,145.05711364746094,5269700
2022-07-25,163.8000030517578,163.86000061035156,161.27000427246094,163.1999969482422,144.43759155273438,4201400
2022-07-26,164.17999267578125,164.17999267578125,160.60000610351562,160.83999633789062,142.34890747070312,6080600
2022-07-27,166.77999877929688,171.99000549316406,165.57000732421875,171.5399932861328,151.8187713623047,11623100
2022-07-28,171.9199981689453,175.8300018310547,169.58999633789062,175.75,155.54476928710938,6468800
2022-07-29,174.42999267578125,179.27000427246094,174.05999755859375,178.88999938964844,159.3665771484375,6624000
2022-08-01,177.94000244140625,179.11000061035156,176.75,178.8000030517578,159.28639221191406,4865700
2022-08-02,177.5,179.92999267578125,176.4499969482422,177.22000122070312,157.8788299560547,4442500
2022-08-03,178.00999450683594,184.1300048828125,177.86000061035156,183.47000122070312,163.4467315673828,6201100
2022-08-04,183.77000427246094,185.99000549316406,183.22000122070312,184.91000366210938,164.7295684814453,4533900
2022-08-05,182.02999877929688,184.6699981689453,181.5800018310547,184.3000030517578,164.18614196777344,3690100
2022-08-08,182.5,184.4600067138672,181.1300048828125,182.8000030517578,162.849853515625,3547300
2022-08-09,179.94000244140625,180.1999969482422,176.10000610351562,177.7100067138672,158.31536865234375,5306400
2022-08-10,181.4499969482422,183.4499969482422,179.38999938964844,183.1199951171875,163.13491821289062,4276500
2022-08-11,183.42999267578125,185.6699981689453,181.66000366210938,182.05999755859375,162.1905975341797,3858300
2022-08-12,183.17999267578125,185.97999572753906,183.0399932861328,185.3800048828125,165.14830017089844,4160900
2022-08-15,184.8800048828125,185.64999389648438,182.9600067138672,185.39999389648438,165.16607666015625,2863400
2022-08-16,184.8000030517578,185.0,182.39999389648438,183.36000061035156,163.3487548828125,4541600
2022-08-17,180.61000061035156,180.9499969482422,174.8800048828125,176.7100067138672,157.4244842529297,6869000
2022-08-18,176.80999755859375,180.3300018310547,175.8000030517578,178.4600067138672,158.98350524902344,4390400
2022-08-19,176.9600067138672,177.47999572753906,175.1199951171875,176.4499969482422,157.19285583496094,4569500
2022-08-22,175.47000122070312,175.47000122070312,171.11000061035156,171.44000244140625,152.72967529296875,4919000
2022-08-23,170.33999633789062,173.88999938964844,170.27999877929688,172.52000427246094,153.69175720214844,3663900
2022-08-24,171.41000366210938,172.58999633789062,170.75,172.19000244140625,153.3977813720703,3037800
2022-08-25,173.64999389648438,177.50999450683594,173.25,177.30999755859375,157.95901489257812,4350000
2022-08-26,177.5,177.92999267578125,169.42999267578125,169.49000549316406,150.99246215820312,6583500
2022-08-29,169.94000244140625,170.50999450683594,167.75999450683594,167.94000244140625,149.6116180419922,4625800
2022-08-30,168.22000122070312,168.85000610351562,164.75999450683594,166.74000549316406,148.5425567626953,5343300
2022-08-31,166.8699951171875,167.58999633789062,164.02000427246094,165.2100067138672,147.17955017089844,6489900
2022-09-01,163.35000610351562,166.47000122070312,162.19000244140625,166.16000366210938,148.02589416503906,5593800
2022-09-02,168.0,168.77999877929688,162.3800048828125,163.0,145.21078491210938,4466200
2022-09-06,163.11000061035156,165.7899932861328,161.83999633789062,163.10000610351562,145.2998504638672,5057000
2022-09-07,163.6699981689453,167.4499969482422,163.47999572753906,165.82000732421875,147.7230224609375,5332400
2022-09-08,165.24000549316406,168.5399932861328,163.8699951171875,168.41000366210938,150.0303192138672,5473200
2022-09-09,169.42999267578125,171.9199981689453,169.36000061035156,170.74000549316406,152.10604858398438,5196200
2022-09-12,171.25,171.52000427246094,169.2100067138672,170.5800018310547,151.96348571777344,5216800
2022-09-13,166.0800018310547,167.33999633789062,162.0,162.64999389648438,144.89892578125,7928700
2022-09-14,164.22999572753906,166.3300018310547,163.05999755859375,165.25999450683594,147.22412109375,4792600
2022-09-15,164.22000122070312,165.67999267578125,161.72000122070312,162.6699981689453,144.91676330566406,6105400
2022-09-16,162.99000549316406,165.92999267578125,161.55999755859375,165.25999450683594,147.22412109375,13417800
2022-09-19,163.5800018310547,166.6300048828125,163.52000427246094,166.25,148.10609436035156,4929500
2022-09-20,165.41000366210938,166.89999389648438,164.89999389648438,166.05999755859375,147.9368133544922,5220200
2022-09-21,166.52999877929688,170.25,163.19000244140625,163.3000030517578,145.47801208496094,6639800
2022-09-22,162.58999633789062,164.55999755859375,161.22000122070312,162.6199951171875,144.87222290039062,5696200
2022-09-23,161.22000122070312,161.85000610351562,158.3000030517578,161.2899932861328,143.68736267089844,6936100
2022-09-26,161.64999389648438,163.1999969482422,160.0,160.4600067138672,142.94796752929688,4605800
2022-09-27,162.22999572753906,163.42999267578125,159.3000030517578,160.7100067138672,143.17066955566406,4261500
2022-09-28,161.52000427246094,163.63999938964844,159.4199981689453,162.8000030517578,145.03257751464844,4881500
2022-09-29,160.82000732421875,161.39999389648438,156.1300048828125,158.4499969482422,141.15733337402344,6699000
2022-09-30,157.22000122070312,158.8000030517578,154.67999267578125,154.77999877929688,137.88783264160156,6074700
2022-10-03,157.41000366210938,160.63999938964844,156.0800018310547,159.83999633789062,142.39561462402344,6668500
2022-10-04,163.0500030517578,165.74000549316406,162.58999633789062,165.14999389648438,147.12608337402344,7233100
2022-10-05,164.32000732421875,169.22999572753906,163.47000122070312,167.8000030517578,149.4868927001953,5262600
2022-10-06,167.77999877929688,169.14999389648438,165.77000427246094,166.5399932861328,148.3644256591797,4171000
2022-10-07,164.02000427246094,165.05999755859375,158.61000061035156,159.27999877929688,141.8966827392578,8306400
2022-10-10,159.5500030517578,159.61000061035156,154.14999389648438,156.7899932861328,139.67848205566406,6573600
2022-10-11,154.61000061035156,155.33999633789062,151.39999389648438,153.4499969482422,136.7030029296875,9526900
2022-10-12,153.36000061035156,153.8000030517578,151.47000122070312,151.5500030517578,135.0103759765625,4526100
2022-10-13,147.61000061035156,156.7899932861328,145.97000122070312,154.33999633789062,137.49588012695312,7913800
2022-10-14,155.89999389648438,156.08999633789062,148.08999633789062,148.33999633789062,132.1507110595703,7470600
2022-10-17,152.0,152.5,149.52999877929688,150.99000549316406,134.51150512695312,5936100
2022-10-18,155.08999633789062,155.97999572753906,149.5399932861328,151.50999450683594,134.9747314453125,4866600
2022-10-19,150.6300048828125,153.02000427246094,149.86000061035156,152.64999389648438,135.9902801513672,5060100
2022-10-20,153.88999938964844,156.77999877929688,152.41000366210938,153.72000122070312,136.9435272216797,6506200
2022-10-21,155.41000366210938,160.02999877929688,153.94000244140625,159.72000122070312,142.28871154785156,7706200
2022-10-24,160.2100067138672,161.99000549316406,158.69000244140625,161.64999389648438,144.00807189941406,5467600
2022-10-25,161.61000061035156,164.86000061035156,161.19000244140625,162.16000366210938,144.46243286132812,8611200
2022-10-26,152.57000732421875,161.16000366210938,151.3300018310547,157.8699951171875,140.640625,12964700
2022-10-27,159.8000030517578,159.94000244140625,155.42999267578125,156.75999450683594,139.6517333984375,7050500
2022-10-28,155.8800048828125,161.69000244140625,155.49000549316406,161.36000061035156,144.89588928222656,6776100
2022-10-31,160.39999389648438,161.5500030517578,159.25999450683594,160.6300048828125,144.2404022216797,6298800
2022-11-01,162.24000549316406,163.42999267578125,160.55999755859375,162.89999389648438,146.2787628173828,4972300
2022-11-02,163.25999450683594,166.3699951171875,158.27999877929688,158.49000549316406,142.31875610351562,6923900
2022-11-03,156.3800048828125,158.61000061035156,155.3300018310547,156.52000427246094,140.54974365234375,4555400
2022-11-04,161.61000061035156,162.6999969482422,158.4199981689453,162.64999389648438,146.0542449951172,6689900
2022-11-07,163.80999755859375,166.3000030517578,161.5500030517578,165.69000244140625,148.78407287597656,4928300
2022-11-08,167.44000244140625,169.83999633789062,165.75999450683594,168.11000061035156,150.95716857910156,5112300
2022-11-09,166.38999938964844,167.72999572753906,164.89999389648438,164.99000549316406,148.15550231933594,4800400
2022-11-10,172.10000610351562,175.19000244140625,168.8800048828125,174.69000244140625,156.8657989501953,9898200
2022-11-11,175.0500030517578,180.7899932861328,173.39999389648438,179.49000549316406,161.176025390625,6911900
2022-11-14,179.0,181.1199951171875,177.25,177.44000244140625,159.33522033691406,5447300
2022-11-15,182.0500030517578,182.6199951171875,176.80999755859375,177.57000732421875,159.45191955566406,6601000
2022-11-16,176.4199981689453,176.4199981689453,173.0500030517578,173.4600067138672,155.76129150390625,7664800
2022-11-17,170.67999267578125,175.42999267578125,170.6300048828125,175.36000061035156,157.46742248535156,5339800
2022-11-18,176.41000366210938,176.8000030517578,174.0399932861328,175.17999267578125,157.30577087402344,5474800
2022-11-21,174.4199981689453,174.6699981689453,172.27000427246094,172.39999389648438,154.80941772460938,4702700
2022-11-22,174.83999633789062,177.30999755859375,172.35000610351562,177.22000122070312,159.1376495361328,4673500
2022-11-23,177.0,179.77999877929688,176.5,178.97999572753906,160.71804809570312,3939100
2022-11-25,179.25,179.2899932861328,177.02999877929688,177.07000732421875,159.00294494628906,1586400
2022-11-28,175.7100067138672,176.02999877929688,172.3800048828125,173.0,155.34825134277344,5358800
2022-11-29,173.63999938964844,174.36000061035156,171.30999755859375,172.97999572753906,155.33026123046875,3134000
2022-11-30,173.3699951171875,180.50999450683594,170.97000122070312,180.4600067138672,162.0470733642578,9780300
2022-12-01,180.0399932861328,180.52000427246094,176.2100067138672,177.5,159.38906860351562,5479900
2022-12-02,175.13999938964844,177.99000549316406,173.47999572753906,177.66000366210938,159.53273010253906,3822900
2022-12-05,176.74000549316406,178.63999938964844,175.33999633789062,177.38999938964844,159.29026794433594,4875300
2022-12-06,178.13999938964844,178.16000366210938,173.17999267578125,174.33999633789062,156.55148315429688,4417900
2022-12-07,172.52999877929688,175.02999877929688,172.25,173.75,156.02169799804688,3242800
2022-12-08,173.75999450683594,176.52000427246094,172.85000610351562,176.36000061035156,158.3654022216797,3902700
2022-12-09,175.9600067138672,176.5800018310547,174.1199951171875,174.25999450683594,156.47964477539062,3966700
2022-12-12,174.11000061035156,177.57000732421875,172.91000366210938,177.47999572753906,159.37110900878906,5347000
2022-12-13,182.1300048828125,183.08999633789062,175.8699951171875,177.5,159.38906860351562,6951000
2022-12-14,176.75999450683594,179.80999755859375,174.13999938964844,175.82000732421875,157.88050842285156,5114600
2022-12-15,173.52999877929688,174.52000427246094,169.08999633789062,170.00999450683594,152.6632843017578,6007300
2022-12-16,169.0,170.0500030517578,167.47999572753906,169.5500030517578,152.25022888183594,10423600
2022-12-19,169.6300048828125,169.8699951171875,166.0500030517578,167.61000061035156,150.50819396972656,4507000
2022-12-20,166.66000366210938,167.77999877929688,165.72000122070312,166.08999633789062,149.1432647705078,3777600
2022-12-21,167.0,168.91000366210938,166.5,168.72999572753906,151.51390075683594,3632100
2022-12-22,166.07000732421875,166.52000427246094,161.49000549316406,164.6999969482422,147.8950958251953,7188700
2022-12-23,163.02999877929688,164.8000030517578,162.27999877929688,164.3800048828125,147.6077423095703,2597000
2022-12-27,163.66000366210938,164.58999633789062,161.97000122070312,163.77999877929688,147.06900024414062,3535600
2022-12-28,163.61000061035156,165.16000366210938,160.8300018310547,161.19000244140625,144.74325561523438,2998600
2022-12-29,163.25999450683594,166.0399932861328,162.82000732421875,165.02000427246094,148.18246459960938,4081600
2022-12-30,163.69000244140625,165.38999938964844,162.2100067138672,165.22000122070312,148.36204528808594,3249000
2023-01-03,167.22000122070312,167.64999389648438,162.58999633789062,163.2100067138672,146.55711364746094,4294100
2023-01-04,165.3000030517578,169.69000244140625,165.3000030517578,169.1699981689453,151.9089813232422,6285300
2023-01-05,167.7899932861328,170.0399932861328,165.83999633789062,166.92999267578125,149.89756774902344,6876800
2023-01-06,169.6199951171875,176.16000366210938,167.4199981689453,175.16000366210938,157.287841796875,6725900
2023-01-09,177.14999389648438,180.3800048828125,176.32000732421875,176.67999267578125,158.65272521972656,5733900
2023-01-10,176.6300048828125,179.6199951171875,175.8300018310547,178.39999389648438,160.19725036621094,4267700
2023-01-11,178.22000122070312,179.0500030517578,176.92999267578125,178.8699951171875,160.6193084716797,5013900
2023-01-12,179.72000122070312,181.1699981689453,176.99000549316406,178.1300048828125,159.9547882080078,4324900
2023-01-13,177.07000732421875,179.11000061035156,176.22000122070312,179.00999450683594,160.74502563476562,3736700
2023-01-17,178.8000030517578,179.82000732421875,175.3000030517578,175.39999389648438,157.5033416748047,5659400
2023-01-18,176.3699951171875,177.32000732421875,173.58999633789062,173.75999450683594,156.03067016601562,5874300
2023-01-19,173.3800048828125,173.72999572753906,169.6199951171875,170.92999267578125,153.48944091796875,5995700
2023-01-20,172.44000244140625,173.58999633789062,169.75,173.0,155.34825134277344,7569900
2023-01-23,173.64999389648438,179.02000427246094,172.55999755859375,178.1699981689453,159.99073791503906,7847600
2023-01-24,176.75,178.52000427246094,175.33999633789062,177.0399932861328,158.9759979248047,5351600
2023-01-25,176.6300048828125,178.2100067138672,171.5,175.0399932861328,157.18006896972656,6720700
2023-01-26,175.27000427246094,175.27000427246094,171.7899932861328,174.10000610351562,156.33599853515625,6287900
2023-01-27,172.52999877929688,177.30999755859375,171.8699951171875,175.24000549316406,157.3596649169922,6074900
2023-01-30,172.33999633789062,175.17999267578125,172.2100067138672,173.1300048828125,156.57286071777344,5048900
2023-01-31,173.1699981689453,177.3000030517578,172.97999572753906,177.2100067138672,160.26266479492188,5852400
2023-02-01,177.0,183.69000244140625,176.75999450683594,182.10000610351562,164.6850128173828,7835800
2023-02-02,183.8699951171875,185.4499969482422,175.75,184.72000122070312,167.0544891357422,11667100
2023-02-03,181.69000244140625,185.24000549316406,181.58999633789062,182.2899932861328,164.85687255859375,5732200
2023-02-06,180.50999450683594,182.5800018310547,179.44000244140625,181.0,163.69024658203125,4385700
2023-02-07,181.07000732421875,184.27000427246094,179.3699951171875,183.49000549316406,165.94212341308594,4799900
2023-02-08,181.7899932861328,182.58999633789062,176.47000122070312,176.5,159.6205596923828,5657600
2023-02-09,179.22000122070312,180.5,174.57000732421875,174.99000549316406,158.2550048828125,5572000
2023-02-10,173.86000061035156,176.13999938964844,173.11000061035156,175.7899932861328,158.9784698486328,5466400
2023-02-13,176.52000427246094,177.8000030517578,175.69000244140625,176.7100067138672,159.81048583984375,3443200
2023-02-14,175.16000366210938,177.64999389648438,173.3699951171875,176.33999633789062,159.47589111328125,4179200
2023-02-15,174.8300018310547,178.7100067138672,174.77000427246094,178.5,161.4293212890625,3879700
2023-02-16,176.91000366210938,178.32000732421875,175.4199981689453,176.0800018310547,159.24073791503906,4212400
2023-02-17,175.17999267578125,177.08999633789062,174.47999572753906,175.32000732421875,158.5534210205078,4060800
2023-02-21,173.5500030517578,174.91000366210938,170.58999633789062,170.75999450683594,154.4295196533203,7030300
2023-02-22,171.02000427246094,171.94000244140625,168.75999450683594,169.8000030517578,153.56134033203125,4577400
2023-02-23,172.75,173.02000427246094,168.49000549316406,171.82000732421875,155.38815307617188,4856600
2023-02-24,169.35000610351562,170.1300048828125,167.8000030517578,169.13999938964844,152.9644775390625,4118300
2023-02-27,171.38999938964844,172.02000427246094,170.3800048828125,170.74000549316406,154.4114532470703,3310100
2023-02-28,169.9499969482422,172.57000732421875,169.36000061035156,171.4499969482422,155.05352783203125,3674500
2023-03-01,171.0399932861328,172.42999267578125,169.80999755859375,172.1699981689453,155.7046661376953,4649800
2023-03-02,171.1300048828125,174.9199981689453,170.11000061035156,174.0800018310547,157.4320068359375,4551100
2023-03-03,175.0,175.9499969482422,172.5,175.67999267578125,158.87896728515625,4379200
2023-03-06,175.2899932861328,176.5,172.8000030517578,173.0500030517578,156.50050354003906,4090100
2023-03-07,172.77000427246094,174.0,171.14999389648438,172.05999755859375,155.605224609375,3844100
2023-03-08,173.61000061035156,176.36000061035156,173.0500030517578,176.22000122070312,159.3673858642578,3805400
2023-03-09,176.36000061035156,177.91000366210938,172.97999572753906,173.44000244140625,156.8531951904297,4651200
2023-03-10,175.0,175.27000427246094,170.97999572753906,171.63999938964844,155.22535705566406,5929700
2023-03-13,170.17999267578125,175.8300018310547,169.91000366210938,173.88999938964844,157.26019287109375,5453400
2023-03-14,175.9499969482422,176.1999969482422,172.8300018310547,175.72999572753906,158.92422485351562,5034600
2023-03-15,174.22999572753906,175.1300048828125,171.8800048828125,174.38999938964844,157.71237182617188,4918300
2023-03-16,173.4600067138672,177.67999267578125,172.8000030517578,177.1300048828125,160.19033813476562,5028500
2023-03-17,177.8800048828125,179.08999633789062,174.61000061035156,175.7100067138672,158.90614318847656,12963300
2023-03-20,175.8800048828125,179.8699951171875,175.52000427246094,179.16000366210938,162.0261993408203,4964600
2023-03-21,179.17999267578125,180.66000366210938,176.25,178.41000366210938,161.34793090820312,4217500
2023-03-22,177.3699951171875,181.47999572753906,176.25999450683594,176.32000732421875,159.45777893066406,4738000
2023-03-23,178.13999938964844,181.88999938964844,177.35000610351562,180.27999877929688,163.03907775878906,5083300
2023-03-24,179.8300018310547,180.49000549316406,177.66000366210938,179.50999450683594,162.3426971435547,5345400
2023-03-27,179.6300048828125,179.80999755859375,176.41000366210938,177.0500030517578,160.1179962158203,4453200
2023-03-28,176.3699951171875,177.58999633789062,174.25,177.49000549316406,160.51593017578125,4061500
2023-03-29,179.42999267578125,181.8699951171875,178.9600067138672,181.0399932861328,163.72640991210938,5227100
2023-03-30,182.0,184.49000549316406,181.86000061035156,184.24000549316406,166.62037658691406,5535800
2023-03-31,184.02000427246094,186.3000030517578,183.1199951171875,186.00999450683594,168.22108459472656,4793100
2023-04-03,185.3300018310547,186.17999267578125,182.72000122070312,184.16000366210938,166.5480194091797,4143000
2023-04-04,184.25999450683594,184.6699981689453,179.7899932861328,180.39999389648438,163.14761352539062,4724800
2023-04-05,179.49000549316406,179.72999572753906,175.1199951171875,177.1999969482422,160.25363159179688,5904900
2023-04-06,175.97000122070312,179.22999572753906,174.57000732421875,178.1199951171875,161.08567810058594,3743000
2023-04-10,176.9499969482422,179.72999572753906,176.2100067138672,179.4199981689453,162.26132202148438,3488500
2023-04-11,180.74000549316406,181.3800048828125,179.5,179.8699951171875,162.66830444335938,3296900
2023-04-12,181.1999969482422,181.1999969482422,177.22000122070312,177.5500030517578,160.5701446533203,3559400
2023-04-13,176.61000061035156,179.8800048828125,175.4499969482422,179.11000061035156,161.98098754882812,3264200
2023-04-14,178.91000366210938,180.5399932861328,177.25,178.97999572753906,161.86341857910156,2741900
2023-04-17,178.27999877929688,180.5500030517578,177.77999877929688,180.0500030517578,162.83108520507812,2845800
2023-04-18,181.00999450683594,181.72999572753906,179.1999969482422,180.32000732421875,163.0752716064453,2774700
2023-04-19,179.1300048828125,179.4600067138672,176.9600067138672,177.0800018310547,160.14511108398438,3093900
2023-04-20,174.4199981689453,178.30999755859375,173.52999877929688,176.6199951171875,159.72911071777344,4710800
2023-04-21,175.60000610351562,177.55999755859375,174.86000061035156,177.02000427246094,160.09088134765625,6792000
2023-04-24,177.13999938964844,177.42999267578125,175.33999633789062,175.89999389648438,159.07797241210938,3360100
2023-04-25,175.58999633789062,176.0399932861328,169.33999633789062,169.38999938964844,153.1905517578125,7136000
2023-04-26,170.97000122070312,170.97000122070312,163.66000366210938,164.4600067138672,148.73202514648438,8647500
2023-04-27,162.72999572753906,165.61000061035156,161.10000610351562,165.27000427246094,149.4645538330078,6697900
2023-04-28,164.85000610351562,167.52000427246094,164.85000610351562,167.1999969482422,151.20997619628906,6575400
2023-05-01,168.2100067138672,168.3000030517578,166.1199951171875,166.67999267578125,150.7397003173828,4831200
2023-05-02,166.33999633789062,167.49000549316406,162.7899932861328,163.94000244140625,148.26173400878906,7312400
2023-05-03,164.9199981689453,165.99000549316406,163.27000427246094,163.35000610351562,147.7281951904297,4398800
2023-05-04,163.38999938964844,163.8699951171875,161.36000061035156,162.3000030517578,146.77857971191406,4309000
2023-05-05,161.4600067138672,166.00999450683594,161.2100067138672,165.82000732421875,151.1165313720703,5494700
2023-05-08,165.82000732421875,166.60000610351562,163.38999938964844,164.22000122070312,149.65838623046875,3831300
2023-05-09,162.22999572753906,163.49000549316406,162.00999450683594,163.0,148.54661560058594,5736800
2023-05-10,164.80999755859375,165.0,161.0399932861328,163.0500030517578,148.59213256835938,4428800
2023-05-11,162.27000427246094,162.4199981689453,159.94000244140625,161.1699981689453,146.8788299560547,3320400
2023-05-12,162.11000061035156,162.9600067138672,160.3699951171875,161.8800048828125,147.52587890625,2400800
2023-05-15,161.38999938964844,165.47999572753906,160.6300048828125,165.25999450683594,150.60617065429688,3789100
2023-05-16,165.0,166.0500030517578,162.86000061035156,163.3800048828125,148.8928680419922,4272900
2023-05-17,164.5,165.6699981689453,163.07000732421875,165.33999633789062,150.6790771484375,4910300
2023-05-18,166.32000732421875,170.1699981689453,166.0800018310547,169.80999755859375,154.75271606445312,4916300
2023-05-19,170.58999633789062,170.99000549316406,168.94000244140625,170.11000061035156,155.02610778808594,4790500
2023-05-22,169.77000427246094,171.11000061035156,169.0500030517578,170.86000061035156,155.70962524414062,3334000
2023-05-23,169.7899932861328,170.74000549316406,169.22000122070312,169.74000549316406,154.68890380859375,5601200
2023-05-24,166.94000244140625,168.50999450683594,166.19000244140625,167.07000732421875,152.2556915283203,7502500
2023-05-25,165.0,170.50999450683594,163.60000610351562,169.6199951171875,154.57952880859375,7747200
2023-05-26,171.32000732421875,177.0500030517578,170.6699981689453,176.2899932861328,160.6581268310547,8323200
2023-05-30,177.8300018310547,178.19000244140625,175.02999877929688,176.5500030517578,160.8950653076172,5677200
2023-05-31,174.77999877929688,175.8000030517578,173.16000366210938,173.8800048828125,158.46180725097656,8534000
2023-06-01,175.8699951171875,176.4499969482422,172.89999389648438,175.80999755859375,160.22067260742188,3955400
2023-06-02,176.5,176.6300048828125,174.10000610351562,175.22999572753906,159.69210815429688,4788000
2023-06-05,175.19000244140625,175.19000244140625,169.77000427246094,170.25999450683594,155.162841796875,5520400
2023-06-06,169.39999389648438,171.5399932861328,168.89999389648438,170.36000061035156,155.2539520263672,4032400
2023-06-07,171.1699981689453,173.7899932861328,170.4499969482422,172.0,156.74851989746094,4422700
2023-06-08,173.07000732421875,173.83999633789062,171.4199981689453,172.22999572753906,156.95809936523438,3343700
2023-06-09,173.42999267578125,173.82000732421875,169.47999572753906,170.58999633789062,155.46356201171875,4179000
2023-06-12,171.52999877929688,174.27999877929688,171.3800048828125,174.0399932861328,158.6076202392578,4709300
2023-06-13,176.55999755859375,178.30999755859375,174.32000732421875,177.41000366210938,161.6787872314453,5408100
2023-06-14,175.82000732421875,178.27000427246094,174.7899932861328,177.1199951171875,161.4145050048828,4748400
2023-06-15,176.24000549316406,179.39999389648438,175.88999938964844,178.08999633789062,162.29849243164062,4224100
2023-06-16,179.4499969482422,179.8300018310547,176.25999450683594,176.75999450683594,161.08642578125,10374500
2023-06-20,174.94000244140625,177.02999877929688,173.42999267578125,174.36000061035156,158.89926147460938,3516000
2023-06-21,172.5,173.60000610351562,170.3800048828125,170.47999572753906,155.36331176757812,4034300
2023-06-22,170.0,172.66000366210938,169.80999755859375,172.6300048828125,157.32266235351562,3607800
2023-06-23,169.91000366210938,170.27999877929688,167.1999969482422,167.67999267578125,152.81158447265625,8541600
2023-06-26,168.49000549316406,170.97999572753906,168.02000427246094,168.75,153.7866973876953,4899600
2023-06-27,169.8300018310547,176.57000732421875,169.49000549316406,176.30999755859375,160.67636108398438,6257800
2023-06-28,174.64999389648438,176.3800048828125,174.27999877929688,174.9600067138672,159.446044921875,3425300
2023-06-29,175.92999267578125,177.0399932861328,174.41000366210938,176.7899932861328,161.11376953125,3704700
2023-06-30,178.8800048828125,180.5399932861328,178.3300018310547,180.02000427246094,164.05738830566406,6004400
2023-07-03,180.1699981689453,181.1999969482422,177.6199951171875,179.75999450683594,163.82041931152344,2007600
2023-07-05,178.8000030517578,178.86000061035156,176.4499969482422,176.52999877929688,160.87684631347656,3729100
2023-07-06,173.6999969482422,175.47999572753906,173.0800018310547,174.82000732421875,159.3184814453125,4555100
2023-07-07,174.11000061035156,177.07000732421875,173.5800018310547,173.6999969482422,158.29779052734375,4585400
2023-07-10,174.5800018310547,179.72999572753906,174.55999755859375,179.44000244140625,163.52880859375,5563200
2023-07-11,179.8300018310547,179.97000122070312,176.85000610351562,178.82000732421875,162.9637908935547,2755800
2023-07-12,181.00999450683594,182.89999389648438,180.00999450683594,182.3699951171875,166.19900512695312,5708600
2023-07-13,183.5,184.00999450683594,181.75,183.1199951171875,166.8825225830078,4441200
2023-07-14,181.61000061035156,183.02999877929688,180.3300018310547,180.85000610351562,164.8137969970703,3701300
2023-07-17,179.2899932861328,184.25999450683594,178.72000122070312,183.39999389648438,167.1376495361328,3918500
2023-07-18,182.44000244140625,184.1999969482422,181.0,183.67999267578125,167.39285278320312,3040500
2023-07-19,183.58999633789062,184.67999267578125,183.02999877929688,183.6699981689453,167.38372802734375,3686000
2023-07-20,180.64999389648438,182.1699981689453,179.27999877929688,179.9199981689453,163.9662322998047,7154600
2023-07-21,182.0,185.57000732421875,181.36000061035156,184.32000732421875,167.97610473632812,17251600
2023-07-24,184.5800018310547,185.75,183.3000030517578,183.88999938964844,167.58421325683594,4318500
2023-07-25,185.0,188.1199951171875,184.8000030517578,186.0800018310547,169.5800018310547,6267800
2023-07-26,176.88999938964844,177.6999969482422,174.2100067138672,176.0,160.3938446044922,11905100
2023-07-27,178.30999755859375,181.13999938964844,176.24000549316406,177.72000122070312,161.96133422851562,8300400
2023-07-28,178.5,179.52999877929688,176.92999267578125,178.3699951171875,163.69583129882812,7540400
2023-07-31,178.50999450683594,180.39999389648438,178.3300018310547,180.0,165.1917266845703,4065200
2023-08-01,179.0,179.47000122070312,177.69000244140625,178.3699951171875,163.69583129882812,4028700
2023-08-02,176.25,176.67999267578125,171.7100067138672,172.44000244140625,158.25369262695312,6914500
2023-08-03,170.4499969482422,172.25999450683594,169.63999938964844,171.8000030517578,157.66635131835938,4515200
2023-08-04,169.60000610351562,170.8800048828125,167.11000061035156,168.44000244140625,154.58274841308594,6052800
2023-08-07,169.3699951171875,169.82000732421875,166.94000244140625,168.9600067138672,155.05995178222656,4315700
2023-08-08,167.3000030517578,167.4199981689453,164.42999267578125,166.72999572753906,153.01339721679688,4628000
2023-08-09,166.72000122070312,168.97999572753906,166.3699951171875,167.27000427246094,153.5089874267578,4701400
2023-08-10,168.64999389648438,170.5399932861328,166.92999267578125,167.55999755859375,153.77516174316406,4975300
2023-08-11,165.7899932861328,166.3699951171875,164.63999938964844,166.1999969482422,152.52703857421875,5454800
2023-08-14,166.1999969482422,170.61000061035156,165.6999969482422,170.47999572753906,156.45492553710938,5933600
2023-08-15,169.77000427246094,170.16000366210938,167.6199951171875,168.16000366210938,154.32579040527344,3920900
2023-08-16,167.58999633789062,168.57000732421875,165.3000030517578,165.72000122070312,152.0865020751953,4558400
2023-08-17,165.72000122070312,167.16000366210938,165.22000122070312,165.75999450683594,152.1232147216797,3987800
2023-08-18,164.57000732421875,166.83999633789062,164.1699981689453,166.49000549316406,152.7931671142578,4456000
2023-08-21,166.72999572753906,168.5800018310547,166.08999633789062,167.9499969482422,154.13307189941406,3941800
2023-08-22,169.6300048828125,169.6300048828125,166.14999389648438,167.11000061035156,153.36216735839844,3035600
2023-08-23,163.92999267578125,170.5,163.92999267578125,169.8300018310547,155.8583984375,4152900
2023-08-24,171.47999572753906,171.47999572753906,165.39999389648438,165.58999633789062,151.96722412109375,6003200
2023-08-25,166.49000549316406,168.4600067138672,164.6999969482422,167.80999755859375,154.00460815429688,3947500
2023-08-28,169.22000122070312,169.9199981689453,167.5800018310547,168.6999969482422,154.82138061523438,3995100
2023-08-29,168.0800018310547,171.25999450683594,167.74000549316406,170.69000244140625,156.64767456054688,3981700
2023-08-30,166.52000427246094,170.27000427246094,165.32000732421875,169.22999572753906,155.3077392578125,5120400
2023-08-31,168.82000732421875,170.3000030517578,168.0,168.05999755859375,154.2340087890625,6026500
2023-09-01,169.97999572753906,170.02000427246094,168.52999877929688,169.8300018310547,155.8583984375,2611200
2023-09-05,169.0800018310547,170.89999389648438,168.22000122070312,169.74000549316406,155.77578735351562,2882200
2023-09-06,169.6999969482422,170.02999877929688,166.89999389648438,168.0500030517578,154.22483825683594,4244000
2023-09-07,165.77000427246094,166.3800048828125,163.97000122070312,164.7100067138672,151.1596221923828,6272100
2023-09-08,165.11000061035156,165.41000366210938,163.82000732421875,164.66000366210938,151.11373901367188,3301100
2023-09-11,166.52000427246094,166.69000244140625,164.10000610351562,165.83999633789062,152.19664001464844,3191900
2023-09-12,164.6699981689453,166.08999633789062,163.42999267578125,163.49000549316406,150.0399932861328,3739900
2023-09-13,163.91000366210938,165.5399932861328,163.52999877929688,164.36000061035156,150.8384246826172,3331900
2023-09-14,166.4199981689453,166.63999938964844,163.63999938964844,166.0500030517578,152.38937377929688,4071600
2023-09-15,166.2100067138672,166.5,162.42999267578125,162.6199951171875,149.24156188964844,9427900
2023-09-18,162.0,163.58999633789062,161.75999450683594,162.8300018310547,149.43426513671875,3180100
2023-09-19,162.4600067138672,163.50999450683594,161.41000366210938,163.13999938964844,149.71878051757812,3244400
2023-09-20,163.97999572753906,164.5800018310547,161.0,162.10000610351562,148.7643585205078,5035700
2023-09-21,160.38999938964844,162.89999389648438,160.35000610351562,160.39999389648438,147.2041778564453,4492700
2023-09-22,161.82000732421875,162.0500030517578,160.2100067138672,160.30999755859375,147.12158203125,3715300
2023-09-25,159.9499969482422,160.9199981689453,159.22999572753906,160.89999389648438,147.66307067871094,3107600
2023-09-26,159.61000061035156,159.72000122070312,157.3699951171875,157.9600067138672,144.9649200439453,4164000
2023-09-27,159.25,159.50999450683594,155.88999938964844,158.13999938964844,145.130126953125,4232000
2023-09-28,158.13999938964844,161.3800048828125,158.07000732421875,159.08999633789062,146.00193786621094,4271400
2023-09-29,160.83999633789062,161.16000366210938,158.30999755859375,159.00999450683594,145.92855834960938,3664600
2023-10-02,159.50999450683594,160.63999938964844,157.8300018310547,159.9499969482422,146.7912139892578,2922300
2023-10-03,158.11000061035156,160.39999389648438,156.33999633789062,157.25,144.31332397460938,3510700
2023-10-04,157.66000366210938,158.47999572753906,156.49000549316406,157.97000122070312,144.97412109375,4129900
2023-10-05,158.4600067138672,159.16000366210938,154.77999877929688,155.11000061035156,142.34939575195312,4389200
2023-10-06,154.27000427246094,158.10000610351562,153.55999755859375,157.0,144.08392333984375,5016200
2023-10-09,155.8300018310547,156.83999633789062,154.6999969482422,156.72000122070312,143.8269500732422,2747000
2023-10-10,156.72000122070312,159.22000122070312,156.27999877929688,157.66000366210938,144.68960571289062,3657400
2023-10-11,156.32000732421875,158.27000427246094,155.74000549316406,157.3300018310547,144.3867645263672,4452400
2023-10-12,158.0399932861328,158.27000427246094,154.22999572753906,155.0,142.24844360351562,5643300
2023-10-13,155.32000732421875,155.47999572753906,152.1999969482422,152.75,140.18356323242188,4319100
2023-10-16,153.36000061035156,154.72999572753906,153.08999633789062,154.3000030517578,141.60601806640625,4872200
2023-10-17,152.82000732421875,154.91000366210938,151.88999938964844,154.25999450683594,141.56930541992188,5098900
2023-10-18,152.9199981689453,154.02999877929688,151.4499969482422,151.82000732421875,139.33006286621094,4837500
2023-10-19,152.83999633789062,153.4600067138672,150.47000122070312,150.94000244140625,138.52244567871094,6041100
2023-10-20,151.4199981689453,151.80999755859375,147.61000061035156,147.80999755859375,135.64993286132812,5391500
2023-10-23,147.27999877929688,148.67999267578125,146.00999450683594,146.32000732421875,134.2825469970703,5398200
2023-10-24,146.83999633789062,147.61000061035156,145.9499969482422,146.9199981689453,134.8331756591797,7024400
2023-10-25,141.4199981689453,144.58999633789062,140.1300048828125,141.7899932861328,130.1251983642578,12349200
2023-10-26,142.1699981689453,146.6300048828125,142.00999450683594,144.00999450683594,132.1625518798828,7888800
2023-10-27,144.8800048828125,145.08999633789062,142.35000610351562,143.1199951171875,131.34576416015625,5327500
2023-10-30,140.8699951171875,141.41000366210938,139.47999572753906,140.5,130.12327575683594,6640800
2023-10-31,140.8000030517578,143.0399932861328,140.02999877929688,142.00999450683594,131.52175903320312,6570300
2023-11-01,142.63999938964844,143.30999755859375,140.82000732421875,143.1699981689453,132.59608459472656,7503200
2023-11-02,144.94000244140625,147.80999755859375,144.5,147.30999755859375,136.43032836914062,6297900
2023-11-03,149.3000030517578,151.58999633789062,149.0800018310547,150.22999572753906,139.13465881347656,5818700
2023-11-06,149.5800018310547,150.1999969482422,146.61000061035156,147.5,136.60629272460938,6601400
2023-11-07,146.8000030517578,147.24000549316406,145.50999450683594,146.58999633789062,135.76345825195312,5193000
2023-11-08,146.44000244140625,146.8300018310547,144.47000122070312,145.22000122070312,134.49468994140625,6901400
2023-11-09,145.92999267578125,146.5,143.1699981689453,143.27000427246094,132.68870544433594,7061200
2023-11-10,144.99000549316406,147.5800018310547,143.0800018310547,147.19000244140625,136.31918334960938,7214700
2023-11-13,146.22999572753906,146.41000366210938,145.19000244140625,145.8699951171875,135.09666442871094,4345400
2023-11-14,150.22000122070312,151.10000610351562,148.91000366210938,149.92999267578125,138.85678100585938,7051600
2023-11-15,151.00999450683594,153.63999938964844,150.14999389648438,151.8699951171875,140.6535186767578,5957000
2023-11-16,151.9600067138672,152.99000549316406,150.80999755859375,151.88999938964844,140.6720428466797,5599400
2023-11-17,152.3000030517578,155.5,151.89999389648438,154.6199951171875,143.20040893554688,7524200
2023-11-20,154.02000427246094,156.27999877929688,153.9499969482422,155.5399932861328,144.05250549316406,5836900
2023-11-21,154.66000366210938,154.66000366210938,152.47000122070312,153.42999267578125,142.0983123779297,3877600
2023-11-22,154.5,156.16000366210938,153.27999877929688,153.92999267578125,142.56138610839844,3159800
2023-11-24,154.32000732421875,154.42999267578125,153.16000366210938,153.58999633789062,142.2465057373047,1604800
2023-11-27,152.57000732421875,153.35000610351562,151.39999389648438,152.60000610351562,141.3296356201172,4130700
2023-11-28,152.11000061035156,153.02999877929688,151.4199981689453,152.89999389648438,141.60745239257812,3883800
2023-11-29,154.8000030517578,155.85000610351562,152.9499969482422,153.1999969482422,141.88528442382812,3647100
2023-11-30,154.67999267578125,154.7100067138672,151.27000427246094,152.7100067138672,141.4314727783203,6641400
2023-12-01,153.11000061035156,155.30999755859375,151.91000366210938,155.2100067138672,143.746826171875,4095500
2023-12-04,154.5800018310547,157.5399932861328,154.02000427246094,157.4199981689453,145.79360961914062,6572000
2023-12-05,156.4600067138672,157.74000549316406,154.83999633789062,157.25,145.6361846923828,4935600
2023-12-06,159.1300048828125,159.61000061035156,155.9499969482422,156.0500030517578,144.5248260498047,4952200
2023-12-07,156.83999633789062,158.69000244140625,154.67999267578125,157.67999267578125,146.034423828125,6495400
2023-12-08,157.2899932861328,158.32000732421875,156.2899932861328,157.02999877929688,145.4324188232422,4732100
2023-12-11,158.57000732421875,161.22999572753906,157.99000549316406,159.97000122070312,148.15530395507812,7585500
2023-12-12,159.89999389648438,159.89999389648438,157.44000244140625,157.9199981689453,146.25668334960938,4714400
2023-12-13,158.02000427246094,162.27999877929688,157.9600067138672,161.80999755859375,149.85940551757812,5940900
2023-12-14,163.6699981689453,169.22000122070312,163.16000366210938,168.77999877929688,156.3146209716797,11428500
2023-12-15,170.2100067138672,171.08999633789062,167.74000549316406,168.63999938964844,156.18496704101562,16337400
2023-12-18,168.4499969482422,168.97000122070312,165.86000061035156,167.4199981689453,155.05508422851562,5015200
2023-12-19,168.25999450683594,168.89999389648438,167.0800018310547,168.5,156.05532836914062,4379400
2023-12-20,168.0500030517578,168.58999633789062,165.07000732421875,165.17999267578125,152.98048400878906,5098700
2023-12-21,166.77999877929688,167.57000732421875,165.6699981689453,166.80999755859375,154.49009704589844,4040100
2023-12-22,167.25999450683594,168.9199981689453,166.82000732421875,168.24000549316406,155.8145294189453,3492400
2023-12-26,168.94000244140625,171.52999877929688,168.4499969482422,170.80999755859375,158.19471740722656,3202200
2023-12-27,171.22000122070312,171.6199951171875,170.3300018310547,171.22999572753906,158.5836639404297,3264900
2023-12-28,172.0,172.30999755859375,170.7100067138672,171.72000122070312,159.03749084472656,3023000
2023-12-29,171.5399932861328,171.6999969482422,169.9199981689453,170.4600067138672,157.87057495117188,2920600
2024-01-02,168.85000610351562,169.92999267578125,167.41000366210938,169.25999450683594,156.75917053222656,5652500
2024-01-03,167.99000549316406,168.5,166.2100067138672,166.74000549316406,154.42530822753906,5874900
2024-01-04,162.5,165.7100067138672,162.39999389648438,164.47000122070312,152.3229217529297,6445700
2024-01-05,164.89999389648438,166.22999572753906,164.14999389648438,165.10000610351562,152.90640258789062,3087200
2024-01-08,165.2100067138672,168.6699981689453,164.60000610351562,168.5399932861328,156.09234619140625,5717500
2024-01-09,166.0,170.52000427246094,166.0,168.6300048828125,156.1757049560547,5018500
2024-01-10,168.5,168.52000427246094,165.11000061035156,167.25,154.8976287841797,4045200
2024-01-11,167.16000366210938,167.8800048828125,165.02999877929688,165.60000610351562,153.3695068359375,5635600
2024-01-12,166.66000366210938,167.2100067138672,163.88999938964844,164.8699951171875,152.69342041015625,4205000
2024-01-16,164.39999389648438,165.47999572753906,162.60000610351562,163.8800048828125,151.77655029296875,6682800
2024-01-17,162.55999755859375,162.9199981689453,160.2899932861328,162.4199981689453,150.42434692382812,4079000
2024-01-18,164.6699981689453,167.3800048828125,163.17999267578125,166.91000366210938,154.58273315429688,6583700
2024-01-19,170.89999389648438,175.16000366210938,170.24000549316406,173.64999389648438,160.82496643066406,13345800
2024-01-22,174.0,176.64999389648438,173.6199951171875,174.8300018310547,161.9178009033203,6850700
2024-01-23,174.83999633789062,176.57000732421875,174.25999450683594,174.33999633789062,161.46400451660156,9459400
2024-01-24,171.2899932861328,172.89999389648438,168.5399932861328,170.07000732421875,157.50936889648438,15100400
2024-01-25,171.05999755859375,171.52999877929688,166.8300018310547,167.4199981689453,155.05508422851562,7088200
2024-01-26,166.1999969482422,166.1999969482422,163.27999877929688,164.08999633789062,151.97103881835938,8800900
2024-01-29,164.0800018310547,166.32000732421875,163.42999267578125,166.0399932861328,153.7769775390625,6076600
2024-01-30,162.89999389648438,163.77999877929688,161.5399932861328,162.0500030517578,151.26600646972656,4897600
2024-01-31,160.41000366210938,163.1699981689453,159.32000732421875,160.1199951171875,149.4644317626953,8665200
2024-02-01,159.22000122070312,159.8699951171875,156.66000366210938,159.69000244140625,149.06304931640625,6542100
2024-02-02,158.3800048828125,159.8000030517578,157.77000427246094,159.1999969482422,148.6056671142578,4922400
2024-02-05,159.99000549316406,159.99000549316406,157.58999633789062,158.89999389648438,148.3256072998047,4190100
2024-02-06,159.1699981689453,159.6999969482422,157.3300018310547,158.3699951171875,147.83090209960938,4139800
2024-02-07,159.92999267578125,160.2899932861328,158.22999572753906,158.77000427246094,148.2042694091797,4627900
2024-02-08,159.30999755859375,161.05999755859375,158.77999877929688,160.2100067138672,149.54844665527344,3487700
2024-02-09,161.27999877929688,162.47999572753906,160.6300048828125,162.39999389648438,151.59271240234375,3919500
2024-02-12,162.39999389648438,162.83999633789062,161.0500030517578,161.0800018310547,150.36056518554688,3853000
2024-02-13,158.25999450683594,159.4199981689453,155.4600067138672,156.85000610351562,146.41207885742188,5357900
2024-02-14,157.85000610351562,159.0399932861328,156.57000732421875,157.8699951171875,147.36419677734375,4528000
2024-02-15,158.89999389648438,161.27000427246094,158.89999389648438,160.7100067138672,150.01519775390625,3725300
2024-02-16,160.35000610351562,162.14999389648438,159.42999267578125,160.3800048828125,149.70718383789062,3167600
2024-02-20,159.3699951171875,162.91000366210938,159.25999450683594,162.74000549316406,151.91009521484375,5406200
2024-02-21,162.52000427246094,164.1199951171875,161.5,164.0800018310547,153.1609344482422,4530000
2024-02-22,164.89999389648438,166.1199951171875,163.49000549316406,165.42999267578125,154.4210662841797,5041200
2024-02-23,165.8300018310547,166.0,163.6300048828125,163.69000244140625,152.79685974121094,3479100
2024-02-26,164.6199951171875,165.50999450683594,163.77999877929688,164.3000030517578,153.3662872314453,5251300
2024-02-27,164.5800018310547,165.66000366210938,164.25,164.94000244140625,153.9636688232422,2886600
2024-02-28,163.5,163.8800048828125,162.3800048828125,163.0399932861328,152.1901092529297,2933000
2024-02-29,164.89999389648438,167.91000366210938,164.27999877929688,167.3300018310547,156.19464111328125,7267200
2024-03-01,167.5500030517578,172.08999633789062,167.32000732421875,171.0500030517578,159.66708374023438,5233700
2024-03-04,172.5,173.0500030517578,170.86000061035156,172.44000244140625,160.964599609375,4401600
2024-03-05,171.36000061035156,172.72000122070312,169.27999877929688,170.63999938964844,159.28436279296875,6215600
2024-03-06,173.11000061035156,175.7899932861328,170.67999267578125,171.8699951171875,160.43252563476562,6312700
2024-03-07,172.27999877929688,177.75,172.27999877929688,175.27000427246094,163.60626220703125,5980400
2024-03-08,175.4600067138672,175.5800018310547,172.27000427246094,172.3000030517578,160.83389282226562,5632600
2024-03-11,172.27999877929688,174.27999877929688,171.52999877929688,174.19000244140625,162.59814453125,4207300
2024-03-12,175.99000549316406,176.35000610351562,173.22999572753906,174.8000030517578,163.16754150390625,5802600
2024-03-13,173.88999938964844,174.2899932861328,171.2100067138672,172.67999267578125,161.1885986328125,5199500
2024-03-14,173.30999755859375,173.6300048828125,169.8000030517578,171.13999938964844,159.75108337402344,5028200
2024-03-15,169.60000610351562,173.02999877929688,168.69000244140625,172.52000427246094,161.03924560546875,19078800
2024-03-18,174.5399932861328,174.7899932861328,169.05999755859375,169.2100067138672,157.9495391845703,5213800
2024-03-19,167.67999267578125,168.30999755859375,165.97999572753906,166.75999450683594,155.66253662109375,5640000
2024-03-20,167.0800018310547,170.13999938964844,166.27000427246094,169.97999572753906,158.6682586669922,4404600
2024-03-21,172.8300018310547,174.7899932861328,171.72000122070312,172.58999633789062,161.10458374023438,4371600
2024-03-22,171.72999572753906,173.72999572753906,171.25999450683594,172.47999572753906,161.0019073486328,4177200
2024-03-25,170.8300018310547,172.3300018310547,170.61000061035156,170.85000610351562,159.4803924560547,3298600
2024-03-26,171.44000244140625,171.86000061035156,167.50999450683594,167.91000366210938,156.73605346679688,5898300
2024-03-27,169.0,172.9199981689453,168.8300018310547,172.8699951171875,161.365966796875,4272300
2024-03-28,173.47999572753906,175.85000610351562,173.3300018310547,174.2100067138672,162.6168212890625,4417800
2024-04-01,174.1199951171875,175.91000366210938,172.86000061035156,173.1699981689453,161.64601135253906,2303200
2024-04-02,172.35000610351562,172.35000610351562,169.60000610351562,170.36000061035156,159.0229949951172,3304500
2024-04-03,169.5800018310547,170.88999938964844,167.88999938964844,170.33999633789062,159.00433349609375,3295800
2024-04-04,171.77000427246094,173.0,168.10000610351562,168.52999877929688,157.31478881835938,7491300
2024-04-05,168.57000732421875,169.25,167.13999938964844,167.5,156.3533172607422,5012300
2024-04-08,167.61000061035156,170.2899932861328,167.25999450683594,169.4600067138672,158.1829071044922,3154000
2024-04-09,171.0,173.52000427246094,170.1300048828125,173.4600067138672,161.91671752929688,4830700
2024-04-10,169.8699951171875,170.41000366210938,167.89999389648438,168.9199981689453,157.67880249023438,5662800
2024-04-11,169.89999389648438,171.85000610351562,168.1300048828125,171.1999969482422,159.80709838867188,4352100
2024-04-12,168.4199981689453,169.42999267578125,165.77000427246094,166.3300018310547,155.2611846923828,5473600
2024-04-15,168.2899932861328,169.33999633789062,165.32000732421875,166.35000610351562,155.27987670898438,4739500
2024-04-16,167.47999572753906,168.52000427246094,166.82000732421875,167.58999633789062,156.4373321533203,3389000
2024-04-17,168.3800048828125,168.97999572753906,165.5,165.6999969482422,154.67311096191406,4564900
2024-04-18,163.67999267578125,164.67999267578125,161.5500030517578,163.6699981689453,152.77822875976562,5605500
2024-04-19,163.0800018310547,164.4199981689453,159.11000061035156,159.67999267578125,149.05372619628906,10497600
2024-04-22,160.25999450683594,164.13999938964844,160.0500030517578,163.42999267578125,152.5541534423828,5942400
2024-04-23,163.0399932861328,166.89999389648438,162.4600067138672,165.47000122070312,154.4584197998047,6833600
2024-04-24,178.22999572753906,179.49000549316406,173.61000061035156,174.80999755859375,163.17686462402344,13965900
2024-04-25,176.07000732421875,177.0500030517578,172.25999450683594,175.25,163.58758544921875,9130800
2024-04-26,175.25,178.3000030517578,175.0,177.47999572753906,165.66917419433594,5401900
2024-04-29,177.47999572753906,179.7899932861328,177.30999755859375,179.2899932861328,167.3587188720703,4191500
2024-04-30,178.4199981689453,179.24000549316406,176.30999755859375,176.4199981689453,164.67971801757812,6444300
2024-05-01,175.83999633789062,178.7100067138672,174.39999389648438,175.1999969482422,163.54092407226562,7167700
2024-05-02,179.80999755859375,179.80999755859375,173.64999389648438,175.8000030517578,164.10098266601562,4838300
2024-05-03,177.49000549316406,179.67999267578125,177.42999267578125,178.91000366210938,167.0040283203125,4545100
2024-05-06,179.89999389648438,181.88999938964844,179.27000427246094,181.6699981689453,169.5803680419922,4127400
2024-05-07,181.8699951171875,183.58999633789062,181.6699981689453,182.6699981689453,171.74278259277344,5152700
2024-05-08,181.75999450683594,184.07000732421875,181.49000549316406,183.9499969482422,172.94619750976562,4220900
2024-05-09,184.0,185.75,183.66000366210938,185.32000732421875,174.2342529296875,5843300
2024-05-10,185.8800048828125,187.35000610351562,185.72999572753906,187.0500030517578,175.8607635498047,5606800
2024-05-13,187.0,188.3800048828125,186.6699981689453,187.82000732421875,176.584716796875,3686300
2024-05-14,187.44000244140625,191.4600067138672,187.10000610351562,191.1300048828125,179.6967010498047,4917500
2024-05-15,192.5800018310547,195.61000061035156,191.88999938964844,195.52999877929688,183.83349609375,5936800
2024-05-16,192.60000610351562,195.8699951171875,192.58999633789062,194.97000122070312,183.3069610595703,5371800
2024-05-17,195.0,196.5500030517578,193.8300018310547,195.02000427246094,183.35401916503906,4534200
2024-05-20,195.02000427246094,199.27000427246094,194.5,199.1999969482422,187.283935546875,5282800
2024-05-21,197.1699981689453,199.3000030517578,196.83999633789062,199.00999450683594,187.1053009033203,5489100
2024-05-22,199.97000122070312,203.6199951171875,199.64999389648438,202.5399932861328,190.4241485595703,9119000
2024-05-23,202.60000610351562,202.9499969482422,196.83999633789062,197.2899932861328,185.4881591796875,7125400
2024-05-24,198.8300018310547,199.77000427246094,197.75,199.17999267578125,187.26513671875,4354100
2024-05-28,206.0,206.0,197.91000366210938,199.60000610351562,187.6600341796875,8661000
2024-05-29,196.66000366210938,197.66000366210938,194.75999450683594,194.91000366210938,183.2505645751953,5607800
2024-05-30,195.4499969482422,195.92999267578125,193.75,195.67999267578125,183.97450256347656,5213500
2024-05-31,195.3699951171875,196.69000244140625,190.25999450683594,195.00999450683594,183.34457397460938,9137300
2024-06-03,196.3699951171875,196.6300048828125,191.6999969482422,193.72000122070312,182.1317596435547,4153500
2024-06-04,193.30999755859375,194.42999267578125,192.05999755859375,193.3000030517578,181.7368927001953,7221600
2024-06-05,194.77999877929688,196.22000122070312,193.5399932861328,196.0800018310547,184.3505859375,5988600
2024-06-06,195.97999572753906,196.63999938964844,194.52000427246094,196.24000549316406,184.50100708007812,3905500
2024-06-07,195.9499969482422,197.38999938964844,194.77999877929688,195.61000061035156,183.90872192382812,3308400
2024-06-10,194.17999267578125,197.8000030517578,194.0,197.6199951171875,185.79847717285156,4202400
2024-06-11,197.14999389648438,197.83999633789062,194.47999572753906,197.44000244140625,185.6292266845703,4193200
2024-06-12,199.47000122070312,201.2899932861328,197.3699951171875,198.97999572753906,187.07713317871094,4655700
2024-06-13,195.0,197.44000244140625,194.86000061035156,196.27999877929688,184.5386199951172,3409900
2024-06-14,193.83999633789062,195.6300048828125,193.07000732421875,193.89999389648438,182.30099487304688,3479100
2024-06-17,193.1699981689453,195.19000244140625,192.1699981689453,194.89999389648438,183.2411651611328,3804900
2024-06-18,195.24000549316406,196.7899932861328,194.22999572753906,196.25,184.5104217529297,3036900
2024-06-20,194.5,194.5,192.17999267578125,192.75999450683594,181.22918701171875,5464900
2024-06-21,194.99000549316406,197.47999572753906,193.72000122070312,195.52999877929688,183.83349609375,12516800
2024-06-24,195.5800018310547,196.55999755859375,193.35000610351562,193.91000366210938,182.3103790283203,3655700
2024-06-25,194.94000244140625,194.94000244140625,192.82000732421875,194.47000122070312,182.83689880371094,3456400
2024-06-26,193.80999755859375,194.99000549316406,192.17999267578125,193.10000610351562,181.54885864257812,3301000
2024-06-27,192.6699981689453,193.89999389648438,191.8000030517578,193.42999267578125,181.85911560058594,3874500
2024-06-28,194.14999389648438,197.88999938964844,193.5,194.52999877929688,182.89328002929688,8861000
2024-07-01,193.6300048828125,194.97999572753906,192.74000549316406,194.60000610351562,182.95913696289062,2873600
2024-07-02,194.99000549316406,199.0500030517578,194.4499969482422,198.4199981689453,186.5506134033203,4168700
2024-07-03,198.1300048828125,199.57000732421875,196.10000610351562,198.94000244140625,187.03948974609375,2454800
2024-07-05,200.0,200.14999389648438,197.24000549316406,198.7899932861328,186.8984832763672,2887900
2024-07-08,200.00999450683594,201.7100067138672,199.39999389648438,201.47000122070312,189.41818237304688,3927100
2024-07-09,202.39999389648438,202.39999389648438,199.0800018310547,200.16000366210938,188.18653869628906,3742300
2024-07-10,201.30999755859375,203.77999877929688,201.0,203.6199951171875,191.4395294189453,4559500
2024-07-11,203.80999755859375,204.0,199.8800048828125,199.99000549316406,188.02670288085938,5585400
2024-07-12,202.1199951171875,205.2899932861328,201.30999755859375,201.8699951171875,189.79420471191406,3683800
2024-07-15,201.86000061035156,203.0800018310547,200.8300018310547,201.75999450683594,189.69081115722656,3089500
2024-07-16,203.47999572753906,206.77000427246094,202.58999633789062,206.6199951171875,194.26007080078125,3134400
2024-07-17,205.13999938964844,210.83999633789062,204.02999877929688,204.25999450683594,192.04124450683594,7792500
2024-07-18,204.8300018310547,207.0,203.27999877929688,205.8699951171875,193.554931640625,5497200
2024-07-19,205.36000061035156,206.14999389648438,198.74000549316406,199.10000610351562,187.18994140625,4868000
2024-07-22,203.10000610351562,206.0,201.00999450683594,205.8800048828125,193.56436157226562,6063800
2024-07-23,200.58999633789062,202.97999572753906,197.44000244140625,198.2899932861328,186.42840576171875,6083300
2024-07-24,206.36000061035156,206.5500030517578,196.91000366210938,198.27999877929688,186.4189910888672,11049100
2024-07-25,198.27999877929688,201.72999572753906,194.1199951171875,197.14999389648438,185.3565673828125,9555400
2024-07-26,200.47000122070312,204.3800048828125,199.0800018310547,201.99000549316406,189.9070587158203,5384800
2024-07-29,203.27000427246094,204.1300048828125,200.75999450683594,201.8800048828125,189.80364990234375,3392000
2024-07-30,203.61000061035156,204.49000549316406,199.7100067138672,200.99000549316406,188.96685791015625,6062600
2024-07-31,204.4600067138672,204.4600067138672,199.49000549316406,203.80999755859375,192.86563110351562,7462400
2024-08-01,201.75,204.1199951171875,190.9600067138672,193.3300018310547,182.94839477539062,7958500
2024-08-02,187.50999450683594,189.6199951171875,186.07000732421875,187.4600067138672,177.39361572265625,8050200
2024-08-05,184.61000061035156,188.74000549316406,180.07000732421875,181.19000244140625,171.46029663085938,8659900
2024-08-06,183.52000427246094,190.32000732421875,182.60000610351562,186.9499969482422,176.91098022460938,6210900
2024-08-07,190.24000549316406,191.52000427246094,183.72000122070312,184.07000732421875,174.18565368652344,5013000
2024-08-08,187.22999572753906,194.00999450683594,185.5500030517578,193.3000030517578,182.92001342773438,6180400
2024-08-09,191.02000427246094,193.4499969482422,189.97000122070312,192.2100067138672,181.88853454589844,3066500
2024-08-12,192.4499969482422,193.6300048828125,190.77999877929688,192.05999755859375,181.74658203125,5235900
2024-08-13,193.8000030517578,197.7100067138672,193.39999389648438,197.25,186.65789794921875,4969000
2024-08-14,197.00999450683594,197.3800048828125,193.4499969482422,195.61000061035156,185.10597229003906,3072000
2024-08-15,200.5,203.16000366210938,198.5,201.92999267578125,191.08660888671875,5081900
2024-08-16,201.92999267578125,202.4499969482422,198.17999267578125,200.52999877929688,189.76177978515625,4236400
2024-08-19,200.5399932861328,201.0500030517578,198.0,200.66000366210938,189.88479614257812,3788900
2024-08-20,200.44000244140625,204.4499969482422,198.08999633789062,202.5399932861328,191.663818359375,7111400
2024-08-21,206.35000610351562,210.8800048828125,204.89999389648438,208.3699951171875,197.1807403564453,8119300
2024-08-22,208.4600067138672,209.63999938964844,202.8000030517578,203.77000427246094,192.82777404785156,6879900
2024-08-23,206.82000732421875,210.50999450683594,206.30999755859375,209.8800048828125,198.60968017578125,6112000
2024-08-26,209.0,210.00999450683594,207.5500030517578,208.25,197.06719970703125,5806000
2024-08-27,207.9199981689453,211.11000061035156,207.55999755859375,210.69000244140625,199.3761749267578,4373400
2024-08-28,210.6300048828125,211.27000427246094,205.97000122070312,207.74000549316406,196.58460998535156,3998100
2024-08-29,210.63999938964844,214.41000366210938,209.64999389648438,211.08999633789062,199.7546844482422,5622800
2024-08-30,212.5800018310547,214.66000366210938,211.39999389648438,214.33999633789062,202.8302001953125,5860900
2024-09-03,211.9499969482422,211.9499969482422,201.19000244140625,201.8300018310547,190.99197387695312,9284000
2024-09-04,201.6199951171875,205.74000549316406,200.2899932861328,204.0,193.04542541503906,4650400
2024-09-05,202.3000030517578,204.27000427246094,199.67999267578125,201.5500030517578,190.7269744873047,4107400
2024-09-06,201.5,201.8699951171875,196.72999572753906,197.4499969482422,186.84715270996094,6314400
2024-09-09,202.08999633789062,202.2899932861328,198.99000549316406,201.1699981689453,190.36740112304688,4864100
2024-09-10,201.1699981689453,201.27999877929688,197.02999877929688,199.8000030517578,189.07095336914062,4859400
2024-09-11,199.6999969482422,202.82000732421875,195.0399932861328,202.41000366210938,191.54083251953125,5900500
2024-09-12,201.60000610351562,202.0,194.6699981689453,195.97999572753906,185.45608520507812,7201000
2024-09-13,197.11000061035156,200.8800048828125,196.8300018310547,199.92999267578125,189.19398498535156,4617000
2024-09-16,198.72000122070312,199.5,195.99000549316406,198.47000122070312,187.8123779296875,3717800
2024-09-17,199.44000244140625,202.25,198.92999267578125,201.38999938964844,190.57559204101562,3478500
2024-09-18,202.67999267578125,204.97000122070312,199.9600067138672,200.7100067138672,189.93211364746094,4262100
2024-09-19,207.61000061035156,210.55999755859375,205.69000244140625,207.60000610351562,196.4521484375,5155600
2024-09-20,204.3800048828125,205.25999450683594,201.0800018310547,203.3000030517578,192.38302612304688,14502900
2024-09-23,203.88999938964844,204.82000732421875,202.83999633789062,203.85000610351562,192.90350341796875,2757400
2024-09-24,206.05999755859375,208.4199981689453,204.61000061035156,204.94000244140625,193.93496704101562,5573200
2024-09-25,203.13999938964844,205.3699951171875,203.1199951171875,205.05999755859375,194.0485076904297,4124600
2024-09-26,210.32000732421875,210.57000732421875,205.05999755859375,209.25999450683594,198.02296447753906,4521300
2024-09-27,210.8300018310547,211.72000122070312,208.80999755859375,209.13999938964844,197.909423828125,3074400
2024-09-30,206.10000610351562,208.6999969482422,204.10000610351562,206.57000732421875,195.47743225097656,5459100
2024-10-01,206.05999755859375,207.02000427246094,199.6999969482422,201.60000610351562,190.77432250976562,9039900
2024-10-02,202.91000366210938,205.75,201.7100067138672,203.42999267578125,192.50601196289062,4389400
2024-10-03,201.0800018310547,203.44000244140625,200.27000427246094,201.6699981689453,190.84054565429688,3167000
2024-10-04,206.10000610351562,206.36000061035156,201.33999633789062,202.7100067138672,191.82470703125,4092900
2024-10-07,200.58999633789062,202.77999877929688,199.6699981689453,201.27000427246094,190.46205139160156,2772400
2024-10-08,200.97999572753906,203.25,199.24000549316406,202.2100067138672,191.3515625,6283700
2024-10-09,201.5500030517578,205.5,201.3800048828125,204.97000122070312,193.96336364746094,3214900
2024-10-10,201.9600067138672,203.36000061035156,200.8800048828125,202.47000122070312,191.5975799560547,3649400
2024-10-11,201.3699951171875,205.7899932861328,201.3699951171875,205.11000061035156,194.09580993652344,2815800
2024-10-14,206.13999938964844,208.9600067138672,205.63999938964844,208.66000366210938,197.4552001953125,3291600
2024-10-15,208.02000427246094,208.64999389648438,198.89999389648438,199.83999633789062,189.1088409423828,6818800
2024-10-16,201.97999572753906,202.10000610351562,199.27999877929688,200.69000244140625,189.9131622314453,3311300
2024-10-17,204.89999389648438,204.89999389648438,198.11000061035156,198.3000030517578,187.6515350341797,4686900
2024-10-18,199.47999572753906,199.9600067138672,196.74000549316406,198.47000122070312,187.8123779296875,4029500
2024-10-21,196.74000549316406,197.92999267578125,194.1199951171875,195.77000427246094,185.25738525390625,4948100
2024-10-22,193.61000061035156,195.3000030517578,192.85000610351562,193.97000122070312,183.55404663085938,7910800
2024-10-23,201.0399932861328,203.0,198.0,201.74000549316406,190.90679931640625,10548500
2024-10-24,202.82000732421875,206.91000366210938,201.2100067138672,206.61000061035156,195.51528930664062,9309300
2024-10-25,207.61000061035156,211.38999938964844,206.75,206.92999267578125,195.81808471679688,5103100
2024-10-28,206.3699951171875,207.30999755859375,205.0,205.8300018310547,194.7771453857422,4409000
2024-10-29,206.13999938964844,211.58999633789062,205.30999755859375,211.35000610351562,200.00074768066406,5522800
2024-10-30,208.0,210.80999755859375,207.75,207.92999267578125,196.76438903808594,4914000
2024-10-31,207.9600067138672,207.9600067138672,201.39999389648438,203.16000366210938,193.5162811279297,6543000
2024-11-01,203.0800018310547,206.72000122070312,203.0800018310547,204.9199981689453,195.1927032470703,4208800
2024-11-04,203.49000549316406,205.60000610351562,202.5500030517578,203.66000366210938,193.99252319335938,3693800
2024-11-05,202.07000732421875,205.52000427246094,199.72000122070312,202.4600067138672,192.84950256347656,5253200
2024-11-06,208.92999267578125,215.67999267578125,208.3699951171875,214.97000122070312,204.7656707763672,8527500
2024-11-07,215.8000030517578,218.25,215.57000732421875,217.5399932861328,207.21368408203125,6020800
2024-11-08,217.0500030517578,220.38999938964844,216.2100067138672,220.2899932861328,209.83311462402344,5020700
2024-11-11,218.00999450683594,219.72999572753906,214.3300018310547,215.8699951171875,205.62294006347656,6154700
2024-11-12,215.38999938964844,215.41000366210938,209.0,212.77999877929688,202.67959594726562,4990800
2024-11-13,211.00999450683594,211.85000610351562,205.33999633789062,205.72000122070312,195.95474243164062,7921800
2024-11-14,205.27000427246094,207.07000732421875,204.3800048828125,206.0,196.22145080566406,4783800
2024-11-15,203.85000610351562,204.77000427246094,200.27999877929688,201.1199951171875,191.57308959960938,5970400
2024-11-18,202.1999969482422,207.6699981689453,201.52999877929688,207.17999267578125,197.345458984375,7912100
2024-11-19,205.88999938964844,206.3300018310547,200.99000549316406,201.07000732421875,191.52549743652344,6716000
2024-11-20,198.0800018310547,199.60000610351562,196.47000122070312,198.19000244140625,188.7821807861328,7344400
2024-11-21,198.25,200.42999267578125,195.89999389648438,198.1999969482422,188.79171752929688,8080300
2024-11-22,197.77000427246094,198.91000366210938,196.5,198.0,188.60121154785156,7861300
2024-11-25,201.42999267578125,204.13999938964844,199.9600067138672,202.92999267578125,193.2971649169922,9274400
2024-11-26,206.0,206.91000366210938,199.14999389648438,200.9499969482422,191.41116333007812,5260500
2024-11-27,200.63999938964844,201.4199981689453,197.64999389648438,199.19000244140625,189.7347412109375,4732200
2024-11-29,200.0800018310547,202.50999450683594,199.6999969482422,201.02999877929688,191.48736572265625,3167400
2024-12-02,199.77999877929688,202.41000366210938,198.47999572753906,201.77999877929688,192.20175170898438,6373900
2024-12-03,198.66000366210938,199.97000122070312,197.0,197.22999572753906,187.86773681640625,4743400
2024-12-04,197.6999969482422,198.47000122070312,195.61000061035156,196.64999389648438,187.31529235839844,7172600
2024-12-05,195.75,197.14999389648438,192.2100067138672,192.99000549316406,183.8290252685547,6049100
2024-12-06,193.66000366210938,195.13999938964844,192.60000610351562,193.10000610351562,183.9337921142578,5140700
2024-12-09,192.02999877929688,197.80999755859375,191.60000610351562,193.4499969482422,184.26719665527344,3880300
2024-12-10,193.3300018310547,193.69000244140625,189.44000244140625,190.17999267578125,181.15240478515625,6064200
2024-12-11,192.13999938964844,192.97000122070312,190.2100067138672,191.6999969482422,182.60025024414062,6057800
2024-12-12,190.5,192.25999450683594,189.60000610351562,191.7100067138672,182.60977172851562,4025600
2024-12-13,188.80999755859375,192.22999572753906,188.3000030517578,191.58999633789062,182.49546813964844,4772800
2024-12-16,191.86000061035156,191.97999572753906,189.17999267578125,189.4600067138672,180.4665985107422,5829700
2024-12-17,189.1199951171875,191.5,187.50999450683594,188.1199951171875,179.190185546875,5046100
2024-12-18,188.4499969482422,192.36000061035156,184.80999755859375,185.0,176.2183074951172,8281900
2024-12-19,186.88999938964844,187.36000061035156,183.8800048828125,184.47000122070312,175.7134552001953,6290000
2024-12-20,184.47000122070312,188.47000122070312,183.35000610351562,186.8699951171875,177.99952697753906,11462100
2024-12-23,186.02999877929688,190.4199981689453,186.02999877929688,190.13999938964844,181.1143035888672,4297600
2024-12-24,190.49000549316406,192.47000122070312,190.47000122070312,192.44000244140625,183.3051300048828,1950900
2024-12-26,190.61000061035156,192.72000122070312,190.52000427246094,191.72999572753906,182.62884521484375,2019000
2024-12-27,190.44000244140625,191.77999877929688,189.69000244140625,191.17999267578125,182.10494995117188,3253500
2024-12-30,189.69000244140625,189.69000244140625,187.2100067138672,187.9600067138672,179.0377960205078,4065200
2024-12-31,188.66000366210938,189.10000610351562,186.05999755859375,187.50999450683594,178.60914611816406,3050500
2025-01-02,189.32000732421875,190.1300048828125,184.97000122070312,186.9499969482422,178.07571411132812,4500500
2025-01-03,188.92999267578125,191.13999938964844,187.1999969482422,190.50999450683594,181.4667510986328,4574100
2025-01-06,190.25,193.77000427246094,189.24000549316406,192.17999267578125,183.05746459960938,4682000
2025-01-07,193.82000732421875,195.00999450683594,191.08999633789062,192.2100067138672,183.08604431152344,5035200
2025-01-08,191.8000030517578,192.69000244140625,188.07000732421875,191.66000366210938,182.56214904785156,4230400
2025-01-10,192.91000366210938,192.91000366210938,188.4199981689453,190.14999389648438,181.1238250732422,7223500
2025-01-13,189.8300018310547,191.75999450683594,187.64999389648438,191.08999633789062,182.0192108154297,4799600
2025-01-14,191.5399932861328,193.61000061035156,190.17999267578125,193.5,184.31483459472656,4254200
2025-01-15,195.6699981689453,198.9499969482422,195.6699981689453,197.50999450683594,188.13446044921875,6288600
2025-01-16,195.1699981689453,195.47999572753906,187.13999938964844,187.3699951171875,178.47579956054688,7463300
2025-01-17,192.5399932861328,192.92999267578125,190.02000427246094,192.4199981689453,183.2860870361328,5407500
2025-01-21,191.6699981689453,196.5,191.60000610351562,195.22999572753906,185.96270751953125,9621700
2025-01-22,195.77000427246094,198.67999267578125,195.3000030517578,197.0500030517578,187.6962890625,8222000
2025-01-23,194.82000732421875,200.63999938964844,193.80999755859375,200.61000061035156,191.08729553222656,12694700
2025-01-24,190.0,191.5,185.02999877929688,185.52000427246094,176.71360778808594,15856600
2025-01-27,185.75,190.08999633789062,183.6999969482422,187.02999877929688,178.15194702148438,11771300
2025-01-28,185.52999877929688,185.64999389648438,180.35000610351562,180.57000732421875,171.9985809326172,8720300
2025-01-29,181.02000427246094,181.6699981689453,179.61000061035156,180.27000427246094,171.71282958984375,4183800
2025-01-30,180.5,185.8699951171875,180.27000427246094,185.27000427246094,176.4754638671875,5807100
2025-01-31,183.77999877929688,189.02999877929688,183.0800018310547,184.61000061035156,177.14718627929688,6333700
2025-02-03,183.02999877929688,183.30999755859375,178.39999389648438,180.94000244140625,173.62554931640625,6311500
2025-02-04,180.02000427246094,183.0500030517578,179.5500030517578,180.55999755859375,173.26092529296875,5785700
2025-02-05,179.50999450683594,181.8000030517578,177.69000244140625,181.58999633789062,174.249267578125,5939800
2025-02-06,181.27999877929688,183.63999938964844,180.33999633789062,183.27999877929688,175.8709259033203,5089800
2025-02-07,183.27999877929688,183.4199981689453,179.27999877929688,180.0,172.72352600097656,5380500
2025-02-10,181.35000610351562,181.57000732421875,179.10000610351562,180.30999755859375,173.02101135253906,3827100
2025-02-11,179.35000610351562,181.92999267578125,179.0,179.25,172.00384521484375,3795300
2025-02-12,177.47999572753906,180.44000244140625,176.75999450683594,179.99000549316406,172.71395874023438,5364200
2025-02-13,179.14999389648438,182.3000030517578,178.61000061035156,180.8000030517578,173.49122619628906,3737300
2025-02-14,181.50999450683594,184.72000122070312,181.05999755859375,183.02999877929688,175.63104248046875,4137900
2025-02-18,182.66000366210938,187.16000366210938,182.66000366210938,186.4600067138672,178.92239379882812,4578700
2025-02-19,189.74000549316406,197.9600067138672,188.72999572753906,196.32000732421875,188.3838348388672,8438300
2025-02-20,199.32000732421875,204.25999450683594,197.91000366210938,203.9600067138672,195.7149658203125,9190100
2025-02-21,204.66000366210938,205.75,201.30999755859375,202.0,193.8341827392578,7349900
2025-02-24,202.13999938964844,205.41000366210938,200.35000610351562,200.74000549316406,192.62513732910156,7675900
2025-02-25,201.47000122070312,202.58999633789062,198.44000244140625,199.97999572753906,191.89585876464844,7441700
2025-02-26,199.97999572753906,200.02999877929688,195.77999877929688,198.24000549316406,190.22618103027344,5611600
2025-02-27,197.5,198.1300048828125,191.14999389648438,191.3000030517578,183.56674194335938,7761700
2025-02-28,193.2899932861328,196.25,191.49000549316406,195.99000549316406,188.06715393066406,9024500
2025-03-03,199.00999450683594,200.25,193.58999633789062,194.38999938964844,186.5318145751953,6141300
2025-03-04,196.3699951171875,198.92999267578125,193.02000427246094,194.83999633789062,186.96363830566406,7159200
2025-03-05,195.22000122070312,197.0,190.75999450683594,195.57000732421875,187.66412353515625,5484400
2025-03-06,191.75999450683594,193.9199981689453,188.5,189.33999633789062,181.6859588623047,7120200
2025-03-07,189.25999450683594,191.27000427246094,185.72000122070312,190.52000427246094,182.81826782226562,7706800
2025-03-10,187.6199951171875,189.47000122070312,183.41000366210938,186.49000549316406,178.95118713378906,9161400
2025-03-11,188.11000061035156,188.3300018310547,176.91000366210938,177.33999633789062,170.1710662841797,7981400
2025-03-12,178.25,179.6199951171875,174.75,175.6999969482422,168.5973663330078,5436100
2025-03-13,175.0800018310547,176.97000122070312,172.08999633789062,173.60000610351562,166.58224487304688,5277200
2025-03-14,175.60000610351562,176.86000061035156,175.07000732421875,176.4199981689453,169.2882537841797,4927900
2025-03-17,176.10000610351562,181.2899932861328,175.97000122070312,179.99000549316406,172.71395874023438,4940400
2025-03-18,179.6999969482422,179.77000427246094,177.61000061035156,179.4499969482422,172.19577026367188,4077700
2025-03-19,179.6699981689453,183.66000366210938,178.7100067138672,181.74000549316406,174.3931884765625,5675000
2025-03-20,179.41000366210938,181.80999755859375,178.5,180.67999267578125,173.37603759765625,4980000
2025-03-21,178.52999877929688,179.83999633789062,177.0399932861328,179.0,171.76394653320312,11822900
2025-03-24,182.9499969482422,187.47999572753906,182.52999877929688,185.50999450683594,178.01080322265625,5694900
2025-03-25,184.49000549316406,186.83999633789062,183.5500030517578,183.97000122070312,176.53306579589844,4357200
2025-03-26,184.25999450683594,186.00999450683594,183.27999877929688,184.49000549316406,177.0320281982422,5814200
2025-03-27,183.02000427246094,183.02000427246094,177.52000427246094,180.75999450683594,173.45281982421875,5035900
2025-03-28,179.66000366210938,180.72999572753906,175.5800018310547,176.3300018310547,169.20188903808594,5490600
2025-03-31,175.4199981689453,180.1999969482422,173.9600067138672,179.6999969482422,172.43565368652344,9222700
2025-04-01,179.27999877929688,179.55999755859375,174.27000427246094,177.99000549316406,170.79481506347656,5965400
2025-04-02,175.82000732421875,179.92999267578125,175.19000244140625,178.19000244140625,170.98670959472656,4368900
2025-04-03,171.83999633789062,174.19000244140625,164.0,164.1999969482422,157.56224060058594,11895300
2025-04-04,159.6699981689453,161.07000732421875,150.9600067138672,151.38999938964844,145.27008056640625,14976900
2025-04-07,150.91000366210938,162.89999389648438,145.1999969482422,154.0,147.7745819091797,18337200
2025-04-08,156.75,159.02999877929688,143.30999755859375,146.00999450683594,140.10757446289062,13902800
2025-04-09,145.1699981689453,172.82000732421875,144.25,169.5,162.64801025390625,21578500
2025-04-10,160.7899932861328,162.92999267578125,150.02000427246094,156.60000610351562,150.2694854736328,16019500
2025-04-11,144.0,149.8800048828125,139.9499969482422,147.60000610351562,141.63330078125,21113300
2025-04-14,151.0399932861328,153.58999633789062,149.13999938964844,150.97999572753906,144.87664794921875,10356600
2025-04-15,151.4199981689453,152.6999969482422,149.85000610351562,151.17999267578125,145.06857299804688,6958900
2025-04-16,147.22999572753906,149.72999572753906,142.55999755859375,146.5500030517578,140.62574768066406,10862500
2025-04-17,147.32000732421875,150.19000244140625,145.9199981689453,148.44000244140625,142.43936157226562,5739200
2025-04-21,145.4600067138672,146.74000549316406,142.63999938964844,145.61000061035156,139.72373962402344,8275000
2025-04-22,145.8699951171875,148.24000549316406,145.0800018310547,146.75999450683594,140.82725524902344,9139900
2025-04-23,153.1699981689453,155.33999633789062,151.27999877929688,152.14999389648438,145.99935913085938,14125000
2025-04-24,164.6300048828125,165.0,158.4199981689453,162.1300048828125,155.57591247558594,18950400
2025-04-25,161.83999633789062,163.6999969482422,160.52000427246094,162.86000061035156,156.2764129638672,8383300
2025-04-28,163.35000610351562,163.5399932861328,159.72000122070312,162.44000244140625,155.87338256835938,5170500
2025-04-29,159.49000549316406,162.35000610351562,158.75,160.77000427246094,154.27090454101562,6566500
2025-04-30,156.3699951171875,160.6300048828125,154.89999389648438,160.0500030517578,154.89027404785156,6158600
2025-05-01,160.83999633789062,162.07000732421875,158.05999755859375,158.25999450683594,153.15797424316406,6124900
2025-05-02,161.74000549316406,166.35000610351562,161.0800018310547,164.50999450683594,159.2064971923828,7642400
2025-05-05,162.42999267578125,164.10000610351562,161.11000061035156,162.4199981689453,157.18385314941406,4803600
2025-05-06,160.30999755859375,162.00999450683594,159.11000061035156,161.08999633789062,155.89674377441406,4531400
2025-05-07,162.3300018310547,165.52000427246094,161.89999389648438,164.7899932861328,159.47744750976562,5669700
2025-05-08,166.9199981689453,168.42999267578125,164.63999938964844,165.63999938964844,160.300048828125,5171200
2025-05-09,170.07000732421875,172.60000610351562,169.61000061035156,172.27000427246094,166.71630859375,8655100
2025-05-12,185.64999389648438,189.36000061035156,185.11000061035156,187.27999877929688,181.242431640625,16210400
2025-05-13,186.33999633789062,189.50999450683594,186.33999633789062,188.1999969482422,182.1327362060547,9837500
2025-05-14,187.47000122070312,187.72999572753906,185.0500030517578,187.33999633789062,181.30047607421875,6552300
2025-05-15,186.1699981689453,189.75999450683594,185.50999450683594,187.8300018310547,181.77468872070312,5534000
2025-05-16,189.30999755859375,189.30999755859375,186.80999755859375,188.5,182.42308044433594,4518700
2025-05-19,185.0,188.47999572753906,184.25,188.33999633789062,182.26824951171875,6460900
2025-05-20,188.33999633789062,189.0,186.9199981689453,188.7100067138672,182.62632751464844,5289200
2025-05-21,186.5,189.89999389648438,184.72999572753906,185.4199981689453,179.4423828125,8977400
2025-05-22,185.94000244140625,186.91000366210938,179.97999572753906,180.2100067138672,174.40036010742188,7500800
2025-05-23,177.00999450683594,177.2899932861328,173.75,176.3000030517578,170.6164093017578,7416700
2025-05-27,179.10000610351562,183.3300018310547,177.83999633789062,183.24000549316406,177.33267211914062,7939400
2025-05-28,183.35000610351562,185.9199981689453,183.08999633789062,184.14999389648438,178.21331787109375,5752800
2025-05-29,186.24000549316406,186.47999572753906,182.92999267578125,184.99000549316406,179.02626037597656,4533800
2025-05-30,184.97999572753906,185.13999938964844,179.75999450683594,182.85000610351562,176.95523071289062,15101100
2025-06-02,181.85000610351562,184.7100067138672,181.61000061035156,184.2100067138672,178.27139282226562,5648300
2025-06-03,183.24000549316406,188.5,182.6199951171875,188.0800018310547,182.01663208007812,5612600
2025-06-04,188.91000366210938,192.10000610351562,188.47999572753906,190.72000122070312,184.57151794433594,5780600
2025-06-05,192.91000366210938,194.2899932861328,189.32000732421875,190.49000549316406,184.3489227294922,6017700
2025-06-06,193.69000244140625,194.83999633789062,192.25999450683594,192.4199981689453,186.21670532226562,5338800
2025-06-09,193.74000549316406,200.42999267578125,193.47000122070312,199.2100067138672,192.78782653808594,6869700
2025-06-10,199.97999572753906,203.1699981689453,199.47999572753906,202.2899932861328,195.76852416992188,6247700
2025-06-11,203.30999755859375,203.35000610351562,198.14999389648438,199.69000244140625,193.25234985351562,5062100
2025-06-12,198.25,200.32000732421875,198.11000061035156,199.66000366210938,193.2233123779297,3257600
2025-06-13,196.08999633789062,199.0399932861328,194.47000122070312,195.0,188.7135467529297,5138200
2025-06-16,197.27999877929688,199.86000061035156,196.60000610351562,199.22000122070312,192.79750061035156,5864500
2025-06-17,198.0,200.6199951171875,196.8800048828125,197.69000244140625,191.3168182373047,4656300
2025-06-18,198.60000610351562,200.57000732421875,197.2899932861328,198.35000610351562,191.95555114746094,3742000
2025-06-20,200.41000366210938,200.92999267578125,196.5800018310547,198.1999969482422,191.8103790283203,12910000
2025-06-23,199.0,201.8300018310547,198.36000061035156,201.38999938964844,194.89755249023438,4565400
2025-06-24,203.22999572753906,206.1999969482422,203.0,205.80999755859375,199.17503356933594,7597800
2025-06-25,206.02999877929688,206.4199981689453,203.30999755859375,205.3800048828125,198.75892639160156,4748300
2025-06-26,206.30999755859375,207.32000732421875,205.77000427246094,206.30999755859375,199.658935546875,4579200
2025-06-27,205.5,207.69000244140625,205.2899932861328,207.0800018310547,200.40411376953125,8585100
2025-06-30,207.08999633789062,208.3800048828125,206.44000244140625,207.6199951171875,200.9266815185547,5319900
2025-07-01,207.0,211.67999267578125,206.49000549316406,210.4499969482422,203.6654510498047,5856200
2025-07-02,210.44000244140625,216.17999267578125,209.47999572753906,215.58999633789062,208.63975524902344,5533400
2025-07-03,215.25,216.94000244140625,214.72000122070312,216.02000427246094,209.055908203125,2561100
2025-07-07,215.02000427246094,215.6300048828125,212.1999969482422,213.41000366210938,206.53004455566406,5221400
2025-07-08,215.0,219.3699951171875,214.02000427246094,216.6300048828125,209.64622497558594,6844600
2025-07-09,216.94000244140625,218.89999389648438,215.1999969482422,216.38999938964844,209.41395568847656,5231400
2025-07-10,219.27999877929688,220.77999877929688,217.55999755859375,219.66000366210938,212.5785369873047,3971400
2025-07-11,219.75,221.69000244140625,218.22000122070312,221.25,214.11729431152344,5396300
2025-07-14,219.41000366210938,220.25999450683594,217.3000030517578,220.0500030517578,212.95596313476562,4723600
2025-07-15,220.77000427246094,221.39999389648438,217.97000122070312,218.36000061035156,211.32046508789062,4419700
2025-07-16,218.39999389648438,218.61000061035156,211.7100067138672,216.63999938964844,209.65589904785156,6420900
2025-07-17,216.13999938964844,217.0,215.49000549316406,216.58999633789062,209.60751342773438,4920100
2025-07-18,218.49000549316406,218.64999389648438,215.91000366210938,216.6199951171875,209.6365509033203,4550100
2025-07-21,217.44000244140625,219.0,214.2100067138672,214.57000732421875,207.6526336669922,8269800
2025-07-22,214.0399932861328,216.0,212.16000366210938,214.9199981689453,207.99136352539062,11730800
2025-07-23,194.89999389648438,195.0,185.2899932861328,186.25,180.24563598632812,30755700
2025-07-24,186.4199981689453,187.88999938964844,185.02999877929688,185.69000244140625,179.70370483398438,9049500
2025-07-25,185.6999969482422,185.8800048828125,183.1999969482422,184.99000549316406,179.02626037597656,7031800
2025-07-28,187.8800048828125,190.5399932861328,187.75,189.25,183.14892578125,8586800
2025-07-29,189.7100067138672,192.88999938964844,188.89999389648438,191.3800048828125,185.2102508544922,7144700
2025-07-30,192.14999389648438,192.5800018310547,188.3000030517578,189.52000427246094,183.4102020263672,6985100
2025-07-31,186.13999938964844,186.91000366210938,179.80999755859375,181.05999755859375,176.4894256591797,10144000
2025-08-01,179.6300048828125,181.58999633789062,177.9199981689453,180.86000061035156,176.2944793701172,6625100
2025-08-04,181.72000122070312,183.4499969482422,180.6300048828125,182.72999572753906,178.11727905273438,4682700
2025-08-05,184.9499969482422,186.49000549316406,183.58999633789062,185.39999389648438,180.7198944091797,5761900
2025-08-06,184.69000244140625,186.89999389648438,184.0,185.91000366210938,181.21701049804688,7089000
2025-08-07,190.75999450683594,191.49000549316406,184.72999572753906,185.91000366210938,181.21701049804688,6563900
2025-08-08,185.69000244140625,187.63999938964844,184.66000366210938,187.22000122070312,182.4939422607422,5946200
2025-08-11,187.44000244140625,188.8699951171875,183.39999389648438,183.7100067138672,179.0725555419922,6457800
2025-08-12,185.27999877929688,193.83999633789062,185.22000122070312,192.97000122070312,188.0988006591797,9961500
2025-08-13,193.5800018310547,194.1199951171875,190.9600067138672,193.2899932861328,188.41070556640625,4966300
2025-08-14,191.17999267578125,194.24000549316406,190.02999877929688,193.7100067138672,188.8201141357422,3917300
2025-08-15,193.60000610351562,195.3699951171875,192.49000549316406,194.57000732421875,189.6584014892578,5872900
2025-08-18,194.57000732421875,195.52000427246094,193.5,194.3300018310547,189.42445373535156,2763600
2025-08-19,194.6699981689453,197.64999389648438,193.7899932861328,195.94000244140625,190.9938201904297,5491100
2025-08-20,197.5,201.22999572753906,193.4499969482422,200.77000427246094,195.701904296875,8107300
2025-08-21,199.5800018310547,202.17999267578125,199.4499969482422,200.7100067138672,195.64340209960938,5291100
2025-08-22,202.0800018310547,209.08999633789062,201.88999938964844,206.05999755859375,200.8583526611328,6177700
2025-08-25,206.0,207.0,204.5399932861328,205.97000122070312,200.7706298828125,3442600
2025-08-26,205.77999877929688,207.41000366210938,205.24000549316406,205.97999572753906,200.78038024902344,4549700
2025-08-27,204.9600067138672,205.6999969482422,203.25,205.47000122070312,200.2832489013672,4189700
2025-08-28,205.8300018310547,207.1300048828125,203.61000061035156,204.08999633789062,198.93807983398438,6166400
2025-08-29,203.50999450683594,204.0500030517578,201.55999755859375,202.47999572753906,197.3687286376953,5372700
2025-09-02,199.3800048828125,200.1699981689453,196.75999450683594,199.80999755859375,194.76612854003906,6238400
2025-09-03,199.22000122070312,200.0800018310547,191.3800048828125,195.74000549316406,190.7988739013672,7039600
2025-09-04,183.75999450683594,188.67999267578125,181.69000244140625,187.2899932861328,182.56216430664062,11335900
2025-09-05,187.0800018310547,189.27999877929688,185.2899932861328,187.92999267578125,183.18601989746094,9491200
2025-09-08,188.14999389648438,188.3699951171875,183.07000732421875,185.82000732421875,181.12928771972656,9701200
2025-09-09,184.39999389648438,185.66000366210938,183.66000366210938,185.02999877929688,180.35922241210938,6135000
2025-09-10,185.0399932861328,185.49000549316406,182.94000244140625,184.00999450683594,179.36497497558594,5957500
2025-09-11,184.50999450683594,184.80999755859375,182.25999450683594,184.35000610351562,179.6964111328125,6596000
2025-09-12,184.11000061035156,184.33999633789062,182.33999633789062,182.60000610351562,177.99057006835938,6284200
2025-09-15,175.8800048828125,179.22000122070312,174.00999450683594,178.1999969482422,173.70162963867188,11658400
2025-09-16,178.74000549316406,181.13999938964844,177.27999877929688,177.6300048828125,173.1460418701172,7920300
2025-09-17,177.83999633789062,182.57000732421875,177.61000061035156,180.3000030517578,175.74862670898438,7209700
2025-09-18,183.24000549316406,183.72000122070312,180.30999755859375,181.6199951171875,177.03529357910156,7937100
2025-09-19,182.58999633789062,183.25,178.1699981689453,179.3699951171875,174.84210205078125,16206700
2025-09-22,179.39999389648438,181.41000366210938,179.30999755859375,179.6199951171875,175.08578491210938,7030300
2025-09-23,179.8699951171875,182.6699981689453,179.67999267578125,182.0399932861328,177.44468688964844,5900800
2025-09-24,181.72000122070312,185.16000366210938,181.10000610351562,184.44000244140625,179.7841033935547,5905100
2025-09-25,183.64999389648438,183.66000366210938,180.11000061035156,182.0399932861328,177.44468688964844,4042300
2025-09-26,185.9600067138672,187.2899932861328,183.07000732421875,184.5500030517578,179.891357421875,6206300
2025-09-29,185.47000122070312,186.10000610351562,183.0,183.22999572753906,178.6046600341797,5090700
2025-09-30,182.75,183.97000122070312,181.30999755859375,183.72999572753906,179.092041015625,3873100
2025-10-01,181.97000122070312,184.50999450683594,178.3300018310547,180.38999938964844,175.8363494873047,7705000
2025-10-02,180.77000427246094,184.6199951171875,179.83999633789062,182.32000732421875,177.71763610839844,6798000
2025-10-03,182.77999877929688,185.4600067138672,180.16000366210938,180.32000732421875,175.7681427001953,5167600
2025-10-06,181.0,183.22999572753906,179.3000030517578,181.80999755859375,177.2205047607422,6019800
2025-10-07,181.75999450683594,182.02000427246094,176.9600067138672,177.0500030517578,172.58067321777344,5396100
2025-10-08,176.8300018310547,181.92999267578125,176.8300018310547,181.60000610351562,177.01580810546875,6377700
2025-10-09,180.49000549316406,180.6999969482422,177.6199951171875,178.9600067138672,174.44247436523438,5006100
2025-10-10,179.6199951171875,181.57000732421875,171.5,171.6999969482422,167.36572265625,9630200
2025-10-13,172.8300018310547,176.10000610351562,172.39999389648438,175.11000061035156,170.68963623046875,8610300
2025-10-14,171.97000122070312,176.27000427246094,171.4499969482422,173.94000244140625,169.54916381835938,9919400
2025-10-15,174.02000427246094,176.16000366210938,171.1300048828125,175.27000427246094,170.84561157226562,9416800
2025-10-16,175.38999938964844,177.5,174.05999755859375,175.47999572753906,171.05029296875,7188200
2025-10-17,175.0500030517578,177.6300048828125,174.57000732421875,176.5800018310547,172.12254333496094,5082600
2025-10-20,172.50999450683594,181.11000061035156,172.50999450683594,179.58999633789062,175.05654907226562,6620200
2025-10-21,179.47000122070312,181.83999633789062,178.83999633789062,180.83999633789062,176.27499389648438,10301500
2025-10-22,163.9600067138672,173.0800018310547,163.0399932861328,170.7100067138672,166.4007110595703,25834500
2025-10-23,170.0,173.75999450683594,169.75,172.19000244140625,167.84336853027344,8412500
2025-10-24,174.00999450683594,174.14999389648438,168.7899932861328,169.1300048828125,164.860595703125,7691800
2025-10-27,169.82000732421875,170.3699951171875,168.67999267578125,169.41000366210938,165.133544921875,8606300
2025-10-28,169.13999938964844,169.50999450683594,166.49000549316406,166.91000366210938,162.69664001464844,9646600
2025-10-29,166.72000122070312,166.72000122070312,159.8300018310547,160.25999450683594,156.21450805664062,11961900
2025-10-30,160.14999389648438,162.63999938964844,159.97000122070312,160.50999450683594,156.45819091796875,9477600
2025-10-31,158.36000061035156,162.0,157.8000030517578,161.4600067138672,158.78900146484375,8707900
2025-11-03,162.33999633789062,163.4499969482422,160.07000732421875,161.4600067138672,158.78900146484375,5208300
2025-11-04,161.17999267578125,162.30999755859375,158.1300048828125,159.36000061035156,156.72372436523438,11462300
2025-11-05,159.38999938964844,165.6199951171875,159.38999938964844,163.57000732421875,160.86410522460938,9770200
2025-11-06,162.75,163.80999755859375,161.08999633789062,161.3800048828125,158.7103271484375,5859500
2025-11-07,160.3800048828125,160.60000610351562,156.88999938964844,160.5500030517578,157.89404296875,8837700
2025-11-10,162.0,163.3699951171875,158.49000549316406,160.5800018310547,157.92355346679688,7677900
2025-11-11,160.4199981689453,162.1699981689453,159.24000549316406,159.72999572753906,157.0876007080078,7274200
2025-11-12,160.85000610351562,164.52999877929688,160.39999389648438,163.08999633789062,160.3920135498047,6241200
2025-11-13,162.52999877929688,165.44000244140625,161.47999572753906,162.22999572753906,159.54623413085938,7719600
2025-11-14,160.5,160.8800048828125,158.3000030517578,159.3300018310547,156.6942138671875,6041500
2025-11-17,158.6300048828125,159.75,153.5399932861328,154.99000549316406,152.42601013183594,7343400
2025-11-18,154.5500030517578,158.08999633789062,153.5399932861328,157.32000732421875,154.71746826171875,8164700
2025-11-19,156.57000732421875,159.1699981689453,155.1300048828125,157.08999633789062,154.49127197265625,5568500
2025-11-20,158.16000366210938,159.25,152.72999572753906,153.3300018310547,150.79347229003906,7890900
2025-11-21,153.4199981689453,161.16000366210938,153.41000366210938,159.39999389648438,156.7630615234375,11711300
2025-11-24,159.72000122070312,162.6999969482422,158.97000122070312,161.25999450683594,158.59228515625,9466500
2025-11-25,159.72000122070312,161.9499969482422,158.69000244140625,161.77000427246094,159.0938720703125,7406700
2025-11-26,162.32000732421875,167.0399932861328,162.0500030517578,165.35000610351562,162.61465454101562,7346300
2025-11-28,166.0399932861328,169.25,165.4199981689453,168.27000427246094,165.486328125,4018100
2025-12-01,166.83999633789062,169.6699981689453,166.52999877929688,168.16000366210938,165.37814331054688,6170800
2025-12-02,168.7100067138672,177.8800048828125,168.00999450683594,175.25999450683594,172.36068725585938,9438900
2025-12-03,176.82000732421875,183.0,175.5800018310547,182.60000610351562,179.57928466796875,9259300
2025-12-04,183.24000549316406,183.91000366210938,178.94000244140625,180.1199951171875,177.1403045654297,6724100
2025-12-05,180.8699951171875,184.75999450683594,180.6300048828125,182.5399932861328,179.52024841308594,6584600
2025-12-08,183.50999450683594,183.6999969482422,179.52999877929688,180.94000244140625,177.9467315673828,6427600
2025-12-09,179.91000366210938,181.8800048828125,179.39999389648438,179.52000427246094,176.5502166748047,3760400
2025-12-10,177.8300018310547,182.72000122070312,177.5,181.6699981689453,178.66464233398438,5268900
2025-12-11,180.27999877929688,182.02000427246094,179.17999267578125,181.6699981689453,178.66464233398438,4838000
2025-12-12,181.7899932861328,183.22999572753906,178.64999389648438,179.4199981689453,176.45187377929688,5980500
2025-12-15,175.35000610351562,179.36000061035156,174.0,177.97000122070312,175.02587890625,9037500
2025-12-16,178.33999633789062,179.02999877929688,176.0,177.55999755859375,174.6226348876953,5746900
2025-12-17,177.8699951171875,179.63999938964844,173.69000244140625,174.49000549316406,171.60342407226562,8865600
2025-12-18,176.8000030517578,178.89999389648438,175.89999389648438,176.19000244140625,173.2753143310547,8546200
2025-12-19,175.72000122070312,178.24000549316406,175.58999633789062,176.2899932861328,173.37364196777344,19091700
2025-12-22,179.49000549316406,179.89999389648438,177.97000122070312,178.82000732421875,175.86180114746094,5373100
2025-12-23,178.27000427246094,178.61000061035156,176.67999267578125,177.0800018310547,174.1505889892578,3500300
2025-12-24,177.33999633789062,178.02000427246094,176.8000030517578,177.1300048828125,174.19976806640625,1266500
2025-12-26,177.72000122070312,178.52000427246094,176.42999267578125,176.8800048828125,173.9539031982422,3191100
2025-12-29,176.50999450683594,177.64999389648438,175.10000610351562,175.69000244140625,172.78358459472656,4163200
2025-12-30,175.9499969482422,176.47000122070312,175.25,175.4199981689453,172.51805114746094,3904600
2025-12-31,175.8000030517578,176.17999267578125,173.44000244140625,173.49000549316406,170.61997985839844,3426900
2026-01-02,174.97000122070312,178.88999938964844,174.91000366210938,177.52000427246094,174.58331298828125,6133600
2026-01-05,178.02000427246094,182.88999938964844,176.88999938964844,177.1699981689453,174.23910522460938,6755000
2026-01-06,180.08999633789062,192.9199981689453,180.08999633789062,192.10000610351562,188.92210388183594,13219400
2026-01-07,188.47000122070312,190.72000122070312,184.49000549316406,185.7100067138672,182.63783264160156,8341300
2026-01-08,182.8300018310547,189.0800018310547,182.5500030517578,188.4499969482422,185.33248901367188,6857300
2026-01-09,188.8000030517578,191.39999389648438,187.50999450683594,190.30999755859375,187.16172790527344,6018300
2026-01-12,188.85000610351562,190.82000732421875,188.0,189.07000732421875,185.94224548339844,6502600
2026-01-13,189.27999877929688,189.75,187.64999389648438,188.52999877929688,185.4111785888672,4135000
2026-01-14,187.5,193.61000061035156,187.44000244140625,193.4499969482422,190.24977111816406,7988800
2026-01-15,194.92999267578125,196.63999938964844,188.77000427246094,189.1199951171875,185.99139404296875,6942600
2026-01-16,190.22999572753906,192.47000122070312,190.07000732421875,191.5800018310547,188.4107208251953,6944800
2026-01-20,190.24000549316406,192.42999267578125,187.9499969482422,189.58999633789062,186.45361328125,9516600
2026-01-21,191.4499969482422,196.1300048828125,191.25999450683594,194.41000366210938,191.1938934326172,7272000
2026-01-22,197.3000030517578,199.42999267578125,193.67999267578125,194.99000549316406,191.76431274414062,7264000
2026-01-23,195.75999450683594,196.41000366210938,191.1300048828125,193.30999755859375,190.11209106445312,6691300
2026-01-26,193.30999755859375,196.83999633789062,192.44000244140625,196.58999633789062,193.33782958984375,9169300
2026-01-27,194.69000244140625,198.41000366210938,194.33999633789062,196.6300048828125,193.37718200683594,10748800
2026-01-28,203.86000061035156,216.58999633789062,203.72000122070312,216.1699981689453,212.59393310546875,19603400
2026-01-29,216.39999389648438,222.0,214.82000732421875,218.97000122070312,215.3476104736328,14120000
2026-01-30,216.05999755859375,216.4600067138672,213.05999755859375,215.5500030517578,213.36785888671875,9086800
2026-02-02,215.44000244140625,225.25999450683594,214.83999633789062,225.00999450683594,222.73208618164062,11194900
2026-02-03,224.24000549316406,228.8300018310547,222.6999969482422,225.2100067138672,222.93006896972656,15207600
2026-02-04,222.1300048828125,228.2899932861328,218.66000366210938,222.9199981689453,220.66323852539062,14542500
2026-02-05,221.64999389648438,225.82000732421875,218.89999389648438,223.97999572753906,221.7125244140625,11044200
2026-02-06,225.6300048828125,226.75999450683594,218.58999633789062,221.44000244140625,219.1982421875,9397500
2026-02-09,221.25999450683594,222.16000366210938,218.24000549316406,218.77000427246094,216.55526733398438,9246700
2026-02-10,216.8300018310547,222.0800018310547,216.1300048828125,220.9199981689453,218.68348693847656,5101000
2026-02-11,223.1300048828125,231.32000732421875,223.1300048828125,226.55999755859375,224.26638793945312,9132600
2026-02-12,226.67999267578125,229.5,221.8699951171875,223.0,220.74244689941406,8474700
2026-02-13,221.6699981689453,226.88999938964844,221.5399932861328,226.16000366210938,223.87045288085938,5011900
2026-02-17,226.52999877929688,228.4499969482422,222.80999755859375,225.69000244140625,223.40521240234375,5454800
2026-02-18,229.8800048828125,230.0,221.36000061035156,223.32000732421875,221.0592041015625,6667800
2026-02-19,221.14999389648438,222.0399932861328,217.4199981689453,218.0500030517578,215.84254455566406,5002200
2026-02-20,216.74000549316406,220.1999969482422,216.52999877929688,219.72999572753906,217.50552368164062,5457500
2026-02-23,218.89999389648438,222.7899932861328,218.89999389648438,219.86000061035156,217.6342315673828,7877400
2026-02-24,220.72000122070312,224.1699981689453,209.58999633789062,213.35000610351562,211.19012451171875,9494300
2026-02-25,214.39999389648438,215.89999389648438,210.22999572753906,213.89999389648438,211.73455810546875,6997300
2026-02-26,214.4499969482422,216.08999633789062,210.14999389648438,212.6300048828125,210.47743225097656,6041500
2026-02-27,211.22999572753906,212.6300048828125,208.25,212.11000061035156,209.96267700195312,8275100
2026-03-02,211.0399932861328,211.47000122070312,207.30999755859375,209.82000732421875,207.6958770751953,6811300
2026-03-03,205.88999938964844,206.57000732421875,201.75999450683594,202.6699981689453,200.61825561523438,7496500
2026-03-04,204.36000061035156,205.30999755859375,201.5,202.38999938964844,200.34107971191406,5451500
2026-03-05,200.91000366210938,201.94000244140625,194.77000427246094,197.97999572753906,195.97572326660156,8051800
2026-03-06,192.5,195.0500030517578,191.14999389648438,193.22999572753906,191.2738037109375,7220500
2026-03-09,192.75,197.16000366210938,189.67999267578125,196.1999969482422,194.2137451171875,7597500
2026-03-10,195.63999938964844,200.17999267578125,195.4499969482422,197.4600067138672,195.46099853515625,5929200
2026-03-11,198.5800018310547,201.42999267578125,197.49000549316406,198.6699981689453,196.6587371826172,4995200
2026-03-12,193.64999389648438,194.75999450683594,189.75,190.0500030517578,188.1260223388672,8156800
2026-03-13,191.47000122070312,193.75,190.13999938964844,190.77999877929688,188.84861755371094,3688400
2026-03-16,194.32000732421875,196.25999450683594,192.42999267578125,194.1300048828125,192.1647186279297,4754900
2026-03-17,195.8699951171875,196.42999267578125,193.77000427246094,194.4499969482422,192.48146057128906,3385200
2026-03-18,194.44000244140625,195.5399932861328,189.99000549316406,190.77999877929688,188.84861755371094,5069200
2026-03-19,187.77000427246094,190.0,184.89999389648438,188.2899932861328,186.38381958007812,5868100
2026-03-20,188.52000427246094,190.3300018310547,185.83999633789062,187.19000244140625,185.2949676513672,15025200
2026-03-23,194.60000610351562,194.97000122070312,188.42999267578125,188.6300048828125,186.72039794921875,7452800
2026-03-24,186.9499969482422,196.39999389648438,186.9499969482422,194.6300048828125,192.65965270996094,7015200
2026-03-25,197.52000427246094,198.97000122070312,195.52000427246094,196.77000427246094,194.77796936035156,4505800
2026-03-26,196.10000610351562,197.07000732421875,192.8800048828125,193.41000366210938,191.45199584960938,6314400
2026-03-27,191.7100067138672,192.97000122070312,189.3300018310547,190.3300018310547,188.40316772460938,5792700
2026-03-30,191.61000061035156,192.7100067138672,184.9499969482422,186.4199981689453,184.5327606201172,6024700
2026-03-31,190.27999877929688,194.55999755859375,188.47000122070312,194.13999938964844,192.17459106445312,7277900
2026-04-01,194.27999877929688,197.25999450683594,194.27999877929688,196.3000030517578,194.31272888183594,5432000
2026-04-02,192.3800048828125,196.07000732421875,191.0,194.8699951171875,192.897216796875,3408100
2026-04-06,196.99000549316406,199.55999755859375,195.89999389648438,199.4199981689453,197.40115356445312,4235600
2026-04-07,198.50999450683594,200.3800048828125,195.4600067138672,199.74000549316406,197.71792602539062,4659000
2026-04-08,206.64999389648438,209.86000061035156,206.16000366210938,208.89999389648438,206.78517150878906,7454600
2026-04-09,212.57000732421875,215.92999267578125,210.8800048828125,214.97999572753906,212.80361938476562,5499100
2026-04-10,216.3800048828125,217.32000732421875,213.9199981689453,214.72999572753906,212.55616760253906,4268000
2026-04-13,213.9499969482422,217.1999969482422,212.11000061035156,216.7100067138672,214.51612854003906,4630500
2026-04-14,217.19000244140625,219.49000549316406,214.35000610351562,218.8699951171875,216.65423583984375,5495200
2026-04-15,217.55999755859375,218.30999755859375,211.6999969482422,216.2899932861328,214.10035705566406,4459600
2026-04-16,216.72000122070312,224.02000427246094,216.72000122070312,223.10000610351562,220.8414306640625,6709000
2026-04-17,228.25999450683594,230.52999877929688,224.6699981689453,229.82000732421875,227.493408203125,7091700
2026-04-20,232.57000732421875,233.97000122070312,230.02000427246094,233.6999969482422,231.33412170410156,6123300
2026-04-21,234.5,236.0,230.63999938964844,233.14999389648438,230.7896728515625,6833300
2026-04-22,236.41000366210938,238.8000030517578,234.49000549316406,236.30999755859375,233.9176788330078,11463100
2026-04-23,260.30999755859375,284.1199951171875,259.30999755859375,282.2300109863281,279.3728332519531,25659100
2026-04-24,287.8299865722656,287.8299865722656,272.010009765625,277.1400146484375,274.3343505859375,13943600
2026-04-27,276.1700134277344,277.0199890136719,267.6300048828125,269.5,266.7716979980469,9962700
2026-04-28,267.489990234375,270.69000244140625,264.239990234375,265.0,262.3172302246094,8369400
2026-04-29,269.6300048828125,272.44000244140625,267.55999755859375,269.2200012207031,266.4945373535156,7821400
2026-04-30,270.2300109863281,281.9200134277344,266.3399963378906,281.0799865722656,278.23443603515625,11066700
2026-05-01,280.1000061035156,281.8699951171875,276.5400085449219,281.0199890136719,278.175048828125,4494300
2026-05-04,283.69000244140625,283.7900085449219,276.6400146484375,280.8900146484375,278.04638671875,5525700
2026-05-05,280.5,282.5,275.5799865722656,281.0,279.568603515625,7295200
2026-05-06,279.04998779296875,292.6400146484375,279.04998779296875,289.44000244140625,287.9656066894531,10183200
2026-05-07,286.2900085449219,287.6600036621094,281.0,285.239990234375,283.7869873046875,7017900
2026-05-08,292.489990234375,292.5,286.3800048828125,287.79998779296875,286.33392333984375,8881500
2026-05-11,291.2900085449219,298.17999267578125,289.0,297.760009765625,296.24322509765625,9347300
2026-05-12,296.239990234375,296.29998779296875,287.6300048828125,295.1700134277344,293.6664123535156,6431000
2026-05-13,302.739990234375,309.32000732421875,301.9200134277344,306.3399963378906,304.7795104980469,7546500
2026-05-14,306.6700134277344,310.2900085449219,303.5,308.1700134277344,306.6001892089844,5767800
2026-05-15,302.69000244140625,307.55999755859375,297.79998779296875,302.7300109863281,301.1878967285156,6661600
2026-05-18,308.54998779296875,309.19000244140625,295.4599914550781,300.6000061035156,299.0687561035156,6513100
2026-05-19,292.6099853515625,305.5,291.95001220703125,302.30999755859375,300.77001953125,7296900
2026-05-20,305.2200012207031,305.739990234375,298.95001220703125,304.8800048828125,303.3269348144531,7660700
2026-05-21,300.8900146484375,303.07000732421875,294.7799987792969,298.3900146484375,296.8700256347656,5663700
2026-05-22,305.3999938964844,315.57000732421875,303.0,309.2099914550781,307.6348876953125,7129100
2026-05-26,318.42999267578125,326.4200134277344,315.3500061035156,324.8900146484375,323.2350158691406,8480000
2026-05-27,331.45001220703125,331.510009765625,313.17999267578125,317.45001220703125,315.8329162597656,6740600
2026-05-28,320.1600036621094,321.2900085449219,313.1099853515625,315.95001220703125,314.340576171875,5884400
2026-05-29,316.4800109863281,319.0,303.7699890136719,305.67999267578125,304.12286376953125,16785100
2026-06-01,297.3800048828125,302.0,289.92999267578125,293.20001220703125,291.7064514160156,9623100
2026-06-02,301.260009765625,308.3999938964844,298.9800109863281,308.1199951171875,306.5504455566406,11136800
2026-06-03,308.6400146484375,312.760009765625,301.6400146484375,308.5899963378906,307.0180358886719,6730100
2026-06-04,305.5299987792969,310.7200012207031,303.29998779296875,305.3699951171875,303.814453125,7924400
2026-06-05,298.7200012207031,298.80999755859375,284.17999267578125,285.05999755859375,283.60791015625,11937400
2026-06-08,293.7300109863281,295.5799865722656,287.5299987792969,290.8999938964844,289.41815185546875,7791100
2026-06-09,297.8399963378906,298.0299987792969,273.8800048828125,288.6300048828125,287.15972900390625,8920600
2026-06-10,285.82000732421875,292.5799865722656,281.8399963378906,282.010009765625,280.5734558105469,7325400
2026-06-11,289.8900146484375,298.67999267578125,285.7900085449219,297.1000061035156,295.5865783691406,9862700
2026-06-12,298.989990234375,303.0299987792969,295.8500061035156,301.1199951171875,299.5860900878906,5368300
2026-06-15,310.1099853515625,315.8599853515625,307.8699951171875,313.3399963378906,311.74383544921875,7459200
2026-06-16,311.55999755859375,319.2200012207031,305.489990234375,305.7099914550781,304.1527099609375,7706700
2026-06-17,307.1199951171875,311.7300109863281,299.239990234375,301.8800048828125,300.34222412109375,7098300
2026-06-18,313.1099853515625,323.6000061035156,311.55999755859375,322.8599853515625,321.21533203125,21929600
2026-06-22,328.0,334.0299987792969,326.0400085449219,332.2799987792969,330.5873718261719,8954600
2026-06-23,313.9100036621094,316.260009765625,301.0799865722656,304.3599853515625,302.8095703125,10814300
2026-06-24,303.1300048828125,307.82000732421875,300.07000732421875,303.1099853515625,301.5659484863281,8761600
2026-06-25,315.70001220703125,316.5899963378906,305.0,311.80999755859375,310.2216491699219,8782800
2026-06-26,302.4599914550781,305.0,279.54998779296875,285.42999267578125,283.97601318359375,29822600
2026-06-29,280.3299865722656,290.2699890136719,275.7799987792969,285.4800109863281,284.0257873535156,12982600
2026-06-30,286.2300109863281,300.2300109863281,286.2300109863281,298.07000732421875,296.5516357421875,10944300
2026-07-01,294.1000061035156,303.29998779296875,293.07000732421875,298.4100036621094,296.889892578125,8737100
2026-07-02,299.9800109863281,305.2699890136719,288.6199951171875,293.0799865722656,291.5870361328125,9766000
2026-07-06,299.6600036621094,306.0199890136719,299.239990234375,303.5,301.9539794921875,6726400
2026-07-07,292.67999267578125,296.3800048828125,285.3900146484375,293.29998779296875,291.805908203125,8287400
2026-07-08,288.0,307.42999267578125,288.0,301.32000732421875,299.78509521484375,6535400
2026-07-09,309.8500061035156,315.3399963378906,305.4100036621094,308.5299987792969,306.9583435058594,6228700
2026-07-10,304.20001220703125,312.92999267578125,303.3999938964844,311.4599914550781,309.8734130859375,4141500
2026-07-13,308.5199890136719,308.5199890136719,296.80999755859375,298.57000732421875,297.0491027832031,7559500
2026-07-14,309.0199890136719,310.57000732421875,301.8900146484375,305.54998779296875,303.9935302734375,5836800
2026-07-15,312.010009765625,312.010009765625,295.510009765625,301.19000244140625,299.6557312011719,6393100
2026-07-16,293.510009765625,294.760009765625,288.5,291.2200012207031,289.7365417480469,7151300
2026-07-17,282.8900146484375,289.25,279.2300109863281,284.0199890136719,282.57318115234375,7655000
2026-07-20,288.30999755859375,292.69000244140625,283.489990234375,284.07000732421875,282.6229553222656,5206900
2026-07-21,296.1099853515625,297.5899963378906,290.07000732421875,291.29998779296875,289.81610107421875,10204200
2026-07-22,285.2099914550781,296.25,285.2099914550781,294.19000244140625,292.69140625,10747300
2026-07-23,277.29998779296875,288.3299865722656,274.1000061035156,284.989990234375,283.5382385253906,11742800
2026-07-24,281.1099853515625,283.8900146484375,276.29998779296875,279.5799865722656,278.15582275390625,8270000
2026-07-27,281.7900085449219,284.3299865722656,273.6700134277344,279.4100036621094,277.9866943359375,9072800
2026-07-28,275.4599914550781,282.80999755859375,273.45001220703125,277.07000732421875,275.6585998535156,11160400
2026-07-29,278.5799865722656,281.6199951171875,268.760009765625,271.29998779296875,269.9179992675781,10212400
2026-07-30,276.82000732421875,283.5799865722656,274.3500061035156,278.760009765625,277.3399963378906,9238400
2026-07-31,284.05999755859375,285.1099853515625,273.5899963378906,275.739990234375,275.739990234375,8835500
2026-08-03,272.8299865722656,273.3399963378906,264.739990234375,269.0400085449219,269.0400085449219,8017300
2026-08-04,276.9200134277344,285.5299987792969,275.1199951171875,283.6300048828125,283.6300048828125,8961937
