date,open,high,low,close,adj_close,volume
2021-07-21,56.540000915527344,56.84999847412109,55.91999816894531,55.95000076293945,40.786720275878906,25264100
2021-07-22,56.150001525878906,56.27999877929688,55.619998931884766,55.95000076293945,40.78672790527344,16231400
2021-07-23,55.83000183105469,56.02999877929688,55.63999938964844,55.880001068115234,40.73569488525391,14894300
2021-07-26,55.880001068115234,55.93999862670898,55.54999923706055,55.77999877929688,40.66279220581055,15330500
2021-07-27,55.66999816894531,56.34000015258789,55.47999954223633,56.20000076293945,40.968971252441406,15225800
2021-07-28,56.2400016784668,56.31999969482422,55.68999862670898,55.720001220703125,40.61906051635742,14595900
2021-07-29,55.88999938964844,56.18000030517578,55.880001068115234,55.97999954223633,40.80859756469727,12841900
2021-07-30,56.02999877929688,56.18000030517578,55.7599983215332,55.77999877929688,40.66278839111328,13856900
2021-08-02,56.060001373291016,56.2599983215332,55.68000030517578,55.7599983215332,40.64820861816406,13833400
2021-08-03,55.7599983215332,55.95000076293945,55.56999969482422,55.72999954223633,40.62633895874024,12573100
2021-08-04,55.59999847412109,55.709999084472656,55.27999877929688,55.369998931884766,40.363914489746094,16446100
2021-08-05,55.40999984741211,55.5,55.25,55.29999923706055,40.3128776550293,12776600
2021-08-06,55.33000183105469,55.59000015258789,55.209999084472656,55.220001220703125,40.25456237792969,12660300
2021-08-09,55.27999877929688,55.41999816894531,55.11000061035156,55.119998931884766,40.1816635131836,13452400
2021-08-10,55.09999847412109,55.52999877929688,55.0,55.47999954223633,40.44409942626953,11756900
2021-08-11,55.61000061035156,55.84999847412109,55.52000045776367,55.56999969482422,40.509708404541016,11727300
2021-08-12,55.619998931884766,55.79999923706055,55.52999877929688,55.63999938964844,40.56074142456055,10744800
2021-08-13,55.70000076293945,55.97999954223633,55.68000030517578,55.869998931884766,40.72840881347656,8384600
2021-08-16,55.91999816894531,56.06999969482422,55.58000183105469,55.97999954223633,40.808589935302734,12964200
2021-08-17,55.869998931884766,56.20000076293945,55.77000045776367,56.18000030517578,40.95438766479492,11847600
2021-08-18,56.04999923706055,56.06999969482422,55.45000076293945,55.470001220703125,40.436805725097656,15093500
2021-08-19,55.29999923706055,55.65999984741211,55.18999862670898,55.369998931884766,40.36390686035156,12679900
2021-08-20,55.33000183105469,55.709999084472656,55.20000076293945,55.52000045776367,40.4732551574707,10645100
2021-08-23,55.54999923706055,55.709999084472656,55.40999984741211,55.41999816894531,40.40036010742188,11963700
2021-08-24,55.40999984741211,55.41999816894531,55.0,55.0099983215332,40.10146331787109,15478400
2021-08-25,55.02000045776367,55.08000183105469,54.810001373291016,54.93000030517578,40.04315185546875,14666300
2021-08-26,54.90999984741211,55.060001373291016,54.56999969482422,54.59999847412109,39.80259323120117,15256200
2021-08-27,54.650001525878906,54.83000183105469,54.52999877929688,54.77000045776367,39.926517486572266,13213800
2021-08-30,54.7400016784668,54.959999084472656,54.68000030517578,54.77000045776367,39.92652130126953,11621200
2021-08-31,54.709999084472656,55.13999938964844,54.58000183105469,55.0,40.09417724609375,18405600
2021-09-01,55.0,55.150001525878906,54.79999923706055,54.93999862670898,40.05044555664063,12647300
2021-09-02,54.93000030517578,55.310001373291016,54.900001525878906,55.290000915527344,40.30559921264648,12875900
2021-09-03,55.2400016784668,55.5,55.16999816894531,55.43000030517578,40.40765380859375,11006200
2021-09-07,55.380001068115234,55.5,54.79999923706055,54.81999969482422,39.96297073364258,15500900
2021-09-08,54.790000915527344,55.09000015258789,54.790000915527344,54.90999984741211,40.02857208251953,11835900
2021-09-09,54.83000183105469,54.869998931884766,54.43000030517578,54.43999862670898,39.68595504760742,19403300
2021-09-10,54.560001373291016,54.66999816894531,54.220001220703125,54.22999954223633,39.532859802246094,15944100
2021-09-13,54.400001525878906,54.97999954223633,54.400001525878906,54.619998931884766,39.81716537475586,20749000
2021-09-14,54.650001525878906,54.77000045776367,54.27999877929688,54.40999984741211,39.66407775878906,16937500
2021-09-15,54.310001373291016,54.65999984741211,54.310001373291016,54.56999969482422,39.780723571777344,15330000
2021-09-16,54.619998931884766,54.790000915527344,54.34999847412109,54.43000030517578,39.678653717041016,14431400
2021-09-17,54.13999938964844,54.459999084472656,54.060001373291016,54.27999877929688,39.569313049316406,30787600
2021-09-20,54.060001373291016,54.58000183105469,54.0099983215332,54.2599983215332,39.55473709106445,20440500
2021-09-21,54.290000915527344,54.63999938964844,54.0099983215332,54.02999877929688,39.38706970214844,16906900
2021-09-22,54.13999938964844,54.38999938964844,54.02000045776367,54.060001373291016,39.408939361572266,15907900
2021-09-23,54.20000076293945,54.61000061035156,54.0099983215332,54.41999816894531,39.67137145996094,14714100
2021-09-24,54.36000061035156,54.56999969482422,54.25,54.369998931884766,39.63492202758789,12663900
2021-09-27,54.45000076293945,54.650001525878906,54.380001068115234,54.470001220703125,39.70783233642578,13118200
2021-09-28,54.45000076293945,54.68999862670898,54.02999877929688,54.15999984741211,39.48183822631836,19528200
2021-09-29,54.09000015258789,54.65999984741211,54.09000015258789,54.380001068115234,39.642215728759766,14823000
2021-09-30,54.5,54.5099983215332,54.0,54.0099983215332,39.37248992919922,18736600
2021-10-01,54.02000045776367,54.560001373291016,53.91999816894531,54.29999923706055,39.58389663696289,18618400
2021-10-04,54.45000076293945,54.849998474121094,54.279998779296875,54.5,39.72969436645508,18159200
2021-10-05,54.63999938964844,54.810001373291016,54.31999969482422,54.5099983215332,39.73698043823242,13218200
2021-10-06,54.34000015258789,54.59000015258789,54.0099983215332,54.529998779296875,39.75156021118164,21339800
2021-10-07,54.040000915527344,54.349998474121094,53.83000183105469,53.900001525878906,39.75894546508789,18069600
2021-10-08,53.869998931884766,53.970001220703125,53.220001220703125,53.2400016784668,39.272090911865234,21384600
2021-10-11,53.2599983215332,53.290000915527344,51.97999954223633,52.18000030517578,38.49018859863281,32088400
2021-10-12,52.18000030517578,52.18000030517578,51.11000061035156,51.33000183105469,37.863197326660156,42154000
2021-10-13,51.209999084472656,51.40999984741211,50.86000061035156,51.349998474121094,37.87794876098633,27246900
2021-10-14,51.27000045776367,51.9900016784668,51.15999984741211,51.91999816894531,38.298397064208984,27764900
2021-10-15,52.08000183105469,52.810001373291016,52.02000045776367,52.27000045776367,38.556583404541016,27005500
2021-10-18,52.15999984741211,52.31999969482422,51.63999938964844,51.90999984741211,38.2910270690918,20853500
2021-10-19,52.0,52.41999816894531,51.91999816894531,52.349998474121094,38.6155891418457,16094800
2021-10-20,52.790000915527344,53.7400016784668,52.720001220703125,53.61000061035156,39.54502487182617,30659500
2021-10-21,53.77000045776367,53.93000030517578,53.06999969482422,53.38999938964844,39.38274002075195,17771100
2021-10-22,53.41999816894531,53.41999816894531,52.880001068115234,52.93000030517578,39.04342269897461,16074000
2021-10-25,52.970001220703125,53.099998474121094,52.459999084472656,52.58000183105469,38.785255432128906,15987400
2021-10-26,52.70000076293945,53.16999816894531,52.560001373291016,53.08000183105469,39.1540641784668,15185200
2021-10-27,53.16999816894531,53.20000076293945,52.470001220703125,52.630001068115234,38.822120666503906,15007400
2021-10-28,52.75,53.150001525878906,52.619998931884766,52.79999923706055,38.94752883911133,18374700
2021-10-29,52.5,53.04999923706055,52.40999984741211,52.9900016784668,39.08768081665039,17763200
2021-11-01,53.2400016784668,53.369998931884766,52.869998931884766,52.95000076293945,39.05818557739258,14177700
2021-11-02,53.04999923706055,53.09000015258789,52.5099983215332,52.56999969482422,38.77787780761719,16913800
2021-11-03,52.59000015258789,53.06999969482422,52.52000045776367,52.939998626708984,39.050804138183594,12240000
2021-11-04,52.90999984741211,52.90999984741211,51.20000076293945,51.849998474121094,38.24677276611328,30807500
2021-11-05,52.02000045776367,52.79999923706055,52.02000045776367,52.2400016784668,38.53445053100586,17442800
2021-11-08,52.29999923706055,52.41999816894531,51.90999984741211,52.33000183105469,38.60083770751953,15985200
2021-11-09,52.29999923706055,52.369998931884766,51.9900016784668,52.2400016784668,38.53445053100586,16014100
2021-11-10,52.41999816894531,52.7599983215332,52.209999084472656,52.599998474121094,38.79999542236328,16261100
2021-11-11,52.7400016784668,52.7400016784668,52.36000061035156,52.45000076293945,38.68935012817383,10983700
2021-11-12,52.5099983215332,52.52000045776367,52.290000915527344,52.34000015258789,38.608219146728516,14378500
2021-11-15,52.439998626708984,52.540000915527344,52.06999969482422,52.400001525878906,38.6524658203125,14282700
2021-11-16,52.5099983215332,52.619998931884766,52.040000915527344,52.060001373291016,38.40167236328125,15876100
2021-11-17,52.0099983215332,52.060001373291016,51.61000061035156,51.72999954223633,38.15825271606445,17679200
2021-11-18,51.5,51.650001525878906,51.130001068115234,51.2400016784668,37.79681396484375,19490300
2021-11-19,51.279998779296875,51.31999969482422,50.66999816894531,50.86000061035156,37.51650619506836,21105200
2021-11-22,50.849998474121094,52.029998779296875,50.650001525878906,51.540000915527344,38.01809310913086,22751600
2021-11-23,51.560001373291016,52.150001525878906,51.560001373291016,51.75,38.173011779785156,21501600
2021-11-24,51.630001068115234,52.11000061035156,51.59000015258789,51.65999984741211,38.106605529785156,15474500
2021-11-26,51.150001525878906,52.20000076293945,51.099998474121094,51.79999923706055,38.20988082885742,17048100
2021-11-29,51.61000061035156,51.849998474121094,51.33000183105469,51.65999984741211,38.106605529785156,18652500
2021-11-30,51.2599983215332,51.36000061035156,50.040000915527344,50.27000045776367,37.081295013427734,47766200
2021-12-01,50.5,50.91999816894531,49.7400016784668,49.77000045776367,36.712467193603516,26295500
2021-12-02,49.83000183105469,51.16999816894531,49.779998779296875,50.72999954223633,37.42060470581055,27364400
2021-12-03,50.59000015258789,51.4900016784668,50.52000045776367,51.41999816894531,37.92958068847656,24711700
2021-12-06,51.63999938964844,51.93000030517578,50.959999084472656,51.06999969482422,37.671409606933594,22433100
2021-12-07,51.0,51.0099983215332,50.130001068115234,50.790000915527344,37.464874267578125,27754700
2021-12-08,50.720001220703125,50.849998474121094,50.150001525878906,50.4900016784668,37.24357223510742,20452700
2021-12-09,50.400001525878906,50.400001525878906,49.869998931884766,50.15999984741211,37.00015640258789,23628300
2021-12-10,50.33000183105469,50.33000183105469,49.9900016784668,50.189998626708984,37.022281646728516,18498700
2021-12-13,50.099998474121094,50.540000915527344,49.689998626708984,50.279998779296875,37.08866500854492,27618800
2021-12-14,50.369998931884766,51.150001525878906,50.18000030517578,50.650001525878906,37.36159896850586,31555900
2021-12-15,50.83000183105469,51.040000915527344,50.47999954223633,50.54999923706055,37.28783416748047,24115700
2021-12-16,50.65999984741211,52.91999816894531,50.54999923706055,52.75,38.910648345947266,40091300
2021-12-17,53.04999923706055,53.220001220703125,52.36000061035156,53.16999816894531,39.220458984375,54501100
2021-12-20,52.72999954223633,53.34000015258789,52.689998626708984,53.09000015258789,39.16143798828125,23418000
2021-12-21,53.2599983215332,53.33000183105469,52.650001525878906,52.779998779296875,38.932769775390625,23905300
2021-12-22,52.58000183105469,52.900001525878906,52.060001373291016,52.77000045776367,38.92539596557617,16486500
2021-12-23,52.849998474121094,53.09000015258789,52.66999816894531,52.68000030517578,38.85902404785156,14921400
2021-12-27,52.689998626708984,52.81999969482422,52.45000076293945,52.68000030517578,38.85902404785156,19705800
2021-12-28,52.630001068115234,53.09000015258789,52.61000061035156,52.720001220703125,38.888519287109375,12126500
2021-12-29,52.77000045776367,52.880001068115234,52.34000015258789,52.36000061035156,38.62296676635742,15109500
2021-12-30,52.380001068115234,52.56999969482422,52.08000183105469,52.25,38.54182815551758,15615500
2021-12-31,52.20000076293945,52.310001373291016,51.880001068115234,51.959999084472656,38.32790756225586,15911400
2022-01-03,52.06999969482422,52.560001373291016,51.97999954223633,52.439998626708984,38.68198013305664,18240100
2022-01-04,52.63999938964844,53.709999084472656,52.54999923706055,53.470001220703125,39.44175338745117,26376800
2022-01-05,53.84000015258789,54.63999938964844,53.5099983215332,54.02000045776367,39.84745788574219,28697300
2022-01-06,54.47999954223633,54.54999923706055,53.65999984741211,53.7599983215332,39.655670166015625,21563800
2022-01-07,53.2599983215332,54.36000061035156,53.2599983215332,54.2400016784668,40.49177932739258,26512500
2022-01-10,54.4900016784668,54.83000183105469,53.810001373291016,53.869998931884766,40.21556091308594,24929400
2022-01-11,53.91999816894531,54.08000183105469,53.15999984741211,53.59000015258789,40.006534576416016,18598500
2022-01-12,53.38999938964844,53.65999984741211,53.09000015258789,53.45000076293945,39.90202331542969,12778300
2022-01-13,53.52000045776367,54.029998779296875,53.18000030517578,53.52000045776367,39.95427703857422,18178200
2022-01-14,53.59000015258789,53.70000076293945,53.08000183105469,53.279998779296875,39.775108337402344,18695800
2022-01-18,53.099998474121094,53.56999969482422,52.58000183105469,53.43000030517578,39.8870964050293,21570300
2022-01-19,53.470001220703125,53.68000030517578,52.869998931884766,53.5,39.93934631347656,18374200
2022-01-20,53.4900016784668,53.939998626708984,53.08000183105469,53.400001525878906,39.86469268798828,24297100
2022-01-21,53.72999954223633,53.900001525878906,53.06999969482422,53.15999984741211,39.6855354309082,25294800
2022-01-24,53.11000061035156,53.709999084472656,52.20000076293945,52.959999084472656,39.536224365234375,32500600
2022-01-25,53.130001068115234,53.849998474121094,52.2599983215332,52.900001525878906,39.49142837524414,32075900
2022-01-26,52.619998931884766,52.86000061035156,50.810001373291016,51.02000045776367,38.087947845458984,41504700
2022-01-27,50.90999984741211,52.06999969482422,50.810001373291016,51.189998626708984,38.21487045288086,35339600
2022-01-28,51.439998626708984,52.93000030517578,51.189998626708984,52.900001525878906,39.49142837524414,29490800
2022-01-31,52.52000045776367,53.31999969482422,52.209999084472656,53.22999954223633,39.737789154052734,25182400
2022-02-01,53.400001525878906,53.599998474121094,52.209999084472656,53.20000076293945,39.715389251708984,33045600
2022-02-02,53.560001373291016,54.279998779296875,53.29999923706055,53.79999923706055,40.16330337524414,24160200
2022-02-03,54.0,54.56999969482422,53.70000076293945,53.790000915527344,40.15584182739258,21219800
2022-02-04,53.52000045776367,53.83000183105469,53.22999954223633,53.310001373291016,39.797508239746094,16199800
2022-02-07,53.22999954223633,53.36000061035156,52.5099983215332,53.0,39.56608200073242,15438900
2022-02-08,53.0099983215332,53.16999816894531,52.58000183105469,52.81999969482422,39.43170928955078,13911700
2022-02-09,53.150001525878906,53.65999984741211,52.880001068115234,53.5,39.93934631347656,16449300
2022-02-10,53.34000015258789,53.540000915527344,52.900001525878906,53.040000915527344,39.595947265625,18644400
2022-02-11,52.95000076293945,53.459999084472656,52.70000076293945,53.31999969482422,39.80496597290039,18833100
2022-02-14,53.25,53.45000076293945,52.5,53.27000045776367,39.76763916015625,16081700
2022-02-15,53.29999923706055,53.59000015258789,53.150001525878906,53.36000061035156,39.83483123779297,12824100
2022-02-16,53.189998626708984,53.79999923706055,53.09000015258789,53.400001525878906,39.86469268798828,17277700
2022-02-17,53.099998474121094,53.59000015258789,52.779998779296875,53.58000183105469,39.99906539916992,17462500
2022-02-18,53.560001373291016,53.959999084472656,53.279998779296875,53.83000183105469,40.18571090698242,20298500
2022-02-22,54.0,54.029998779296875,53.59000015258789,53.900001525878906,40.23796844482422,19858400
2022-02-23,53.900001525878906,53.93000030517578,53.2400016784668,53.40999984741211,39.872161865234375,17841900
2022-02-24,52.970001220703125,53.15999984741211,51.709999084472656,52.59000015258789,39.260013580322266,30079700
2022-02-25,53.08000183105469,54.540000915527344,53.08000183105469,54.119998931884766,40.40219497680664,31444200
2022-02-28,53.79999923706055,54.099998474121094,53.400001525878906,53.66999816894531,40.06626510620117,30593900
2022-03-01,53.5,54.189998626708984,53.2599983215332,53.61000061035156,40.02146911621094,24693100
2022-03-02,53.66999816894531,54.40999984741211,53.529998779296875,54.13999938964844,40.41712951660156,20712900
2022-03-03,54.380001068115234,55.150001525878906,54.18000030517578,54.65999984741211,40.805320739746094,27577700
2022-03-04,54.43000030517578,55.38999938964844,54.2599983215332,55.11000061035156,41.141265869140625,26913800
2022-03-07,54.75,55.2400016784668,54.5,54.68000030517578,40.820255279541016,24962800
2022-03-08,54.959999084472656,55.34000015258789,53.189998626708984,53.25,39.75271224975586,36526700
2022-03-09,53.720001220703125,53.810001373291016,53.0099983215332,53.08000183105469,39.62580871582031,23049800
2022-03-10,53.0,53.34000015258789,52.779998779296875,53.22999954223633,39.737789154052734,17501800
2022-03-11,53.36000061035156,53.58000183105469,53.0099983215332,53.040000915527344,39.595947265625,20838500
2022-03-14,53.43000030517578,53.66999816894531,52.439998626708984,52.5,39.19282150268555,23124100
2022-03-15,52.689998626708984,53.0,52.209999084472656,52.7599983215332,39.386905670166016,20477600
2022-03-16,52.869998931884766,53.0,51.95000076293945,52.4900016784668,39.18535614013672,28500700
2022-03-17,52.47999954223633,52.540000915527344,52.0,52.36000061035156,39.08830642700195,22931500
2022-03-18,52.119998931884766,52.290000915527344,50.79999923706055,50.79999923706055,37.92371368408203,70390600
2022-03-21,51.369998931884766,51.810001373291016,50.970001220703125,51.099998474121094,38.147674560546875,39892800
2022-03-22,51.189998626708984,51.459999084472656,50.95000076293945,51.0,38.073020935058594,28676600
2022-03-23,51.04999923706055,51.459999084472656,50.959999084472656,50.970001220703125,38.05063247680664,25988800
2022-03-24,51.040000915527344,51.189998626708984,50.93000030517578,51.0,38.073020935058594,21087300
2022-03-25,51.060001373291016,51.459999084472656,50.970001220703125,51.279998779296875,38.28205108642578,18765800
2022-03-28,51.36000061035156,51.38999938964844,50.95000076293945,51.16999816894531,38.19993591308594,21688600
2022-03-29,51.31999969482422,51.34000015258789,50.959999084472656,51.25,38.25965881347656,28193400
2022-03-30,51.220001220703125,51.630001068115234,51.08000183105469,51.61000061035156,38.528404235839844,23821200
2022-03-31,51.65999984741211,51.75,50.93000030517578,50.939998626708984,38.028228759765625,31027600
2022-04-01,51.02000045776367,52.189998626708984,50.81999969482422,52.119998931884766,38.90912628173828,30550300
2022-04-04,52.02000045776367,52.5,51.63999938964844,52.459999084472656,39.1629524230957,25793000
2022-04-05,52.20000076293945,52.900001525878906,52.130001068115234,52.779998779296875,39.4018440246582,23150600
2022-04-06,52.810001373291016,53.43000030517578,52.56999969482422,53.20000076293945,39.715389251708984,28661700
2022-04-07,52.45000076293945,52.97999954223633,52.040000915527344,52.66999816894531,39.79850769042969,22790600
2022-04-08,52.72999954223633,53.68000030517578,52.5,53.529998779296875,40.44834518432617,24852200
2022-04-11,53.869998931884766,54.70000076293945,53.709999084472656,53.900001525878906,40.7279167175293,33614900
2022-04-12,53.869998931884766,54.04999923706055,53.41999816894531,53.66999816894531,40.55412673950195,21136400
2022-04-13,53.59000015258789,54.369998931884766,53.59000015258789,54.13999938964844,40.90926742553711,19798000
2022-04-14,54.0,54.189998626708984,53.779998779296875,53.83000183105469,40.6750373840332,16915100
2022-04-18,53.7599983215332,54.279998779296875,53.220001220703125,53.38999938964844,40.342552185058594,14394300
2022-04-19,53.58000183105469,53.90999984741211,53.459999084472656,53.75,40.61457061767578,12890000
2022-04-20,53.7599983215332,54.4900016784668,53.70000076293945,54.40999984741211,41.11328125,19563400
2022-04-21,54.61000061035156,55.5099983215332,54.470001220703125,55.0099983215332,41.56665802001953,32821100
2022-04-22,53.439998626708984,53.540000915527344,51.459999084472656,51.90999984741211,39.22423553466797,44958400
2022-04-25,51.34000015258789,51.439998626708984,49.540000915527344,50.279998779296875,37.99257278442383,46028400
2022-04-26,50.2599983215332,50.650001525878906,49.369998931884766,49.40999984741211,37.335182189941406,29507700
2022-04-27,49.5099983215332,49.5099983215332,48.41999816894531,48.459999084472656,36.61734390258789,30582000
2022-04-28,48.689998626708984,49.16999816894531,48.29999923706055,48.400001525878906,36.5720100402832,33011700
2022-04-29,48.15999984741211,48.20000076293945,46.16999816894531,46.29999923706055,34.985206604003906,41014200
2022-05-02,46.5099983215332,47.060001373291016,45.54999923706055,46.22999954223633,34.93231201171875,33309400
2022-05-03,46.38999938964844,47.40999984741211,46.060001373291016,47.16999816894531,35.642601013183594,33263100
2022-05-04,47.2400016784668,48.41999816894531,47.0,48.369998931884766,36.549346923828125,29564600
2022-05-05,48.029998779296875,48.33000183105469,47.40999984741211,47.84000015258789,36.14885711669922,20664300
2022-05-06,47.599998474121094,48.439998626708984,47.52000045776367,48.27000045776367,36.47377395629883,19322000
2022-05-09,48.130001068115234,48.86000061035156,47.75,48.619998931884766,36.738243103027344,24391300
2022-05-10,48.900001525878906,49.439998626708984,47.77000045776367,48.130001068115234,36.36799240112305,23007300
2022-05-11,48.18000030517578,48.52000045776367,47.619998931884766,47.880001068115234,36.1790885925293,20133200
2022-05-12,47.810001373291016,48.18000030517578,47.40999984741211,48.060001373291016,36.315101623535156,21623900
2022-05-13,48.25,48.45000076293945,47.61000061035156,48.18000030517578,36.4057731628418,21080500
2022-05-16,47.97999954223633,49.20000076293945,47.7599983215332,49.040000915527344,37.05560302734375,22754700
2022-05-17,48.95000076293945,49.209999084472656,48.529998779296875,48.939998626708984,36.980045318603516,22043100
2022-05-18,48.95000076293945,49.459999084472656,48.630001068115234,48.88999938964844,36.94225311279297,22365100
2022-05-19,48.459999084472656,49.18000030517578,48.130001068115234,49.099998474121094,37.1009407043457,23186400
2022-05-20,49.040000915527344,49.599998474121094,48.91999816894531,49.529998779296875,37.42586135864258,24181800
2022-05-23,49.790000915527344,50.27000045776367,49.5,49.66999816894531,37.53164291381836,16761800
2022-05-24,49.689998626708984,50.81999969482422,48.86000061035156,50.68000030517578,38.2948112487793,25414700
2022-05-25,50.5,51.27000045776367,50.38999938964844,51.2400016784668,38.71797561645508,19831500
2022-05-26,51.310001373291016,51.61000061035156,50.90999984741211,50.9900016784668,38.52906799316406,15500400
2022-05-27,50.75,51.43000030517578,50.529998779296875,51.400001525878906,38.838863372802734,13347300
2022-05-31,51.2599983215332,51.560001373291016,50.849998474121094,51.290000915527344,38.7557487487793,25016600
2022-06-01,51.439998626708984,51.630001068115234,51.04999923706055,51.400001525878906,38.838863372802734,15358100
2022-06-02,51.54999923706055,51.59000015258789,50.38999938964844,51.290000915527344,38.7557487487793,13527800
2022-06-03,50.939998626708984,51.25,50.689998626708984,50.810001373291016,38.3930549621582,10819800
2022-06-06,50.93000030517578,51.349998474121094,50.720001220703125,51.2400016784668,38.71797561645508,12898100
2022-06-07,51.150001525878906,51.70000076293945,50.93000030517578,51.650001525878906,39.02777099609375,15383000
2022-06-08,51.72999954223633,51.959999084472656,51.439998626708984,51.54999923706055,38.95221710205078,13249700
2022-06-09,51.619998931884766,51.77000045776367,50.91999816894531,50.939998626708984,38.49128723144531,12078400
2022-06-10,50.650001525878906,51.400001525878906,50.470001220703125,50.81999969482422,38.40060806274414,19868500
2022-06-13,50.619998931884766,50.790000915527344,49.400001525878906,49.59000015258789,37.47119903564453,23762500
2022-06-14,49.59000015258789,49.84000015258789,48.900001525878906,49.15999984741211,37.146278381347656,20278700
2022-06-15,49.22999954223633,49.83000183105469,48.599998474121094,49.150001525878906,37.138729095458984,22005600
2022-06-16,48.52000045776367,48.970001220703125,48.0099983215332,48.84000015258789,36.904483795166016,22029300
2022-06-17,48.61000061035156,49.4900016784668,48.529998779296875,49.029998779296875,37.048057556152344,36469500
2022-06-21,49.310001373291016,50.90999984741211,49.220001220703125,50.650001525878906,38.27215576171875,34258500
2022-06-22,50.2599983215332,51.16999816894531,50.209999084472656,50.790000915527344,38.37794494628906,23650600
2022-06-23,51.029998779296875,52.18000030517578,51.029998779296875,52.09000015258789,39.360252380371094,21736400
2022-06-24,52.029998779296875,52.150001525878906,50.56999969482422,50.959999084472656,38.50639724731445,28490700
2022-06-27,51.290000915527344,51.4900016784668,50.650001525878906,50.959999084472656,38.50639724731445,16974900
2022-06-28,51.06999969482422,51.29999923706055,50.43000030517578,50.459999084472656,38.12858581542969,16615700
2022-06-29,50.47999954223633,51.0,50.31999969482422,50.939998626708984,38.49128723144531,13901400
2022-06-30,50.66999816894531,51.220001220703125,50.459999084472656,50.75,38.34771728515625,18880500
2022-07-01,50.959999084472656,51.77000045776367,50.58000183105469,51.63999938964844,39.02021026611328,14189300
2022-07-05,51.41999816894531,51.459999084472656,50.47999954223633,51.41999816894531,38.85398483276367,19675600
2022-07-06,51.41999816894531,51.88999938964844,51.130001068115234,51.5099983215332,38.9219856262207,14938900
2022-07-07,50.959999084472656,51.060001373291016,50.36000061035156,50.709999084472656,38.79956817626953,13617100
2022-07-08,50.52000045776367,50.91999816894531,50.40999984741211,50.4900016784668,38.63124465942383,13959200
2022-07-11,50.369998931884766,50.7400016784668,50.2599983215332,50.5,38.638893127441406,12259000
2022-07-12,50.650001525878906,51.36000061035156,50.279998779296875,50.779998779296875,38.85312271118164,20528700
2022-07-13,50.439998626708984,51.09000015258789,50.20000076293945,50.5099983215332,38.646541595458984,13362500
2022-07-14,49.91999816894531,50.560001373291016,49.72999954223633,50.4900016784668,38.63124465942383,10271700
2022-07-15,51.0,51.040000915527344,50.349998474121094,51.02000045776367,39.0367546081543,13021300
2022-07-18,51.060001373291016,51.16999816894531,50.16999816894531,50.279998779296875,38.47055435180664,16173100
2022-07-19,50.47999954223633,50.560001373291016,50.2400016784668,50.45000076293945,38.60063552856445,14638500
2022-07-20,50.470001220703125,50.54999923706055,49.0099983215332,49.06999969482422,37.544761657714844,29611400
2022-07-21,47.630001068115234,47.880001068115234,46.68000030517578,47.65999984741211,36.4659309387207,32321000
2022-07-22,45.95000076293945,46.18000030517578,43.77000045776367,44.45000076293945,34.00988006591797,58265000
2022-07-25,44.380001068115234,44.79999923706055,44.04999923706055,44.7599983215332,34.24706268310547,27180700
2022-07-26,44.5,45.16999816894531,44.27000045776367,44.91999816894531,34.36948776245117,20571800
2022-07-27,44.810001373291016,45.09000015258789,44.45000076293945,44.90999984741211,34.36183166503906,21560500
2022-07-28,44.84000015258789,45.720001220703125,44.75,45.54999923706055,34.85151290893555,22051900
2022-07-29,45.709999084472656,46.5,45.58000183105469,46.189998626708984,35.341190338134766,23129800
2022-08-01,46.290000915527344,46.5,45.91999816894531,46.2599983215332,35.394752502441406,18612100
2022-08-02,46.25,46.43000030517578,45.310001373291016,45.34000015258789,34.690834045410156,18710300
2022-08-03,45.459999084472656,45.61000061035156,45.18000030517578,45.33000183105469,34.683189392089844,17314100
2022-08-04,45.220001220703125,45.220001220703125,44.36000061035156,44.43000030517578,33.99457550048828,29704300
2022-08-05,44.47999954223633,44.97999954223633,44.36000061035156,44.95000076293945,34.39243698120117,17297500
2022-08-08,44.95000076293945,45.0099983215332,44.349998474121094,44.540000915527344,34.07874298095703,20597000
2022-08-09,44.61000061035156,44.849998474121094,44.38999938964844,44.68000030517578,34.18585205078125,14554000
2022-08-10,45.0099983215332,45.060001373291016,44.650001525878906,44.84000015258789,34.30827713012695,16402700
2022-08-11,44.959999084472656,45.2599983215332,44.7400016784668,44.779998779296875,34.26237106323242,15407300
2022-08-12,44.95000076293945,45.2599983215332,44.810001373291016,45.150001525878906,34.545467376708984,15090900
2022-08-15,45.029998779296875,45.63999938964844,44.939998626708984,45.560001373291016,34.85916519165039,15713600
2022-08-16,45.5,46.04999923706055,45.380001068115234,45.79999923706055,35.04279708862305,14112800
2022-08-17,45.43000030517578,45.720001220703125,45.2599983215332,45.34000015258789,34.690834045410156,11294400
2022-08-18,44.41999816894531,44.529998779296875,43.90999984741211,44.189998626708984,33.81093978881836,25957400
2022-08-19,44.099998474121094,44.4900016784668,43.959999084472656,44.41999816894531,33.98691940307617,19485400
2022-08-22,44.400001525878906,44.470001220703125,44.09000015258789,44.16999816894531,33.79563903808594,15031400
2022-08-23,44.0,44.130001068115234,43.41999816894531,43.470001220703125,33.26005554199219,19014200
2022-08-24,43.54999923706055,43.630001068115234,43.220001220703125,43.54999923706055,33.321258544921875,17384400
2022-08-25,43.650001525878906,43.81999969482422,43.41999816894531,43.7400016784668,33.46664047241211,14327600
2022-08-26,43.59000015258789,43.70000076293945,43.2400016784668,43.25,33.09172439575195,16795700
2022-08-29,43.02000045776367,43.56999969482422,43.02000045776367,43.33000183105469,33.152931213378906,15039500
2022-08-30,43.380001068115234,43.380001068115234,42.5,42.529998779296875,32.540836334228516,20705100
2022-08-31,42.470001220703125,42.59000015258789,41.7599983215332,41.810001373291016,31.989946365356445,28368200
2022-09-01,41.63999938964844,42.04999923706055,41.63999938964844,41.810001373291016,31.989946365356445,21641700
2022-09-02,42.0,42.209999084472656,41.150001525878906,41.29999923706055,31.59972381591797,21155700
2022-09-06,41.349998474121094,41.689998626708984,41.09000015258789,41.099998474121094,31.44670295715332,23898600
2022-09-07,41.13999938964844,41.650001525878906,41.0,41.08000183105469,31.4314022064209,25548300
2022-09-08,41.0,41.720001220703125,40.709999084472656,41.31999969482422,31.615032196044922,28753200
2022-09-09,41.68000030517578,42.31999969482422,41.470001220703125,42.2400016784668,32.31895065307617,20259500
2022-09-12,42.59000015258789,42.849998474121094,42.40999984741211,42.7599983215332,32.71681213378906,18553200
2022-09-13,42.400001525878906,42.61000061035156,41.56999969482422,41.75,31.944032669067383,21284500
2022-09-14,41.75,41.93000030517578,40.97999954223633,41.279998779296875,31.58441734313965,23152200
2022-09-15,41.029998779296875,41.27000045776367,40.709999084472656,41.029998779296875,31.393142700195312,22763400
2022-09-16,40.97999954223633,41.540000915527344,40.65999984741211,41.25,31.561466217041016,45069300
2022-09-19,41.060001373291016,41.25,40.689998626708984,41.2400016784668,31.55382537841797,18960900
2022-09-20,40.9900016784668,40.9900016784668,40.470001220703125,40.59000015258789,31.056482315063477,15561200
2022-09-21,40.689998626708984,40.900001525878906,39.470001220703125,39.47999954223633,30.20720100402832,25612100
2022-09-22,39.470001220703125,40.400001525878906,39.2599983215332,39.93000030517578,30.55150032043457,19806400
2022-09-23,39.560001373291016,39.869998931884766,39.11000061035156,39.52000045776367,30.237802505493164,19439700
2022-09-26,39.22999954223633,39.380001068115234,38.630001068115234,38.93000030517578,29.786380767822266,21345700
2022-09-27,39.20000076293945,39.70000076293945,38.779998779296875,38.88999938964844,29.755765914916992,20357700
2022-09-28,39.060001373291016,39.5099983215332,39.0099983215332,39.38999938964844,30.138336181640625,20567400
2022-09-29,39.11000061035156,39.20000076293945,38.45000076293945,38.63999938964844,29.564489364624023,17806900
2022-09-30,38.540000915527344,38.790000915527344,37.95000076293945,37.970001220703125,29.051855087280273,23523600
2022-10-03,38.5,39.369998931884766,38.38999938964844,39.15999984741211,29.962356567382812,21495300
2022-10-04,39.5,39.849998474121094,39.25,39.810001373291016,30.459688186645508,25922500
2022-10-05,39.34000015258789,39.619998931884766,38.869998931884766,39.400001525878906,30.145986557006836,17797900
2022-10-06,39.470001220703125,39.65999984741211,37.77000045776367,37.84000015258789,29.44032096862793,36663300
2022-10-07,37.630001068115234,37.70000076293945,36.810001373291016,36.849998474121094,28.670085906982422,31838700
2022-10-10,37.130001068115234,37.31999969482422,36.369998931884766,36.619998931884766,28.491134643554688,21622200
2022-10-11,36.560001373291016,36.689998626708984,35.93000030517578,35.939998626708984,27.962080001831055,27708900
2022-10-12,35.900001525878906,36.20000076293945,35.599998474121094,35.68000030517578,27.759803771972656,23336800
2022-10-13,35.119998931884766,36.59000015258789,35.040000915527344,36.400001525878906,28.31997299194336,33118100
2022-10-14,36.79999923706055,36.90999984741211,36.34000015258789,36.380001068115234,28.30440902709961,26019000
2022-10-17,36.720001220703125,37.29999923706055,36.59000015258789,37.18000030517578,28.926820755004883,21962900
2022-10-18,37.66999816894531,37.70000076293945,36.83000183105469,37.06999969482422,28.841249465942383,27488600
2022-10-19,36.56999969482422,37.369998931884766,36.560001373291016,36.56999969482422,28.452224731445312,29563600
2022-10-20,36.56999969482422,37.529998779296875,36.54999923706055,37.0,28.786787033081055,35523700
2022-10-21,35.52000045776367,35.70000076293945,34.54999923706055,35.349998474121094,27.50304412841797,51671100
2022-10-24,35.65999984741211,36.38999938964844,35.56999969482422,35.970001220703125,27.985424041748047,28844800
2022-10-25,35.90999984741211,36.47999954223633,35.79999923706055,36.43000030517578,28.343313217163086,25496500
2022-10-26,36.380001068115234,36.709999084472656,36.20000076293945,36.43000030517578,28.343313217163086,20328200
2022-10-27,36.689998626708984,36.720001220703125,36.130001068115234,36.18000030517578,28.1488037109375,20268000
2022-10-28,36.79999923706055,38.040000915527344,36.56999969482422,37.66999816894531,29.30805778503418,31824300
2022-10-31,37.5099983215332,37.540000915527344,37.02000045776367,37.369998931884766,29.07465362548828,26630600
2022-11-01,37.97999954223633,38.09000015258789,37.29999923706055,37.369998931884766,29.07465362548828,22968900
2022-11-02,37.25,38.349998474121094,37.15999984741211,37.709999084472656,29.33917999267578,30648900
2022-11-03,37.36000061035156,37.540000915527344,37.119998931884766,37.150001525878906,28.903488159179688,22329800
2022-11-04,37.349998474121094,37.369998931884766,36.79999923706055,37.2400016784668,28.973512649536133,17599400
2022-11-07,37.31999969482422,37.45000076293945,36.97999954223633,37.189998626708984,28.934602737426758,19697600
2022-11-08,37.20000076293945,37.9900016784668,37.15999984741211,37.869998931884766,29.46366310119629,17392700
2022-11-09,37.91999816894531,38.130001068115234,37.59000015258789,37.619998931884766,29.26915740966797,17574600
2022-11-10,38.29999923706055,38.54999923706055,37.81999969482422,38.52000045776367,29.969375610351562,23049000
2022-11-11,38.54999923706055,38.689998626708984,37.810001373291016,38.29999923706055,29.798213958740234,22981000
2022-11-14,38.45000076293945,38.9900016784668,38.29999923706055,38.310001373291016,29.805992126464844,23028500
2022-11-15,38.4900016784668,38.83000183105469,37.459999084472656,37.70000076293945,29.331396102905273,25074100
2022-11-16,37.65999984741211,38.06999969482422,37.630001068115234,37.880001068115234,29.4714412689209,18962200
2022-11-17,37.54999923706055,38.18000030517578,37.290000915527344,38.15999984741211,29.689289093017578,18780400
2022-11-18,38.290000915527344,38.77000045776367,38.290000915527344,38.54999923706055,29.992713928222656,17821700
2022-11-21,38.599998474121094,39.130001068115234,38.52000045776367,38.619998931884766,30.047176361083984,19184200
2022-11-22,38.84000015258789,39.31999969482422,38.84000015258789,39.20000076293945,30.498432159423828,19809500
2022-11-23,39.029998779296875,39.20000076293945,38.61000061035156,38.91999816894531,30.280582427978516,14170000
2022-11-25,39.099998474121094,39.36000061035156,38.970001220703125,39.02000045776367,30.35838508605957,7725700
2022-11-28,39.0099983215332,39.09000015258789,38.130001068115234,38.2400016784668,29.751529693603516,21560900
2022-11-29,38.02000045776367,38.369998931884766,37.95000076293945,38.34000015258789,29.829326629638672,14008800
2022-11-30,38.209999084472656,39.13999938964844,38.150001525878906,38.97999954223633,30.327266693115234,31358800
2022-12-01,39.18000030517578,39.22999954223633,37.810001373291016,38.33000183105469,29.821552276611328,26276600
2022-12-02,37.93000030517578,38.29999923706055,37.70000076293945,38.18000030517578,29.704843521118164,21677100
2022-12-05,37.97999954223633,38.11000061035156,36.900001525878906,37.06999969482422,28.841249465942383,27561000
2022-12-06,36.9900016784668,37.06999969482422,36.630001068115234,36.88999938964844,28.70119857788086,26293700
2022-12-07,36.7400016784668,37.310001373291016,36.66999816894531,37.16999816894531,28.919048309326172,23065900
2022-12-08,37.11000061035156,37.2400016784668,36.869998931884766,37.099998474121094,28.86458396911621,19549100
2022-12-09,37.209999084472656,37.630001068115234,36.959999084472656,37.400001525878906,29.097990036010742,20671200
2022-12-12,37.689998626708984,37.959999084472656,37.279998779296875,37.95000076293945,29.525911331176758,19629600
2022-12-13,38.38999938964844,38.619998931884766,37.84000015258789,37.86000061035156,29.455881118774414,30176800
2022-12-14,37.869998931884766,38.09000015258789,37.2400016784668,37.45000076293945,29.136892318725586,23329800
2022-12-15,37.75,38.34000015258789,37.65999984741211,37.77000045776367,29.3858585357666,33007200
2022-12-16,37.5099983215332,37.56999969482422,36.66999816894531,37.119998931884766,28.880144119262695,62763800
2022-12-19,37.33000183105469,37.470001220703125,36.58000183105469,37.029998779296875,28.810121536254883,26127200
2022-12-20,36.9900016784668,37.209999084472656,36.619998931884766,36.9900016784668,28.779006958007812,24147300
2022-12-21,37.27000045776367,37.849998474121094,37.2400016784668,37.779998779296875,29.39364242553711,24504300
2022-12-22,37.68000030517578,38.31999969482422,37.369998931884766,38.310001373291016,29.805992126464844,26865300
2022-12-23,38.310001373291016,38.540000915527344,37.91999816894531,38.40999984741211,29.883792877197266,16918300
2022-12-27,38.4900016784668,39.400001525878906,38.31999969482422,39.25,30.537330627441406,25315900
2022-12-28,39.189998626708984,39.65999984741211,38.59000015258789,38.810001373291016,30.19499969482422,21793200
2022-12-29,38.900001525878906,39.529998779296875,38.810001373291016,39.2599983215332,30.54511260986328,17347000
2022-12-30,39.310001373291016,39.689998626708984,39.06999969482422,39.400001525878906,30.654043197631836,44007200
2023-01-03,39.77000045776367,40.22999954223633,39.380001068115234,40.119998931884766,31.21421241760254,31330700
2023-01-04,40.540000915527344,41.41999816894531,40.2599983215332,41.130001068115234,32.00000762939453,28779500
2023-01-05,41.20000076293945,41.95000076293945,40.81999969482422,41.70000076293945,32.44348907470703,29987200
2023-01-06,41.91999816894531,42.58000183105469,41.880001068115234,42.189998626708984,32.82470703125,26010400
2023-01-09,41.380001068115234,41.66999816894531,41.310001373291016,41.369998931884766,32.69274139404297,23062200
2023-01-10,41.36000061035156,41.97999954223633,41.16999816894531,41.95000076293945,33.15108108520508,16695300
2023-01-11,42.13999938964844,42.18000030517578,41.02000045776367,41.18000030517578,32.5426025390625,20674800
2023-01-12,41.380001068115234,41.95000076293945,41.119998931884766,41.810001373291016,33.04045867919922,16980300
2023-01-13,41.650001525878906,41.91999816894531,41.369998931884766,41.86000061035156,33.0799674987793,17229800
2023-01-17,41.849998474121094,41.91999816894531,40.790000915527344,40.849998474121094,32.28181457519531,28697000
2023-01-18,40.86000061035156,40.86000061035156,39.81999969482422,39.970001220703125,31.58638572692871,22976500
2023-01-19,39.709999084472656,40.279998779296875,39.470001220703125,40.060001373291016,31.657514572143555,24812600
2023-01-20,40.040000915527344,40.119998931884766,39.459999084472656,40.0,31.61009979248047,23377900
2023-01-23,39.9900016784668,40.34000015258789,39.41999816894531,39.630001068115234,31.317703247070312,34249300
2023-01-24,38.689998626708984,40.72999954223633,38.40999984741211,40.41999816894531,31.94199562072754,32143900
2023-01-25,40.540000915527344,41.09000015258789,39.90999984741211,40.33000183105469,31.87088394165039,26527000
2023-01-26,40.380001068115234,40.56999969482422,39.93000030517578,40.27000045776367,31.823455810546875,19568100
2023-01-27,40.220001220703125,40.68000030517578,39.77000045776367,40.63999938964844,32.11585235595703,17254000
2023-01-30,40.84000015258789,41.2599983215332,40.70000076293945,41.04999923706055,32.43986129760742,22272600
2023-01-31,41.08000183105469,41.58000183105469,41.0099983215332,41.56999969482422,32.85078811645508,18665200
2023-02-01,41.9900016784668,42.0,41.130001068115234,41.689998626708984,32.945621490478516,19542000
2023-02-02,41.7400016784668,41.93000030517578,41.20000076293945,41.83000183105469,33.0562629699707,18443800
2023-02-03,41.779998779296875,41.970001220703125,41.13999938964844,41.5099983215332,32.80337142944336,18314400
2023-02-06,41.5099983215332,41.59000015258789,40.900001525878906,41.279998779296875,32.62161636352539,15530700
2023-02-07,40.9900016784668,41.209999084472656,40.119998931884766,40.54999923706055,32.04473876953125,21668500
2023-02-08,40.529998779296875,40.70000076293945,40.119998931884766,40.52000045776367,32.021026611328125,14080200
2023-02-09,40.619998931884766,40.65999984741211,39.75,39.810001373291016,31.459941864013672,17485700
2023-02-10,40.0,40.06999969482422,39.720001220703125,40.0099983215332,31.617992401123047,15398500
2023-02-13,40.0099983215332,40.470001220703125,39.880001068115234,40.31999969482422,31.86296844482422,14486000
2023-02-14,40.459999084472656,40.58000183105469,39.90999984741211,40.33000183105469,31.87088394165039,12292400
2023-02-15,40.22999954223633,40.400001525878906,40.099998474121094,40.380001068115234,31.910396575927734,11265200
2023-02-16,40.060001373291016,40.209999084472656,39.70000076293945,39.84000015258789,31.483657836914062,16625900
2023-02-17,39.84000015258789,40.38999938964844,39.65999984741211,40.220001220703125,31.783952713012695,15029200
2023-02-21,39.900001525878906,39.97999954223633,39.15999984741211,39.20000076293945,30.977893829345703,17805500
2023-02-22,39.380001068115234,39.59000015258789,39.029998779296875,39.279998779296875,31.041112899780273,15086800
2023-02-23,39.119998931884766,39.31999969482422,38.52000045776367,38.529998779296875,30.448421478271484,16738200
2023-02-24,38.22999954223633,38.7599983215332,38.09000015258789,38.7400016784668,30.6143798828125,16431500
2023-02-27,38.9900016784668,39.150001525878906,38.630001068115234,38.880001068115234,30.725013732910156,14210900
2023-02-28,38.70000076293945,38.970001220703125,38.54999923706055,38.810001373291016,30.669696807861328,16685300
2023-03-01,38.709999084472656,38.709999084472656,38.150001525878906,38.29999923706055,30.26667022705078,18411700
2023-03-02,38.099998474121094,38.459999084472656,37.939998626708984,38.40999984741211,30.353593826293945,18818900
2023-03-03,38.439998626708984,38.5099983215332,38.060001373291016,38.2599983215332,30.235057830810547,23407500
2023-03-06,38.369998931884766,38.630001068115234,38.04999923706055,38.150001525878906,30.14812469482422,22925600
2023-03-07,38.099998474121094,38.150001525878906,37.43000030517578,37.90999984741211,29.95846176147461,23713500
2023-03-08,37.79999923706055,37.810001373291016,37.349998474121094,37.529998779296875,29.65816879272461,20295600
2023-03-09,37.599998474121094,37.650001525878906,36.52000045776367,36.54999923706055,28.883724212646484,26506900
2023-03-10,36.63999938964844,36.91999816894531,36.40999984741211,36.68000030517578,28.98645782470703,23940700
2023-03-13,36.540000915527344,37.33000183105469,36.38999938964844,36.540000915527344,28.875825881958008,21834500
2023-03-14,36.65999984741211,36.939998626708984,36.5,36.880001068115234,29.14450454711914,22433200
2023-03-15,36.689998626708984,37.2599983215332,36.52000045776367,37.060001373291016,29.286754608154297,21722200
2023-03-16,36.81999969482422,36.880001068115234,36.439998626708984,36.58000183105469,28.907432556152344,29164400
2023-03-17,36.54999923706055,36.83000183105469,36.15999984741211,36.790000915527344,29.073389053344727,47352500
2023-03-20,36.959999084472656,37.709999084472656,36.93000030517578,37.43000030517578,29.579143524169922,19247800
2023-03-21,37.720001220703125,37.77000045776367,37.36000061035156,37.7400016784668,29.824125289916992,16648100
2023-03-22,37.790000915527344,37.95000076293945,37.290000915527344,37.310001373291016,29.484315872192383,15321800
2023-03-23,37.29999923706055,37.630001068115234,37.15999984741211,37.369998931884766,29.531734466552734,15799000
2023-03-24,37.529998779296875,37.70000076293945,37.25,37.65999984741211,29.76090431213379,14957700
2023-03-27,37.9900016784668,38.220001220703125,37.70000076293945,38.04999923706055,30.069101333618164,14472800
2023-03-28,38.02000045776367,38.310001373291016,37.91999816894531,38.0,30.029586791992188,13092600
2023-03-29,38.310001373291016,38.5099983215332,38.15999984741211,38.47999954223633,30.408906936645508,12308900
2023-03-30,38.54999923706055,38.75,38.439998626708984,38.65999984741211,30.551151275634766,13918700
2023-03-31,38.790000915527344,39.04999923706055,38.54999923706055,38.88999938964844,30.732913970947266,22801500
2023-04-03,39.04999923706055,39.58000183105469,39.02000045776367,39.220001220703125,30.993701934814453,19354900
2023-04-04,39.290000915527344,39.650001525878906,39.209999084472656,39.650001525878906,31.333515167236328,18577100
2023-04-05,39.72999954223633,40.2400016784668,39.56999969482422,40.11000061035156,31.6970157623291,23561300
2023-04-06,39.5,39.779998779296875,39.15999984741211,39.47999954223633,31.71550178527832,21546600
2023-04-10,39.209999084472656,39.349998474121094,38.9900016784668,39.349998474121094,31.61106300354004,16114300
2023-04-11,39.33000183105469,39.70000076293945,39.27000045776367,39.45000076293945,31.6914005279541,12539700
2023-04-12,39.369998931884766,39.630001068115234,39.099998474121094,39.20000076293945,31.490568161010742,13095200
2023-04-13,39.189998626708984,39.31999969482422,38.91999816894531,39.31999969482422,31.58696937561035,13515800
2023-04-14,39.369998931884766,39.41999816894531,38.88999938964844,39.220001220703125,31.506637573242188,11008400
2023-04-17,39.220001220703125,39.5099983215332,39.13999938964844,39.459999084472656,31.69943618774414,11572900
2023-04-18,39.470001220703125,39.4900016784668,38.900001525878906,38.939998626708984,31.281702041625977,16588500
2023-04-19,38.91999816894531,38.9900016784668,38.52000045776367,38.599998474121094,31.00856590270996,17701200
2023-04-20,37.65999984741211,37.79999923706055,36.97999954223633,37.189998626708984,29.875865936279297,31521300
2023-04-21,37.43000030517578,37.43000030517578,37.04999923706055,37.31999969482422,29.980302810668945,23823800
2023-04-24,37.189998626708984,37.4900016784668,36.97999954223633,37.099998474121094,29.803569793701172,20362500
2023-04-25,36.709999084472656,37.36000061035156,36.56999969482422,37.29999923706055,29.9642333984375,24959400
2023-04-26,37.099998474121094,37.439998626708984,36.81999969482422,36.91999816894531,29.658971786499023,21499300
2023-04-27,37.20000076293945,38.810001373291016,37.130001068115234,38.790000915527344,31.16119956970215,28841000
2023-04-28,38.560001373291016,39.0,38.459999084472656,38.83000183105469,31.193336486816406,19197500
2023-05-01,39.16999816894531,39.18000030517578,38.68000030517578,38.709999084472656,31.096940994262695,17043500
2023-05-02,38.470001220703125,38.5099983215332,37.4900016784668,37.66999816894531,30.261470794677734,17268700
2023-05-03,37.959999084472656,38.29999923706055,37.61000061035156,37.97999954223633,30.5105037689209,16703200
2023-05-04,37.86000061035156,37.959999084472656,37.290000915527344,37.349998474121094,30.0044002532959,16163100
2023-05-05,37.52000045776367,37.84000015258789,37.15999984741211,37.83000183105469,30.39000701904297,15817400
2023-05-08,37.68000030517578,37.90999984741211,37.439998626708984,37.83000183105469,30.39000701904297,10672400
2023-05-09,37.81999969482422,37.81999969482422,37.43000030517578,37.56999969482422,30.18113899230957,12226800
2023-05-10,37.810001373291016,37.83000183105469,37.290000915527344,37.630001068115234,30.229339599609375,14427500
2023-05-11,37.40999984741211,37.63999938964844,37.31999969482422,37.599998474121094,30.20523452758789,11068700
2023-05-12,37.63999938964844,37.7400016784668,37.40999984741211,37.59000015258789,30.197206497192383,10670700
2023-05-15,37.630001068115234,37.630001068115234,36.720001220703125,36.77000045776367,29.538471221923828,20408700
2023-05-16,36.619998931884766,36.779998779296875,36.040000915527344,36.04999923706055,28.9600772857666,20244700
2023-05-17,36.220001220703125,36.34000015258789,36.040000915527344,36.18000030517578,29.06450843811035,16741100
2023-05-18,36.0099983215332,36.16999816894531,35.720001220703125,36.130001068115234,29.024343490600586,20365900
2023-05-19,36.220001220703125,36.52000045776367,36.029998779296875,36.04999923706055,28.9600772857666,16829200
2023-05-22,36.25,36.33000183105469,35.90999984741211,35.959999084472656,28.887781143188477,16634300
2023-05-23,35.939998626708984,36.90999984741211,35.79999923706055,36.2400016784668,29.11270523071289,21539700
2023-05-24,36.22999954223633,36.25,35.849998474121094,35.869998931884766,28.815473556518555,16044200
2023-05-25,35.540000915527344,35.560001373291016,34.7400016784668,34.81999969482422,27.97197914123535,32465900
2023-05-26,34.84000015258789,35.060001373291016,34.66999816894531,35.0,28.116579055786133,18216700
2023-05-30,34.970001220703125,35.130001068115234,34.779998779296875,34.900001525878906,28.036245346069336,19353300
2023-05-31,34.86000061035156,35.97999954223633,34.86000061035156,35.630001068115234,28.6226749420166,53756700
2023-06-01,35.599998474121094,35.900001525878906,35.41999816894531,35.720001220703125,28.694976806640625,20565300
2023-06-02,34.400001525878906,34.900001525878906,33.720001220703125,34.58000183105469,27.7791805267334,61527900
2023-06-05,34.779998779296875,35.150001525878906,34.45000076293945,34.459999084472656,27.68277931213379,30125600
2023-06-06,34.5,34.7400016784668,34.33000183105469,34.70000076293945,27.875581741333008,18406700
2023-06-07,34.720001220703125,35.279998779296875,34.630001068115234,35.2599983215332,28.3254337310791,25494100
2023-06-08,35.2400016784668,35.439998626708984,34.97999954223633,35.43000030517578,28.462003707885742,17749700
2023-06-09,35.459999084472656,35.619998931884766,35.2599983215332,35.470001220703125,28.494142532348633,14953900
2023-06-12,35.65999984741211,35.779998779296875,35.36000061035156,35.61000061035156,28.606609344482422,14044500
2023-06-13,35.5,35.790000915527344,35.41999816894531,35.47999954223633,28.502178192138672,17706700
2023-06-14,35.630001068115234,35.97999954223633,35.619998931884766,35.72999954223633,28.7030086517334,16538700
2023-06-15,35.7599983215332,36.470001220703125,35.68000030517578,36.439998626708984,29.273374557495117,18890900
2023-06-16,36.52000045776367,36.689998626708984,36.16999816894531,36.459999084472656,29.28943634033203,36102100
2023-06-20,36.08000183105469,36.16999816894531,35.779998779296875,35.810001373291016,28.767282485961914,17687900
2023-06-21,35.70000076293945,35.970001220703125,35.5,35.83000183105469,28.78334617614746,17121200
2023-06-22,35.81999969482422,35.91999816894531,35.56999969482422,35.849998474121094,28.799413681030273,12431200
2023-06-23,35.95000076293945,36.08000183105469,35.47999954223633,35.5099983215332,28.526275634765625,18991500
2023-06-26,35.65999984741211,36.13999938964844,35.5,36.11000061035156,29.008272171020508,15840000
2023-06-27,36.369998931884766,36.68000030517578,36.220001220703125,36.54999923706055,29.361736297607422,17757800
2023-06-28,36.5,36.86000061035156,36.2400016784668,36.81999969482422,29.578638076782227,16756400
2023-06-29,36.790000915527344,37.02000045776367,36.65999984741211,36.9900016784668,29.715208053588867,16740800
2023-06-30,37.0,37.25,36.849998474121094,37.189998626708984,29.875865936279297,19098300
2023-07-03,37.16999816894531,37.380001068115234,36.959999084472656,37.279998779296875,29.94817352294922,10367100
2023-07-05,37.279998779296875,37.68000030517578,37.22999954223633,37.47999954223633,30.108844757080078,19868300
2023-07-06,37.400001525878906,37.40999984741211,37.060001373291016,37.130001068115234,29.827674865722656,21558200
2023-07-07,36.220001220703125,36.349998474121094,35.869998931884766,35.900001525878906,29.35584831237793,20482700
2023-07-10,35.91999816894531,35.959999084472656,35.0,35.13999938964844,28.734390258789062,30326400
2023-07-11,35.119998931884766,35.220001220703125,34.709999084472656,34.9900016784668,28.61173439025879,28340300
2023-07-12,35.099998474121094,35.2400016784668,34.709999084472656,34.86000061035156,28.505435943603516,27299600
2023-07-13,34.81999969482422,34.86000061035156,34.41999816894531,34.63999938964844,28.325532913208008,25641900
2023-07-14,34.43000030517578,34.5,33.95000076293945,34.0099983215332,27.810375213623047,31576000
2023-07-17,33.650001525878906,33.650001525878906,31.25,31.459999084472656,25.725208282470703,97510600
2023-07-18,32.02000045776367,33.150001525878906,31.969999313354492,32.27000045776367,26.387557983398438,79722200
2023-07-19,33.709999084472656,34.15999984741211,33.15999984741211,33.970001220703125,27.777664184570312,61881000
2023-07-20,33.900001525878906,34.0,33.5099983215332,33.63999938964844,27.507823944091797,32839900
2023-07-21,33.5099983215332,33.939998626708984,33.36000061035156,33.880001068115234,27.70407485961914,25179400
2023-07-24,33.880001068115234,34.599998474121094,33.709999084472656,33.97999954223633,27.785844802856445,30784200
2023-07-25,34.63999938964844,34.95000076293945,33.720001220703125,34.2400016784668,27.998449325561523,35719500
2023-07-26,33.849998474121094,34.61000061035156,33.77000045776367,34.34000015258789,28.08022117614746,27916000
2023-07-27,34.22999954223633,34.61000061035156,33.540000915527344,33.54999923706055,27.434226989746094,28097500
2023-07-28,33.66999816894531,34.31999969482422,33.65999984741211,34.029998779296875,27.826730728149414,30642100
2023-07-31,34.0,34.119998931884766,33.84000015258789,34.08000183105469,27.867618560791016,24500400
2023-08-01,34.290000915527344,34.29999923706055,33.31999969482422,33.43000030517578,27.336105346679688,27289500
2023-08-02,33.470001220703125,33.70000076293945,33.220001220703125,33.31999969482422,27.24615478515625,20481600
2023-08-03,33.04999923706055,33.25,32.72999954223633,33.060001373291016,27.033554077148438,20465700
2023-08-04,33.0,33.029998779296875,32.529998779296875,32.619998931884766,26.673757553100586,24584000
2023-08-07,32.650001525878906,32.83000183105469,32.18000030517578,32.529998779296875,26.600162506103516,24314000
2023-08-08,32.45000076293945,32.810001373291016,32.43000030517578,32.56999969482422,26.632871627807617,22178900
2023-08-09,32.5099983215332,32.83000183105469,32.34000015258789,32.709999084472656,26.747350692749023,20798500
2023-08-10,32.849998474121094,33.31999969482422,32.81999969482422,33.02000045776367,27.000843048095703,19031600
2023-08-11,32.959999084472656,33.41999816894531,32.95000076293945,33.36000061035156,27.27886199951172,15271400
2023-08-14,33.189998626708984,33.59000015258789,33.13999938964844,33.560001373291016,27.442407608032227,17934000
2023-08-15,33.349998474121094,33.5099983215332,33.209999084472656,33.2599983215332,27.197093963623047,15528600
2023-08-16,33.29999923706055,33.63999938964844,33.13999938964844,33.27000045776367,27.205270767211914,17395100
2023-08-17,33.36000061035156,33.47999954223633,32.849998474121094,33.060001373291016,27.033554077148438,19128000
2023-08-18,32.86000061035156,33.41999816894531,32.86000061035156,33.18000030517578,27.13167381286621,21722700
2023-08-21,33.150001525878906,33.220001220703125,32.77000045776367,33.0,26.984485626220703,27074400
2023-08-22,33.08000183105469,33.31999969482422,32.88999938964844,33.20000076293945,27.14803123474121,21722000
2023-08-23,33.20000076293945,33.369998931884766,33.0099983215332,33.189998626708984,27.139850616455078,15766400
2023-08-24,33.0099983215332,33.58000183105469,33.0,33.380001068115234,27.29521369934082,18561400
2023-08-25,33.33000183105469,33.52000045776367,33.02000045776367,33.349998474121094,27.27068328857422,14912100
2023-08-28,33.47999954223633,33.619998931884766,33.2599983215332,33.54999923706055,27.434226989746094,16050400
2023-08-29,33.9900016784668,34.75,33.95000076293945,34.689998626708984,28.366424560546875,28782800
2023-08-30,34.88999938964844,34.95000076293945,34.54999923706055,34.63999938964844,28.325532913208008,15021400
2023-08-31,34.849998474121094,35.13999938964844,34.7599983215332,34.97999954223633,28.603557586669922,24333200
2023-09-01,34.9900016784668,35.150001525878906,34.84000015258789,34.86000061035156,28.505435943603516,14748700
2023-09-05,34.849998474121094,35.06999969482422,34.29999923706055,34.29999923706055,28.04750633239746,17486000
2023-09-06,34.099998474121094,34.439998626708984,33.9900016784668,34.18000030517578,27.94938850402832,19187100
2023-09-07,34.18000030517578,34.52000045776367,33.75,33.810001373291016,27.646833419799805,26605800
2023-09-08,33.810001373291016,33.83000183105469,33.22999954223633,33.45000076293945,27.352460861206055,24872400
2023-09-11,33.70000076293945,34.09000015258789,33.58000183105469,33.939998626708984,27.753137588500977,18883900
2023-09-12,34.130001068115234,34.18000030517578,33.79999923706055,34.040000915527344,27.83491325378418,15784400
2023-09-13,34.29999923706055,34.29999923706055,33.5099983215332,33.86000061035156,27.68771743774414,21027900
2023-09-14,34.27000045776367,34.380001068115234,33.939998626708984,34.040000915527344,27.83491325378418,26570100
2023-09-15,33.959999084472656,34.16999816894531,33.65999984741211,33.790000915527344,27.630481719970703,38205200
2023-09-18,33.900001525878906,33.970001220703125,33.52000045776367,33.529998779296875,27.417877197265625,16233700
2023-09-19,33.58000183105469,33.72999954223633,33.25,33.400001525878906,27.311574935913086,23379300
2023-09-20,33.58000183105469,33.939998626708984,33.36000061035156,33.599998474121094,27.475114822387695,23742000
2023-09-21,33.52000045776367,33.849998474121094,33.2599983215332,33.290000915527344,27.22162437438965,17993800
2023-09-22,33.2599983215332,33.5099983215332,32.93000030517578,33.279998779296875,27.21344757080078,22740000
2023-09-25,33.16999816894531,33.25,32.869998931884766,33.15999984741211,27.115325927734375,17616900
2023-09-26,32.88999938964844,33.16999816894531,32.810001373291016,32.9900016784668,26.976314544677734,18841600
2023-09-27,32.95000076293945,33.0099983215332,32.310001373291016,32.400001525878906,26.493860244750977,22083500
2023-09-28,32.400001525878906,32.619998931884766,32.400001525878906,32.54999923706055,26.616518020629883,18772100
2023-09-29,32.619998931884766,32.75,32.369998931884766,32.40999984741211,26.50203514099121,19787600
2023-10-02,32.439998626708984,32.470001220703125,31.729999542236328,31.760000228881836,25.970523834228516,24722600
2023-10-03,31.700000762939453,32.0099983215332,31.610000610351562,31.979999542236328,26.150423049926758,21389400
2023-10-04,31.790000915527344,31.969999313354492,31.399999618530273,31.540000915527344,25.790630340576172,23694100
2023-10-05,31.559999465942383,31.920000076293945,31.3799991607666,31.81999969482422,26.019590377807617,22774400
2023-10-06,30.940000534057617,31.0,30.139999389648438,30.850000381469727,25.764862060546875,31291800
2023-10-09,30.739999771118164,31.5,30.739999771118164,31.450000762939453,26.265962600708008,20344300
2023-10-10,31.479999542236328,31.799999237060547,31.31999969482422,31.760000228881836,26.52486228942871,19151900
2023-10-11,31.829999923706055,31.969999313354492,31.40999984741211,31.459999084472656,26.274311065673828,15694200
2023-10-12,31.329999923706055,31.3700008392334,30.649999618530273,30.90999984741211,25.814973831176758,21718300
2023-10-13,31.079999923706055,31.389999389648438,30.639999389648438,30.670000076293945,25.614534378051758,24528400
2023-10-16,30.84000015258789,31.31999969482422,30.6200008392334,31.25,26.09893035888672,21087900
2023-10-17,31.110000610351562,31.540000915527344,31.100000381469727,31.510000228881836,26.31607437133789,21186000
2023-10-18,31.420000076293945,31.479999542236328,30.989999771118164,31.049999237060547,25.931894302368164,22024300
2023-10-19,31.420000076293945,31.969999313354492,31.399999618530273,31.579999923706055,26.374536514282227,28806600
2023-10-20,31.56999969482422,32.13999938964844,31.549999237060547,31.56999969482422,26.366180419921875,27271200
2023-10-23,31.479999542236328,31.65999984741211,31.260000228881836,31.389999389648438,26.215850830078125,31725800
2023-10-24,33.150001525878906,34.459999084472656,32.970001220703125,34.29999923706055,28.646177291870117,61617900
2023-10-25,34.5,34.61000061035156,33.599998474121094,33.689998626708984,28.136728286743164,30832800
2023-10-26,33.65999984741211,34.70000076293945,33.63999938964844,34.470001220703125,28.78816032409668,34367000
2023-10-27,34.380001068115234,34.59000015258789,33.34000015258789,33.439998626708984,27.927942276000977,23924800
2023-10-30,33.84000015258789,34.79999923706055,33.84000015258789,34.619998931884766,28.91343879699707,31497700
2023-10-31,34.709999084472656,35.209999084472656,34.66999816894531,35.130001068115234,29.339370727539062,28903400
2023-11-01,35.40999984741211,35.560001373291016,35.150001525878906,35.400001525878906,29.564870834350586,26071200
2023-11-02,35.310001373291016,35.939998626708984,35.310001373291016,35.900001525878906,29.98244857788086,24946000
2023-11-03,35.9900016784668,36.369998931884766,35.939998626708984,36.02000045776367,30.08266830444336,23323200
2023-11-06,35.97999954223633,36.029998779296875,35.619998931884766,35.63999938964844,29.765304565429688,15544000
2023-11-07,35.70000076293945,36.099998474121094,35.650001525878906,35.939998626708984,30.015851974487305,17654600
2023-11-08,35.939998626708984,35.97999954223633,35.599998474121094,35.77000045776367,29.873876571655273,16971500
2023-11-09,35.869998931884766,36.04999923706055,35.459999084472656,35.619998931884766,29.74860382080078,15685800
2023-11-10,35.90999984741211,35.91999816894531,35.400001525878906,35.709999084472656,29.82377052307129,12791200
2023-11-13,35.63999938964844,36.18000030517578,35.40999984741211,35.81999969482422,29.91563606262207,17236700
2023-11-14,36.0099983215332,36.099998474121094,35.810001373291016,35.880001068115234,29.965749740600586,17667100
2023-11-15,35.880001068115234,36.11000061035156,35.84000015258789,36.0,30.065963745117188,22855500
2023-11-16,36.08000183105469,36.380001068115234,35.93000030517578,36.18000030517578,30.216299057006836,19110800
2023-11-17,36.380001068115234,36.380001068115234,36.08000183105469,36.22999954223633,30.25804901123047,19355200
2023-11-20,36.279998779296875,36.869998931884766,36.20000076293945,36.72999954223633,30.675634384155273,18656400
2023-11-21,36.86000061035156,37.45000076293945,36.849998474121094,37.25,31.10992431640625,22946400
2023-11-22,37.33000183105469,37.52000045776367,37.220001220703125,37.349998474121094,31.193439483642578,14613100
2023-11-24,37.45000076293945,37.56999969482422,37.29999923706055,37.40999984741211,31.243545532226562,6766700
2023-11-27,37.45000076293945,37.540000915527344,37.290000915527344,37.349998474121094,31.193439483642578,15245300
2023-11-28,37.349998474121094,37.5099983215332,37.20000076293945,37.470001220703125,31.29366111755371,14521700
2023-11-29,37.529998779296875,37.88999938964844,37.529998779296875,37.7599983215332,31.53585433959961,16387400
2023-11-30,37.83000183105469,38.439998626708984,37.81999969482422,38.33000183105469,32.011905670166016,36623500
2023-12-01,38.400001525878906,38.61000061035156,38.27000045776367,38.58000183105469,32.220703125,20762500
2023-12-04,38.400001525878906,38.56999969482422,38.029998779296875,38.040000915527344,31.76970672607422,22109200
2023-12-05,38.349998474121094,38.54999923706055,38.09000015258789,38.41999816894531,32.08707046508789,23003300
2023-12-06,38.25,38.880001068115234,38.08000183105469,38.5,32.15388107299805,20218500
2023-12-07,38.54999923706055,38.72999954223633,38.29999923706055,38.650001525878906,32.279151916503906,15223200
2023-12-08,38.65999984741211,38.68000030517578,38.0099983215332,38.25,31.94508934020996,21850400
2023-12-11,38.290000915527344,38.38999938964844,37.47999954223633,37.66999816894531,31.460691452026367,21914500
2023-12-12,37.56999969482422,37.63999938964844,37.16999816894531,37.29999923706055,31.15167808532715,17096700
2023-12-13,37.08000183105469,37.150001525878906,36.459999084472656,36.9900016784668,30.892780303955078,32473200
2023-12-14,37.25,37.97999954223633,37.18000030517578,37.869998931884766,31.62772560119629,28551600
2023-12-15,37.54999923706055,37.83000183105469,37.13999938964844,37.369998931884766,31.21014404296875,51721600
2023-12-18,37.720001220703125,37.79999923706055,37.27000045776367,37.66999816894531,31.460691452026367,22057200
2023-12-19,37.599998474121094,37.7400016784668,37.4900016784668,37.56999969482422,31.37717628479004,17642500
2023-12-20,37.5,37.72999954223633,37.279998779296875,37.29999923706055,31.15167808532715,18134600
2023-12-21,37.349998474121094,37.54999923706055,37.209999084472656,37.43000030517578,31.2602481842041,15421000
2023-12-22,37.41999816894531,37.779998779296875,37.400001525878906,37.4900016784668,31.310367584228516,13171600
2023-12-26,37.439998626708984,37.63999938964844,37.310001373291016,37.47999954223633,31.30200958251953,11856600
2023-12-27,37.33000183105469,37.459999084472656,37.20000076293945,37.310001373291016,31.160037994384766,15267600
2023-12-28,37.18000030517578,37.720001220703125,37.150001525878906,37.4900016784668,31.310367584228516,14931700
2023-12-29,37.380001068115234,37.7599983215332,37.31999969482422,37.70000076293945,31.485742568969727,16222700
2024-01-02,37.72999954223633,38.970001220703125,37.68000030517578,38.880001068115234,32.471248626708984,23810900
2024-01-03,39.529998779296875,39.720001220703125,39.130001068115234,39.15999984741211,32.70508575439453,26263900
2024-01-04,39.68000030517578,39.849998474121094,39.36000061035156,39.369998931884766,32.88047409057617,24214600
2024-01-05,39.470001220703125,40.369998931884766,39.29999923706055,40.20000076293945,33.573665618896484,30276700
2024-01-08,40.150001525878906,40.2599983215332,39.47999954223633,40.099998474121094,33.490142822265625,28483000
2024-01-09,39.25,39.25,38.77000045776367,39.040000915527344,33.154693603515625,17880100
2024-01-10,39.08000183105469,39.099998474121094,38.65999984741211,39.08000183105469,33.188663482666016,16354700
2024-01-11,39.029998779296875,39.029998779296875,37.560001373291016,37.900001525878906,32.186546325683594,31289800
2024-01-12,38.189998626708984,38.77000045776367,38.16999816894531,38.560001373291016,32.74705505371094,18774800
2024-01-16,38.58000183105469,39.349998474121094,38.349998474121094,39.290000915527344,33.367008209228516,31039400
2024-01-17,38.720001220703125,39.43000030517578,38.66999816894531,38.869998931884766,33.010318756103516,21377100
2024-01-18,38.529998779296875,39.0099983215332,38.459999084472656,38.939998626708984,33.069766998291016,17112800
2024-01-19,39.06999969482422,39.43000030517578,38.689998626708984,39.33000183105469,33.400978088378906,20561700
2024-01-22,39.400001525878906,39.720001220703125,39.310001373291016,39.58000183105469,33.6132926940918,26039200
2024-01-23,41.06999969482422,42.25,40.59000015258789,42.22999954223633,35.86379623413086,49713700
2024-01-24,42.22999954223633,42.34000015258789,41.189998626708984,41.279998779296875,35.0570182800293,27910400
2024-01-25,41.45000076293945,42.29999923706055,41.33000183105469,42.290000915527344,35.914756774902344,24613200
2024-01-26,42.290000915527344,42.4900016784668,42.099998474121094,42.400001525878906,36.0081672668457,20367200
2024-01-29,42.119998931884766,42.38999938964844,41.65999984741211,42.04999923706055,35.710933685302734,23905700
2024-01-30,42.0,42.599998474121094,41.810001373291016,42.470001220703125,36.067623138427734,20044600
2024-01-31,42.189998626708984,43.209999084472656,42.040000915527344,42.349998474121094,35.9657096862793,23392300
2024-02-01,42.68000030517578,42.720001220703125,41.970001220703125,42.4900016784668,36.08460235595703,19586500
2024-02-02,42.20000076293945,42.470001220703125,41.83000183105469,42.130001068115234,35.778873443603516,21548600
2024-02-05,42.0,42.18000030517578,41.279998779296875,41.380001068115234,35.14193344116211,20466200
2024-02-06,41.38999938964844,41.56999969482422,40.95000076293945,41.099998474121094,34.904144287109375,17517600
2024-02-07,41.099998474121094,41.13999938964844,40.36000061035156,40.41999816894531,34.32665252685547,21815600
2024-02-08,40.29999923706055,40.369998931884766,39.439998626708984,39.90999984741211,33.8935432434082,19523500
2024-02-09,39.900001525878906,40.09000015258789,39.2599983215332,39.720001220703125,33.73218536376953,18479400
2024-02-12,39.72999954223633,40.16999816894531,39.529998779296875,40.099998474121094,34.054901123046875,15060500
2024-02-13,40.20000076293945,40.459999084472656,39.68000030517578,40.130001068115234,34.08037567138672,14483600
2024-02-14,40.380001068115234,40.540000915527344,39.970001220703125,40.150001525878906,34.097354888916016,12443200
2024-02-15,40.209999084472656,40.619998931884766,40.18000030517578,40.59000015258789,34.47102355957031,12081400
2024-02-16,40.290000915527344,40.66999816894531,39.7400016784668,40.4900016784668,34.386104583740234,12645500
2024-02-20,40.40999984741211,40.90999984741211,40.27000045776367,40.5,34.39459991455078,12069500
2024-02-21,40.4900016784668,41.119998931884766,40.369998931884766,41.099998474121094,34.904144287109375,16268200
2024-02-22,40.75,40.93000030517578,40.11000061035156,40.72999954223633,34.58992004394531,22068900
2024-02-23,40.630001068115234,41.150001525878906,40.459999084472656,40.65999984741211,34.53047561645508,15228600
2024-02-26,40.599998474121094,40.630001068115234,39.43000030517578,39.689998626708984,33.70670700073242,25108400
2024-02-27,39.68000030517578,39.97999954223633,39.43000030517578,39.93000030517578,33.9105224609375,17074100
2024-02-28,39.959999084472656,40.209999084472656,39.86000061035156,40.099998474121094,34.054901123046875,12437000
2024-02-29,40.099998474121094,40.22999954223633,39.849998474121094,40.02000045776367,33.98695755004883,20486500
2024-03-01,39.9900016784668,40.290000915527344,39.77000045776367,40.20000076293945,34.13982391357422,12130900
2024-03-04,39.91999816894531,40.33000183105469,39.5099983215332,40.310001373291016,34.233238220214844,18753900
2024-03-05,40.349998474121094,40.959999084472656,39.91999816894531,40.349998474121094,34.267208099365234,20640100
2024-03-06,40.349998474121094,40.369998931884766,39.77000045776367,39.93000030517578,33.9105224609375,16331100
2024-03-07,40.099998474121094,40.279998779296875,39.380001068115234,39.529998779296875,33.57082748413086,17100600
2024-03-08,39.61000061035156,39.880001068115234,39.38999938964844,39.5099983215332,33.553836822509766,17807900
2024-03-11,39.56999969482422,40.22999954223633,39.560001373291016,40.130001068115234,34.08037567138672,12344600
2024-03-12,40.029998779296875,40.2599983215332,39.900001525878906,40.130001068115234,34.08037567138672,12452700
2024-03-13,40.290000915527344,40.5,40.060001373291016,40.2599983215332,34.19078063964844,13751800
2024-03-14,40.0,40.060001373291016,39.439998626708984,39.77000045776367,33.77465057373047,17475400
2024-03-15,39.599998474121094,39.93000030517578,39.13999938964844,39.4900016784668,33.53684997558594,54893900
2024-03-18,39.47999954223633,39.959999084472656,39.2599983215332,39.93000030517578,33.9105224609375,16200800
2024-03-19,39.880001068115234,40.04999923706055,39.810001373291016,39.970001220703125,33.94449234008789,15226900
2024-03-20,39.959999084472656,40.27000045776367,39.79999923706055,40.119998931884766,34.07188415527344,15198800
2024-03-21,40.119998931884766,40.59000015258789,39.97999954223633,40.540000915527344,34.428565979003906,21868300
2024-03-22,40.7400016784668,40.810001373291016,40.0099983215332,40.369998931884766,34.28419876098633,17816400
2024-03-25,40.529998779296875,40.880001068115234,40.47999954223633,40.869998931884766,34.70881652832031,14587200
2024-03-26,40.83000183105469,41.0,40.709999084472656,40.849998474121094,34.69183349609375,17854100
2024-03-27,41.099998474121094,41.779998779296875,41.099998474121094,41.540000915527344,35.27781677246094,19260100
2024-03-28,41.63999938964844,42.150001525878906,41.630001068115234,41.959999084472656,35.634498596191406,19771400
2024-04-01,41.9900016784668,42.34000015258789,41.529998779296875,42.279998779296875,35.9062614440918,15031600
2024-04-02,42.29999923706055,42.68000030517578,42.2599983215332,42.540000915527344,36.127071380615234,17260800
2024-04-03,42.58000183105469,42.900001525878906,42.529998779296875,42.84000015258789,36.381839752197266,18211800
2024-04-04,42.9900016784668,43.41999816894531,42.439998626708984,42.45000076293945,36.050636291503906,16461400
2024-04-05,42.25,42.439998626708984,41.61000061035156,42.119998931884766,35.77037811279297,14338700
2024-04-08,42.119998931884766,42.150001525878906,41.709999084472656,41.72999954223633,35.439178466796875,14457800
2024-04-09,41.060001373291016,41.18000030517578,40.540000915527344,40.84000015258789,35.244998931884766,17224100
2024-04-10,40.61000061035156,40.65999984741211,39.959999084472656,40.52000045776367,34.968841552734375,17900400
2024-04-11,40.45000076293945,40.470001220703125,40.09000015258789,40.15999984741211,34.65815734863281,14782200
2024-04-12,40.18000030517578,40.2599983215332,39.68000030517578,39.720001220703125,34.2784423828125,21555000
2024-04-15,40.11000061035156,40.349998474121094,39.849998474121094,40.11000061035156,34.61500549316406,16442800
2024-04-16,40.11000061035156,40.13999938964844,39.56999969482422,39.77000045776367,34.32158279418945,14016800
2024-04-17,39.849998474121094,39.97999954223633,39.459999084472656,39.779998779296875,34.33021545410156,21009200
2024-04-18,39.849998474121094,40.16999816894531,39.709999084472656,40.130001068115234,34.632266998291016,20173700
2024-04-19,40.0,40.66999816894531,39.97999954223633,40.4900016784668,34.94294357299805,24706500
2024-04-22,41.400001525878906,41.63999938964844,38.560001373291016,38.599998474121094,33.31187057495117,51243200
2024-04-23,38.90999984741211,39.9900016784668,38.68000030517578,39.70000076293945,34.261173248291016,25972800
2024-04-24,39.5,39.65999984741211,38.939998626708984,39.4900016784668,34.07994842529297,15946600
2024-04-25,39.290000915527344,39.81999969482422,38.959999084472656,39.220001220703125,33.8469352722168,16837700
2024-04-26,39.060001373291016,39.959999084472656,38.900001525878906,39.68000030517578,34.24391555786133,18246200
2024-04-29,39.900001525878906,40.81999969482422,39.869998931884766,40.09000015258789,34.597747802734375,19438600
2024-04-30,39.90999984741211,39.91999816894531,39.439998626708984,39.4900016784668,34.07994842529297,20222200
2024-05-01,39.33000183105469,39.65999984741211,39.130001068115234,39.20000076293945,33.829673767089844,17754000
2024-05-02,39.31999969482422,39.47999954223633,38.75,38.93000030517578,33.59666442871094,17394900
2024-05-03,39.04999923706055,39.20000076293945,38.75,38.88999938964844,33.5621452331543,13195600
2024-05-06,39.119998931884766,39.349998474121094,39.060001373291016,39.33000183105469,33.94186782836914,13348800
2024-05-07,39.529998779296875,39.58000183105469,39.09000015258789,39.310001373291016,33.92460632324219,11935200
2024-05-08,39.2400016784668,39.56999969482422,39.099998474121094,39.47999954223633,34.07131576538086,10438000
2024-05-09,39.5099983215332,39.83000183105469,39.380001068115234,39.790000915527344,34.338844299316406,12881000
2024-05-10,39.810001373291016,40.41999816894531,39.709999084472656,40.400001525878906,34.86528015136719,16888500
2024-05-13,40.34000015258789,40.650001525878906,40.09000015258789,40.540000915527344,34.98609924316406,21365700
2024-05-14,40.59000015258789,40.689998626708984,40.41999816894531,40.4900016784668,34.94294357299805,17664400
2024-05-15,40.75,40.90999984741211,40.439998626708984,40.4900016784668,34.94294357299805,14926000
2024-05-16,40.290000915527344,40.439998626708984,40.13999938964844,40.25,34.73582458496094,12913200
2024-05-17,40.38999938964844,40.40999984741211,39.83000183105469,40.060001373291016,34.571861267089844,14670400
2024-05-20,40.04999923706055,40.310001373291016,40.0099983215332,40.119998931884766,34.623634338378906,8665000
2024-05-21,40.099998474121094,40.119998931884766,39.279998779296875,39.619998931884766,34.192134857177734,18327000
2024-05-22,39.70000076293945,40.18000030517578,39.619998931884766,39.790000915527344,34.338844299316406,12374100
2024-05-23,39.599998474121094,39.79999923706055,39.11000061035156,39.43000030517578,34.02816390991211,14105000
2024-05-24,39.5099983215332,39.7400016784668,39.5,39.7400016784668,34.295692443847656,10420000
2024-05-28,39.720001220703125,39.790000915527344,39.16999816894531,39.36000061035156,33.96775817871094,15071300
2024-05-29,39.2599983215332,39.470001220703125,39.0,39.099998474121094,33.743370056152344,17652000
2024-05-30,39.220001220703125,40.36000061035156,39.18000030517578,40.33000183105469,34.80487060546875,19633200
2024-05-31,40.13999938964844,41.279998779296875,40.099998474121094,41.150001525878906,35.512535095214844,38917400
2024-06-03,41.18000030517578,41.5099983215332,40.900001525878906,40.97999954223633,35.36581802368164,20688100
2024-06-04,40.880001068115234,41.560001373291016,40.720001220703125,41.560001373291016,35.866355895996094,16040200
2024-06-05,41.599998474121094,41.720001220703125,41.130001068115234,41.349998474121094,35.68513107299805,11964000
2024-06-06,41.310001373291016,41.720001220703125,41.13999938964844,41.33000183105469,35.667869567871094,10259100
2024-06-07,41.15999984741211,41.290000915527344,40.810001373291016,40.939998626708984,35.331295013427734,10410200
2024-06-10,40.90999984741211,40.93000030517578,40.33000183105469,40.40999984741211,34.87390899658203,15210700
2024-06-11,40.290000915527344,40.59000015258789,40.220001220703125,40.41999816894531,34.882537841796875,12083300
2024-06-12,40.77000045776367,40.79999923706055,39.58000183105469,39.77000045776367,34.32158279418945,15065300
2024-06-13,39.75,39.79999923706055,39.29999923706055,39.779998779296875,34.33021545410156,12297400
2024-06-14,39.47999954223633,39.84000015258789,39.45000076293945,39.66999816894531,34.23528289794922,10480600
2024-06-17,39.599998474121094,39.599998474121094,38.95000076293945,39.459999084472656,34.054054260253906,22286600
2024-06-18,39.709999084472656,40.18000030517578,39.70000076293945,40.08000183105469,34.589111328125,17125700
2024-06-20,39.84000015258789,40.470001220703125,39.810001373291016,40.2400016784668,34.72719955444336,17704700
2024-06-21,40.369998931884766,40.380001068115234,39.900001525878906,40.2400016784668,34.72719955444336,30375300
2024-06-24,40.38999938964844,41.220001220703125,40.31999969482422,41.16999816894531,35.529788970947266,20773800
2024-06-25,41.209999084472656,41.630001068115234,40.83000183105469,41.08000183105469,35.45212173461914,17475700
2024-06-26,41.0,41.16999816894531,40.709999084472656,41.02000045776367,35.40034103393555,19709900
2024-06-27,41.0,41.040000915527344,40.560001373291016,40.81999969482422,35.22773361206055,15560800
2024-06-28,40.86000061035156,41.58000183105469,40.689998626708984,41.2400016784668,35.59019470214844,27639200
2024-07-01,41.41999816894531,41.97999954223633,41.349998474121094,41.7400016784668,36.021705627441406,16412100
2024-07-02,41.630001068115234,41.70000076293945,40.720001220703125,41.099998474121094,35.46937561035156,21659400
2024-07-03,41.130001068115234,41.38999938964844,40.95000076293945,41.119998931884766,35.48664093017578,6653900
2024-07-05,41.16999816894531,41.380001068115234,40.95000076293945,41.27000045776367,35.61608123779297,17552200
2024-07-08,41.29999923706055,41.59000015258789,41.08000183105469,41.529998779296875,35.84046936035156,15380400
2024-07-09,41.470001220703125,41.779998779296875,41.209999084472656,41.29999923706055,35.641971588134766,20475200
2024-07-10,40.880001068115234,41.130001068115234,40.689998626708984,41.08000183105469,36.03230285644531,13826800
2024-07-11,41.08000183105469,41.36000061035156,40.75,41.29999923706055,36.22526168823242,12487800
2024-07-12,41.310001373291016,41.56999969482422,41.20000076293945,41.43000030517578,36.33930206298828,11129100
2024-07-15,41.43000030517578,41.459999084472656,40.70000076293945,40.790000915527344,35.77793502807617,15874900
2024-07-16,40.849998474121094,41.54999923706055,40.81999969482422,41.45000076293945,36.356842041015625,16016900
2024-07-17,41.54999923706055,42.189998626708984,41.52000045776367,42.029998779296875,36.865570068359375,20401700
2024-07-18,41.900001525878906,42.52000045776367,41.720001220703125,42.06999969482422,36.90065383911133,15752800
2024-07-19,42.29999923706055,42.29999923706055,41.43000030517578,41.619998931884766,36.505950927734375,17608000
2024-07-22,39.95000076293945,40.0,38.70000076293945,39.09000015258789,34.28682327270508,54985800
2024-07-23,38.7400016784668,39.27000045776367,38.720001220703125,38.88999938964844,34.11139678955078,25257700
2024-07-24,39.2400016784668,39.83000183105469,39.04999923706055,39.66999816894531,34.79554748535156,22889000
2024-07-25,39.86000061035156,40.970001220703125,39.790000915527344,39.95000076293945,35.04114532470703,19740300
2024-07-26,39.900001525878906,40.16999816894531,39.650001525878906,40.09000015258789,35.16394805908203,15911500
2024-07-29,40.08000183105469,40.119998931884766,39.66999816894531,40.029998779296875,35.11132049560547,12937200
2024-07-30,40.0099983215332,40.2599983215332,39.83000183105469,40.040000915527344,35.12009048461914,16089200
2024-07-31,40.029998779296875,40.790000915527344,39.97999954223633,40.52000045776367,35.541114807128906,23605400
2024-08-01,40.66999816894531,41.18000030517578,40.279998779296875,40.849998474121094,35.83055877685547,18166800
2024-08-02,41.20000076293945,41.939998626708984,40.40999984741211,40.970001220703125,35.93581771850586,26124900
2024-08-05,40.0,40.27000045776367,39.63999938964844,39.79999923706055,34.90958023071289,26855000
2024-08-06,39.970001220703125,40.47999954223633,39.7599983215332,40.2599983215332,35.313053131103516,18104200
2024-08-07,40.36000061035156,40.720001220703125,40.20000076293945,40.279998779296875,35.33060073852539,12176300
2024-08-08,40.279998779296875,40.790000915527344,40.25,40.52000045776367,35.541114807128906,13237100
2024-08-09,40.4900016784668,40.79999923706055,40.029998779296875,40.75,35.74284744262695,11818700
2024-08-12,40.95000076293945,41.0,40.310001373291016,40.529998779296875,35.54987335205078,11099000
2024-08-13,40.650001525878906,40.79999923706055,40.349998474121094,40.779998779296875,35.7691650390625,15349400
2024-08-14,40.599998474121094,41.099998474121094,40.4900016784668,40.900001525878906,35.874420166015625,10931100
2024-08-15,40.84000015258789,40.91999816894531,40.0,40.040000915527344,35.12009048461914,17489600
2024-08-16,40.099998474121094,40.619998931884766,40.060001373291016,40.61000061035156,35.62005615234375,13377500
2024-08-19,40.630001068115234,40.86000061035156,40.560001373291016,40.7400016784668,35.73408126831055,9401400
2024-08-20,40.65999984741211,40.959999084472656,40.630001068115234,40.849998474121094,35.83055877685547,8784000
2024-08-21,40.90999984741211,41.06999969482422,40.72999954223633,41.04999923706055,36.0059814453125,13683400
2024-08-22,41.099998474121094,41.15999984741211,40.61000061035156,40.869998931884766,35.84809875488281,13529600
2024-08-23,40.9900016784668,41.22999954223633,40.91999816894531,41.209999084472656,36.14632797241211,11757300
2024-08-26,41.369998931884766,41.7400016784668,41.2400016784668,41.4900016784668,36.39192581176758,10309500
2024-08-27,41.54999923706055,41.63999938964844,41.18000030517578,41.45000076293945,36.356842041015625,9778200
2024-08-28,41.4900016784668,41.709999084472656,41.36000061035156,41.4900016784668,36.39192581176758,12732700
2024-08-29,41.540000915527344,41.56999969482422,41.13999938964844,41.25,36.18141555786133,17338100
2024-08-30,41.29999923706055,41.88999938964844,41.16999816894531,41.779998779296875,36.64628601074219,20009900
2024-09-03,41.959999084472656,42.93000030517578,41.91999816894531,42.93000030517578,37.65497970581055,23319900
2024-09-04,43.0,43.27000045776367,41.20000076293945,41.47999954223633,36.38315200805664,31272700
2024-09-05,41.310001373291016,41.810001373291016,40.900001525878906,41.310001373291016,36.23404312133789,28199800
2024-09-06,41.36000061035156,41.790000915527344,41.130001068115234,41.150001525878906,36.09370422363281,18100300
2024-09-09,41.2599983215332,42.779998779296875,41.2599983215332,42.72999954223633,37.479557037353516,27850300
2024-09-10,42.790000915527344,43.689998626708984,42.380001068115234,43.650001525878906,38.2865104675293,36980400
2024-09-11,43.5099983215332,43.81999969482422,42.939998626708984,43.79999923706055,38.41807556152344,22395500
2024-09-12,43.5,43.880001068115234,43.43000030517578,43.86000061035156,38.470706939697266,18397000
2024-09-13,43.93000030517578,44.470001220703125,43.619998931884766,44.43000030517578,38.970672607421875,20029700
2024-09-16,44.61000061035156,45.04999923706055,44.459999084472656,45.0,39.47062683105469,24714500
2024-09-17,44.75,44.75,43.91999816894531,44.08000183105469,38.66367721557617,18769600
2024-09-18,44.099998474121094,44.5,43.779998779296875,43.880001068115234,38.488250732421875,16897900
2024-09-19,43.959999084472656,43.970001220703125,43.33000183105469,43.939998626708984,38.54087448120117,23097200
2024-09-20,43.779998779296875,44.470001220703125,43.650001525878906,44.33000183105469,38.882957458496094,52671900
2024-09-23,44.349998474121094,44.529998779296875,43.95000076293945,44.2599983215332,38.82155990600586,18083200
2024-09-24,44.209999084472656,44.790000915527344,44.130001068115234,44.65999984741211,39.17240524291992,15154000
2024-09-25,44.79999923706055,44.880001068115234,44.41999816894531,44.54999923706055,39.075923919677734,21990100
2024-09-26,44.599998474121094,44.880001068115234,44.36000061035156,44.619998931884766,39.137325286865234,15779600
2024-09-27,44.720001220703125,45.04999923706055,44.4900016784668,44.88999938964844,39.374149322509766,15659300
2024-09-30,45.130001068115234,45.36000061035156,44.790000915527344,44.90999984741211,39.39168930053711,13509700
2024-10-01,44.959999084472656,45.2400016784668,44.65999984741211,45.209999084472656,39.65483093261719,17536400
2024-10-02,45.130001068115234,45.279998779296875,44.869998931884766,45.04999923706055,39.51448440551758,12040800
2024-10-03,44.93000030517578,44.959999084472656,44.38999938964844,44.52000045776367,39.04961013793945,12258400
2024-10-04,43.77000045776367,44.25,43.54999923706055,44.18000030517578,38.75139236450195,14531200
2024-10-07,44.08000183105469,44.13999938964844,43.77000045776367,43.84000015258789,38.45316696166992,12885000
2024-10-08,44.0,44.150001525878906,43.689998626708984,44.0099983215332,38.6022834777832,10855100
2024-10-09,44.060001373291016,44.25,43.810001373291016,44.11000061035156,38.68998718261719,12614200
2024-10-10,43.439998626708984,43.66999816894531,42.810001373291016,42.95000076293945,38.260616302490234,12352800
2024-10-11,43.150001525878906,43.2400016784668,42.79999923706055,43.0,38.30516052246094,10658700
2024-10-14,43.0,43.290000915527344,42.88999938964844,43.189998626708984,38.47441101074219,9923500
2024-10-15,43.470001220703125,43.970001220703125,43.16999816894531,43.7400016784668,38.964359283447266,15444500
2024-10-16,43.7400016784668,44.099998474121094,43.65999984741211,43.90999984741211,39.11579513549805,9459000
2024-10-17,43.880001068115234,44.0,43.529998779296875,43.849998474121094,39.06234359741211,10539500
2024-10-18,43.83000183105469,44.16999816894531,43.66999816894531,43.9900016784668,39.18706130981445,13058400
2024-10-21,44.04999923706055,44.20000076293945,43.599998474121094,43.70000076293945,38.92873001098633,18760000
2024-10-22,41.900001525878906,42.63999938964844,40.75,41.5,36.96892547607422,42576300
2024-10-23,41.86000061035156,42.900001525878906,41.7599983215332,42.86000061035156,38.180442810058594,27174700
2024-10-24,42.380001068115234,42.45000076293945,41.63999938964844,41.86000061035156,37.28963088989258,23506400
2024-10-25,41.900001525878906,42.18000030517578,41.369998931884766,41.380001068115234,36.86203384399414,19717400
2024-10-28,41.45000076293945,41.779998779296875,41.38999938964844,41.619998931884766,37.07583236694336,13575000
2024-10-29,41.31999969482422,41.68000030517578,41.290000915527344,41.33000183105469,36.81748962402344,15072300
2024-10-30,41.33000183105469,41.5099983215332,41.119998931884766,41.279998779296875,36.772953033447266,16372600
2024-10-31,41.2599983215332,42.650001525878906,41.25,42.130001068115234,37.53014373779297,31077900
2024-11-01,42.119998931884766,42.349998474121094,41.29999923706055,41.36000061035156,36.84421920776367,16682400
2024-11-04,41.650001525878906,41.77000045776367,40.900001525878906,41.060001373291016,36.57697677612305,14760900
2024-11-05,41.0099983215332,41.27000045776367,40.83000183105469,41.2599983215332,36.75513458251953,12322800
2024-11-06,41.439998626708984,41.66999816894531,40.93000030517578,41.15999984741211,36.666046142578125,21957100
2024-11-07,41.08000183105469,41.189998626708984,40.5099983215332,40.56999969482422,36.14047622680664,24225500
2024-11-08,40.7400016784668,40.849998474121094,40.41999816894531,40.47999954223633,36.06029510498047,21305900
2024-11-11,40.470001220703125,40.880001068115234,40.40999984741211,40.439998626708984,36.024662017822266,17116400
2024-11-12,40.5,40.599998474121094,40.06999969482422,40.400001525878906,35.989036560058594,16984600
2024-11-13,40.400001525878906,41.400001525878906,40.310001373291016,41.13999938964844,36.64823913574219,19953500
2024-11-14,41.13999938964844,41.2599983215332,40.86000061035156,40.869998931884766,36.407711029052734,13636600
2024-11-15,40.79999923706055,41.77000045776367,40.79999923706055,41.650001525878906,37.1025505065918,21482500
2024-11-18,41.66999816894531,42.58000183105469,41.66999816894531,42.25,37.63704299926758,17405400
2024-11-19,42.209999084472656,42.22999954223633,41.79999923706055,41.93000030517578,37.351985931396484,10520600
2024-11-20,42.0,42.279998779296875,41.75,42.220001220703125,37.610321044921875,14706500
2024-11-21,42.220001220703125,42.75,42.0099983215332,42.5,37.85974884033203,12534100
2024-11-22,42.599998474121094,43.34000015258789,42.34000015258789,43.150001525878906,38.438785552978516,17017400
2024-11-25,43.34000015258789,44.04999923706055,43.310001373291016,43.97999954223633,39.17816162109375,28365900
2024-11-26,43.97999954223633,44.5,43.75,44.369998931884766,39.52557373046875,17247000
2024-11-27,44.47999954223633,44.72999954223633,44.369998931884766,44.380001068115234,39.534488677978516,12372400
2024-11-29,44.380001068115234,44.52000045776367,44.04999923706055,44.34000015258789,39.49885177612305,9023100
2024-12-02,44.27000045776367,44.31999969482422,43.52000045776367,43.849998474121094,39.06234359741211,12783900
2024-12-03,43.90999984741211,44.41999816894531,43.70000076293945,43.83000183105469,39.04453659057617,15415900
2024-12-04,43.72999954223633,43.779998779296875,42.40999984741211,42.52000045776367,37.87757110595703,21431600
2024-12-05,42.59000015258789,42.869998931884766,42.52000045776367,42.54999923706055,37.9042854309082,16176900
2024-12-06,42.529998779296875,42.66999816894531,42.02000045776367,42.369998931884766,37.74394226074219,15685900
2024-12-09,42.470001220703125,43.099998474121094,42.15999984741211,42.36000061035156,37.73503494262695,15570300
2024-12-10,42.369998931884766,42.650001525878906,42.06999969482422,42.29999923706055,37.681583404541016,16337200
2024-12-11,42.189998626708984,42.459999084472656,41.88999938964844,41.9900016784668,37.405433654785156,13986100
2024-12-12,42.060001373291016,42.15999984741211,41.810001373291016,42.08000183105469,37.4856071472168,11232300
2024-12-13,42.0,42.400001525878906,41.810001373291016,42.279998779296875,37.66377258300781,13360400
2024-12-16,42.15999984741211,42.25,40.810001373291016,40.880001068115234,36.4166259765625,30228300
2024-12-17,40.65999984741211,41.119998931884766,40.5099983215332,40.779998779296875,36.32754135131836,15374000
2024-12-18,40.70000076293945,41.04999923706055,40.209999084472656,40.2400016784668,35.84650421142578,19199600
2024-12-19,40.04999923706055,40.459999084472656,39.93000030517578,39.970001220703125,35.605979919433594,17859100
2024-12-20,39.93000030517578,40.38999938964844,39.91999816894531,39.93000030517578,35.57034683227539,47590900
2024-12-23,39.93000030517578,40.130001068115234,39.83000183105469,39.939998626708984,35.57925033569336,21292300
2024-12-24,39.900001525878906,39.959999084472656,39.470001220703125,39.79999923706055,35.45453643798828,11712200
2024-12-26,39.83000183105469,40.16999816894531,39.7400016784668,39.959999084472656,35.59706497192383,12946400
2024-12-27,39.86000061035156,40.15999984741211,39.650001525878906,39.91999816894531,35.561439514160156,15168100
2024-12-30,39.79999923706055,39.84000015258789,39.400001525878906,39.599998474121094,35.2763786315918,15672000
2024-12-31,39.63999938964844,40.029998779296875,39.54999923706055,39.9900016784668,35.62379837036133,13549900
2025-01-02,40.029998779296875,40.560001373291016,39.97999954223633,40.209999084472656,35.81977462768555,22470200
2025-01-03,40.31999969482422,40.630001068115234,40.11000061035156,40.2599983215332,35.864315032958984,15229900
2025-01-06,40.290000915527344,40.33000183105469,39.58000183105469,39.61000061035156,35.28528594970703,27115000
2025-01-07,39.709999084472656,39.97999954223633,38.83000183105469,38.91999816894531,34.67061996459961,31517100
2025-01-08,38.90999984741211,38.9900016784668,38.439998626708984,38.939998626708984,34.688438415527344,22901600
2025-01-10,38.18000030517578,38.22999954223633,37.59000015258789,37.810001373291016,34.278656005859375,27338400
2025-01-13,37.939998626708984,38.150001525878906,37.7400016784668,38.119998931884766,34.559696197509766,19734000
2025-01-14,38.33000183105469,38.349998474121094,37.83000183105469,38.279998779296875,34.70475387573242,15740100
2025-01-15,38.29999923706055,38.59000015258789,38.06999969482422,38.18000030517578,34.61409378051758,27817100
2025-01-16,38.130001068115234,38.34000015258789,37.939998626708984,38.34000015258789,34.7591552734375,24678300
2025-01-17,38.41999816894531,38.970001220703125,38.349998474121094,38.779998779296875,35.158058166503906,24082100
2025-01-21,38.869998931884766,39.58000183105469,38.790000915527344,39.02000045776367,35.37564468383789,25717600
2025-01-22,38.88999938964844,39.34000015258789,38.59000015258789,38.95000076293945,35.31217956542969,31488900
2025-01-23,39.2400016784668,39.400001525878906,39.08000183105469,39.18000030517578,35.52069854736328,25153500
2025-01-24,40.11000061035156,40.68000030517578,39.369998931884766,39.540000915527344,35.84707260131836,37123900
2025-01-27,40.150001525878906,40.810001373291016,40.04999923706055,40.63999938964844,36.84433364868164,35520300
2025-01-28,40.599998474121094,40.810001373291016,40.349998474121094,40.400001525878906,36.62675857543945,21031900
2025-01-29,40.81999969482422,40.880001068115234,40.04999923706055,40.279998779296875,36.51795959472656,24238100
2025-01-30,40.349998474121094,40.349998474121094,39.15999984741211,39.470001220703125,35.78361511230469,27913500
2025-01-31,39.56999969482422,39.939998626708984,39.279998779296875,39.38999938964844,35.71108627319336,45178700
2025-02-03,39.310001373291016,40.119998931884766,39.150001525878906,39.97999954223633,36.2459831237793,27967100
2025-02-04,39.779998779296875,39.880001068115234,39.599998474121094,39.810001373291016,36.09185791015625,19190200
2025-02-05,40.130001068115234,40.310001373291016,39.810001373291016,40.130001068115234,36.3819694519043,16830500
2025-02-06,40.22999954223633,40.290000915527344,39.66999816894531,39.939998626708984,36.209716796875,15370600
2025-02-07,39.959999084472656,40.11000061035156,39.56999969482422,39.880001068115234,36.15531921386719,15754800
2025-02-10,40.02000045776367,40.13999938964844,39.81999969482422,39.95000076293945,36.218780517578125,16737500
2025-02-11,39.97999954223633,40.52000045776367,39.81999969482422,40.4900016784668,36.708351135253906,15182700
2025-02-12,40.4900016784668,40.599998474121094,40.150001525878906,40.529998779296875,36.744606018066406,14440300
2025-02-13,40.61000061035156,41.11000061035156,40.41999816894531,41.040000915527344,37.20697784423828,17056700
2025-02-14,41.13999938964844,41.290000915527344,40.939998626708984,40.9900016784668,37.16164779663086,12438200
2025-02-18,40.91999816894531,41.220001220703125,40.61000061035156,41.20000076293945,37.3520393371582,16357700
2025-02-19,41.349998474121094,42.04999923706055,41.279998779296875,42.0099983215332,38.08638000488281,21039600
2025-02-20,42.0,42.529998779296875,41.880001068115234,42.4900016784668,38.52155303955078,19771700
2025-02-21,42.43000030517578,43.22999954223633,42.16999816894531,42.7599983215332,38.766334533691406,25465100
2025-02-24,42.75,43.630001068115234,42.56999969482422,43.31999969482422,39.2740364074707,27560600
2025-02-25,43.58000183105469,43.970001220703125,43.5,43.709999084472656,39.62760543823242,24356900
2025-02-26,43.540000915527344,43.650001525878906,42.77000045776367,43.18000030517578,39.1471061706543,18651400
2025-02-27,43.08000183105469,43.41999816894531,42.88999938964844,43.27000045776367,39.228702545166016,19212300
2025-02-28,43.43000030517578,43.7599983215332,42.61000061035156,43.099998474121094,39.07457733154297,25197500
2025-03-03,42.959999084472656,43.869998931884766,42.93000030517578,43.869998931884766,39.772666931152344,22334000
2025-03-04,44.0,44.47999954223633,42.81999969482422,42.869998931884766,38.866058349609375,32627500
2025-03-05,42.779998779296875,43.349998474121094,42.380001068115234,42.84000015258789,38.838863372802734,18038400
2025-03-06,43.0,44.31999969482422,42.86000061035156,44.22999954223633,40.09904098510742,22845900
2025-03-07,44.29999923706055,46.20000076293945,44.29999923706055,46.060001373291016,41.75812911987305,44992100
2025-03-10,46.060001373291016,47.36000061035156,46.060001373291016,46.4900016784668,42.14796447753906,39837000
2025-03-11,43.2400016784668,43.90999984741211,42.63999938964844,43.43000030517578,39.37376022338867,64142300
2025-03-12,42.099998474121094,42.88999938964844,41.16999816894531,42.59000015258789,38.61221694946289,49650800
2025-03-13,42.77000045776367,43.81999969482422,42.77000045776367,43.709999084472656,39.62760543823242,30708600
2025-03-14,43.15999984741211,43.77000045776367,43.0099983215332,43.56999969482422,39.50068664550781,17432100
2025-03-17,43.59000015258789,43.81999969482422,43.09000015258789,43.650001525878906,39.57321548461914,15560900
2025-03-18,43.720001220703125,44.43000030517578,43.52000045776367,44.22999954223633,40.09904098510742,16254400
2025-03-19,44.29999923706055,44.31999969482422,43.720001220703125,43.939998626708984,39.83612823486328,14373300
2025-03-20,43.959999084472656,43.959999084472656,43.380001068115234,43.75,39.66387176513672,18109300
2025-03-21,43.790000915527344,44.2400016784668,43.52000045776367,43.9900016784668,39.8814582824707,68445500
2025-03-24,43.630001068115234,44.13999938964844,43.529998779296875,43.560001373291016,39.49162292480469,18050000
2025-03-25,43.5,43.83000183105469,43.150001525878906,43.4900016784668,39.428165435791016,21483200
2025-03-26,43.709999084472656,44.33000183105469,43.56999969482422,44.18000030517578,40.053714752197266,21684400
2025-03-27,44.47999954223633,45.25,44.31999969482422,44.959999084472656,40.760860443115234,21905200
2025-03-28,45.130001068115234,45.34000015258789,44.880001068115234,44.93000030517578,40.73366165161133,19530600
2025-03-31,45.29999923706055,45.79999923706055,45.130001068115234,45.36000061035156,41.123504638671875,27786900
2025-04-01,45.4900016784668,45.599998474121094,45.119998931884766,45.380001068115234,41.141639709472656,15710800
2025-04-02,45.369998931884766,45.540000915527344,44.599998474121094,44.7400016784668,40.5614128112793,21924100
2025-04-03,45.4900016784668,46.189998626708984,45.20000076293945,45.619998931884766,41.35921859741211,30474800
2025-04-04,44.7599983215332,45.79999923706055,42.79999923706055,43.029998779296875,39.01111602783203,42663400
2025-04-07,41.529998779296875,43.33000183105469,41.25,42.58000183105469,38.603153228759766,38812000
2025-04-08,43.0,43.220001220703125,41.68000030517578,42.16999816894531,38.231441497802734,29790200
2025-04-09,41.68000030517578,43.52000045776367,40.880001068115234,42.88999938964844,38.88419723510742,49426000
2025-04-10,42.4900016784668,43.2400016784668,41.849998474121094,42.91999816894531,39.536376953125,36501700
2025-04-11,43.849998474121094,43.900001525878906,43.099998474121094,43.72999954223633,40.28252029418945,30144300
2025-04-14,43.900001525878906,44.650001525878906,43.61000061035156,44.29999923706055,40.80758285522461,24323000
2025-04-15,44.5,44.689998626708984,44.220001220703125,44.47999954223633,40.973392486572266,21795300
2025-04-16,44.7400016784668,44.88999938964844,43.52000045776367,43.61000061035156,40.17198181152344,17271600
2025-04-17,43.7599983215332,44.47999954223633,43.58000183105469,44.040000915527344,40.568084716796875,16504800
2025-04-21,44.20000076293945,44.290000915527344,42.68000030517578,42.93000030517578,39.545589447021484,23802500
2025-04-22,41.9900016784668,43.66999816894531,41.540000915527344,43.189998626708984,39.785091400146484,37633800
2025-04-23,42.54999923706055,42.9900016784668,42.11000061035156,42.70000076293945,39.33372116088867,29402100
2025-04-24,42.709999084472656,43.130001068115234,42.47999954223633,42.810001373291016,39.435054779052734,16597300
2025-04-25,42.529998779296875,42.650001525878906,41.34000015258789,41.90999984741211,38.60599899291992,23361900
2025-04-28,42.0,42.47999954223633,41.86000061035156,42.38999938964844,39.04815673828125,16188500
2025-04-29,42.310001373291016,43.0099983215332,42.22999954223633,42.95000076293945,39.56401443481445,14712800
2025-04-30,43.54999923706055,44.209999084472656,43.369998931884766,44.060001373291016,40.58650588989258,29563000
2025-05-01,43.77000045776367,43.83000183105469,43.2599983215332,43.29999923706055,39.88642120361328,18921900
2025-05-02,43.459999084472656,43.900001525878906,43.31999969482422,43.7400016784668,40.29173278808594,15366500
2025-05-05,43.810001373291016,44.0,43.220001220703125,43.540000915527344,40.10749816894531,9210000
2025-05-06,43.56999969482422,44.310001373291016,43.43000030517578,44.150001525878906,40.669410705566406,12131500
2025-05-07,44.0099983215332,44.36000061035156,43.790000915527344,43.88999938964844,40.429908752441406,12826600
2025-05-08,43.79999923706055,44.060001373291016,43.5099983215332,43.61000061035156,40.17198181152344,14967400
2025-05-09,43.52000045776367,43.880001068115234,43.31999969482422,43.61000061035156,40.17198181152344,10878400
2025-05-12,43.04999923706055,43.209999084472656,42.29999923706055,43.0,39.610069274902344,20160000
2025-05-13,43.209999084472656,43.209999084472656,42.4900016784668,42.650001525878906,39.28766632080078,20069600
2025-05-14,42.779998779296875,42.939998626708984,42.25,42.349998474121094,39.01131057739258,20447500
2025-05-15,42.599998474121094,43.529998779296875,42.599998474121094,43.47999954223633,40.05222702026367,14608000
2025-05-16,43.4900016784668,43.9900016784668,43.36000061035156,43.9900016784668,40.52202606201172,13407700
2025-05-19,44.08000183105469,44.369998931884766,43.869998931884766,44.310001373291016,40.816802978515625,14778600
2025-05-20,44.2599983215332,44.54999923706055,44.20000076293945,44.220001220703125,40.73389434814453,12189900
2025-05-21,44.040000915527344,44.22999954223633,43.56999969482422,43.75,40.30094528198242,16038600
2025-05-22,43.75,43.84000015258789,43.06999969482422,43.130001068115234,39.729820251464844,14947700
2025-05-23,43.470001220703125,43.47999954223633,42.86000061035156,43.31999969482422,39.904842376708984,12393400
2025-05-27,43.279998779296875,43.70000076293945,43.2400016784668,43.5,40.070655822753906,12873700
2025-05-28,43.45000076293945,43.529998779296875,43.060001373291016,43.130001068115234,39.729820251464844,12783000
2025-05-29,43.150001525878906,43.38999938964844,42.97999954223633,43.33000183105469,39.914058685302734,9960400
2025-05-30,43.369998931884766,44.060001373291016,43.290000915527344,43.959999084472656,40.494388580322266,26569500
2025-06-02,43.79999923706055,44.119998931884766,43.349998474121094,44.099998474121094,40.62335205078125,11873300
2025-06-03,43.93000030517578,44.04999923706055,43.61000061035156,43.83000183105469,40.37464141845703,13140900
2025-06-04,43.90999984741211,43.93000030517578,43.2400016784668,43.2400016784668,39.831153869628906,14360100
2025-06-05,43.349998474121094,43.40999984741211,43.029998779296875,43.29999923706055,39.88642120361328,12095900
2025-06-06,43.400001525878906,43.91999816894531,43.380001068115234,43.79999923706055,40.34700393676758,10135200
2025-06-09,43.650001525878906,43.95000076293945,43.5099983215332,43.650001525878906,40.20882797241211,13399400
2025-06-10,43.650001525878906,44.349998474121094,43.56999969482422,44.130001068115234,40.65098571777344,13724100
2025-06-11,44.189998626708984,44.400001525878906,43.689998626708984,43.7400016784668,40.29173278808594,14602100
2025-06-12,43.880001068115234,43.88999938964844,42.90999984741211,43.15999984741211,39.7574577331543,22370500
2025-06-13,42.9900016784668,43.279998779296875,42.91999816894531,43.0099983215332,39.61928176879883,13544100
2025-06-16,42.959999084472656,43.11000061035156,42.33000183105469,42.5,39.14949035644531,20449300
2025-06-17,42.79999923706055,42.81999969482422,41.810001373291016,41.849998474121094,38.55072784423828,23028200
2025-06-18,41.95000076293945,41.959999084472656,41.599998474121094,41.66999816894531,38.38492202758789,18654200
2025-06-20,41.810001373291016,42.099998474121094,41.650001525878906,41.70000076293945,38.41255569458008,37068100
2025-06-23,41.810001373291016,42.38999938964844,41.720001220703125,42.36000061035156,39.02052688598633,16014400
2025-06-24,42.380001068115234,42.72999954223633,42.27000045776367,42.630001068115234,39.26923751831055,16716300
2025-06-25,42.400001525878906,42.470001220703125,41.939998626708984,42.119998931884766,38.799442291259766,15599700
2025-06-26,42.16999816894531,42.27000045776367,41.880001068115234,42.099998474121094,38.78102111816406,15870000
2025-06-27,42.150001525878906,42.45000076293945,41.97999954223633,42.310001373291016,38.97447204589844,21439600
2025-06-30,42.310001373291016,43.31999969482422,42.279998779296875,43.27000045776367,39.85878372192383,22796000
2025-07-01,43.41999816894531,43.880001068115234,43.209999084472656,43.68000030517578,40.2364616394043,19233200
2025-07-02,43.81999969482422,44.029998779296875,43.43000030517578,43.59000015258789,40.15355682373047,18313900
2025-07-03,43.7400016784668,43.77000045776367,43.41999816894531,43.54999923706055,40.11670684814453,10301300
2025-07-07,43.70000076293945,43.70000076293945,42.66999816894531,42.79999923706055,39.42583465576172,22039300
2025-07-08,42.79999923706055,43.2400016784668,42.540000915527344,43.060001373291016,39.66534423828125,16736200
2025-07-09,42.9900016784668,43.060001373291016,42.470001220703125,42.61000061035156,39.25082015991211,23519800
2025-07-10,41.869998931884766,42.18000030517578,41.599998474121094,42.029998779296875,39.342552185058594,19359300
2025-07-11,41.97999954223633,42.029998779296875,41.4900016784668,41.619998931884766,38.958770751953125,20174300
2025-07-14,41.59000015258789,41.84000015258789,41.47999954223633,41.58000183105469,38.92132568359375,15757300
2025-07-15,41.439998626708984,41.630001068115234,41.099998474121094,41.2599983215332,38.62178421020508,15653200
2025-07-16,41.27000045776367,41.45000076293945,41.15999984741211,41.25,38.6124267578125,17971300
2025-07-17,41.290000915527344,41.349998474121094,40.83000183105469,40.95000076293945,38.33161163330078,18411200
2025-07-18,40.97999954223633,41.119998931884766,40.689998626708984,40.84000015258789,38.22864532470703,21079700
2025-07-21,41.95000076293945,43.08000183105469,41.68000030517578,42.4900016784668,39.77314376831055,47574000
2025-07-22,42.75,43.4900016784668,42.54999923706055,42.959999084472656,40.21308517456055,23521000
2025-07-23,42.400001525878906,42.869998931884766,42.04999923706055,42.84000015258789,40.10076141357422,23357200
2025-07-24,42.900001525878906,43.349998474121094,42.7599983215332,43.08000183105469,40.325416564941406,20411000
2025-07-25,43.02000045776367,43.209999084472656,42.75,43.08000183105469,40.325416564941406,16571500
2025-07-28,43.02000045776367,43.02000045776367,42.2400016784668,42.36000061035156,39.651451110839844,18243700
2025-07-29,42.41999816894531,42.97999954223633,42.400001525878906,42.709999084472656,39.97907638549805,13118500
2025-07-30,42.66999816894531,42.88999938964844,42.45000076293945,42.599998474121094,39.87610626220703,13313300
2025-07-31,42.290000915527344,43.11000061035156,42.150001525878906,42.7599983215332,40.02587127685547,25538700
2025-08-01,43.290000915527344,43.470001220703125,42.619998931884766,42.880001068115234,40.13820266723633,20841300
2025-08-04,42.79999923706055,43.029998779296875,42.529998779296875,42.95000076293945,40.203731536865234,13629900
2025-08-05,42.95000076293945,43.099998474121094,42.66999816894531,42.66999816894531,39.94162368774414,14863700
2025-08-06,42.79999923706055,42.79999923706055,42.310001373291016,42.349998474121094,39.642086029052734,17812000
2025-08-07,42.5,43.029998779296875,42.16999816894531,42.95000076293945,40.203731536865234,15543400
2025-08-08,43.099998474121094,43.36000061035156,43.029998779296875,43.150001525878906,40.39094161987305,13057000
2025-08-11,43.22999954223633,43.529998779296875,42.9900016784668,43.18000030517578,40.41901779174805,12914900
2025-08-12,43.34000015258789,43.650001525878906,43.209999084472656,43.25,40.48454284667969,12469300
2025-08-13,43.20000076293945,43.84000015258789,43.0,43.709999084472656,40.915130615234375,14327700
2025-08-14,43.7599983215332,43.790000915527344,43.33000183105469,43.5,40.71855926513672,10582800
2025-08-15,43.56999969482422,44.439998626708984,43.43000030517578,44.2400016784668,41.4112434387207,21239200
2025-08-18,44.349998474121094,44.599998474121094,44.220001220703125,44.38999938964844,41.5516471862793,12692100
2025-08-19,44.5099983215332,45.06999969482422,44.470001220703125,44.939998626708984,42.06647872924805,17944200
2025-08-20,45.08000183105469,45.75,44.95000076293945,45.060001373291016,42.17881393432617,20982100
2025-08-21,44.97999954223633,45.209999084472656,44.869998931884766,45.029998779296875,42.150726318359375,11866800
2025-08-22,45.150001525878906,45.43000030517578,44.25,44.439998626708984,41.598453521728516,19123700
2025-08-25,44.439998626708984,44.47999954223633,43.959999084472656,44.22999954223633,41.40188217163086,16021200
2025-08-26,44.11000061035156,44.41999816894531,43.75,43.959999084472656,41.14914321899414,17328200
2025-08-27,44.02000045776367,44.279998779296875,43.880001068115234,44.27000045776367,41.439327239990234,12046600
2025-08-28,44.099998474121094,44.189998626708984,43.689998626708984,43.93000030517578,41.12106704711914,15842800
2025-08-29,43.970001220703125,44.290000915527344,43.93000030517578,44.22999954223633,41.40188217163086,14792700
2025-09-02,44.15999984741211,44.47999954223633,43.5099983215332,43.79999923706055,40.9993782043457,21123700
2025-09-03,43.5,43.7400016784668,42.880001068115234,43.7400016784668,40.943214416503906,21828500
2025-09-04,44.06999969482422,44.41999816894531,43.93000030517578,44.18000030517578,41.355079650878906,14480500
2025-09-05,44.099998474121094,44.470001220703125,44.02000045776367,44.380001068115234,41.542293548583984,13406700
2025-09-08,42.97999954223633,43.619998931884766,42.939998626708984,43.31999969482422,40.550071716308594,30273900
2025-09-09,43.36000061035156,43.7400016784668,43.349998474121094,43.56999969482422,40.78408432006836,15595500
2025-09-10,43.4900016784668,43.66999816894531,43.0099983215332,43.4900016784668,40.70920181274414,14807800
2025-09-11,43.61000061035156,44.150001525878906,43.5099983215332,44.13999938964844,41.3176383972168,15510600
2025-09-12,44.0099983215332,44.09000015258789,43.77000045776367,43.970001220703125,41.15850830078125,13723500
2025-09-15,44.04999923706055,44.25,43.77000045776367,43.869998931884766,41.06489944458008,15034700
2025-09-16,43.869998931884766,43.95000076293945,43.29999923706055,43.7400016784668,40.943214416503906,16173600
2025-09-17,43.869998931884766,44.40999984741211,43.86000061035156,44.209999084472656,41.38316345214844,14414000
2025-09-18,43.880001068115234,43.95000076293945,43.58000183105469,43.66999816894531,40.877685546875,16507300
2025-09-19,43.790000915527344,43.790000915527344,43.459999084472656,43.47999954223633,40.69983673095703,29164200
2025-09-22,43.380001068115234,43.52000045776367,42.97999954223633,43.15999984741211,40.400299072265625,18507700
2025-09-23,43.15999984741211,43.380001068115234,42.959999084472656,43.349998474121094,40.578147888183594,16796400
2025-09-24,43.20000076293945,43.38999938964844,42.959999084472656,43.18000030517578,40.41901779174805,21162400
2025-09-25,43.2400016784668,43.77000045776367,43.2400016784668,43.349998474121094,40.578147888183594,19012200
2025-09-26,43.650001525878906,43.709999084472656,43.45000076293945,43.61000061035156,40.82152557373047,12456200
2025-09-29,43.599998474121094,43.650001525878906,43.09000015258789,43.25,40.48454284667969,15854500
2025-09-30,43.2400016784668,43.970001220703125,43.189998626708984,43.95000076293945,41.13978576660156,24399100
2025-10-01,43.91999816894531,44.09000015258789,43.45000076293945,43.83000183105469,41.027462005615234,19921900
2025-10-02,43.58000183105469,43.720001220703125,43.220001220703125,43.400001525878906,40.62495422363281,21550100
2025-10-03,43.439998626708984,43.93000030517578,43.400001525878906,43.66999816894531,40.877685546875,18016000
2025-10-06,43.25,43.380001068115234,41.349998474121094,41.439998626708984,38.79027557373047,75944200
2025-10-07,41.61000061035156,41.86000061035156,41.34000015258789,41.400001525878906,38.752838134765625,34001300
2025-10-08,41.540000915527344,41.540000915527344,41.060001373291016,41.31999969482422,38.677955627441406,35601000
2025-10-09,41.349998474121094,41.36000061035156,40.72999954223633,40.83000183105469,38.21928024291992,34868200
2025-10-10,40.25,40.61000061035156,39.81999969482422,39.849998474121094,37.94315719604492,38107700
2025-10-13,39.75,40.15999984741211,39.40999984741211,39.75,37.84794235229492,26453700
2025-10-14,39.79999923706055,40.58000183105469,39.7599983215332,40.54999923706055,38.60966110229492,22346100
2025-10-15,40.41999816894531,40.560001373291016,40.2400016784668,40.380001068115234,38.44779586791992,18233200
2025-10-16,40.41999816894531,40.56999969482422,40.18000030517578,40.36000061035156,38.42875289916992,16751200
2025-10-17,40.5,40.65999984741211,40.209999084472656,40.54999923706055,38.60966110229492,20523500
2025-10-20,40.70000076293945,40.869998931884766,40.349998474121094,40.79999923706055,38.84769821166992,28079200
2025-10-21,40.630001068115234,40.779998779296875,40.130001068115234,40.29999923706055,38.37162780761719,29881700
2025-10-22,39.56999969482422,40.209999084472656,38.91999816894531,39.79999923706055,37.89554977416992,31009500
2025-10-23,39.790000915527344,39.86000061035156,38.38999938964844,38.400001525878906,36.56254196166992,52663600
2025-10-24,38.599998474121094,38.91999816894531,38.540000915527344,38.81999969482422,36.96244430541992,27485700
2025-10-27,38.810001373291016,39.290000915527344,38.77000045776367,39.22999954223633,37.35282516479492,27487200
2025-10-28,39.150001525878906,39.52000045776367,38.95000076293945,39.31999969482422,37.43852233886719,30719200
2025-10-29,40.93000030517578,41.31999969482422,39.66999816894531,40.209999084472656,38.28593063354492,53730200
2025-10-30,40.02000045776367,40.189998626708984,38.77000045776367,38.959999084472656,37.095741271972656,47371000
2025-10-31,38.97999954223633,39.959999084472656,38.779998779296875,39.7400016784668,37.83842468261719,52181800
2025-11-03,39.5099983215332,39.61000061035156,38.84000015258789,39.470001220703125,37.58134460449219,39851100
2025-11-04,39.56999969482422,39.66999816894531,39.16999816894531,39.31999969482422,37.43852233886719,33632800
2025-11-05,39.33000183105469,39.77000045776367,39.2599983215332,39.689998626708984,37.79081726074219,22947100
2025-11-06,39.52000045776367,39.88999938964844,39.380001068115234,39.81999969482422,37.91459655761719,30949700
2025-11-07,39.939998626708984,40.31999969482422,39.65999984741211,40.029998779296875,38.11454391479492,28389500
2025-11-10,39.900001525878906,40.150001525878906,39.56999969482422,39.849998474121094,37.94315719604492,22414400
2025-11-11,40.04999923706055,40.779998779296875,40.040000915527344,40.70000076293945,38.75248336791992,25360900
2025-11-12,40.779998779296875,40.959999084472656,40.7400016784668,40.79999923706055,38.84769821166992,17834000
2025-11-13,40.84000015258789,41.72999954223633,40.7400016784668,41.11000061035156,39.14287185668945,30487400
2025-11-14,41.31999969482422,41.41999816894531,40.650001525878906,41.060001373291016,39.09526062011719,29368500
2025-11-17,41.060001373291016,41.279998779296875,40.880001068115234,41.0099983215332,39.04765319824219,21620800
2025-11-18,41.029998779296875,41.5,40.9900016784668,41.47999954223633,39.49516296386719,24067500
2025-11-19,41.5,41.61000061035156,40.939998626708984,41.189998626708984,39.21903610229492,21895000
2025-11-20,41.150001525878906,41.439998626708984,40.650001525878906,40.7599983215332,38.80961227416992,32173600
2025-11-21,40.66999816894531,41.61000061035156,40.41999816894531,41.22999954223633,39.25712203979492,32037600
2025-11-24,41.349998474121094,41.459999084472656,40.150001525878906,40.209999084472656,38.28593063354492,44805100
2025-11-25,40.59000015258789,40.79999923706055,40.40999984741211,40.59000015258789,38.64775085449219,24375300
2025-11-26,40.59000015258789,40.970001220703125,40.560001373291016,40.880001068115234,38.92387390136719,15186100
2025-11-28,40.81999969482422,41.130001068115234,40.709999084472656,41.11000061035156,39.14287185668945,9926300
2025-12-01,40.959999084472656,41.09000015258789,40.68000030517578,40.7400016784668,38.79057693481445,19655900
2025-12-02,40.75,40.7599983215332,40.36000061035156,40.61000061035156,38.66679382324219,23194100
2025-12-03,40.7400016784668,41.31999969482422,40.65999984741211,40.66999816894531,38.72392272949219,19910700
2025-12-04,40.86000061035156,41.349998474121094,40.66999816894531,41.2599983215332,39.28569030761719,28382300
2025-12-05,41.2599983215332,42.060001373291016,41.2400016784668,41.689998626708984,39.69511413574219,27802700
2025-12-08,41.75,41.75,40.91999816894531,41.29999923706055,39.32377243041992,22932000
2025-12-09,41.22999954223633,41.47999954223633,40.11000061035156,40.13999938964844,38.21928024291992,31770600
2025-12-10,40.20000076293945,40.2599983215332,39.68000030517578,39.91999816894531,38.00980758666992,40053400
2025-12-11,40.0,40.54999923706055,39.970001220703125,40.220001220703125,38.29545593261719,21895000
2025-12-12,40.220001220703125,40.97999954223633,40.099998474121094,40.88999938964844,38.93339538574219,20600000
2025-12-15,40.900001525878906,41.310001373291016,40.79999923706055,40.79999923706055,38.84769821166992,34725800
2025-12-16,40.900001525878906,41.0,40.650001525878906,40.75,38.80009078979492,22709800
2025-12-17,40.779998779296875,40.900001525878906,40.470001220703125,40.880001068115234,38.92387390136719,22316100
2025-12-18,40.779998779296875,40.90999984741211,40.38999938964844,40.40999984741211,38.47636413574219,18822600
2025-12-19,40.13999938964844,40.2400016784668,39.810001373291016,39.81999969482422,37.91459655761719,53345100
2025-12-22,39.720001220703125,40.060001373291016,39.65999984741211,39.97999954223633,38.06693649291992,21111600
2025-12-23,40.0,40.20000076293945,39.869998931884766,39.91999816894531,38.00980758666992,19761800
2025-12-24,39.93000030517578,40.34000015258789,39.88999938964844,40.31999969482422,38.39066696166992,7949500
2025-12-26,40.27000045776367,40.540000915527344,40.27000045776367,40.47999954223633,38.54301452636719,11875400
2025-12-29,40.5099983215332,40.70000076293945,40.380001068115234,40.47999954223633,38.54301452636719,16846700
2025-12-30,40.47999954223633,40.77000045776367,40.41999816894531,40.70000076293945,38.75248336791992,15581300
2025-12-31,40.709999084472656,40.959999084472656,40.66999816894531,40.72999954223633,38.78104782104492,17454800
2026-01-02,40.77000045776367,40.900001525878906,40.29999923706055,40.52000045776367,38.58110046386719,30856800
2026-01-05,40.43000030517578,40.52000045776367,39.83000183105469,40.22999954223633,38.30497360229492,43091700
2026-01-06,40.34000015258789,40.459999084472656,39.9900016784668,40.29999923706055,38.37162780761719,32758400
2026-01-07,40.54999923706055,40.79999923706055,39.9900016784668,40.130001068115234,38.20976257324219,26834100
2026-01-08,40.16999816894531,40.72999954223633,40.060001373291016,40.56999969482422,38.62870788574219,28103000
2026-01-09,40.56999969482422,40.7599983215332,40.290000915527344,40.459999084472656,38.52396774291992,32108600
2026-01-12,39.81999969482422,40.060001373291016,39.5099983215332,39.84000015258789,38.59177780151367,31259300
2026-01-13,39.84000015258789,39.91999816894531,38.79999923706055,39.0099983215332,37.78778076171875,37255500
2026-01-14,39.119998931884766,39.849998474121094,39.099998474121094,39.83000183105469,38.58209228515625,25714700
2026-01-15,39.83000183105469,39.86000061035156,39.2400016784668,39.36000061035156,38.12681579589844,26483000
2026-01-16,39.099998474121094,39.349998474121094,38.900001525878906,38.90999984741211,37.69091796875,38980200
2026-01-20,38.88999938964844,39.220001220703125,38.68000030517578,39.08000183105469,37.8555908203125,30650900
2026-01-21,39.099998474121094,39.31999969482422,38.959999084472656,39.2400016784668,38.01057815551758,21158800
2026-01-22,39.31999969482422,39.689998626708984,39.25,39.47999954223633,38.24305725097656,18880500
2026-01-23,39.45000076293945,39.560001373291016,39.060001373291016,39.52000045776367,38.281803131103516,21849400
2026-01-26,39.68000030517578,39.79999923706055,39.529998779296875,39.619998931884766,38.37866973876953,21081800
2026-01-27,39.65999984741211,39.68000030517578,39.189998626708984,39.31999969482422,38.088069915771484,26108800
2026-01-28,39.40999984741211,39.86000061035156,39.36000061035156,39.40999984741211,38.17525100708008,24412500
2026-01-29,39.58000183105469,40.29999923706055,39.47999954223633,39.810001373291016,38.56271743774414,44347500
2026-01-30,42.0099983215332,44.630001068115234,41.380001068115234,44.52000045776367,43.12514877319336,123584700
2026-02-02,44.58000183105469,45.47999954223633,43.880001068115234,44.61000061035156,43.21232986450195,64539400
2026-02-03,44.63999938964844,46.7599983215332,44.5,46.25,44.80094909667969,60299100
2026-02-04,46.779998779296875,47.54999923706055,46.16999816894531,47.0099983215332,45.537132263183594,46213100
2026-02-05,47.209999084472656,47.58000183105469,46.650001525878906,47.099998474121094,45.62431335449219,42866500
2026-02-06,46.970001220703125,47.25,46.060001373291016,46.310001373291016,44.85906982421875,36094600
2026-02-09,46.15999984741211,47.06999969482422,45.81999969482422,47.02000045776367,45.54682159423828,26954800
2026-02-10,47.02000045776367,47.790000915527344,46.77000045776367,47.38999938964844,45.90523147583008,32147000
2026-02-11,47.18000030517578,49.13999938964844,47.16999816894531,48.970001220703125,47.435726165771484,48933100
2026-02-12,48.900001525878906,50.2400016784668,48.900001525878906,49.459999084472656,47.91037368774414,56131100
2026-02-13,49.15999984741211,49.43000030517578,48.630001068115234,49.0099983215332,47.47446823120117,31998500
2026-02-17,49.29999923706055,49.5,48.779998779296875,48.93000030517578,47.39698028564453,24327500
2026-02-18,48.63999938964844,48.95000076293945,47.83000183105469,48.04999923706055,46.544551849365234,29318100
2026-02-19,48.88999938964844,49.150001525878906,48.4900016784668,48.63999938964844,47.116065979003906,26530600
2026-02-20,49.029998779296875,49.34000015258789,48.529998779296875,49.25,47.70695495605469,25456700
2026-02-23,49.349998474121094,50.47999954223633,49.25,49.68000030517578,48.12348175048828,30113000
2026-02-24,49.779998779296875,50.08000183105469,49.38999938964844,49.86000061035156,48.29784393310547,23816700
2026-02-25,49.650001525878906,49.849998474121094,49.16999816894531,49.22999954223633,47.68758010864258,21693000
2026-02-26,49.2599983215332,49.4900016784668,48.869998931884766,48.88999938964844,47.35823440551758,23662600
2026-02-27,49.36000061035156,50.150001525878906,49.22999954223633,50.13999938964844,48.569068908691406,34693500
2026-03-02,49.97999954223633,50.2599983215332,49.630001068115234,49.97999954223633,48.41408157348633,23725700
2026-03-03,49.72999954223633,51.099998474121094,49.369998931884766,50.869998931884766,49.27619934082031,31586900
2026-03-04,50.40999984741211,51.40999984741211,50.150001525878906,51.20000076293945,49.59585952758789,22816000
2026-03-05,50.970001220703125,51.31999969482422,50.34000015258789,51.18000030517578,49.57648849487305,27534300
2026-03-06,51.09000015258789,51.25,50.40999984741211,51.119998931884766,49.51836395263672,23562600
2026-03-09,51.0,51.099998474121094,50.36000061035156,50.45000076293945,48.86935806274414,29057400
2026-03-10,50.310001373291016,50.81999969482422,50.02000045776367,50.709999084472656,49.121212005615234,20031300
2026-03-11,50.880001068115234,50.880001068115234,50.060001373291016,50.68000030517578,49.0921516418457,21554200
2026-03-12,50.45000076293945,50.95000076293945,49.810001373291016,50.630001068115234,49.04371643066406,26296100
2026-03-13,50.95000076293945,51.66999816894531,50.95000076293945,51.380001068115234,49.77022171020508,21780900
2026-03-16,51.36000061035156,51.459999084472656,50.75,50.970001220703125,49.37306594848633,20017500
2026-03-17,51.29999923706055,51.29999923706055,50.36000061035156,50.52000045776367,48.937164306640625,23765200
2026-03-18,50.369998931884766,50.47999954223633,49.380001068115234,49.59000015258789,48.03630065917969,32972500
2026-03-19,49.59000015258789,50.290000915527344,48.90999984741211,49.47999954223633,47.929744720458984,31234700
2026-03-20,49.7400016784668,50.459999084472656,49.4900016784668,49.97999954223633,48.41408157348633,67321800
2026-03-23,50.040000915527344,50.75,49.619998931884766,50.58000183105469,48.99528503417969,26390300
2026-03-24,50.54999923706055,51.68000030517578,50.47999954223633,50.90999984741211,49.314945220947266,20264600
2026-03-25,50.650001525878906,50.83000183105469,50.290000915527344,50.369998931884766,48.79186248779297,21920200
2026-03-26,50.56999969482422,51.25,50.43000030517578,50.7400016784668,49.150272369384766,24423300
2026-03-27,51.0,51.45000076293945,50.279998779296875,50.310001373291016,48.733741760253906,26273400
2026-03-30,50.869998931884766,50.91999816894531,50.150001525878906,50.29999923706055,48.724056243896484,23797600
2026-03-31,50.54999923706055,50.54999923706055,49.7400016784668,50.20000076293945,48.62718963623047,30514900
2026-04-01,50.06999969482422,50.16999816894531,49.16999816894531,49.38999938964844,47.842567443847656,28398900
2026-04-02,49.810001373291016,49.900001525878906,49.279998779296875,49.400001525878906,47.852256774902344,22737800
2026-04-06,49.400001525878906,49.72999954223633,49.029998779296875,49.150001525878906,47.61008834838867,17542700
2026-04-07,49.099998474121094,49.22999954223633,48.529998779296875,48.619998931884766,47.0966911315918,21945900
2026-04-08,47.880001068115234,48.15999984741211,47.119998931884766,48.040000915527344,46.53486251831055,34143200
2026-04-09,47.810001373291016,48.16999816894531,47.2599983215332,47.779998779296875,46.28300857543945,29376900
2026-04-10,47.09000015258789,47.099998474121094,45.95000076293945,46.040000915527344,45.268306732177734,25248600
2026-04-13,46.09000015258789,46.09000015258789,45.040000915527344,45.41999816894531,44.658695220947266,32920900
2026-04-14,44.77000045776367,45.47999954223633,44.27000045776367,45.47999954223633,44.71769332885742,31187400
2026-04-15,45.33000183105469,45.38999938964844,44.93000030517578,45.029998779296875,44.27523422241211,26230300
2026-04-16,45.22999954223633,46.86000061035156,45.040000915527344,46.779998779296875,45.99590301513672,26004100
2026-04-17,46.11000061035156,46.88999938964844,46.08000183105469,46.54999923706055,45.76975631713867,20004700
2026-04-20,46.59000015258789,46.970001220703125,46.2599983215332,46.439998626708984,45.66160202026367,16608100
2026-04-21,46.52000045776367,47.02000045776367,46.130001068115234,46.27000045776367,45.49445343017578,28978400
2026-04-22,45.880001068115234,46.150001525878906,45.16999816894531,45.97999954223633,45.209312438964844,22129500
2026-04-23,46.47999954223633,47.52000045776367,46.29999923706055,47.220001220703125,46.42852783203125,22750200
2026-04-24,47.060001373291016,47.34000015258789,46.380001068115234,46.380001068115234,45.60260772705078,26602300
2026-04-27,47.43000030517578,48.650001525878906,46.7400016784668,47.099998474121094,46.31053924560547,37920100
2026-04-28,47.9900016784668,48.18000030517578,46.599998474121094,47.2400016784668,46.44819641113281,28369800
2026-04-29,47.18000030517578,47.529998779296875,46.2599983215332,46.61000061035156,45.82875442504883,24195700
2026-04-30,46.86000061035156,48.04999923706055,46.83000183105469,48.029998779296875,47.22494888305664,34708800
2026-05-01,48.290000915527344,48.4900016784668,47.810001373291016,48.11000061035156,47.303611755371094,24123000
2026-05-04,47.81999969482422,47.880001068115234,47.33000183105469,47.56999969482422,46.77266311645508,18080100
2026-05-05,47.540000915527344,47.790000915527344,47.20000076293945,47.34000015258789,46.54651641845703,15148100
2026-05-06,47.16999816894531,47.61000061035156,46.90999984741211,47.439998626708984,46.644840240478516,19336400
2026-05-07,47.22999954223633,47.650001525878906,47.060001373291016,47.09000015258789,46.30070877075195,18839600
2026-05-08,47.209999084472656,47.459999084472656,46.95000076293945,47.220001220703125,46.42852783203125,16349800
2026-05-11,47.5,47.9900016784668,46.970001220703125,47.22999954223633,46.43836212158203,18560100
2026-05-12,47.70000076293945,48.18000030517578,47.27000045776367,47.93000030517578,47.12662887573242,18131900
2026-05-13,47.88999938964844,48.279998779296875,47.16999816894531,47.209999084472656,46.41869354248047,21212800
2026-05-14,47.459999084472656,47.5,46.90999984741211,47.060001373291016,46.27121353149414,16585100
2026-05-15,47.47999954223633,47.4900016784668,46.34000015258789,46.369998931884766,45.5927734375,23356600
2026-05-18,46.599998474121094,47.02000045776367,45.810001373291016,46.7599983215332,45.97623825073242,25427400
2026-05-19,46.810001373291016,47.790000915527344,46.790000915527344,47.7400016784668,46.939815521240234,24593800
2026-05-20,47.72999954223633,48.09000015258789,47.4900016784668,47.81999969482422,47.018470764160156,16714600
2026-05-21,47.61000061035156,48.279998779296875,47.380001068115234,48.27000045776367,47.46092987060547,15841900
2026-05-22,48.5,48.52000045776367,48.04999923706055,48.349998474121094,47.53958511352539,14717700
2026-05-26,48.290000915527344,48.689998626708984,47.86000061035156,48.4900016784668,47.677242279052734,23013700
2026-05-27,48.43000030517578,48.959999084472656,48.119998931884766,48.2400016784668,47.431434631347656,15109800
2026-05-28,48.47999954223633,48.4900016784668,47.77000045776367,48.0099983215332,47.205284118652344,20714100
2026-05-29,48.060001373291016,48.15999984741211,47.34000015258789,47.810001373291016,47.00864028930664,40404700
2026-06-01,47.5,48.040000915527344,47.470001220703125,47.72999954223633,46.92998123168945,14647700
2026-06-02,47.779998779296875,48.13999938964844,47.27000045776367,47.869998931884766,47.067630767822266,14902900
2026-06-03,47.45000076293945,47.54999923706055,46.13999938964844,46.650001525878906,45.86808395385742,27861900
2026-06-04,47.13999938964844,47.34000015258789,44.29999923706055,44.869998931884766,44.117916107177734,33072500
2026-06-05,45.2400016784668,46.11000061035156,45.0,45.369998931884766,44.609535217285156,23121400
2026-06-08,45.29999923706055,45.83000183105469,45.099998474121094,45.439998626708984,44.67836380004883,18994700
2026-06-09,45.290000915527344,46.09000015258789,44.790000915527344,45.779998779296875,45.012664794921875,24758100
2026-06-10,46.459999084472656,47.029998779296875,45.95000076293945,46.95000076293945,46.163055419921875,25239500
2026-06-11,47.349998474121094,48.060001373291016,46.900001525878906,46.939998626708984,46.153221130371094,26889400
2026-06-12,47.40999984741211,48.209999084472656,47.0,48.11000061035156,47.303611755371094,21956900
2026-06-15,47.31999969482422,47.75,47.02000045776367,47.06999969482422,46.281044006347656,24208500
2026-06-16,47.099998474121094,47.400001525878906,46.310001373291016,46.72999954223633,45.946739196777344,20698400
2026-06-17,46.5099983215332,46.61000061035156,45.22999954223633,45.84000015258789,45.071659088134766,33481500
2026-06-18,45.790000915527344,46.060001373291016,45.36000061035156,45.369998931884766,44.609535217285156,66305300
2026-06-22,45.369998931884766,45.88999938964844,45.150001525878906,45.36000061035156,44.59970474243164,19293000
2026-06-23,45.709999084472656,46.849998474121094,45.400001525878906,46.72999954223633,45.946739196777344,23019100
2026-06-24,46.459999084472656,46.79999923706055,45.43000030517578,45.68000030517578,44.91434097290039,25280100
2026-06-25,45.540000915527344,46.2599983215332,45.33000183105469,46.06999969482422,45.29780197143555,17584000
2026-06-26,46.20000076293945,46.59000015258789,46.0,46.540000915527344,45.759925842285156,38132700
2026-06-29,45.56999969482422,45.849998474121094,42.779998779296875,44.099998474121094,43.36082077026367,55387600
2026-06-30,44.220001220703125,44.36000061035156,42.0,42.34000015258789,41.63032531738281,60542600
2026-07-01,42.38999938964844,42.79999923706055,41.4900016784668,41.9900016784668,41.28619384765625,57139600
2026-07-02,42.2400016784668,43.08000183105469,40.7599983215332,42.560001373291016,41.84663772583008,59019100
2026-07-06,42.900001525878906,43.15999984741211,41.630001068115234,42.06999969482422,41.36484909057617,55342900
2026-07-07,42.70000076293945,43.5,42.41999816894531,42.59000015258789,41.87613296508789,34682400
2026-07-08,42.47999954223633,43.2400016784668,42.25,42.45000076293945,41.73847961425781,23082100
2026-07-09,42.20000076293945,42.34000015258789,41.65999984741211,42.2400016784668,41.53200149536133,28215800
2026-07-10,41.61000061035156,42.439998626708984,41.34000015258789,42.119998931884766,42.119998931884766,27705400
2026-07-13,42.65999984741211,42.849998474121094,42.349998474121094,42.68000030517578,42.68000030517578,24782000
2026-07-14,42.63999938964844,42.810001373291016,42.209999084472656,42.470001220703125,42.470001220703125,17515400
2026-07-15,42.27000045776367,43.34000015258789,42.209999084472656,42.83000183105469,42.83000183105469,23029200
2026-07-16,43.0,44.220001220703125,42.88999938964844,43.880001068115234,43.880001068115234,25260300
2026-07-17,44.63999938964844,45.02000045776367,43.27000045776367,43.59000015258789,43.59000015258789,31014400
2026-07-20,43.279998779296875,43.65999984741211,43.13999938964844,43.5,43.5,21344400
2026-07-21,43.25,43.869998931884766,42.88999938964844,43.779998779296875,43.779998779296875,20340100
2026-07-22,45.040000915527344,45.119998931884766,44.15999984741211,44.290000915527344,44.290000915527344,23734300
2026-07-23,44.15999984741211,44.58000183105469,43.779998779296875,43.81999969482422,43.81999969482422,28013500
2026-07-24,44.08000183105469,46.439998626708984,43.72999954223633,46.380001068115234,46.380001068115234,40755200
2026-07-27,46.380001068115234,47.560001373291016,46.31999969482422,47.31999969482422,47.31999969482422,30409500
2026-07-28,47.849998474121094,49.0099983215332,47.79999923706055,48.189998626708984,48.189998626708984,29692600
2026-07-29,48.47999954223633,48.540000915527344,45.70000076293945,47.220001220703125,47.220001220703125,41396200
2026-07-30,46.400001525878906,47.09000015258789,45.72999954223633,46.11000061035156,46.11000061035156,20937900
2026-07-31,45.900001525878906,46.90999984741211,45.470001220703125,46.810001373291016,46.810001373291016,28291300
2026-08-03,47.31999969482422,47.810001373291016,47.150001525878906,47.36000061035156,47.36000061035156,23007900
2026-08-04,47.0,47.08000183105469,46.060001373291016,46.880001068115234,46.880001068115234,23748600
2026-08-05,46.0,46.90999984741211,45.09000015258789,46.470001220703125,46.470001220703125,39580600
2026-08-06,47.20000076293945,47.47999954223633,46.58000183105469,46.9900016784668,46.9900016784668,24297000
2026-08-07,46.34000015258789,47.060001373291016,46.09000015258789,47.060001373291016,47.060001373291016,20545000
2026-08-10,46.7400016784668,47.119998931884766,46.099998474121094,47.029998779296875,47.029998779296875,15462500
2026-08-11,46.900001525878906,47.45000076293945,46.79999923706055,47.27000045776367,47.27000045776367,13314600
2026-08-12,46.88999938964844,47.08000183105469,46.61000061035156,46.97999954223633,46.97999954223633,12120500
2026-08-13,47.029998779296875,48.2400016784668,47.0,48.220001220703125,48.220001220703125,17937300
2026-08-14,48.459999084472656,48.61000061035156,48.189998626708984,48.47999954223633,48.47999954223633,15062300
2026-08-17,48.2400016784668,48.68000030517578,48.0,48.060001373291016,48.060001373291016,14466200
2026-08-18,48.56999969482422,49.0099983215332,48.40999984741211,48.540000915527344,48.540000915527344,14376300
2026-08-19,48.599998474121094,49.599998474121094,48.59000015258789,49.36000061035156,49.36000061035156,17796000
2026-08-20,49.279998779296875,49.59000015258789,49.13999938964844,49.189998626708984,49.189998626708984,12546300
2026-08-21,49.369998931884766,49.720001220703125,49.16999816894531,49.45000076293945,49.45000076293945,15078100
2026-08-24,49.4900016784668,50.279998779296875,49.36000061035156,50.150001525878906,50.150001525878906,19498700
2026-08-25,50.0,50.33000183105469,49.790000915527344,50.25,50.25,21337600
2026-08-26,50.310001373291016,50.779998779296875,50.08000183105469,50.189998626708984,50.189998626708984,20720800
2026-08-27,49.560001373291016,49.900001525878906,49.119998931884766,49.43000030517578,49.43000030517578,16389700
2026-08-28,49.54999923706055,50.33000183105469,49.540000915527344,50.099998474121094,50.099998474121094,15790100
2026-08-31,50.060001373291016,50.540000915527344,49.90999984741211,50.02000045776367,50.02000045776367,21403000
2026-09-01,50.5,50.93000030517578,50.2400016784668,50.29999923706055,50.29999923706055,20187700
2026-09-02,50.5,50.84000015258789,50.150001525878906,50.220001220703125,50.220001220703125,18674600
2026-09-03,50.61000061035156,50.81999969482422,50.150001525878906,50.59000015258789,50.59000015258789,17998500
2026-09-04,50.54999923706055,50.709999084472656,50.08000183105469,50.13999938964844,50.13999938964844,13418500
2026-09-08,49.97999954223633,50.650001525878906,49.77000045776367,50.40999984741211,50.40999984741211,16036300
2026-09-09,50.189998626708984,50.290000915527344,48.81999969482422,49.7400016784668,49.7400016784668,22574700
2026-09-10,50.0099983215332,50.61000061035156,49.779998779296875,49.970001220703125,49.970001220703125,18475800
2026-09-11,50.29999923706055,50.81999969482422,50.220001220703125,50.61000061035156,50.61000061035156,16456300
2026-09-14,50.939998626708984,51.4900016784668,50.91999816894531,51.290000915527344,51.290000915527344,18116700
2026-09-15,51.11000061035156,51.66999816894531,51.11000061035156,51.45000076293945,51.45000076293945,18718100
2026-09-16,51.25,51.560001373291016,49.33000183105469,49.7599983215332,49.7599983215332,24326800
2026-09-17,49.900001525878906,49.9900016784668,48.31999969482422,48.33000183105469,48.33000183105469,28685200
2026-09-18,47.5,48.189998626708984,47.20000076293945,48.09000015258789,48.09000015258789,45527600
2026-09-21,48.18000030517578,48.349998474121094,47.560001373291016,47.68000030517578,47.68000030517578,19992500
2026-09-22,47.779998779296875,47.790000915527344,46.16999816894531,46.45000076293945,46.45000076293945,32681100
2026-09-23,46.599998474121094,47.11000061035156,46.15999984741211,46.52000045776367,46.52000045776367,20933700
2026-09-24,46.91999816894531,47.77000045776367,46.91999816894531,47.31999969482422,47.31999969482422,21038900
2026-09-25,47.22999954223633,47.310001373291016,46.900001525878906,47.08000183105469,47.08000183105469,13417600
2026-09-28,47.040000915527344,47.099998474121094,46.43000030517578,46.68000030517578,46.68000030517578,16944000
2026-09-29,46.560001373291016,46.90999984741211,45.97999954223633,45.97999954223633,45.97999954223633,19114200
2026-09-30,46.09000015258789,46.34000015258789,45.72999954223633,45.869998931884766,45.869998931884766,19960700
2026-10-01,45.86000061035156,46.20000076293945,45.790000915527344,45.97999954223633,45.97999954223633,22383700
