date,open,high,low,close,adj_close,volume
2021-07-14,82.4800033569336,82.54000091552734,81.86000061035156,81.94999694824219,77.84135437011719,3459600
2021-07-15,82.05000305175781,82.05000305175781,81.02999877929688,81.37000274658203,77.29045867919922,4500500
2021-07-16,81.48999786376953,81.72000122070312,80.76000213623047,80.86000061035156,76.8060073852539,3509300
2021-07-19,80.20999908447266,80.22000122070312,79.26000213623047,79.62999725341797,75.63768005371094,6896900
2021-07-20,79.9000015258789,80.82499694824219,79.4749984741211,80.52999877929688,76.49256134033203,4111800
2021-07-21,80.5999984741211,81.20500183105469,80.55999755859375,81.19999694824219,77.12894439697266,2612700
2021-07-22,81.19000244140625,81.5,80.81999969482422,81.4800033569336,77.39494323730469,2254800
2021-07-23,82.43000030517578,83.72899627685547,82.06999969482422,83.5,79.31365203857422,3872500
2021-07-26,83.4000015258789,83.95500183105469,83.2699966430664,83.93000030517578,79.72209167480469,3189800
2021-07-27,83.83000183105469,83.91000366210938,82.31999969482422,82.93000030517578,78.77222442626953,4857500
2021-07-28,83.80999755859375,84.18000030517578,83.19999694824219,83.58000183105469,79.3896484375,7295300
2021-07-29,83.04000091552734,83.31999969482422,82.63999938964844,82.68000030517578,78.53475189208984,5291200
2021-07-30,82.16999816894531,82.93499755859375,82.02999877929688,82.4000015258789,78.26880645751953,2999500
2021-08-02,82.75,82.83000183105469,82.05999755859375,82.20999908447266,78.08834075927734,3988200
2021-08-03,82.23999786376953,82.25,80.91000366210938,81.83999633789062,77.73685455322266,4860500
2021-08-04,81.95999908447266,82.2699966430664,81.58999633789062,82.06999969482422,77.9553451538086,3864600
2021-08-05,82.30999755859375,82.83499908447266,82.11000061035156,82.81999969482422,78.66773223876953,2261300
2021-08-06,82.6500015258789,83.05000305175781,82.61000061035156,82.81999969482422,78.667724609375,2764400
2021-08-09,82.80999755859375,82.81999969482422,82.38999938964844,82.66999816894531,78.52526092529297,2367800
2021-08-10,82.75,82.91999816894531,82.47000122070312,82.83000183105469,78.67723846435547,6254400
2021-08-11,82.98999786376953,83.08499908447266,82.68000030517578,82.98999786376953,78.82923126220703,2457600
2021-08-12,82.9000015258789,83.18000030517578,82.47000122070312,83.13999938964844,78.97169494628906,2269000
2021-08-13,83.3499984741211,83.44999694824219,83.125,83.19000244140625,79.01920318603516,2144600
2021-08-16,82.9000015258789,83.3499984741211,82.25,83.33000183105469,79.15217590332031,3483200
2021-08-17,82.79000091552734,83.12999725341797,82.0999984741211,82.63999938964844,78.49674224853516,5941400
2021-08-18,82.44999694824219,82.91999816894531,81.95500183105469,82.01000213623047,77.8983383178711,3041200
2021-08-19,81.5,82.38999938964844,81.41999816894531,82.0199966430664,77.9078598022461,4409800
2021-08-20,82.0,82.85800170898438,81.83000183105469,82.7300033569336,78.58224487304688,4143100
2021-08-23,82.83999633789062,84.08000183105469,82.83999633789062,83.7300033569336,79.53211975097656,3062200
2021-08-24,83.91000366210938,84.3270034790039,83.7300033569336,84.0,79.78858184814453,3132700
2021-08-25,84.02999877929688,84.31999969482422,83.8499984741211,84.12999725341797,79.91206359863281,3835100
2021-08-26,84.06999969482422,84.19999694824219,83.4000015258789,83.4000015258789,79.21866607666016,3279800
2021-08-27,83.58999633789062,84.86000061035156,83.43000030517578,84.72000122070312,80.47248077392578,3437200
2021-08-30,84.69999694824219,85.4800033569336,84.41500091552734,85.30000305175781,81.02339935302734,2734700
2021-08-31,85.2699966430664,85.80999755859375,85.16999816894531,85.62000274658203,81.32736206054688,6091000
2021-09-01,85.76000213623047,86.3550033569336,85.75,86.05000305175781,81.73579406738281,3723200
2021-09-02,86.12000274658203,86.23999786376953,85.31999969482422,85.47000122070312,81.18489837646484,3229300
2021-09-03,85.33999633789062,85.61499786376953,85.1050033569336,85.47000122070312,81.18488311767578,2799000
2021-09-07,85.47000122070312,85.83000183105469,85.2699966430664,85.66999816894531,81.37486267089844,4117500
2021-09-08,85.5199966430664,85.76000213623047,84.94999694824219,85.2300033569336,80.9569091796875,3808500
2021-09-09,85.08000183105469,85.36000061035156,84.67500305175781,84.80999755859375,80.55797576904297,4114400
2021-09-10,85.12999725341797,85.26000213623047,84.21499633789062,84.26000213623047,80.03553771972656,5103400
2021-09-13,84.81999969482422,84.88999938964844,84.05000305175781,84.47000122070312,80.23502349853516,5291600
2021-09-14,84.69000244140625,84.79000091552734,83.5999984741211,83.73999786376953,79.5416259765625,5467600
2021-09-15,83.72000122070312,84.2979965209961,83.01499938964844,84.1500015258789,79.93106079101562,4996700
2021-09-16,84.04000091552734,84.33000183105469,83.46499633789062,84.06999969482422,79.85509490966797,3856600
2021-09-17,83.83999633789062,84.02999877929688,82.78399658203125,83.13999938964844,78.97171020507812,9970600
2021-09-20,81.91999816894531,82.04000091552734,80.30999755859375,81.33000183105469,77.38462829589844,8942900
2021-09-21,81.87999725341797,82.12999725341797,80.93000030517578,80.98999786376953,77.06109619140625,6469700
2021-09-22,80.73999786376953,81.37999725341797,80.58999633789062,80.94999694824219,77.0230484008789,6815400
2021-09-23,81.30999755859375,82.18000030517578,81.16999816894531,81.77999877929688,77.55717468261719,3989400
2021-09-24,81.41000366210938,82.6050033569336,81.30000305175781,82.44999694824219,78.19258117675781,4402100
2021-09-27,82.01000213623047,82.68000030517578,81.76000213623047,82.44000244140625,78.18307495117188,3459700
2021-09-28,81.61000061035156,81.80999755859375,80.30999755859375,80.43000030517578,76.27688598632812,8982600
2021-09-29,80.81999969482422,81.29000091552734,80.25,80.36000061035156,76.21049499511719,5467100
2021-09-30,80.61000061035156,80.94999694824219,80.0999984741211,80.11000061035156,75.97339630126953,10771000
2021-10-01,80.52999877929688,81.82499694824219,80.16999816894531,81.45999908447266,77.25369262695312,7308600
2021-10-04,80.9000015258789,80.94999694824219,79.08100128173828,79.69999694824219,75.58458709716797,9449000
2021-10-05,79.9800033569336,81.31999969482422,79.91000366210938,80.88999938964844,76.71312713623047,3316100
2021-10-06,80.08000183105469,81.08999633789062,79.7300033569336,81.02999877929688,76.84589385986328,6599900
2021-10-07,81.72000122070312,82.1449966430664,81.31999969482422,81.37999725341797,77.17782592773438,4263900
2021-10-08,81.52999877929688,81.63999938964844,80.87999725341797,80.9800033569336,76.7984848022461,2732400
2021-10-11,80.63999938964844,80.94999694824219,79.7300033569336,79.76000213623047,75.64147186279297,3590000
2021-10-12,79.7699966430664,79.83899688720703,78.73999786376953,79.0199966430664,74.939697265625,7990700
2021-10-13,79.5199966430664,79.6500015258789,78.9000015258789,79.38999938964844,75.29058074951172,4690400
2021-10-14,80.12999725341797,80.63999938964844,79.95999908447266,80.51000213623047,76.35275268554688,3614600
2021-10-15,80.77999877929688,80.80000305175781,80.19999694824219,80.31999969482422,76.1725845336914,3100400
2021-10-18,80.22000122070312,80.95999908447266,80.05999755859375,80.94000244140625,76.76054382324219,2975400
2021-10-19,81.36000061035156,81.7300033569336,81.16000366210938,81.72000122070312,77.50027465820312,2460300
2021-10-20,81.91000366210938,82.11000061035156,81.5999984741211,81.87999725341797,77.65202331542969,2934600
2021-10-21,81.8499984741211,82.16000366210938,81.55999755859375,82.12000274658203,77.87963104248047,2681200
2021-10-22,80.87999725341797,81.19999694824219,79.9800033569336,80.37999725341797,76.2294692993164,3131000
2021-10-25,80.13999938964844,80.7300033569336,79.69000244140625,80.7300033569336,76.56139373779297,3225100
2021-10-26,81.06999969482422,81.16999816894531,79.62999725341797,80.01000213623047,75.87858581542969,6559500
2021-10-27,79.88999938964844,80.61000061035156,79.68499755859375,79.79000091552734,75.66995239257812,5846000
2021-10-28,79.8499984741211,80.5199966430664,79.3499984741211,80.05000305175781,75.91651153564453,3589100
2021-10-29,79.87000274658203,80.44000244140625,79.76000213623047,80.30000305175781,76.1535873413086,2845100
2021-11-01,80.58000183105469,81.05999755859375,80.20500183105469,80.43000030517578,76.27688598632812,4124600
2021-11-02,80.63999938964844,80.7750015258789,79.9749984741211,80.44000244140625,76.28636169433594,3982100
2021-11-03,80.0,80.76000213623047,79.76000213623047,80.7300033569336,76.56139373779297,2834100
2021-11-04,80.9800033569336,81.41999816894531,80.68000030517578,81.05000305175781,76.8648910522461,6281800
2021-11-05,81.76000213623047,82.3499984741211,81.61000061035156,81.69999694824219,77.48130798339844,3237500
2021-11-08,82.11000061035156,82.11000061035156,81.26000213623047,81.33999633789062,77.13988494873047,3171700
2021-11-09,81.5199966430664,81.66999816894531,80.75,81.13999938964844,76.9502182006836,3920900
2021-11-10,80.7300033569336,81.0199966430664,79.91000366210938,80.22000122070312,76.07772827148438,4074900
2021-11-11,80.2300033569336,80.5199966430664,80.01499938964844,80.05999755859375,75.92599487304688,2046900
2021-11-12,80.45999908447266,81.30000305175781,80.16000366210938,81.2300033569336,77.03556823730469,3240200
2021-11-15,81.45999908447266,81.91000366210938,81.25,81.45999908447266,77.25369262695312,2319200
2021-11-16,81.29000091552734,81.44000244140625,80.80000305175781,80.8499984741211,76.67520904541016,2383200
2021-11-17,80.83999633789062,81.0199966430664,80.44300079345703,80.54000091552734,76.38118743896484,7330300
2021-11-18,80.3499984741211,80.37000274658203,79.62999725341797,79.95999908447266,75.8311538696289,3335900
2021-11-19,80.29000091552734,80.4800033569336,79.56999969482422,79.69000244140625,75.57511901855469,6857100
2021-11-22,79.80000305175781,80.0,78.70999908447266,78.72000122070312,74.65518951416016,4517100
2021-11-23,78.56999969482422,78.93000030517578,77.94999694824219,78.51000213623047,74.4560317993164,5080500
2021-11-24,78.30000305175781,78.7249984741211,77.9000015258789,78.62000274658203,74.56036376953125,4243100
2021-11-26,77.86000061035156,77.86499786376953,77.11000061035156,77.18000030517578,73.19470977783203,4963000
2021-11-29,78.05000305175781,78.19999694824219,77.375,77.83999633789062,73.82062530517578,6518700
2021-11-30,77.52999877929688,77.52999877929688,75.28500366210938,75.37000274658203,71.47815704345703,10423700
2021-12-01,76.44999694824219,76.66000366210938,73.58999633789062,73.62999725341797,69.82801818847656,9392300
2021-12-02,73.91000366210938,75.17500305175781,73.76000213623047,74.87000274658203,71.00397491455078,7579100
2021-12-03,75.2300033569336,75.36000061035156,73.7300033569336,74.69999694824219,70.84276580810547,8986900
2021-12-06,75.12000274658203,76.11499786376953,74.83000183105469,75.93000030517578,72.0092544555664,7739200
2021-12-07,76.7300033569336,77.08000183105469,76.4800033569336,76.70999908447266,72.74897766113281,4549200
2021-12-08,76.91999816894531,77.46499633789062,76.6449966430664,77.2699966430664,73.28004455566406,9484400
2021-12-09,77.05000305175781,77.49500274658203,76.4800033569336,76.66000366210938,72.70156860351562,4065500
2021-12-10,77.12999725341797,77.27999877929688,76.12000274658203,76.69999694824219,72.73948669433594,4255400
2021-12-13,76.61000061035156,76.94999694824219,76.06500244140625,76.30000305175781,72.3601303100586,4980800
2021-12-14,75.43000030517578,76.23999786376953,75.33000183105469,76.0999984741211,72.17046356201172,7010600
2021-12-15,75.91999816894531,76.98500061035156,74.91300201416016,76.9000015258789,72.92916107177734,6693200
2021-12-16,77.08000183105469,77.69000244140625,76.55000305175781,76.79000091552734,72.82484436035156,7365300
2021-12-17,76.29000091552734,77.07499694824219,75.81999969482422,76.4800033569336,72.53085327148438,9932400
2021-12-20,75.55999755859375,75.83999633789062,75.08000183105469,75.79000091552734,72.0243148803711,4487000
2021-12-21,76.1500015258789,77.32499694824219,75.9800033569336,77.2300033569336,73.39279174804688,5198200
2021-12-22,77.05999755859375,77.62999725341797,76.9000015258789,77.41999816894531,73.5733642578125,3267000
2021-12-23,77.5199966430664,78.37000274658203,77.4800033569336,78.11000061035156,74.22905731201172,2383200
2021-12-27,78.3499984741211,79.04499816894531,78.33999633789062,78.87000274658203,74.95130157470703,2667600
2021-12-28,78.95999908447266,79.54499816894531,78.71499633789062,78.83000183105469,74.91327667236328,3214700
2021-12-29,78.87000274658203,79.06999969482422,78.19300079345703,78.44000244140625,74.54267120361328,3775600
2021-12-30,78.62999725341797,79.19000244140625,78.61000061035156,78.7699966430664,74.85626220703125,4483500
2021-12-31,78.56999969482422,78.87000274658203,77.65499877929688,77.68000030517578,73.82044219970703,5689100
2022-01-03,77.86000061035156,78.51000213623047,77.80000305175781,78.22000122070312,74.33360290527344,11984800
2022-01-04,78.52999877929688,78.7300033569336,77.62000274658203,78.05000305175781,74.17202758789062,11729100
2022-01-05,78.05999755859375,78.44000244140625,76.06999969482422,76.08999633789062,72.3094253540039,19325400
2022-01-06,76.12999725341797,77.37999725341797,75.88999938964844,76.43000030517578,72.63252258300781,14641300
2022-01-07,76.43000030517578,76.95999908447266,76.1500015258789,76.44000244140625,72.64202880859375,7882800
2022-01-10,75.70999908447266,75.9800033569336,74.2300033569336,75.95999908447266,72.18589782714844,9446100
2022-01-11,75.88999938964844,76.91999816894531,75.48999786376953,76.91000366210938,73.08869171142578,6813400
2022-01-12,77.19000244140625,77.44000244140625,76.62999725341797,77.01000213623047,73.1837158203125,5666800
2022-01-13,77.19999694824219,77.37000274658203,76.07499694824219,76.20999908447266,72.4234619140625,6354100
2022-01-14,75.54000091552734,76.62000274658203,75.53500366210938,76.55999755859375,72.75606536865234,6608600
2022-01-18,76.5,76.62000274658203,75.4749984741211,75.62999725341797,71.8722915649414,5903000
2022-01-19,75.8499984741211,76.66899871826172,75.45099639892578,75.5,71.74874114990234,6647000
2022-01-20,75.94000244140625,76.83000183105469,74.66500091552734,74.75,71.03599548339844,7335300
2022-01-21,73.77999877929688,74.19499969482422,72.19000244140625,72.22000122070312,68.63170623779297,14330900
2022-01-24,71.0999984741211,72.83999633789062,69.4800033569336,72.75,69.1353759765625,18812500
2022-01-25,71.54000091552734,72.22000122070312,70.62000274658203,71.26000213623047,67.71941375732422,9180300
2022-01-26,72.3499984741211,72.3499984741211,69.51000213623047,70.22000122070312,66.73107147216797,12982900
2022-01-27,70.72000122070312,71.75,70.18000030517578,70.30000305175781,66.80709838867188,9541500
2022-01-28,70.47000122070312,72.33000183105469,70.19999694824219,72.30999755859375,68.71723937988281,6249500
2022-01-31,72.30000305175781,74.0,71.81999969482422,73.94999694824219,70.27574920654297,6105900
2022-02-01,74.0,74.69000244140625,73.37999725341797,74.58999633789062,70.88392639160156,6284100
2022-02-02,76.56999969482422,76.56999969482422,75.26000213623047,76.08000183105469,72.2999267578125,5357300
2022-02-03,71.69999694824219,72.48999786376953,70.8499984741211,70.98999786376953,67.46282196044922,9281100
2022-02-04,70.72000122070312,71.75499725341797,69.9800033569336,71.16999816894531,67.63387298583984,6675800
2022-02-07,71.3499984741211,71.4000015258789,69.75499725341797,69.93000030517578,66.45547485351562,4843500
2022-02-08,69.66000366210938,70.1449966430664,69.36000061035156,69.9000015258789,66.42697143554688,6073900
2022-02-09,70.70999908447266,71.88999938964844,70.63999938964844,71.87000274658203,68.29911041259766,6325600
2022-02-10,70.87999725341797,72.1050033569336,70.5199966430664,70.83999633789062,67.32027435302734,6571600
2022-02-11,70.80000305175781,71.19000244140625,69.05999755859375,69.30999755859375,65.86627197265625,7358900
2022-02-14,69.2300033569336,69.76000213623047,68.77999877929688,69.31999969482422,65.87581634521484,5342600
2022-02-15,70.05999755859375,70.33000183105469,69.69999694824219,70.29000091552734,66.79761505126953,4291900
2022-02-16,69.36000061035156,69.94999694824219,68.94999694824219,69.80000305175781,66.33193969726562,4556400
2022-02-17,69.22000122070312,69.36000061035156,67.8949966430664,67.94000244140625,64.56438446044922,7516700
2022-02-18,68.13999938964844,68.58499908447266,67.20999908447266,67.41000366210938,64.0606918334961,7513300
2022-02-22,67.05999755859375,67.79499816894531,66.25,66.72000122070312,63.40498733520508,8859500
2022-02-23,67.16000366210938,67.31999969482422,65.55000305175781,65.5999984741211,62.340614318847656,6548700
2022-02-24,64.06999969482422,67.58000183105469,64.02999877929688,67.44000244140625,64.08921813964844,10993400
2022-02-25,67.58000183105469,68.625,67.12999725341797,68.52999877929688,65.12504577636719,7187100
2022-02-28,67.69999694824219,68.87000274658203,67.62000274658203,68.44999694824219,65.04902648925781,8388800
2022-03-01,68.13999938964844,68.58000183105469,67.20999908447266,67.58999633789062,64.23175048828125,6151100
2022-03-02,67.77999877929688,68.44000244140625,67.36000061035156,68.16999816894531,64.78292846679688,7782500
2022-03-03,68.66000366210938,68.77999877929688,67.18000030517578,67.45999908447266,64.10819244384766,6528200
2022-03-04,67.08999633789062,67.37999725341797,66.19000244140625,66.48999786376953,63.186405181884766,6324800
2022-03-07,66.38999938964844,66.38999938964844,64.23999786376953,64.27999877929688,61.08621597290039,7726800
2022-03-08,64.19000244140625,65.80999755859375,63.685001373291016,64.12000274658203,60.934173583984375,10154000
2022-03-09,65.62999725341797,66.25499725341797,65.37999725341797,66.04000091552734,62.75876235961914,6776000
2022-03-10,65.1500015258789,65.75,64.84500122070312,65.55000305175781,62.293113708496094,5783600
2022-03-11,65.97000122070312,66.05000305175781,64.29000091552734,64.37000274658203,61.171749114990234,4982600
2022-03-14,64.36000061035156,65.05000305175781,63.4900016784668,63.619998931884766,60.45901107788086,6998900
2022-03-15,64.0999984741211,64.94999694824219,63.75,64.83999633789062,61.618385314941406,6259300
2022-03-16,65.4000015258789,66.6500015258789,64.86000061035156,66.62999725341797,63.31944274902344,6621600
2022-03-17,66.41000366210938,67.3499984741211,66.16999816894531,67.3499984741211,64.00367736816406,5120700
2022-03-18,67.0999984741211,68.30999755859375,66.88999938964844,68.2300033569336,64.83995819091797,8622200
2022-03-21,67.77999877929688,67.91999816894531,66.73999786376953,67.41999816894531,64.23307037353516,6153900
2022-03-22,67.5199966430664,69.05000305175781,67.4800033569336,68.68000030517578,65.43350219726562,4462400
2022-03-23,68.18000030517578,68.61499786376953,67.73500061035156,67.73999786376953,64.53793334960938,5143200
2022-03-24,68.16999816894531,68.87000274658203,67.93000030517578,68.8499984741211,65.59547424316406,4300700
2022-03-25,69.02999877929688,69.38999938964844,68.41000366210938,69.18000030517578,65.90986633300781,3854400
2022-03-28,69.0999984741211,69.41000366210938,68.4000015258789,69.4000015258789,66.11947631835938,2914400
2022-03-29,69.9800033569336,70.80999755859375,69.81999969482422,70.61000061035156,67.27227783203125,6935100
2022-03-30,70.33000183105469,70.61000061035156,69.8499984741211,70.11000061035156,66.7958984375,4664600
2022-03-31,70.0999984741211,70.0999984741211,68.76300048828125,68.77999877929688,65.52877807617188,4784900
2022-04-01,69.11000061035156,69.33000183105469,68.7300033569336,69.29000091552734,66.01468658447266,4019000
2022-04-04,69.72000122070312,71.2750015258789,69.72000122070312,71.19999694824219,67.83438873291016,5201400
2022-04-05,71.2300033569336,71.56999969482422,70.12000274658203,70.29000091552734,66.9674072265625,3991300
2022-04-06,69.5199966430664,69.69999694824219,68.52999877929688,68.9800033569336,65.71932220458984,5010900
2022-04-07,68.87000274658203,69.02999877929688,67.41000366210938,68.37999725341797,65.14768981933594,4387200
2022-04-08,68.23999786376953,68.66999816894531,67.70999908447266,68.08000183105469,64.86186981201172,3827900
2022-04-11,67.62999725341797,68.26300048828125,67.11000061035156,67.19999694824219,64.02345275878906,5360900
2022-04-12,67.93000030517578,68.19000244140625,66.31500244140625,66.6500015258789,63.49946975708008,8250300
2022-04-13,66.55000305175781,67.9000015258789,66.44999694824219,67.62999725341797,64.43315124511719,6185900
2022-04-14,67.83999633789062,67.83999633789062,66.44000244140625,66.4800033569336,63.3375129699707,4718700
2022-04-18,66.44000244140625,66.75700378417969,65.68000030517578,66.26000213623047,63.12789535522461,6386400
2022-04-19,66.08000183105469,67.76000213623047,65.94000244140625,67.58000183105469,64.385498046875,4526200
2022-04-20,66.36000061035156,66.37999725341797,64.33999633789062,64.6500015258789,61.59400177001953,9530500
2022-04-21,64.83999633789062,65.25,62.630001068115234,62.810001373291016,59.84098815917969,8232100
2022-04-22,62.81999969482422,62.970001220703125,61.209999084472656,61.31999969482422,58.42141342163086,9702000
2022-04-25,61.20000076293945,62.189998626708984,60.81999969482422,62.15999984741211,59.22169876098633,13360400
2022-04-26,61.7400016784668,61.7400016784668,60.09000015258789,60.119998931884766,57.27813720703125,9913000
2022-04-27,59.2599983215332,59.91999816894531,58.43000030517578,58.779998779296875,56.00147247314453,17372400
2022-04-28,60.81999969482422,61.51100158691406,59.33000183105469,61.130001068115234,58.24039077758789,11269800
2022-04-29,60.7400016784668,61.47999954223633,58.970001220703125,59.060001373291016,56.26824188232422,9692600
2022-05-02,59.18000030517578,60.7400016784668,59.060001373291016,60.689998626708984,57.821189880371094,11094700
2022-05-03,60.529998779296875,61.400001525878906,60.08000183105469,60.849998474121094,57.97362518310547,8362100
2022-05-04,60.58000183105469,63.09000015258789,60.005001068115234,62.939998626708984,59.96483612060547,9761100
2022-05-05,62.189998626708984,62.43000030517578,60.0,60.619998931884766,57.754486083984375,9109600
2022-05-06,60.150001525878906,60.31999969482422,58.91999816894531,59.369998931884766,56.5635871887207,9318600
2022-05-09,58.54999923706055,59.06999969482422,57.599998474121094,57.83000183105469,55.09639358520508,11949000
2022-05-10,58.75,59.15999984741211,57.560001373291016,58.09000015258789,55.344093322753906,9633000
2022-05-11,57.869998931884766,59.04999923706055,56.95000076293945,57.040000915527344,54.343727111816406,15059700
2022-05-12,56.56999969482422,58.380001068115234,56.279998779296875,57.65999984741211,54.934417724609375,16809300
2022-05-13,57.84000015258789,59.31999969482422,57.77000045776367,59.0099983215332,56.2205924987793,5895400
2022-05-16,58.66999816894531,59.31999969482422,58.4900016784668,58.630001068115234,55.85857009887695,6900800
2022-05-17,59.52000045776367,59.95000076293945,59.08000183105469,59.90999984741211,57.078060150146484,10530000
2022-05-18,59.22999954223633,59.5099983215332,57.779998779296875,57.95000076293945,55.21071243286133,9766400
2022-05-19,57.720001220703125,58.54999923706055,57.650001525878906,57.869998931884766,55.134498596191406,8299200
2022-05-20,58.58000183105469,58.80500030517578,56.63999938964844,58.02000045776367,55.27740478515625,8785200
2022-05-23,58.47999954223633,58.97999954223633,57.689998626708984,58.88999938964844,56.106285095214844,9217000
2022-05-24,56.90999984741211,57.029998779296875,55.68000030517578,56.79999923706055,54.11507034301758,8468800
2022-05-25,56.61000061035156,57.81999969482422,56.54999923706055,57.560001373291016,54.839141845703125,5346200
2022-05-26,57.70000076293945,59.13999938964844,57.68000030517578,58.959999084472656,56.1729621887207,4975200
2022-05-27,59.2400016784668,60.2400016784668,59.099998474121094,60.220001220703125,57.373409271240234,5187100
2022-05-31,60.099998474121094,60.790000915527344,59.58000183105469,60.18000030517578,57.33530807495117,7167800
2022-06-01,60.650001525878906,60.9900016784668,59.2599983215332,59.4900016784668,56.677921295166016,6233000
2022-06-02,59.41999816894531,61.005001068115234,59.27000045776367,60.939998626708984,58.05937576293945,7218600
2022-06-03,60.31999969482422,60.4900016784668,59.45000076293945,59.619998931884766,56.8017692565918,4498500
2022-06-06,60.279998779296875,60.53499984741211,59.505001068115234,59.91999816894531,57.08757781982422,4689100
2022-06-07,59.349998474121094,60.40999984741211,59.209999084472656,60.349998474121094,57.49726867675781,3251500
2022-06-08,60.130001068115234,61.0359992980957,60.07500076293945,60.189998626708984,57.34482955932617,3947500
2022-06-09,59.869998931884766,60.27000045776367,58.290000915527344,58.34000015258789,55.58226776123047,4422200
2022-06-10,57.46500015258789,57.630001068115234,56.60499954223633,56.709999084472656,54.029319763183594,6654000
2022-06-13,55.31999969482422,55.59000015258789,53.880001068115234,54.029998779296875,51.47600555419922,7046500
2022-06-14,54.369998931884766,54.564998626708984,53.43000030517578,53.880001068115234,51.333099365234375,4388400
2022-06-15,54.470001220703125,55.810001373291016,54.11000061035156,55.09000015258789,52.485904693603516,7353100
2022-06-16,53.88999938964844,54.16999816894531,52.73500061035156,53.08000183105469,50.5709228515625,6917900
2022-06-17,53.279998779296875,54.27000045776367,52.869998931884766,53.84000015258789,51.29499053955078,11930100
2022-06-21,54.470001220703125,54.880001068115234,53.96500015258789,54.09000015258789,51.65791320800781,4110000
2022-06-22,53.83000183105469,54.97999954223633,53.724998474121094,54.18000030517578,51.74385452270508,6472000
2022-06-23,54.459999084472656,54.9900016784668,53.959999084472656,54.849998474121094,52.38373565673828,6001300
2022-06-24,55.279998779296875,56.939998626708984,55.27000045776367,56.939998626708984,54.37975311279297,8894500
2022-06-27,57.060001373291016,57.11000061035156,56.13999938964844,56.400001525878906,53.86404800415039,3790200
2022-06-28,56.58000183105469,57.0,54.73500061035156,54.7599983215332,52.29777908325195,4805000
2022-06-29,54.90999984741211,55.16999816894531,54.34000015258789,54.93000030517578,52.46013259887695,3939100
2022-06-30,54.36000061035156,55.084999084472656,53.4900016784668,54.27000045776367,51.829803466796875,4901600
2022-07-01,54.08000183105469,54.88999938964844,53.70500183105469,54.81999969482422,52.35508346557617,4400400
2022-07-05,54.130001068115234,56.119998931884766,53.61000061035156,56.09000015258789,53.56797790527344,4237400
2022-07-06,56.09000015258789,56.54499816894531,55.492000579833984,56.099998474121094,53.5775260925293,4234900
2022-07-07,56.27000045776367,57.209999084472656,56.119998931884766,56.97999954223633,54.4179573059082,3297100
2022-07-08,56.45000076293945,57.130001068115234,56.16999816894531,56.709999084472656,54.16009521484375,2566900
2022-07-11,56.02000045776367,56.08000183105469,54.88999938964844,54.9900016784668,52.51743698120117,3350600
2022-07-12,55.189998626708984,55.68000030517578,54.75,54.959999084472656,52.48878860473633,4103500
2022-07-13,54.119998931884766,55.11000061035156,54.04800033569336,54.709999084472656,52.250022888183594,4924000
2022-07-14,54.029998779296875,54.27000045776367,53.40999984741211,54.02000045776367,51.59105682373047,4174000
2022-07-15,54.58000183105469,55.43000030517578,54.36000061035156,55.40999984741211,52.918548583984375,4048200
2022-07-18,55.79999923706055,56.2400016784668,54.97999954223633,55.130001068115234,52.651145935058594,3790900
2022-07-19,55.880001068115234,57.154998779296875,55.7599983215332,57.09000015258789,54.52301788330078,3235800
2022-07-20,57.36000061035156,58.334999084472656,57.000999450683594,58.029998779296875,55.420738220214844,5639600
2022-07-21,57.529998779296875,58.0,56.77000045776367,58.0,55.392093658447266,6391000
2022-07-22,56.72999954223633,57.369998931884766,55.619998931884766,55.9900016784668,53.47248458862305,3765800
2022-07-25,56.04999923706055,56.40999984741211,55.40999984741211,55.79999923706055,53.2910270690918,2894300
2022-07-26,55.470001220703125,55.470001220703125,54.52000045776367,54.68000030517578,52.22137451171875,4278000
2022-07-27,55.599998474121094,57.29999923706055,55.47999954223633,56.9900016784668,54.42750549316406,4802200
2022-07-28,55.939998626708984,56.349998474121094,55.2400016784668,56.34000015258789,53.806724548339844,4808900
2022-07-29,55.86000061035156,56.4900016784668,55.52000045776367,56.369998931884766,53.83538818359375,5981000
2022-08-01,55.95000076293945,56.869998931884766,55.58000183105469,56.290000915527344,53.75897979736328,3758200
2022-08-02,55.939998626708984,56.875,55.880001068115234,56.20000076293945,53.67302703857422,4688400
2022-08-03,56.41999816894531,57.72999954223633,56.31999969482422,57.54999923706055,54.96232604980469,4331600
2022-08-04,57.400001525878906,58.09000015258789,57.27000045776367,57.79999923706055,55.201087951660156,3261800
2022-08-05,56.689998626708984,57.439998626708984,56.57500076293945,57.09000015258789,54.52301788330078,3421900
2022-08-08,57.43000030517578,58.560001373291016,57.34000015258789,57.41999816894531,54.83817672729492,3962700
2022-08-09,57.27000045776367,57.27000045776367,56.58000183105469,56.86000061035156,54.30335998535156,2718100
2022-08-10,58.18000030517578,58.75,57.97999954223633,58.459999084472656,55.83141326904297,3338800
2022-08-11,59.15999984741211,59.75,58.40999984741211,58.52000045776367,55.88871765136719,3001700
2022-08-12,59.150001525878906,59.56999969482422,58.84000015258789,59.560001373291016,56.881954193115234,2779000
2022-08-15,59.279998779296875,59.90999984741211,59.18000030517578,59.77000045776367,57.08251190185547,2623700
2022-08-16,59.47999954223633,60.2400016784668,59.20000076293945,59.88999938964844,57.19711685180664,2471200
2022-08-17,59.130001068115234,59.36000061035156,58.61000061035156,58.72999954223633,56.08927917480469,4400800
2022-08-18,58.630001068115234,58.880001068115234,58.09000015258789,58.63999938964844,56.003318786621094,2416900
2022-08-19,58.11000061035156,58.189998626708984,57.42499923706055,57.689998626708984,55.096031188964844,3337800
2022-08-22,56.939998626708984,56.939998626708984,55.915000915527344,56.040000915527344,53.520225524902344,3312500
2022-08-23,55.880001068115234,56.279998779296875,55.470001220703125,55.560001373291016,53.061805725097656,5294800
2022-08-24,55.38999938964844,56.29999923706055,55.29999923706055,55.88999938964844,53.37697219848633,4279000
2022-08-25,56.11000061035156,57.0099983215332,56.04999923706055,56.97999954223633,54.4179573059082,2492100
2022-08-26,56.81999969482422,57.224998474121094,55.13999938964844,55.15999984741211,52.67979049682617,5293800
2022-08-29,54.77000045776367,55.38999938964844,54.680999755859375,54.72999954223633,52.269134521484375,3620800
2022-08-30,54.939998626708984,55.16999816894531,53.88999938964844,54.25,51.81071472167969,3754600
2022-08-31,55.29999923706055,55.540000915527344,54.369998931884766,54.380001068115234,51.93486785888672,5491400
2022-09-01,54.2400016784668,54.93000030517578,53.869998931884766,54.880001068115234,52.41238021850586,6217300
2022-09-02,55.220001220703125,55.2599983215332,53.630001068115234,53.84000015258789,51.41914749145508,5575700
2022-09-06,53.810001373291016,53.880001068115234,52.810001373291016,53.16999816894531,50.77927017211914,9950000
2022-09-07,53.119998931884766,54.34000015258789,53.11000061035156,54.2400016784668,51.80116653442383,7466700
2022-09-08,53.720001220703125,54.369998931884766,53.45000076293945,54.11000061035156,51.677005767822266,11092400
2022-09-09,54.5099983215332,55.685001373291016,54.5099983215332,55.619998931884766,53.11910629272461,9515600
2022-09-12,55.720001220703125,56.23500061035156,55.459999084472656,55.90999984741211,53.39606857299805,4837200
2022-09-13,54.310001373291016,54.43000030517578,52.689998626708984,52.84000015258789,50.464107513427734,7053200
2022-09-14,53.0,53.04999923706055,52.18000030517578,52.93000030517578,50.5500602722168,7515200
2022-09-15,52.709999084472656,53.560001373291016,52.494998931884766,52.70000076293945,50.33041000366211,6948600
2022-09-16,52.290000915527344,52.3489990234375,51.70000076293945,52.13999938964844,49.79558563232422,10953500
2022-09-19,51.720001220703125,52.33000183105469,51.564998626708984,52.33000183105469,50.082706451416016,7144500
2022-09-20,51.779998779296875,52.119998931884766,51.36000061035156,51.52000045776367,49.307491302490234,5358400
2022-09-21,51.650001525878906,52.029998779296875,50.2400016784668,50.2599983215332,48.101600646972656,6596000
2022-09-22,50.060001373291016,50.52000045776367,49.86000061035156,50.08000183105469,47.92932891845703,6186200
2022-09-23,49.63999938964844,49.70000076293945,48.51499938964844,49.11000061035156,47.000980377197266,7014300
2022-09-26,48.88999938964844,49.369998931884766,48.189998626708984,48.310001373291016,46.23533248901367,6194000
2022-09-27,48.810001373291016,49.13999938964844,47.79999923706055,48.04999923706055,45.98650360107422,6616900
2022-09-28,48.189998626708984,49.880001068115234,48.16999816894531,49.689998626708984,47.55607223510742,7825400
2022-09-29,49.15999984741211,49.15999984741211,48.040000915527344,48.47999954223633,46.39803695678711,6384600
2022-09-30,48.47999954223633,49.22999954223633,47.86000061035156,47.88999938964844,45.8333740234375,6277400
2022-10-03,48.439998626708984,49.47999954223633,48.29999923706055,49.22999954223633,47.1158332824707,5783700
2022-10-04,49.869998931884766,50.7599983215332,49.86000061035156,50.7400016784668,48.56098937988281,8840100
2022-10-05,49.95000076293945,50.58000183105469,49.27000045776367,50.349998474121094,48.1877326965332,5179800
2022-10-06,50.15999984741211,50.75,49.900001525878906,50.08000183105469,47.92932891845703,6508700
2022-10-07,49.439998626708984,49.61000061035156,48.5,48.72999954223633,46.63729476928711,4890300
2022-10-10,48.88999938964844,49.130001068115234,48.17499923706055,48.599998474121094,46.512882232666016,4931000
2022-10-11,48.290000915527344,48.55500030517578,47.43000030517578,47.689998626708984,45.641963958740234,7811700
2022-10-12,47.720001220703125,48.005001068115234,47.40999984741211,47.630001068115234,45.584537506103516,5351800
2022-10-13,46.650001525878906,48.974998474121094,46.472999572753906,48.779998779296875,46.68515396118164,10305300
2022-10-14,49.16999816894531,49.369998931884766,47.880001068115234,47.97999954223633,45.91950988769531,8173300
2022-10-17,48.79999923706055,49.619998931884766,48.7599983215332,49.29999923706055,47.18282699584961,6105200
2022-10-18,50.369998931884766,50.4900016784668,49.22999954223633,49.66999816894531,47.536930084228516,5524000
2022-10-19,49.779998779296875,50.42499923706055,49.41999816894531,49.709999084472656,47.575218200683594,11117400
2022-10-20,49.83000183105469,50.80500030517578,49.68000030517578,49.83000183105469,47.690067291259766,6788900
2022-10-21,49.029998779296875,50.20000076293945,48.86000061035156,50.150001525878906,47.99631881713867,7086500
2022-10-24,50.290000915527344,50.77000045776367,49.689998626708984,50.5,48.331295013427734,6334600
2022-10-25,50.7400016784668,51.95000076293945,50.72999954223633,51.84000015258789,49.613746643066406,4684400
2022-10-26,50.58000183105469,51.38999938964844,50.119998931884766,50.20000076293945,48.04417037963867,5786000
2022-10-27,48.400001525878906,49.02000045776367,47.790000915527344,47.81999969482422,45.76638412475586,6867800
2022-10-28,48.04999923706055,49.06999969482422,47.939998626708984,49.029998779296875,46.92441940307617,8235200
2022-10-31,48.66999816894531,48.86000061035156,47.93000030517578,48.209999084472656,46.13963317871094,7609400
2022-11-01,48.84000015258789,49.150001525878906,47.869998931884766,47.900001525878906,45.84294509887695,4956900
2022-11-02,47.84000015258789,48.31999969482422,46.529998779296875,46.54999923706055,44.55091857910156,10548700
2022-11-03,46.04999923706055,46.150001525878906,45.36000061035156,45.40999984741211,43.45987319946289,11167500
2022-11-04,45.93000030517578,46.150001525878906,44.86000061035156,45.720001220703125,43.75657653808594,6621200
2022-11-07,46.22999954223633,46.56999969482422,45.89500045776367,46.540000915527344,44.54135513305664,7202200
2022-11-08,46.43000030517578,47.11000061035156,45.95000076293945,46.59000015258789,44.589202880859375,8273000
2022-11-09,46.40999984741211,46.70000076293945,45.900001525878906,45.959999084472656,43.98625946044922,7028600
2022-11-10,47.810001373291016,48.810001373291016,47.349998474121094,48.7400016784668,46.646881103515625,8306200
2022-11-11,48.720001220703125,50.220001220703125,48.70000076293945,50.02000045776367,47.87190246582031,9255300
2022-11-14,49.65999984741211,50.560001373291016,49.61000061035156,49.81999969482422,47.68048858642578,5432300
2022-11-15,50.79199981689453,51.20000076293945,49.849998474121094,50.560001373291016,48.38871765136719,8965500
2022-11-16,50.27000045776367,50.41999816894531,49.845001220703125,50.060001373291016,47.91019058227539,5374000
2022-11-17,49.099998474121094,49.974998474121094,48.90999984741211,49.68000030517578,47.5465087890625,7109400
2022-11-18,50.09000015258789,50.198001861572266,49.2599983215332,49.529998779296875,47.4029426574707,4049300
2022-11-21,49.65999984741211,49.86000061035156,48.93000030517578,49.119998931884766,47.010555267333984,3202100
2022-11-22,49.209999084472656,49.900001525878906,48.84000015258789,49.849998474121094,47.70920181274414,5479200
2022-11-23,49.77000045776367,50.59000015258789,49.77000045776367,50.47999954223633,48.31214904785156,4605800
2022-11-25,50.18000030517578,50.45000076293945,50.13999938964844,50.20000076293945,48.04417037963867,1895800
2022-11-28,49.90999984741211,50.20500183105469,49.279998779296875,49.400001525878906,47.278533935546875,3680300
2022-11-29,49.43000030517578,49.54999923706055,48.970001220703125,49.41999816894531,47.297664642333984,3823100
2022-11-30,49.310001373291016,51.525001525878906,49.15999984741211,51.5099983215332,49.29791259765625,10313800
2022-12-01,51.61000061035156,52.189998626708984,51.415000915527344,51.810001373291016,49.58503341674805,6604300
2022-12-02,50.959999084472656,52.07500076293945,50.959999084472656,51.939998626708984,49.70945739746094,4402200
2022-12-05,51.529998779296875,52.09000015258789,50.96500015258789,51.119998931884766,48.92466735839844,4033200
2022-12-06,50.95000076293945,51.02000045776367,49.472999572753906,49.650001525878906,47.517791748046875,5811000
2022-12-07,49.5099983215332,49.79999923706055,49.099998474121094,49.400001525878906,47.278533935546875,4700900
2022-12-08,49.630001068115234,49.7599983215332,49.13999938964844,49.29999923706055,47.18282699584961,5180800
2022-12-09,49.290000915527344,49.97999954223633,49.040000915527344,49.439998626708984,47.316810607910156,6325000
2022-12-12,49.439998626708984,49.84000015258789,49.09000015258789,49.83000183105469,47.690067291259766,5129600
2022-12-13,51.650001525878906,52.06999969482422,50.29999923706055,50.66999816894531,48.49399185180664,9909700
2022-12-14,50.0,50.84000015258789,49.470001220703125,50.0099983215332,47.86233139038086,10321600
2022-12-15,49.11000061035156,49.29999923706055,47.84000015258789,48.060001373291016,45.99607467651367,9817300
2022-12-16,48.150001525878906,48.4900016784668,47.77000045776367,48.04999923706055,45.98650360107422,8563500
2022-12-19,47.689998626708984,47.790000915527344,46.68000030517578,46.810001373291016,44.91004943847656,5688200
2022-12-20,46.630001068115234,47.22999954223633,46.474998474121094,47.130001068115234,45.21706008911133,5743800
2022-12-21,47.29999923706055,47.97999954223633,47.130001068115234,47.75,45.8119010925293,5863300
2022-12-22,47.2599983215332,47.369998931884766,46.47999954223633,47.34000015258789,45.41853332519531,4384300
2022-12-23,47.150001525878906,47.81999969482422,47.060001373291016,47.79999923706055,45.85986328125,3845500
2022-12-27,47.650001525878906,47.75,47.060001373291016,47.369998931884766,45.44731140136719,3905700
2022-12-28,47.20000076293945,47.625,46.66999816894531,46.68000030517578,44.78532791137695,6047800
2022-12-29,47.11000061035156,48.154998779296875,47.02000045776367,47.970001220703125,46.0229606628418,3466900
2022-12-30,47.380001068115234,48.0,47.220001220703125,47.9900016784668,46.042144775390625,4828600
2023-01-03,48.58000183105469,49.04999923706055,48.150001525878906,48.61000061035156,46.63698959350586,8577900
2023-01-04,49.279998779296875,49.83000183105469,48.79999923706055,49.52000045776367,47.510047912597656,5837200
2023-01-05,49.43000030517578,49.915000915527344,49.04999923706055,49.59000015258789,47.57720184326172,5407700
2023-01-06,50.04999923706055,50.53499984741211,49.349998474121094,50.400001525878906,48.354331970214844,4578400
2023-01-09,50.619998931884766,51.099998474121094,50.43000030517578,50.47999954223633,48.431087493896484,6430100
2023-01-10,50.06999969482422,51.244998931884766,50.02199935913086,51.2400016784668,49.160240173339844,8684900
2023-01-11,51.349998474121094,51.619998931884766,51.08000183105469,51.61000061035156,49.515220642089844,4098400
2023-01-12,51.75,52.349998474121094,51.150001525878906,52.18000030517578,50.062076568603516,4193700
2023-01-13,51.849998474121094,52.43000030517578,51.755001068115234,52.349998474121094,50.22518539428711,3712300
2023-01-17,52.220001220703125,52.279998779296875,51.540000915527344,51.86000061035156,49.75507354736328,3529900
2023-01-18,52.0099983215332,52.16999816894531,51.08100128173828,51.22999954223633,49.15064239501953,5930300
2023-01-19,50.970001220703125,51.755001068115234,50.79999923706055,51.4900016784668,49.40009307861328,7387400
2023-01-20,51.90999984741211,53.15599822998047,51.77000045776367,53.099998474121094,50.944740295410156,4874200
2023-01-23,53.150001525878906,54.154998779296875,53.02000045776367,54.029998779296875,51.836997985839844,6279000
2023-01-24,53.58000183105469,54.650001525878906,53.41299819946289,53.880001068115234,51.693084716796875,8867000
2023-01-25,53.5,54.189998626708984,53.310001373291016,54.06999969482422,51.875370025634766,4976800
2023-01-26,54.45000076293945,54.91999816894531,54.11000061035156,54.90999984741211,52.681278228759766,4303600
2023-01-27,54.79999923706055,55.59600067138672,54.79999923706055,55.290000915527344,53.045860290527344,3764100
2023-01-30,54.7400016784668,55.1150016784668,54.38999938964844,54.41999816894531,52.21116638183594,3857100
2023-01-31,54.43000030517578,55.095001220703125,54.43000030517578,55.08000183105469,52.84437942504883,4265500
2023-02-01,54.689998626708984,55.994998931884766,54.29999923706055,55.72999954223633,53.467994689941406,7523200
2023-02-02,58.45000076293945,59.790000915527344,58.125,59.38999938964844,56.97944259643555,9444700
2023-02-03,58.02000045776367,59.43000030517578,58.0099983215332,58.20000076293945,55.83774185180664,7829200
2023-02-06,57.52000045776367,57.97999954223633,57.16999816894531,57.5,55.1661491394043,5708300
2023-02-07,57.38999938964844,58.77000045776367,57.2599983215332,58.56999969482422,56.19272232055664,7167000
2023-02-08,57.630001068115234,57.810001373291016,56.43000030517578,56.72999954223633,54.42741394042969,6530400
2023-02-09,57.439998626708984,57.459999084472656,55.28499984741211,55.4900016784668,53.23773956298828,6056300
2023-02-10,55.34000015258789,55.56999969482422,54.810001373291016,54.959999084472656,52.729248046875,4483300
2023-02-13,55.22999954223633,55.93000030517578,55.040000915527344,55.7400016784668,53.47759246826172,2956300
2023-02-14,55.459999084472656,55.939998626708984,54.970001220703125,55.7599983215332,53.49677658081055,5887900
2023-02-15,55.36000061035156,56.29999923706055,55.310001373291016,56.27000045776367,53.986083984375,4233800
2023-02-16,55.279998779296875,56.11000061035156,55.15999984741211,55.40999984741211,53.160980224609375,5267600
2023-02-17,54.9900016784668,55.39500045776367,54.724998474121094,55.349998474121094,53.103416442871094,4245100
2023-02-21,54.790000915527344,55.08000183105469,54.11000061035156,54.130001068115234,51.932926177978516,4176400
2023-02-22,54.06999969482422,54.470001220703125,53.94499969482422,54.2400016784668,52.03847122192383,4410600
2023-02-23,54.290000915527344,54.349998474121094,53.380001068115234,53.9900016784668,51.798614501953125,5151100
2023-02-24,53.15999984741211,53.369998931884766,52.845001220703125,53.2400016784668,51.07905960083008,4842300
2023-02-27,53.630001068115234,53.900001525878906,53.25,53.40999984741211,51.242164611816406,3659200
2023-02-28,53.36000061035156,53.974998474121094,53.36000061035156,53.5,51.32850646972656,5728600
2023-03-01,53.400001525878906,53.619998931884766,53.0099983215332,53.09000015258789,50.935150146484375,7092300
2023-03-02,52.7599983215332,53.70500183105469,52.7400016784668,53.59000015258789,51.41484832763672,4649200
2023-03-03,54.06999969482422,54.82500076293945,53.939998626708984,54.7599983215332,52.53736877441406,5373300
2023-03-06,55.09000015258789,55.51499938964844,54.75,54.7599983215332,52.53736877441406,5626400
2023-03-07,55.0099983215332,55.15999984741211,54.040000915527344,54.20000076293945,52.000091552734375,5464500
2023-03-08,54.15999984741211,54.459999084472656,53.84000015258789,54.22999954223633,52.028873443603516,4289400
2023-03-09,54.29999923706055,54.65999984741211,52.82500076293945,53.0099983215332,50.858394622802734,6195400
2023-03-10,52.88999938964844,53.165000915527344,51.970001220703125,52.2599983215332,50.13883972167969,13124300
2023-03-13,51.849998474121094,52.970001220703125,51.369998931884766,52.2599983215332,50.13883972167969,15248700
2023-03-14,53.16999816894531,53.84000015258789,53.04999923706055,53.7400016784668,51.558773040771484,10217800
2023-03-15,53.279998779296875,54.38999938964844,53.0,54.31999969482422,52.1152229309082,12706500
2023-03-16,54.18000030517578,55.61000061035156,54.029998779296875,55.540000915527344,53.285709381103516,11404200
2023-03-17,55.36000061035156,55.68000030517578,54.810001373291016,55.0099983215332,52.77721405029297,12329700
2023-03-20,54.90999984741211,55.40999984741211,54.709999084472656,55.27000045776367,53.17164993286133,7192200
2023-03-21,55.880001068115234,56.560001373291016,55.650001525878906,56.45000076293945,54.306854248046875,5008700
2023-03-22,56.380001068115234,57.130001068115234,55.43000030517578,55.459999084472656,53.35444259643555,6751500
2023-03-23,56.040000915527344,56.97999954223633,55.904998779296875,56.36000061035156,54.22026824951172,7071100
2023-03-24,56.369998931884766,56.724998474121094,55.97999954223633,56.650001525878906,54.499263763427734,5494600
2023-03-27,56.650001525878906,56.869998931884766,56.11000061035156,56.33000183105469,54.1914176940918,3758300
2023-03-28,56.220001220703125,56.220001220703125,55.58000183105469,55.869998931884766,53.74886703491211,4113000
2023-03-29,56.38999938964844,56.66999816894531,56.150001525878906,56.61000061035156,54.460777282714844,4815700
2023-03-30,56.7400016784668,56.959999084472656,56.599998474121094,56.880001068115234,54.72053909301758,6365100
2023-03-31,57.0,58.02000045776367,56.97999954223633,57.970001220703125,55.76914596557617,9690900
2023-04-03,57.54999923706055,58.2400016784668,57.4900016784668,58.209999084472656,56.00003433227539,8983800
2023-04-04,58.25,58.560001373291016,57.970001220703125,58.38999938964844,56.173194885253906,9755200
2023-04-05,58.41999816894531,58.47999954223633,57.790000915527344,58.20000076293945,55.990413665771484,12242800
2023-04-06,58.11000061035156,59.10499954223633,57.7599983215332,58.93000030517578,56.69269943237305,10713900
2023-04-10,58.4900016784668,58.814998626708984,58.189998626708984,58.79999923706055,56.5676383972168,4791100
2023-04-11,58.90999984741211,59.06999969482422,58.57500076293945,58.650001525878906,56.42333221435547,17443800
2023-04-12,59.029998779296875,59.15999984741211,57.97999954223633,58.040000915527344,55.83648681640625,5886200
2023-04-13,58.54999923706055,59.275001525878906,58.47999954223633,59.25,57.00054931640625,5416200
2023-04-14,58.88999938964844,59.43000030517578,58.65999984741211,59.22999954223633,56.98131561279297,4906200
2023-04-17,58.58000183105469,58.939998626708984,58.400001525878906,58.88999938964844,56.65421676635742,6479100
2023-04-18,59.130001068115234,59.20000076293945,58.47100067138672,58.59000015258789,56.365604400634766,4380300
2023-04-19,57.94200134277344,58.39500045776367,57.81999969482422,58.150001525878906,55.94231414794922,4409400
2023-04-20,57.540000915527344,58.099998474121094,57.400001525878906,57.54999923706055,55.36508560180664,4414100
2023-04-21,57.400001525878906,57.76499938964844,57.209999084472656,57.689998626708984,55.499778747558594,7125300
2023-04-24,57.709999084472656,57.95000076293945,57.2400016784668,57.630001068115234,55.442054748535156,4876000
2023-04-25,57.36000061035156,57.459999084472656,56.720001220703125,56.72999954223633,54.576229095458984,5345900
2023-04-26,56.75,57.11000061035156,56.064998626708984,56.130001068115234,53.99900436401367,6964600
2023-04-27,58.2400016784668,59.56999969482422,58.099998474121094,59.38999938964844,57.13523864746094,9597400
2023-04-28,59.119998931884766,59.90999984741211,59.06999969482422,59.900001525878906,57.625877380371094,7480600
2023-05-01,59.810001373291016,60.13999938964844,59.46500015258789,59.88999938964844,57.616249084472656,7220800
2023-05-02,59.70000076293945,59.79999923706055,58.4900016784668,58.779998779296875,56.54840087890625,10152100
2023-05-03,58.91999816894531,59.439998626708984,58.45500183105469,58.54999923706055,56.32712936401367,8671300
2023-05-04,58.209999084472656,58.22999954223633,57.58000183105469,57.61000061035156,55.42280960083008,7134000
2023-05-05,57.75,58.44499969482422,57.43000030517578,58.33000183105469,56.115474700927734,4970900
2023-05-08,58.25,59.0099983215332,58.20000076293945,58.91999816894531,56.683074951171875,3997000
2023-05-09,58.77000045776367,59.0099983215332,58.5,58.54999923706055,56.32712936401367,7635100
2023-05-10,59.09000015258789,59.244998931884766,58.209999084472656,59.06999969482422,56.8273811340332,6380700
2023-05-11,59.31999969482422,60.01499938964844,59.060001373291016,59.65999984741211,57.39498519897461,7617800
2023-05-12,59.77000045776367,59.880001068115234,59.32500076293945,59.709999084472656,57.443084716796875,4019800
2023-05-15,59.709999084472656,60.1349983215332,59.57500076293945,59.9900016784668,57.71245574951172,3557900
2023-05-16,59.689998626708984,60.14500045776367,59.606998443603516,59.91999816894531,57.645111083984375,3775800
2023-05-17,60.02000045776367,60.90999984741211,59.880001068115234,60.650001525878906,58.34740447998047,5544900
2023-05-18,60.689998626708984,61.79499816894531,60.689998626708984,61.7400016784668,59.39602279663086,6547900
2023-05-19,61.779998779296875,62.16999816894531,61.16999816894531,61.40999984741211,59.07855224609375,5739500
2023-05-22,61.5,62.43000030517578,61.470001220703125,61.970001220703125,59.617286682128906,4924900
2023-05-23,61.619998931884766,62.10499954223633,61.20000076293945,61.20000076293945,58.87651443481445,4214600
2023-05-24,60.869998931884766,61.20500183105469,60.56999969482422,60.91999816894531,58.607147216796875,6112700
2023-05-25,61.4900016784668,61.540000915527344,60.75,60.91999816894531,58.607147216796875,5962500
2023-05-26,61.02000045776367,62.20000076293945,60.7400016784668,62.15999984741211,59.80006790161133,8314700
2023-05-30,62.65999984741211,62.720001220703125,61.90999984741211,62.2599983215332,59.89628219604492,6807700
2023-05-31,62.0,62.38999938964844,61.779998779296875,62.2400016784668,59.87702941894531,7566500
2023-06-01,62.41999816894531,63.185001373291016,62.279998779296875,63.08000183105469,60.685142517089844,10175700
2023-06-02,62.81999969482422,63.375,62.630001068115234,63.15999984741211,60.76210021972656,8956400
2023-06-05,62.91999816894531,63.880001068115234,62.91999816894531,63.31999969482422,60.9160270690918,7260600
2023-06-06,63.279998779296875,63.970001220703125,63.150001525878906,63.58000183105469,61.166168212890625,4420100
2023-06-07,63.70000076293945,64.26000213623047,62.75,62.869998931884766,60.483116149902344,5343100
2023-06-08,62.619998931884766,63.400001525878906,62.53099822998047,63.189998626708984,60.79096221923828,4159300
2023-06-09,63.16999816894531,63.625,63.025001525878906,63.209999084472656,60.81020736694336,8008400
2023-06-12,63.439998626708984,64.01000213623047,63.310001373291016,63.959999084472656,61.5317268371582,4675100
2023-06-13,64.47000122070312,64.72000122070312,63.90999984741211,64.16999816894531,61.73375701904297,5138400
2023-06-14,64.11000061035156,64.70999908447266,63.58000183105469,64.27999877929688,61.83958435058594,5512800
2023-06-15,64.18000030517578,65.5199966430664,63.939998626708984,65.30000305175781,62.820865631103516,6185600
2023-06-16,65.58000183105469,65.61000061035156,64.66999816894531,64.76000213623047,62.301368713378906,7422300
2023-06-20,64.27999877929688,64.55000305175781,63.84000015258789,64.33999633789062,61.99782180786133,5617500
2023-06-21,64.06999969482422,64.12000274658203,63.54999923706055,63.70000076293945,61.38111877441406,5208100
2023-06-22,63.5099983215332,64.20999908447266,63.27000045776367,64.19999694824219,61.862918853759766,4281500
2023-06-23,63.65999984741211,64.27999877929688,63.54999923706055,64.05999755859375,61.7280158996582,6838400
2023-06-26,63.959999084472656,64.3499984741211,63.310001373291016,63.41999816894531,61.1113166809082,4905500
2023-06-27,63.47999954223633,64.76000213623047,63.439998626708984,64.48999786376953,62.14236831665039,6508500
2023-06-28,64.30999755859375,64.94000244140625,64.2750015258789,64.77999877929688,62.42181396484375,3975800
2023-06-29,64.5199966430664,64.7699966430664,64.26499938964844,64.43000030517578,62.08454132080078,3652600
2023-06-30,64.91999816894531,65.3270034790039,64.91999816894531,65.08000183105469,62.71089172363281,5248600
2023-07-03,64.87000274658203,65.30999755859375,64.81999969482422,65.30000305175781,62.922882080078125,2809000
2023-07-05,65.12000274658203,66.02999877929688,65.05000305175781,65.80000305175781,63.404685974121094,6774700
2023-07-06,65.31999969482422,65.45500183105469,64.875,65.27999877929688,62.903602600097656,5245600
2023-07-07,65.05000305175781,65.76000213623047,64.97000122070312,65.05000305175781,62.68198013305664,5070500
2023-07-10,65.16999816894531,65.48999786376953,64.5250015258789,64.87999725341797,62.51816940307617,4535300
2023-07-11,64.91000366210938,66.16000366210938,64.80000305175781,66.01000213623047,63.60703659057617,6782400
2023-07-12,66.55999755859375,67.0,66.36000061035156,66.80999755859375,64.3779067993164,6097200
2023-07-13,67.38999938964844,67.91999816894531,67.23999786376953,67.79000091552734,65.32222747802734,5963200
2023-07-14,67.5999984741211,67.83999633789062,67.0260009765625,67.1500015258789,64.70553588867188,6236300
2023-07-17,67.1500015258789,67.33499908447266,66.66000366210938,66.91000366210938,64.47428131103516,4982100
2023-07-18,66.87999725341797,67.4800033569336,66.87000274658203,67.37000274658203,64.91752624511719,5209500
2023-07-19,67.62999725341797,67.98999786376953,67.33999633789062,67.55999755859375,65.10062408447266,6908900
2023-07-20,67.08999633789062,67.4800033569336,66.1050033569336,66.22000122070312,63.80937957763672,8461900
2023-07-21,66.41999816894531,66.5,65.33999633789062,65.55999755859375,63.17341995239258,7016800
2023-07-24,65.8499984741211,66.12000274658203,65.45999908447266,65.68000030517578,63.289066314697266,5837200
2023-07-25,65.8499984741211,66.18000030517578,65.58000183105469,65.88999938964844,63.49140167236328,5463200
2023-07-26,67.0999984741211,67.2300033569336,66.38999938964844,66.91999816894531,64.48392486572266,6260700
2023-07-27,68.88999938964844,69.22000122070312,67.3499984741211,67.4800033569336,65.0235366821289,10384200
2023-07-28,68.1500015258789,69.13999938964844,68.02999877929688,68.80999755859375,66.30511474609375,6244300
2023-07-31,68.75,69.19499969482422,68.5199966430664,68.79000091552734,66.28583526611328,7829500
2023-08-01,68.41999816894531,68.91999816894531,68.31500244140625,68.69999694824219,66.1990966796875,5671800
2023-08-02,68.0199966430664,68.08999633789062,67.19999694824219,67.41000366210938,64.95606994628906,6492400
2023-08-03,67.01000213623047,67.6449966430664,66.91500091552734,67.23999786376953,64.7922592163086,4540500
2023-08-04,67.4800033569336,68.0250015258789,67.01899719238281,67.08999633789062,64.64773559570312,4904800
2023-08-07,67.45999908447266,68.16000366210938,67.38999938964844,68.12999725341797,65.64986419677734,4493400
2023-08-08,67.77999877929688,68.08000183105469,67.46099853515625,67.94000244140625,65.46678924560547,4531800
2023-08-09,68.02999877929688,68.13999938964844,66.97000122070312,67.20999908447266,64.76335144042969,8905900
2023-08-10,67.79000091552734,68.2699966430664,67.23999786376953,67.44000244140625,64.98499298095703,5574700
2023-08-11,66.9800033569336,67.44999694824219,66.80999755859375,67.12000274658203,64.67662048339844,4473700
2023-08-14,66.98999786376953,67.62999725341797,66.8499984741211,67.61000061035156,65.14879608154297,3788800
2023-08-15,67.3499984741211,67.47000122070312,66.86000061035156,67.01000213623047,64.57064056396484,5024700
2023-08-16,66.70999908447266,67.04000091552734,66.20999908447266,66.20999908447266,63.799739837646484,4912600
2023-08-17,66.41000366210938,66.55000305175781,65.44000244140625,65.44999694824219,63.06740951538086,6309800
2023-08-18,64.7300033569336,65.30999755859375,64.44000244140625,65.05999755859375,62.69162368774414,6811000
2023-08-21,65.0199966430664,65.65299987792969,64.86000061035156,65.52999877929688,63.14450454711914,3533500
2023-08-22,65.76000213623047,65.94000244140625,65.43000030517578,65.52999877929688,63.14450454711914,4628500
2023-08-23,65.77999877929688,66.90499877929688,65.7699966430664,66.58999633789062,64.16590881347656,5836600
2023-08-24,66.87000274658203,66.98999786376953,65.30999755859375,65.30999755859375,62.932518005371094,5732200
2023-08-25,65.4000015258789,65.69999694824219,64.31500244140625,65.37999725341797,62.999961853027344,6548200
2023-08-28,65.80000305175781,66.2300033569336,65.62999725341797,66.18000030517578,63.770843505859375,4719100
2023-08-29,66.33000183105469,67.76000213623047,66.30999755859375,67.6500015258789,65.18733215332031,5346300
2023-08-30,67.66000366210938,67.83999633789062,67.30999755859375,67.66000366210938,65.19699096679688,4556800
2023-08-31,67.73999786376953,68.22000122070312,67.67500305175781,67.7300033569336,65.2644271850586,4070400
2023-09-01,67.94999694824219,67.94999694824219,66.9229965209961,67.0999984741211,64.65735626220703,4034600
2023-09-05,67.02999877929688,67.48500061035156,67.02999877929688,67.08999633789062,64.64773559570312,4403700
2023-09-06,67.08999633789062,67.23999786376953,66.50499725341797,66.87999725341797,64.44535064697266,5208200
2023-09-07,66.58999633789062,67.29000091552734,66.2699966430664,66.76000213623047,64.32974243164062,4850300
2023-09-08,66.77999877929688,67.2699966430664,66.77999877929688,66.95999908447266,64.52244567871094,3645200
2023-09-11,67.2699966430664,68.1050033569336,67.2699966430664,67.97000122070312,65.49569702148438,5761100
2023-09-12,67.81999969482422,67.87000274658203,67.19999694824219,67.26000213623047,64.81153869628906,8751200
2023-09-13,67.3499984741211,67.62999725341797,66.97000122070312,67.4800033569336,65.0235366821289,4536000
2023-09-14,67.9000015258789,68.51000213623047,67.56500244140625,68.41999816894531,65.92930603027344,5912400
2023-09-15,68.4000015258789,68.46499633789062,67.37999725341797,67.51000213623047,65.05243682861328,7611000
2023-09-18,67.23999786376953,67.63500213623047,67.21099853515625,67.38999938964844,65.09878540039062,3755400
2023-09-19,67.2300033569336,67.63500213623047,66.87999725341797,67.44000244140625,65.1470947265625,3366200
2023-09-20,67.58000183105469,67.68000030517578,66.5199966430664,66.5199966430664,64.25837707519531,4766100
2023-09-21,65.9800033569336,66.37999725341797,65.69999694824219,65.69999694824219,63.46624755859375,6303400
2023-09-22,66.02999877929688,66.43000030517578,65.62000274658203,65.62000274658203,63.38898468017578,5348500
2023-09-25,65.37000274658203,65.77999877929688,65.13999938964844,65.77999877929688,63.54352951049805,4129700
2023-09-26,65.13999938964844,65.29000091552734,64.86000061035156,65.05000305175781,62.838348388671875,5199600
2023-09-27,65.2699966430664,65.55899810791016,64.30999755859375,65.22000122070312,63.0025749206543,6537600
2023-09-28,65.19999694824219,66.27999877929688,65.19000244140625,65.94000244140625,63.69809341430664,4803100
2023-09-29,66.37999725341797,66.58999633789062,65.37000274658203,65.56999969482422,63.340667724609375,6325900
2023-10-02,65.76000213623047,66.25499725341797,65.55899810791016,66.05999755859375,63.814002990722656,6891000
2023-10-03,65.70999908447266,66.16000366210938,65.03500366210938,65.16999816894531,62.95426940917969,6603800
2023-10-04,65.12000274658203,65.93000030517578,64.93000030517578,65.79000091552734,63.55319595336914,6884900
2023-10-05,65.72000122070312,65.87999725341797,65.04000091552734,65.69999694824219,63.46624755859375,4678000
2023-10-06,65.26000213623047,67.02999877929688,65.16999816894531,66.91000366210938,64.63512420654297,7387200
2023-10-09,66.58000183105469,67.82099914550781,66.45999908447266,67.62999725341797,65.33062744140625,6979700
2023-10-10,67.72000122070312,68.43000030517578,67.6500015258789,68.0199966430664,65.70738220214844,7788400
2023-10-11,68.29000091552734,68.875,68.23999786376953,68.63999938964844,66.30628967285156,7686800
2023-10-12,68.73999786376953,68.77999877929688,67.51000213623047,67.83000183105469,65.52384185791016,6276900
2023-10-13,67.81999969482422,68.12000274658203,66.71099853515625,67.06999969482422,64.7896728515625,8251500
2023-10-16,67.56999969482422,68.25,67.43499755859375,68.1500015258789,65.83296203613281,6463500
2023-10-17,67.7699966430664,68.49500274658203,67.71199798583984,68.38999938964844,66.06480407714844,4743600
2023-10-18,68.05999755859375,68.41300201416016,67.08499908447266,67.20999908447266,64.92491149902344,7334200
2023-10-19,68.23999786376953,68.33999633789062,67.0999984741211,67.13999938964844,64.8572998046875,9381400
2023-10-20,67.22000122070312,67.46900177001953,66.4749984741211,66.5199966430664,64.25837707519531,8249500
2023-10-23,66.45999908447266,67.34500122070312,66.08999633789062,66.87000274658203,64.59648132324219,6415200
2023-10-24,67.54000091552734,68.04499816894531,67.19000244140625,67.66000366210938,65.35962677001953,6181200
2023-10-25,66.1500015258789,66.23999786376953,64.68000030517578,64.7300033569336,62.52924346923828,11531200
2023-10-26,63.83000183105469,64.04000091552734,62.81999969482422,63.31999969482422,61.16717529296875,14266200
2023-10-27,63.380001068115234,63.7400016784668,62.834999084472656,63.09000015258789,60.94499588012695,10356300
2023-10-30,63.63999938964844,64.67500305175781,63.59000015258789,64.38999938964844,62.2007942199707,9146500
2023-10-31,64.58000183105469,64.75,64.1050033569336,64.72000122070312,62.51958084106445,6375400
2023-11-01,64.69999694824219,65.70800018310547,64.62999725341797,65.66999816894531,63.4372673034668,8172400
2023-11-02,66.4800033569336,66.69000244140625,66.125,66.54000091552734,64.2776870727539,7342500
2023-11-03,67.08000183105469,67.77999877929688,67.05999755859375,67.55999755859375,65.26302337646484,7059000
2023-11-06,67.58999633789062,67.73500061035156,67.08999633789062,67.37999725341797,65.0891342163086,4962500
2023-11-07,67.4800033569336,68.0,67.33499908447266,67.73999786376953,65.43690490722656,5996200
2023-11-08,67.5,67.68000030517578,67.18000030517578,67.41999816894531,65.12777709960938,4573700
2023-11-09,67.77999877929688,68.08499908447266,67.2300033569336,67.4000015258789,65.10845184326172,4941200
2023-11-10,67.51000213623047,68.48500061035156,67.2699966430664,68.47000122070312,66.14208221435547,5105500
2023-11-13,68.16000366210938,68.5999984741211,67.96900177001953,68.31999969482422,65.99718475341797,7809400
2023-11-14,69.38999938964844,69.98999786376953,69.30999755859375,69.43000030517578,67.06944274902344,6034400
2023-11-15,69.83999633789062,69.91000366210938,69.40499877929688,69.7699966430664,67.39788055419922,5401800
2023-11-16,69.79499816894531,70.11000061035156,69.45999908447266,70.08000183105469,67.69733428955078,7438400
2023-11-17,69.91000366210938,70.08999633789062,69.66000366210938,70.06999969482422,67.68768310546875,3914300
2023-11-20,69.88999938964844,70.93499755859375,69.80999755859375,70.86000061035156,68.45081329345703,5727700
2023-11-21,70.70999908447266,70.80899810791016,70.4000015258789,70.62000274658203,68.21897888183594,3902200
2023-11-22,70.9800033569336,71.49500274658203,70.97000122070312,71.19999694824219,68.77925872802734,4188500
2023-11-24,71.11000061035156,71.2300033569336,70.76499938964844,70.95999908447266,68.54741668701172,2416400
2023-11-27,70.61000061035156,70.9800033569336,70.4800033569336,70.5199966430664,68.12237548828125,3909800
2023-11-28,70.37000274658203,70.72000122070312,70.16000366210938,70.69000244140625,68.28660583496094,4779600
2023-11-29,70.88999938964844,70.95999908447266,70.02999877929688,70.18000030517578,67.79393768310547,4089000
2023-11-30,70.18000030517578,70.37999725341797,69.18000030517578,69.7699966430664,67.39788055419922,7202700
2023-12-01,69.6500015258789,69.95700073242188,69.20999908447266,69.91000366210938,67.53313446044922,7708500
2023-12-04,69.0,69.30000305175781,68.75,69.20999908447266,66.85694122314453,6609500
2023-12-05,69.04000091552734,69.48500061035156,68.51000213623047,68.88999938964844,66.54779815673828,5984500
2023-12-06,69.30000305175781,69.37000274658203,68.62999725341797,68.70999908447266,66.37391662597656,4552500
2023-12-07,69.38999938964844,70.51499938964844,69.37000274658203,70.1500015258789,67.76496124267578,6122600
2023-12-08,69.55999755859375,70.66000366210938,69.55999755859375,70.4800033569336,68.083740234375,5282500
2023-12-11,70.19000244140625,70.2300033569336,69.63999938964844,69.94000244140625,67.56210327148438,6300500
2023-12-12,69.86000061035156,70.2300033569336,69.56999969482422,70.2300033569336,67.84223175048828,7862100
2023-12-13,70.29000091552734,71.04499816894531,70.05999755859375,70.88999938964844,68.47980499267578,7708400
2023-12-14,71.12000274658203,71.53500366210938,70.58499908447266,71.19999694824219,68.77925872802734,6461000
2023-12-15,70.88999938964844,71.37000274658203,70.7300033569336,71.0199966430664,68.60537719726562,7243200
2023-12-18,71.0,72.05000305175781,71.0,71.72000122070312,69.45175170898438,6993300
2023-12-19,71.8499984741211,72.55500030517578,71.8499984741211,72.44999694824219,70.15864562988281,4835800
2023-12-20,72.51000213623047,73.26499938964844,71.87999725341797,71.88999938964844,69.61636352539062,6523400
2023-12-21,72.47000122070312,72.66000366210938,71.98999786376953,72.5999984741211,70.30390167236328,4867100
2023-12-22,72.75,73.09500122070312,72.2699966430664,72.61000061035156,70.3135986328125,4763900
2023-12-26,72.72000122070312,72.9800033569336,72.56999969482422,72.88999938964844,70.58473205566406,2461800
2023-12-27,72.9000015258789,73.02999877929688,72.63500213623047,72.9000015258789,70.59442138671875,4508600
2023-12-28,72.98999786376953,73.35800170898438,72.98999786376953,73.0999984741211,70.78807830810547,5465800
2023-12-29,72.94999694824219,73.05000305175781,72.37000274658203,72.66000366210938,70.36201477050781,4744400
2024-01-02,72.30999755859375,72.41999816894531,71.66500091552734,72.25,69.96497344970703,6003800
2024-01-03,72.06999969482422,72.5199966430664,71.87999725341797,71.9800033569336,69.70352172851562,7592700
2024-01-04,72.08999633789062,72.18000030517578,71.73999786376953,71.73999786376953,69.47110748291016,6665400
2024-01-05,71.80000305175781,72.44999694824219,71.73999786376953,72.04000091552734,69.76160430908203,5277300
2024-01-08,72.27999877929688,73.18499755859375,72.08999633789062,73.16000366210938,70.84619140625,4658200
2024-01-09,72.80999755859375,73.26000213623047,72.66999816894531,73.01000213623047,70.70093536376953,3533000
2024-01-10,73.16000366210938,73.97699737548828,73.05000305175781,73.69000244140625,71.35943603515625,7234900
2024-01-11,74.0,74.01000213623047,72.80999755859375,73.44999694824219,71.12702178955078,6962800
2024-01-12,73.75,74.11000061035156,73.6500015258789,73.80999755859375,71.47563934326172,3862400
2024-01-16,73.5,73.73999786376953,73.13500213623047,73.38999938964844,71.06891632080078,6365600
2024-01-17,72.94999694824219,73.0199966430664,72.31999969482422,72.94000244140625,70.63314819335938,6561800
2024-01-18,73.06999969482422,73.87999725341797,73.06999969482422,73.83000183105469,71.4950180053711,6420400
2024-01-19,74.19999694824219,74.875,73.91000366210938,74.83000183105469,72.46337127685547,6446700
2024-01-22,75.20999908447266,75.66000366210938,74.94000244140625,74.9800033569336,72.60863494873047,5694400
2024-01-23,75.54000091552734,75.75900268554688,75.3550033569336,75.72000122070312,73.32522583007812,4663500
2024-01-24,76.48999786376953,76.91999816894531,76.1240005493164,76.19000244140625,73.7803726196289,6991100
2024-01-25,76.54000091552734,77.43000030517578,76.30999755859375,77.43000030517578,74.98114776611328,6161800
2024-01-26,77.31999969482422,77.98500061035156,77.30000305175781,77.68000030517578,75.22323608398438,4718200
2024-01-29,77.63999938964844,78.38999938964844,77.37200164794922,78.33000183105469,75.8526840209961,4065400
2024-01-30,78.13999938964844,78.36000061035156,77.76000213623047,77.80000305175781,75.3394546508789,4596900
2024-01-31,76.33999633789062,76.94999694824219,75.83999633789062,75.87999725341797,73.48016357421875,9336400
2024-02-01,76.56999969482422,76.9800033569336,76.32499694824219,76.66000366210938,74.23551177978516,6907200
2024-02-02,79.06999969482422,80.21499633789062,78.30000305175781,79.73999786376953,77.21809387207031,11971800
2024-02-05,79.29000091552734,79.58000183105469,78.58999633789062,78.62000274658203,76.1335220336914,7886300
2024-02-06,79.02999877929688,79.22000122070312,78.23500061035156,78.37999725341797,75.90108489990234,6738300
2024-02-07,78.75,79.04000091552734,78.59300231933594,78.77999877929688,76.2884521484375,5980100
2024-02-08,79.29000091552734,79.30000305175781,78.76000213623047,79.08000183105469,76.5789566040039,4267600
2024-02-09,79.16000366210938,79.41500091552734,78.86100006103516,79.16999816894531,76.6661148071289,7624600
2024-02-12,79.12000274658203,80.19000244140625,79.08000183105469,79.41999816894531,76.908203125,4285300
2024-02-13,78.19000244140625,78.73999786376953,77.91999816894531,78.30000305175781,75.82363891601562,8023900
2024-02-14,79.08000183105469,79.56999969482422,78.62999725341797,79.55000305175781,77.03411102294922,7344700
2024-02-15,79.31999969482422,80.41999816894531,79.16999816894531,80.19999694824219,77.66354370117188,6672500
2024-02-16,79.76000213623047,79.83999633789062,78.86000061035156,78.94999694824219,76.45307159423828,7036600
2024-02-20,78.52999877929688,79.08999633789062,78.48999786376953,78.83000183105469,76.33688354492188,8030600
2024-02-21,78.58000183105469,78.79000091552734,78.23500061035156,78.73999786376953,76.24971771240234,6142700
2024-02-22,79.66000366210938,80.15599822998047,79.1500015258789,79.91999816894531,77.39240264892578,7108600
2024-02-23,79.8499984741211,80.23500061035156,79.56500244140625,79.72000122070312,77.19871520996094,7327500
2024-02-26,79.4000015258789,79.5,78.52999877929688,78.55999755859375,76.07540893554688,7872600
2024-02-27,78.61000061035156,79.20999908447266,78.5,79.19999694824219,76.6951675415039,4502500
2024-02-28,78.7699966430664,78.95999908447266,78.4800033569336,78.66000366210938,76.17225646972656,3774600
2024-02-29,79.16999816894531,79.61000061035156,78.66000366210938,79.36000061035156,76.85011291503906,6774300
2024-03-01,79.41999816894531,80.29499816894531,79.41500091552734,80.0199966430664,77.48922729492188,5829000
2024-03-04,79.83999633789062,79.88999938964844,78.86499786376953,78.97000122070312,76.47245025634766,7165800
2024-03-05,78.44000244140625,78.69000244140625,78.06999969482422,78.33000183105469,75.8526840209961,7602700
2024-03-06,78.95999908447266,79.06999969482422,78.18499755859375,78.44000244140625,75.9592056274414,6833300
2024-03-07,79.05000305175781,79.93000030517578,78.87999725341797,79.70999908447266,77.18902587890625,6460500
2024-03-08,79.83000183105469,80.73500061035156,79.19000244140625,79.58999633789062,77.07283020019531,8710000
2024-03-11,79.29000091552734,79.80999755859375,78.82499694824219,79.44000244140625,76.92758178710938,6934200
2024-03-12,79.83000183105469,80.41999816894531,79.4000015258789,80.13999938964844,77.6054458618164,7405100
2024-03-13,80.11000061035156,80.66999816894531,80.06999969482422,80.27999877929688,77.74101257324219,5496500
2024-03-14,80.54000091552734,80.5999984741211,79.62999725341797,80.08999633789062,77.55702209472656,7210300
2024-03-15,79.75,80.13999938964844,79.12999725341797,79.29000091552734,76.7823257446289,8166300
2024-03-18,80.55999755859375,81.00900268554688,80.44999694824219,80.69999694824219,78.35921478271484,5360600
2024-03-19,80.38999938964844,80.73999786376953,79.97000122070312,80.66999816894531,78.330078125,4777100
2024-03-20,80.80999755859375,81.77999877929688,80.55000305175781,81.62000274658203,79.25253295898438,4432700
2024-03-21,82.25,82.25,81.58999633789062,81.6500015258789,79.28165435791016,5377200
2024-03-22,81.86000061035156,82.16000366210938,81.66999816894531,81.81999969482422,79.44672393798828,3214200
2024-03-25,81.58999633789062,81.63999938964844,81.11000061035156,81.54000091552734,79.17485046386719,3732500
2024-03-26,81.69000244140625,82.01499938964844,81.2699966430664,81.37000274658203,79.00978088378906,5441600
2024-03-27,81.75,81.86000061035156,81.12999725341797,81.79000091552734,79.41759490966797,4177800
2024-03-28,81.7699966430664,81.9000015258789,81.51000213623047,81.66000366210938,79.29139709472656,5294700
2024-04-01,81.55000305175781,82.31999969482422,81.36000061035156,82.29000091552734,79.90309143066406,5290700
2024-04-02,81.58000183105469,82.22000122070312,81.4000015258789,82.16000366210938,79.77687072753906,5271200
2024-04-03,82.0999984741211,82.87999725341797,82.02999877929688,82.80999755859375,80.40802001953125,5158900
2024-04-04,83.19000244140625,83.58499908447266,81.66000366210938,81.69000244140625,79.32049560546875,8000500
2024-04-05,81.8499984741211,82.91000366210938,81.69000244140625,82.5199966430664,80.12642669677734,6619400
2024-04-08,82.65499877929688,82.9800033569336,82.44999694824219,82.52999877929688,80.13613891601562,3503100
2024-04-09,82.73999786376953,83.19000244140625,82.12000274658203,82.62000274658203,80.22354125976562,4733100
2024-04-10,81.83499908447266,82.12000274658203,81.58000183105469,81.97000122070312,79.59239196777344,6845300
2024-04-11,82.30000305175781,82.93499755859375,81.80000305175781,82.69000244140625,80.29149627685547,4072900
2024-04-12,82.1500015258789,82.31999969482422,81.19999694824219,81.33000183105469,78.97093963623047,5997200
2024-04-15,81.98999786376953,82.08999633789062,80.08999633789062,80.30000305175781,77.97081756591797,6494700
2024-04-16,80.06999969482422,80.4800033569336,79.82499694824219,80.02999877929688,77.7086410522461,7501000
2024-04-17,80.58000183105469,80.63999938964844,79.5199966430664,79.95999908447266,77.64068603515625,4862200
2024-04-18,80.23999786376953,81.01000213623047,80.12999725341797,80.3499984741211,78.01936340332031,4539400
2024-04-19,80.16999816894531,80.19999694824219,78.88999938964844,79.47000122070312,77.1648941040039,6854700
2024-04-22,80.0199966430664,80.22000122070312,78.94999694824219,79.58000183105469,77.27171325683594,5458300
2024-04-23,80.06999969482422,81.07499694824219,79.9800033569336,80.79000091552734,78.4466323852539,5068000
2024-04-24,81.05000305175781,81.2300033569336,80.12000274658203,80.83999633789062,78.49516296386719,6196600
2024-04-25,76.63999938964844,78.23999786376953,76.4800033569336,77.95999908447266,75.6987075805664,14354200
2024-04-26,79.87999725341797,80.29499816894531,79.38999938964844,80.11000061035156,77.78633880615234,13015600
2024-04-29,79.7699966430664,79.8499984741211,78.8499984741211,79.18000030517578,76.88330841064453,5357800
2024-04-30,78.9000015258789,79.05000305175781,77.86000061035156,77.86000061035156,75.60160827636719,7333500
2024-05-01,77.97000122070312,79.81999969482422,77.91000366210938,78.58000183105469,76.30071258544922,9300500
2024-05-02,78.94999694824219,79.48999786376953,78.37000274658203,79.37000274658203,77.06779479980469,6956800
2024-05-03,79.95999908447266,80.37999725341797,79.55000305175781,80.20999908447266,77.88343811035156,4813300
2024-05-06,80.58999633789062,81.30000305175781,80.37999725341797,81.30000305175781,78.94181060791016,4714000
2024-05-07,81.20999908447266,81.62000274658203,81.13999938964844,81.38999938964844,79.0291976928711,3453300
2024-05-08,80.5999984741211,81.69200134277344,80.58999633789062,81.26000213623047,78.9029769897461,2941300
2024-05-09,81.1500015258789,81.66999816894531,81.04000091552734,81.66999816894531,79.30108642578125,3995900
2024-05-10,81.5,81.86000061035156,81.25499725341797,81.79000091552734,79.41759490966797,3563900
2024-05-13,81.30000305175781,81.68000030517578,81.09500122070312,81.63999938964844,79.27194213867188,2715500
2024-05-14,81.75,82.0999984741211,81.61499786376953,82.01000213623047,79.6312255859375,2730100
2024-05-15,82.47000122070312,82.5999984741211,81.95999908447266,82.52999877929688,80.13613891601562,3487700
2024-05-16,82.3499984741211,82.68599700927734,82.26000213623047,82.47000122070312,80.07787322998047,3136600
2024-05-17,82.47000122070312,82.62999725341797,82.26000213623047,82.61000061035156,80.21381378173828,2714100
2024-05-20,82.48999786376953,82.94499969482422,82.43000030517578,82.8499984741211,80.44685363769531,2157300
2024-05-21,82.70999908447266,82.94000244140625,82.48999786376953,82.73999786376953,80.34004974365234,2317200
2024-05-22,82.5999984741211,82.97000122070312,82.52999877929688,82.83999633789062,80.43714904785156,2602600
2024-05-23,83.0,83.1500015258789,81.54100036621094,81.9000015258789,79.52442169189453,3534100
2024-05-24,82.27999877929688,83.02999877929688,82.16999816894531,82.94999694824219,80.5439453125,2028000
2024-05-28,82.70999908447266,83.1500015258789,82.62999725341797,83.08999633789062,80.67989349365234,2786100
2024-05-29,82.51000213623047,83.01000213623047,82.48999786376953,82.6500015258789,80.25265502929688,2768800
2024-05-30,82.55000305175781,82.55000305175781,82.04000091552734,82.37999725341797,79.9905014038086,2942200
2024-05-31,82.26000213623047,83.30000305175781,81.80500030517578,83.26000213623047,80.84496307373047,3600000
2024-06-03,83.5,83.91999816894531,82.87999725341797,83.58999633789062,81.16537475585938,5947600
2024-06-04,83.44999694824219,84.0,83.23999786376953,83.91000366210938,81.47610473632812,2879000
2024-06-05,84.44000244140625,84.95999908447266,84.31999969482422,84.93000030517578,82.46650695800781,4160500
2024-06-06,84.87000274658203,85.55000305175781,84.8499984741211,84.9800033569336,82.51509857177734,3184500
2024-06-07,84.97000122070312,85.2750015258789,84.3239974975586,84.4000015258789,81.95188903808594,3463000
2024-06-10,84.33000183105469,84.69999694824219,84.00499725341797,84.61000061035156,82.15579986572266,3442900
2024-06-11,84.45999908447266,84.83999633789062,84.19999694824219,84.7699966430664,82.31117248535156,5804300
2024-06-12,85.3499984741211,85.62999725341797,84.06999969482422,84.58999633789062,82.13638305664062,4248000
2024-06-13,84.1500015258789,84.22000122070312,83.69999694824219,83.86000061035156,81.42755889892578,3595500
2024-06-14,83.47000122070312,84.16000366210938,83.47000122070312,84.12999725341797,81.68972778320312,2402800
2024-06-17,83.80999755859375,84.78800201416016,83.40499877929688,84.52999877929688,82.078125,3420600
2024-06-18,84.38999938964844,84.68000030517578,83.80999755859375,84.02999877929688,81.5926284790039,3004500
2024-06-20,84.0199966430664,84.44499969482422,83.87000274658203,84.38999938964844,81.94218444824219,3650900
2024-06-21,84.73999786376953,85.08499908447266,84.44999694824219,84.94000244140625,82.47623443603516,3724700
2024-06-24,85.0,85.5199966430664,84.81500244140625,85.0,82.75271606445312,3724900
2024-06-25,84.98999786376953,85.98999786376953,84.88999938964844,85.94999694824219,83.67760467529297,3225400
2024-06-26,85.4800033569336,86.05999755859375,85.4000015258789,85.95999908447266,83.68734741210938,2746500
2024-06-27,86.08999633789062,86.55000305175781,86.02999877929688,86.44999694824219,84.16439819335938,2988500
2024-06-28,86.41000366210938,87.0199966430664,85.62999725341797,85.66000366210938,83.39527893066406,4025100
2024-07-01,85.79000091552734,85.93000030517578,84.8949966430664,85.30000305175781,83.04479217529297,3213100
2024-07-02,85.08999633789062,86.05999755859375,85.04000091552734,86.05999755859375,83.78469848632812,2934400
2024-07-03,85.94000244140625,86.25499725341797,85.87999725341797,86.08999633789062,83.81390380859375,2081200
2024-07-05,86.06999969482422,87.8499984741211,86.06999969482422,87.76000213623047,85.43976593017578,3344400
2024-07-08,87.80000305175781,87.81999969482422,86.83999633789062,86.97000122070312,84.6706314086914,3043300
2024-07-09,87.38999938964844,87.52200317382812,87.11000061035156,87.23999786376953,84.93348693847656,2347500
2024-07-10,87.30000305175781,87.93499755859375,87.20999908447266,87.79000091552734,85.46895599365234,5169400
2024-07-11,87.5999984741211,87.86000061035156,86.33999633789062,86.58999633789062,84.30068969726562,3949100
2024-07-12,86.13999938964844,86.94000244140625,86.05000305175781,86.30999755859375,84.028076171875,3443500
2024-07-15,86.27999877929688,87.30000305175781,86.23999786376953,86.62000274658203,84.32989501953125,3543000
2024-07-16,86.93000030517578,87.37999725341797,86.45999908447266,86.8499984741211,84.5538101196289,3843000
2024-07-17,86.0199966430664,86.16999816894531,85.33000183105469,85.54000091552734,83.27845001220703,5222000
2024-07-18,86.22000122070312,86.29000091552734,85.29000091552734,85.48999786376953,83.2297592163086,4524600
2024-07-19,85.77999877929688,85.97000122070312,85.02999877929688,85.11000061035156,82.85981750488281,3402800
2024-07-22,85.48999786376953,85.69000244140625,84.97000122070312,85.47000122070312,83.21029663085938,4204700
2024-07-23,85.33999633789062,85.80000305175781,84.94499969482422,85.3499984741211,83.09346771240234,4242400
2024-07-24,83.94000244140625,84.0999984741211,83.05000305175781,83.12000274658203,80.92243957519531,7701200
2024-07-25,83.31999969482422,83.79000091552734,82.13999938964844,82.16000366210938,79.98780822753906,7788500
2024-07-26,83.27999877929688,84.00499725341797,82.94000244140625,83.69999694824219,81.48709106445312,6660500
2024-07-29,84.0999984741211,84.83999633789062,83.86000061035156,84.44000244140625,82.2075424194336,4184300
2024-07-30,84.58999633789062,85.05000305175781,84.07499694824219,84.77999877929688,82.53854370117188,5373800
2024-07-31,85.55999755859375,86.19000244140625,85.36000061035156,85.79000091552734,83.52183532714844,4545600
2024-08-01,87.55999755859375,87.91999816894531,85.55999755859375,86.13999938964844,83.86258697509766,7523000
2024-08-02,85.36000061035156,85.94999694824219,84.26000213623047,84.73999786376953,82.49960327148438,9145600
2024-08-05,81.45999908447266,83.4800033569336,81.1500015258789,82.30999755859375,80.13382720947266,10799500
2024-08-06,82.48999786376953,84.26000213623047,82.41000366210938,83.27999877929688,81.07819366455078,9076800
2024-08-07,84.16999816894531,84.79000091552734,82.75,82.83999633789062,80.64982604980469,8590900
2024-08-08,83.20999908447266,84.55999755859375,83.12999725341797,84.48999786376953,82.2562026977539,7612000
2024-08-09,84.19999694824219,85.30000305175781,84.02999877929688,85.20999908447266,82.9571762084961,4385800
2024-08-12,85.30999755859375,85.30999755859375,84.43000030517578,84.62000274658203,82.38276672363281,3131900
2024-08-13,85.08999633789062,85.83499908447266,84.95999908447266,85.72000122070312,83.45369720458984,4184100
2024-08-14,85.4800033569336,85.70999908447266,84.86000061035156,85.2300033569336,82.97664642333984,4069000
2024-08-15,85.69999694824219,86.08999633789062,85.45999908447266,86.0,83.72628021240234,3665400
2024-08-16,85.98999786376953,86.51000213623047,85.9000015258789,86.26000213623047,83.97941589355469,3929000
2024-08-19,86.48999786376953,87.2699966430664,86.48999786376953,87.23999786376953,84.93348693847656,2807400
2024-08-20,87.11000061035156,87.51000213623047,87.01499938964844,87.18000030517578,84.87507629394531,3355800
2024-08-21,87.23999786376953,87.70999908447266,87.02999877929688,87.55000305175781,85.23530578613281,3298900
2024-08-22,87.88999938964844,88.0,86.62999725341797,86.88999938964844,84.59274291992188,2984400
2024-08-23,87.43000030517578,87.8499984741211,86.86000061035156,87.5,85.18663024902344,3009000
2024-08-26,87.6500015258789,87.94999694824219,87.3499984741211,87.69999694824219,85.38134765625,2976700
2024-08-27,87.45999908447266,88.0199966430664,87.33000183105469,87.5,85.18663024902344,2554100
2024-08-28,87.45999908447266,87.56999969482422,86.48999786376953,86.91999816894531,84.62196350097656,3182900
2024-08-29,87.41999816894531,87.80999755859375,86.54000091552734,86.73999786376953,84.44673156738281,3240300
2024-08-30,87.16000366210938,87.38999938964844,86.44000244140625,87.31999969482422,85.01139068603516,3072400
2024-09-03,86.95999908447266,87.2300033569336,85.31500244140625,85.72000122070312,83.45369720458984,5599400
2024-09-04,85.47000122070312,86.5,85.24500274658203,85.30999755859375,83.05452728271484,5200200
2024-09-05,85.23999786376953,85.9800033569336,85.11000061035156,85.55999755859375,83.29792022705078,3562800
2024-09-06,85.69999694824219,86.12000274658203,83.68000030517578,83.7699966430664,81.55524444580078,4422300
2024-09-09,84.22000122070312,84.66999816894531,83.69499969482422,84.12999725341797,81.90572357177734,4120300
2024-09-10,84.44999694824219,84.69999694824219,83.5199966430664,84.11000061035156,81.8862533569336,3924200
2024-09-11,84.19000244140625,84.61000061035156,82.6500015258789,84.45999908447266,82.22698974609375,5549300
2024-09-12,84.95999908447266,86.06999969482422,84.95999908447266,86.04000091552734,83.76522827148438,4689000
2024-09-13,85.91999816894531,87.06500244140625,85.91999816894531,86.87000274658203,84.57328796386719,3026500
2024-09-16,87.13999938964844,87.83000183105469,86.77999877929688,87.77999877929688,85.45922088623047,3275300
2024-09-17,88.06999969482422,88.62999725341797,87.33000183105469,87.77999877929688,85.45922088623047,4079400
2024-09-18,87.94000244140625,88.5999984741211,87.56999969482422,87.70999908447266,85.39106750488281,5009700
2024-09-19,89.23999786376953,89.54000091552734,88.68000030517578,88.9000015258789,86.54960632324219,4036400
2024-09-20,89.02999877929688,89.12000274658203,88.43000030517578,88.9000015258789,86.54960632324219,5857700
2024-09-23,89.05999755859375,89.16999816894531,88.5999984741211,88.83000183105469,86.74393463134766,3361400
2024-09-24,88.94999694824219,89.28500366210938,88.33000183105469,89.25,87.1540756225586,2735700
2024-09-25,89.19000244140625,89.58000183105469,88.93000030517578,88.97000122070312,86.88064575195312,2692100
2024-09-26,89.66999816894531,89.88999938964844,89.01499938964844,89.47000122070312,87.36891174316406,2245700
2024-09-27,89.73999786376953,90.3499984741211,89.6520004272461,90.01000213623047,87.89622497558594,2532000
2024-09-30,90.0,90.49500274658203,89.6449966430664,90.4000015258789,88.2770767211914,3269700
2024-10-01,90.72000122070312,90.9800033569336,89.62000274658203,90.47000122070312,88.34542846679688,4859400
2024-10-02,90.13999938964844,90.44999694824219,89.9800033569336,90.19000244140625,88.07201385498047,5005700
2024-10-03,89.69000244140625,90.08999633789062,89.41000366210938,89.87999725341797,87.76927185058594,5052600
2024-10-04,90.44000244140625,90.9749984741211,89.9000015258789,90.87999725341797,88.74579620361328,3345600
2024-10-07,90.8499984741211,90.94999694824219,89.5199966430664,89.66000366210938,87.55445098876953,2473800
2024-10-08,89.97000122070312,90.54499816894531,89.72000122070312,90.44999694824219,88.32589721679688,3753200
2024-10-09,90.43000030517578,90.55000305175781,89.68000030517578,90.4800033569336,88.35519409179688,2390400
2024-10-10,90.12000274658203,90.5,89.77999877929688,89.80999755859375,87.700927734375,3136400
2024-10-11,90.02999877929688,90.66000366210938,89.87000274658203,90.43000030517578,88.30636596679688,1861400
2024-10-14,90.66999816894531,91.13500213623047,90.54000091552734,90.8499984741211,88.71649932861328,3436000
2024-10-15,91.05000305175781,91.44499969482422,90.76499938964844,91.05000305175781,88.91180419921875,3436500
2024-10-16,90.63999938964844,91.11000061035156,90.55000305175781,90.98999786376953,88.85321044921875,3198700
2024-10-17,91.38999938964844,91.41000366210938,90.4000015258789,90.55999755859375,88.43330383300781,2237600
2024-10-18,91.13999938964844,91.4800033569336,91.05000305175781,91.2300033569336,89.08757781982422,2665500
2024-10-21,91.19000244140625,91.26000213623047,90.36000061035156,90.87000274658203,88.73604583740234,2920800
2024-10-22,90.45999908447266,91.12999725341797,90.27999877929688,91.0,88.86298370361328,3423200
2024-10-23,90.79000091552734,91.12000274658203,89.9749984741211,90.30999755859375,88.1891860961914,3015500
2024-10-24,90.55999755859375,90.70500183105469,90.05999755859375,90.62000274658203,88.49190521240234,2044700
2024-10-25,91.1500015258789,91.80500030517578,90.76000213623047,90.8499984741211,88.71649932861328,2943700
2024-10-28,91.72000122070312,91.7699966430664,91.08999633789062,91.43000030517578,89.28287506103516,2079700
2024-10-29,91.43000030517578,92.4000015258789,91.21499633789062,92.29000091552734,90.12268829345703,3839600
2024-10-30,93.58000183105469,93.91999816894531,92.74500274658203,92.8499984741211,90.66952514648438,4871800
2024-10-31,92.88999938964844,93.41999816894531,92.01000213623047,92.04000091552734,89.87857055664062,4840000
2024-11-01,92.37999725341797,92.98500061035156,92.20999908447266,92.4000015258789,90.2301025390625,5714000
2024-11-04,92.66000366210938,92.69000244140625,91.62999725341797,92.08999633789062,89.92737579345703,3003700
2024-11-05,92.45999908447266,93.20999908447266,92.37999725341797,93.11000061035156,90.92343139648438,3090100
2024-11-06,94.48999786376953,95.5,94.3499984741211,95.4000015258789,93.15965270996094,5477400
2024-11-07,95.83000183105469,96.84500122070312,95.7699966430664,96.6500015258789,94.38030242919922,5268000
2024-11-08,96.62999725341797,96.62999725341797,95.87999725341797,96.18000030517578,93.92133331298828,3219700
2024-11-11,96.19999694824219,96.80000305175781,96.17500305175781,96.72000122070312,94.44865417480469,2625100
2024-11-12,96.79000091552734,97.23999786376953,96.38999938964844,97.16000366210938,94.8783187866211,3260600
2024-11-13,97.16999816894531,97.5999984741211,96.5999984741211,97.19999694824219,94.9173812866211,2937100
2024-11-14,97.31999969482422,97.62000274658203,96.73999786376953,97.08999633789062,94.80997467041016,3170300
2024-11-15,96.5999984741211,96.79000091552734,94.83499908447266,95.1500015258789,92.91551971435547,3526400
2024-11-18,95.37999725341797,96.30000305175781,95.22000122070312,96.08999633789062,93.83344268798828,3880700
2024-11-19,95.26000213623047,96.81500244140625,95.22000122070312,96.72000122070312,94.44865417480469,3186700
2024-11-20,96.87999725341797,97.3550033569336,96.11000061035156,97.33999633789062,95.0540771484375,3069500
2024-11-21,97.29000091552734,97.33999633789062,95.76000213623047,97.08999633789062,94.80997467041016,3833900
2024-11-22,96.73999786376953,97.2300033569336,96.48999786376953,96.87999725341797,94.60489654541016,3266100
2024-11-25,97.37000274658203,98.0,96.87000274658203,97.37999725341797,95.0931625366211,4387200
2024-11-26,97.41999816894531,98.04000091552734,97.41999816894531,97.73999786376953,95.44470977783203,2513400
2024-11-27,97.94999694824219,98.15499877929688,97.55500030517578,97.87000274658203,95.5716552734375,2413700
2024-11-29,97.83999633789062,98.53600311279297,97.73500061035156,98.4000015258789,96.0892105102539,1960500
2024-12-02,98.47000122070312,99.29000091552734,98.31999969482422,99.20999908447266,96.88018035888672,4975900
2024-12-03,99.29000091552734,100.05999755859375,99.16000366210938,100.01000213623047,97.6613998413086,3077300
2024-12-04,99.9800033569336,100.3499984741211,99.81500244140625,100.23999786376953,97.885986328125,2550200
2024-12-05,100.51000213623047,100.58000183105469,99.91500091552734,100.01000213623047,97.6613998413086,2493900
2024-12-06,100.0,101.125,99.94000244140625,100.93000030517578,98.55978393554688,4364500
2024-12-09,100.83999633789062,100.9800033569336,98.72000122070312,98.77999877929688,96.46027374267578,5040300
2024-12-10,99.7699966430664,100.60900115966797,99.56999969482422,100.33000183105469,97.973876953125,5125300
2024-12-11,100.55999755859375,102.13999938964844,100.55999755859375,101.97000122070312,99.57537078857422,4015700
2024-12-12,102.1500015258789,102.66999816894531,101.9800033569336,102.16000366210938,99.76091003417969,2885400
2024-12-13,101.62000274658203,101.87999725341797,100.875,100.94000244140625,98.5695571899414,3371500
2024-12-16,101.61000061035156,102.04000091552734,101.22000122070312,101.33000183105469,98.95040130615234,4222700
2024-12-17,101.18000030517578,101.66999816894531,100.48500061035156,100.56999969482422,98.208251953125,4707900
2024-12-18,100.54000091552734,101.0,97.62999725341797,97.69999694824219,95.4056396484375,6406000
2024-12-19,98.86000061035156,99.0199966430664,97.38999938964844,97.43000030517578,95.14198303222656,5026100
2024-12-20,96.7300033569336,99.04499816894531,96.69999694824219,97.95999908447266,95.65953063964844,6285600
2024-12-23,97.93000030517578,98.33000183105469,97.13999938964844,98.23999786376953,96.1823501586914,3768900
2024-12-24,98.36000061035156,99.16999816894531,98.0,99.16999816894531,97.09288024902344,1626800
2024-12-26,98.7699966430664,99.18499755859375,98.51000213623047,99.04000091552734,96.96560668945312,3512400
2024-12-27,98.51000213623047,98.62999725341797,97.2699966430664,98.16000366210938,96.1040267944336,4100400
2024-12-30,97.0199966430664,97.68000030517578,96.33100128173828,97.12999725341797,95.09559631347656,3211100
2024-12-31,97.23999786376953,97.61000061035156,96.58999633789062,96.80999755859375,94.78230285644531,3616300
2025-01-02,97.31999969482422,98.01000213623047,96.45999908447266,97.27999877929688,95.2424545288086,6900500
2025-01-03,97.83000183105469,98.25,97.19999694824219,97.87999725341797,95.82988739013672,5454100
2025-01-06,98.36000061035156,99.18499755859375,98.26000213623047,98.94000244140625,96.86769104003906,5325300
2025-01-07,98.88999938964844,99.29000091552734,97.45999908447266,97.83999633789062,95.79072570800781,5058400
2025-01-08,97.37000274658203,97.5999984741211,96.58000183105469,97.26000213623047,95.22286987304688,4631600
2025-01-10,96.73999786376953,96.93000030517578,95.16000366210938,95.80999755859375,93.8032455444336,4797400
2025-01-13,95.16999816894531,95.9000015258789,94.91999816894531,95.8499984741211,93.84242248535156,6992500
2025-01-14,95.94000244140625,96.06999969482422,94.98999786376953,95.52999877929688,93.52911376953125,4194700
2025-01-15,96.91999816894531,97.4800033569336,96.70999908447266,97.0999984741211,95.06623077392578,4115700
2025-01-16,96.94000244140625,97.22000122070312,96.51499938964844,96.55000305175781,94.52775573730469,2943600
2025-01-17,97.80000305175781,97.86000061035156,96.88999938964844,97.38999938964844,95.35014343261719,3109100
2025-01-21,98.06999969482422,98.71499633789062,97.97000122070312,98.2699966430664,96.21172332763672,4817400
2025-01-22,99.5,99.80999755859375,99.0999984741211,99.25,97.17120361328125,5382400
2025-01-23,98.62999725341797,99.51000213623047,98.44499969482422,99.51000213623047,97.42576599121094,3721300
2025-01-24,99.69000244140625,100.44999694824219,99.61000061035156,100.41000366210938,98.30690002441406,3386700
2025-01-27,98.9800033569336,101.23999786376953,98.79000091552734,100.93000030517578,98.81600952148438,9407500
2025-01-28,101.01000213623047,101.78700256347656,100.62999725341797,101.41999816894531,99.29574584960938,5445400
2025-01-29,102.05000305175781,102.2699966430664,101.58999633789062,101.87000274658203,99.736328125,4797400
2025-01-30,102.38999938964844,103.12999725341797,101.26000213623047,101.97000122070312,99.834228515625,5112700
2025-01-31,102.72000122070312,103.50499725341797,102.12999725341797,102.37999725341797,100.23563385009766,9101800
2025-02-03,101.12000274658203,103.06500244140625,101.11000061035156,102.5999984741211,100.45103454589844,7196700
2025-02-04,103.06999969482422,103.68099975585938,102.7699966430664,103.5199966430664,101.35176849365234,5543600
2025-02-05,102.2699966430664,102.54000091552734,101.55500030517578,102.5199966430664,100.3727035522461,6058900
2025-02-06,102.61000061035156,103.01000213623047,102.26000213623047,102.95999908447266,100.8034896850586,2892000
2025-02-07,103.5,103.83999633789062,102.5999984741211,102.73999786376953,100.58809661865234,3142800
2025-02-10,103.62000274658203,103.62999725341797,102.80000305175781,103.19999694824219,101.03845977783203,3042100
2025-02-11,102.66000366210938,103.5,102.58999633789062,103.37000274658203,101.20490264892578,2564500
2025-02-12,102.63999938964844,103.7300033569336,102.45999908447266,103.4800033569336,101.3125991821289,5391900
2025-02-13,103.47000122070312,104.7300033569336,103.33999633789062,104.66999816894531,102.47766876220703,2833500
2025-02-14,104.68000030517578,105.58000183105469,104.58999633789062,105.30999755859375,103.10426330566406,3425200
2025-02-18,105.26000213623047,105.33000183105469,104.11199951171875,104.81999969482422,102.6245346069336,3447900
2025-02-19,104.56999969482422,105.02999877929688,104.16999816894531,104.94000244140625,102.74201965332031,3469000
2025-02-20,104.69000244140625,104.70999908447266,103.7699966430664,104.44999694824219,102.26228332519531,2984900
2025-02-21,104.73999786376953,104.83000183105469,102.93000030517578,103.0199966430664,100.86222076416016,3639600
2025-02-24,103.66000366210938,103.95500183105469,102.72000122070312,103.22000122070312,101.05805206298828,5415600
2025-02-25,103.23999786376953,103.31999969482422,101.13999938964844,101.69000244140625,99.56009674072266,6021500
2025-02-26,101.55999755859375,102.61000061035156,101.2699966430664,101.51000213623047,99.38386535644531,5079500
2025-02-27,102.18000030517578,102.5999984741211,100.4749984741211,100.52999877929688,98.42437744140625,3727300
2025-02-28,100.8499984741211,102.125,100.0999984741211,102.0,99.86360168457031,5690800
2025-03-03,102.33999633789062,103.04000091552734,100.51000213623047,100.9800033569336,98.8649673461914,6074500
2025-03-04,100.68000030517578,101.30999755859375,99.22000122070312,100.18000030517578,98.08171081542969,7329500
2025-03-05,100.16999816894531,101.76000213623047,99.45999908447266,101.47000122070312,99.34469604492188,4899600
2025-03-06,100.58000183105469,101.44499969482422,99.19999694824219,99.6500015258789,97.56282806396484,4829600
2025-03-07,99.18000030517578,100.6500015258789,98.06999969482422,100.29000091552734,98.18940734863281,5501700
2025-03-10,98.77999877929688,99.2300033569336,96.98999786376953,97.79000091552734,95.74178314208984,6896200
2025-03-11,96.77999877929688,97.79000091552734,95.54000091552734,96.3499984741211,94.3319320678711,6699400
2025-03-12,97.33000183105469,97.6500015258789,95.55000305175781,96.83000183105469,94.8018798828125,4698800
2025-03-13,96.5,96.83000183105469,94.62000274658203,94.83999633789062,92.85356903076172,4763600
2025-03-14,95.58000183105469,96.80000305175781,95.06999969482422,96.58000183105469,94.55712127685547,3486000
2025-03-17,96.58000183105469,97.7249984741211,96.58000183105469,97.2699966430664,95.23265838623047,3031100
2025-03-18,96.91999816894531,96.91999816894531,95.13999938964844,95.91000366210938,93.90116119384766,4424100
2025-03-19,96.27999877929688,97.80000305175781,95.94999694824219,97.05000305175781,95.01727294921875,5875000
2025-03-20,96.45999908447266,97.98999786376953,96.31999969482422,96.83999633789062,94.8116683959961,4881600
2025-03-21,96.16000366210938,97.69000244140625,96.16000366210938,97.5999984741211,95.55574798583984,5717500
2025-03-24,98.625,98.8499984741211,98.19000244140625,98.69000244140625,96.90888977050781,3651300
2025-03-25,99.11000061035156,100.07499694824219,98.91000366210938,99.94000244140625,98.13633728027344,2499900
2025-03-26,99.8499984741211,100.20999908447266,98.93499755859375,99.08999633789062,97.30166625976562,4482900
2025-03-27,98.76000213623047,99.56999969482422,98.55000305175781,98.6500015258789,96.86962127685547,3319300
2025-03-28,98.47000122070312,98.55999755859375,95.63999938964844,95.73999786376953,94.01212310791016,5595200
2025-03-31,95.12999725341797,96.56500244140625,94.12999725341797,96.44999694824219,94.70931243896484,5187100
2025-04-01,96.1500015258789,97.19999694824219,95.48999786376953,96.51000213623047,94.76823425292969,5884200
2025-04-02,95.70999908447266,97.33999633789062,95.5,96.8499984741211,95.10210418701172,5557500
2025-04-03,94.0199966430664,94.87000274658203,92.4000015258789,92.52999877929688,90.86006927490234,10078100
2025-04-04,90.26000213623047,91.0,87.16999816894531,87.2300033569336,85.65571594238281,13027900
2025-04-07,84.45999908447266,90.75,84.0199966430664,87.3499984741211,85.77355194091797,22019700
2025-04-08,90.12999725341797,90.4000015258789,85.12000274658203,86.12999725341797,84.5755615234375,13553900
2025-04-09,85.44999694824219,94.1500015258789,84.96499633789062,93.73999786376953,92.04821014404297,23909100
2025-04-10,92.61000061035156,92.86000061035156,88.33999633789062,90.5,88.86669921875,9320700
2025-04-11,90.4000015258789,91.54000091552734,89.5999984741211,91.2699966430664,89.622802734375,4819500
2025-04-14,92.5,93.08200073242188,91.29000091552734,91.87999725341797,90.22179412841797,3668100
2025-04-15,92.18000030517578,92.94999694824219,91.9000015258789,92.11000061035156,90.44763946533203,3142400
2025-04-16,91.30999755859375,91.5199966430664,88.87000274658203,89.62999725341797,88.01239776611328,3857000
2025-04-17,90.1500015258789,90.87000274658203,89.52999877929688,90.20999908447266,88.58192443847656,3516700
2025-04-21,89.44999694824219,89.81999969482422,87.48999786376953,88.18000030517578,86.58856201171875,5533900
2025-04-22,88.91000366210938,90.80999755859375,88.87999725341797,90.4800033569336,88.8470687866211,4283800
2025-04-23,92.2699966430664,93.46499633789062,91.5199966430664,91.93000030517578,90.27088928222656,5029400
2025-04-24,91.66000366210938,93.94499969482422,91.44999694824219,93.7699966430664,92.07768249511719,3040400
2025-04-25,94.54000091552734,94.68000030517578,93.68000030517578,94.36000061035156,92.65704345703125,3168500
2025-04-28,94.68000030517578,95.22000122070312,93.8499984741211,94.72000122070312,93.01053619384766,2455000
2025-04-29,94.4000015258789,95.5,94.21900177001953,95.41000366210938,93.6880874633789,2714700
2025-04-30,94.4800033569336,95.69499969482422,93.13999938964844,95.44000244140625,93.71754455566406,3123000
2025-05-01,96.73999786376953,96.91999816894531,95.66999816894531,95.93000030517578,94.1987075805664,3753300
2025-05-02,96.55000305175781,97.9260025024414,96.41000366210938,97.41999816894531,95.66180419921875,3542600
2025-05-05,96.37999725341797,98.06999969482422,96.2300033569336,97.6500015258789,95.88766479492188,3764000
2025-05-06,96.69499969482422,98.0199966430664,96.66000366210938,97.62999725341797,95.8680191040039,4089000
2025-05-07,98.41000366210938,98.84500122070312,96.6500015258789,97.44999694824219,95.6912612915039,4160200
2025-05-08,98.04000091552734,98.61499786376953,97.37000274658203,97.68000030517578,95.91712188720703,3865800
2025-05-09,98.01000213623047,98.08999633789062,97.02999877929688,97.18000030517578,95.4261474609375,4425900
2025-05-12,99.5,99.51499938964844,98.31999969482422,99.19999694824219,97.40968322753906,3341400
2025-05-13,99.4800033569336,100.58000183105469,99.19000244140625,100.16999816894531,98.36216735839844,5384300
2025-05-14,100.13999938964844,100.79000091552734,100.0,100.69000244140625,98.872802734375,4406000
2025-05-15,100.75,101.59500122070312,100.62999725341797,101.08999633789062,99.26557159423828,3259800
2025-05-16,101.47000122070312,101.81500244140625,100.8499984741211,101.77999877929688,99.94312286376953,4156300
2025-05-19,100.66999816894531,101.93000030517578,100.66999816894531,101.87999725341797,100.04131317138672,3947600
2025-05-20,101.66999816894531,102.16999816894531,101.12000274658203,101.62999725341797,99.79583740234375,2603100
2025-05-21,100.91999816894531,102.47000122070312,100.62999725341797,100.87000274658203,99.04955291748047,5864300
2025-05-22,101.16000366210938,101.54000091552734,100.58999633789062,100.6500015258789,98.8335189819336,3808400
2025-05-23,99.73999786376953,100.58000183105469,99.5999984741211,100.19000244140625,98.38182830810547,3894000
2025-05-27,101.16999816894531,101.98999786376953,100.86000061035156,101.81999969482422,99.98239135742188,3604100
2025-05-28,101.86000061035156,102.3499984741211,101.66999816894531,101.80000305175781,99.9627685546875,4014300
2025-05-29,102.19999694824219,102.19999694824219,100.19999694824219,100.9800033569336,99.1575698852539,4386200
2025-05-30,100.94999694824219,101.6500015258789,100.04000091552734,101.4000015258789,99.56999206542969,9044700
2025-06-02,100.52999877929688,101.98999786376953,100.36000061035156,101.9000015258789,100.06095886230469,5983100
2025-06-03,101.68000030517578,101.98999786376953,100.95999908447266,101.61000061035156,99.77619934082031,4102100
2025-06-04,101.74500274658203,102.45500183105469,101.6500015258789,102.26000213623047,100.41445922851562,4388200
2025-06-05,102.83999633789062,103.41000366210938,102.11000061035156,102.4000015258789,100.55193328857422,6785700
2025-06-06,103.4000015258789,103.93000030517578,103.06999969482422,103.70999908447266,101.83828735351562,4002100
2025-06-09,104.08000183105469,104.29000091552734,103.30999755859375,103.41000366210938,101.543701171875,6371300
2025-06-10,103.80000305175781,104.88500213623047,103.27999877929688,104.72000122070312,102.83006286621094,7313500
2025-06-11,104.97000122070312,105.11000061035156,104.12999725341797,104.4800033569336,102.59439086914062,5455600
2025-06-12,104.26000213623047,104.37000274658203,103.43000030517578,103.62999725341797,101.75973510742188,5616100
2025-06-13,102.79000091552734,103.55000305175781,102.41500091552734,102.58000183105469,100.72869110107422,7342800
2025-06-16,103.29000091552734,104.42500305175781,103.25,104.33999633789062,102.45692443847656,6211900
2025-06-17,103.80999755859375,104.11000061035156,103.15499877929688,103.41999816894531,101.55352783203125,6034700
2025-06-18,103.67500305175781,104.30999755859375,103.38999938964844,103.47000122070312,101.60262298583984,5927300
2025-06-20,104.30999755859375,104.66999816894531,102.63999938964844,102.83999633789062,100.9839859008789,7469600
2025-06-23,102.76000213623047,103.97000122070312,101.99099731445312,103.88999938964844,102.26264190673828,6925400
2025-06-24,104.58000183105469,105.34500122070312,104.4000015258789,105.2300033569336,103.58167266845703,4685500
2025-06-25,105.25,105.80000305175781,105.04000091552734,105.20999908447266,103.56196594238281,4401800
2025-06-26,105.55999755859375,106.4800033569336,105.20999908447266,106.43000030517578,104.76285552978516,6375800
2025-06-27,106.51000213623047,107.75,106.48999786376953,107.68000030517578,105.99327850341797,6949700
2025-06-30,108.54000091552734,108.73999786376953,107.87000274658203,108.52999877929688,106.8299560546875,5652500
2025-07-01,108.0999984741211,108.36000061035156,107.33999633789062,107.76000213623047,106.07203674316406,6614100
2025-07-02,107.55999755859375,107.7699966430664,107.3949966430664,107.44999694824219,105.76688385009766,4865800
2025-07-03,107.93000030517578,108.3499984741211,107.66999816894531,108.04000091552734,106.34764099121094,3206100
2025-07-07,107.83999633789062,107.94000244140625,106.79000091552734,107.0,105.32393646240234,5533900
2025-07-08,107.18000030517578,107.19000244140625,106.30000305175781,106.77999877929688,105.10737609863281,4353000
2025-07-09,106.83999633789062,107.69999694824219,106.58999633789062,107.05999755859375,105.38298797607422,4973900
2025-07-10,106.80999755859375,106.88999938964844,106.2750015258789,106.69999694824219,105.02863311767578,4126500
2025-07-11,106.33999633789062,106.5,105.56999969482422,106.01000213623047,104.34944152832031,4769400
2025-07-14,106.12000274658203,107.16000366210938,106.05999755859375,107.05000305175781,105.37315368652344,6101100
2025-07-15,107.13999938964844,107.33999633789062,105.9749984741211,105.98999786376953,104.32975006103516,5813500
2025-07-16,106.45999908447266,106.6500015258789,105.73999786376953,106.30999755859375,104.64473724365234,6812600
2025-07-17,106.22000122070312,106.80000305175781,105.9749984741211,106.68000030517578,105.00894165039062,4640100
2025-07-18,106.70999908447266,106.77999877929688,105.63999938964844,106.19000244140625,104.526611328125,5593900
2025-07-21,106.7699966430664,107.79499816894531,106.7300033569336,107.61000061035156,105.92437744140625,4468600
2025-07-22,108.05000305175781,108.12000274658203,107.55999755859375,107.86000061035156,106.17046356201172,5292500
2025-07-23,107.80999755859375,108.48999786376953,107.4800033569336,108.44999694824219,106.75121307373047,4967000
2025-07-24,109.38999938964844,109.69999694824219,108.62999725341797,108.62999725341797,106.92839813232422,5732700
2025-07-25,107.93499755859375,108.23999786376953,107.37000274658203,107.62000274658203,105.93421936035156,7300700
2025-07-28,107.55000305175781,107.7300033569336,106.84500122070312,107.04000091552734,105.3633041381836,6326900
2025-07-29,107.33999633789062,107.51000213623047,106.05999755859375,106.12000274658203,104.45772552490234,5396000
2025-07-30,106.4800033569336,107.16500091552734,106.09500122070312,106.44999694824219,104.78254699707031,6331700
2025-07-31,108.44000244140625,108.66000366210938,107.19000244140625,107.41000366210938,105.72752380371094,11450800
2025-08-01,106.83000183105469,106.94999694824219,105.63999938964844,106.12000274658203,104.45772552490234,9181900
2025-08-04,106.80999755859375,108.18000030517578,106.66999816894531,108.16000366210938,106.46576690673828,4883600
2025-08-05,108.20999908447266,108.55999755859375,107.29000091552734,107.31999969482422,105.638916015625,5774100
2025-08-06,107.87000274658203,108.01499938964844,106.87000274658203,107.7300033569336,106.0425033569336,5141000
2025-08-07,108.30999755859375,108.44000244140625,106.63500213623047,107.2699966430664,105.5896987915039,6248300
2025-08-08,107.30999755859375,108.20999908447266,107.30999755859375,107.62999725341797,105.94405364990234,5984400
2025-08-11,107.94499969482422,108.33499908447266,107.83000183105469,108.18000030517578,106.48544311523438,4686800
2025-08-12,108.68000030517578,110.37000274658203,108.62999725341797,110.25,108.52301788330078,7128000
2025-08-13,110.5999984741211,111.40499877929688,110.48999786376953,111.11000061035156,109.36955261230469,8215500
2025-08-14,110.68000030517578,111.79000091552734,110.62999725341797,111.19999694824219,109.45813751220703,5120900
2025-08-15,111.52999877929688,112.22000122070312,111.31999969482422,111.4800033569336,109.7337646484375,5535500
2025-08-18,111.37999725341797,111.38500213623047,110.56999969482422,110.80000305175781,109.06440734863281,4295800
2025-08-19,110.81999969482422,110.81999969482422,109.73999786376953,110.18000030517578,108.4541244506836,5086000
2025-08-20,110.0999984741211,110.2300033569336,108.81999969482422,109.8499984741211,108.12928771972656,8825500
2025-08-21,109.58999633789062,110.0,109.2699966430664,109.7300033569336,108.01116943359375,3794600
2025-08-22,110.37999725341797,111.69000244140625,110.34500122070312,111.30999755859375,109.56641387939453,6382900
2025-08-25,111.20999908447266,111.8949966430664,111.05999755859375,111.48999786376953,109.74359893798828,5684400
2025-08-26,111.2699966430664,111.2699966430664,110.66999816894531,111.0,109.26127624511719,4680600
2025-08-27,110.7300033569336,111.29000091552734,110.625,111.19000244140625,109.44830322265625,3603900
2025-08-28,111.12000274658203,111.65499877929688,110.83999633789062,111.61000061035156,109.86172485351562,4645100
2025-08-29,111.27999877929688,111.71499633789062,110.91500091552734,111.38999938964844,109.64515686035156,4311800
2025-09-02,109.94999694824219,111.19999694824219,109.69999694824219,111.19999694824219,109.45813751220703,8205300
2025-09-03,112.56999969482422,113.13999938964844,112.2699966430664,113.05999755859375,111.28900146484375,8269300
2025-09-04,113.45999908447266,114.0999984741211,113.1449966430664,114.08000183105469,112.29302215576172,5497600
2025-09-05,114.26000213623047,115.08499908447266,113.83000183105469,114.69000244140625,112.89347076416016,5323600
2025-09-08,114.22000122070312,115.20999908447266,114.19499969482422,114.81999969482422,113.02143096923828,8005300
2025-09-09,114.7699966430664,115.61499786376953,114.51699829101562,115.47000122070312,113.66124725341797,5455400
2025-09-10,115.27999877929688,115.30999755859375,114.24500274658203,114.62000274658203,112.82457733154297,5378200
2025-09-11,114.83999633789062,116.65499877929688,114.3499984741211,116.37999725341797,114.55699920654297,14732600
2025-09-12,116.58999633789062,117.58999633789062,116.41000366210938,117.3499984741211,115.51179504394531,6091200
2025-09-15,117.87000274658203,119.11499786376953,117.77999877929688,119.0,117.13595581054688,7242400
2025-09-16,118.63500213623047,118.8499984741211,117.86000061035156,118.5199966430664,116.66348266601562,5802300
2025-09-17,118.83000183105469,119.11000061035156,117.94000244140625,118.83000183105469,116.9686279296875,5993800
2025-09-18,118.95999908447266,119.4749984741211,118.48500061035156,118.91999816894531,117.05722045898438,6022700
2025-09-19,119.20999908447266,119.55000305175781,118.69000244140625,119.41000366210938,117.53954315185547,5548000
2025-09-22,118.8499984741211,119.23999786376953,118.38999938964844,118.58000183105469,117.12962341308594,6412100
2025-09-23,118.83999633789062,119.2300033569336,118.25,118.41000366210938,116.96170043945312,4127600
2025-09-24,118.41000366210938,118.51499938964844,116.93499755859375,117.43000030517578,115.99368286132812,5099800
2025-09-25,116.87999725341797,117.48999786376953,116.4800033569336,117.02999877929688,115.59857940673828,3786700
2025-09-26,117.27999877929688,118.51000213623047,117.04000091552734,118.16999816894531,116.72462463378906,7462700
2025-09-29,118.81999969482422,119.25499725341797,118.4000015258789,118.55000305175781,117.09998321533203,4875800
2025-09-30,118.44000244140625,118.69999694824219,117.90499877929688,118.37000274658203,116.92218780517578,5740500
2025-10-01,117.5,117.5,116.5199966430664,116.70999908447266,115.28248596191406,7218900
2025-10-02,116.69000244140625,116.70999908447266,115.84500122070312,116.44999694824219,115.02567291259766,3984800
2025-10-03,116.5999984741211,116.73500061035156,116.08999633789062,116.38999938964844,114.9664077758789,3535900
2025-10-06,116.23999786376953,116.59500122070312,115.3949966430664,116.51000213623047,115.0849380493164,4293600
2025-10-07,116.6500015258789,117.0999984741211,115.95999908447266,116.05999755859375,114.64042663574219,4242900
2025-10-08,115.9800033569336,116.12000274658203,115.4000015258789,115.58000183105469,114.16631317138672,4957900
2025-10-09,115.5,115.54000091552734,114.69999694824219,114.91999816894531,113.51438903808594,4033800
2025-10-10,114.98999786376953,115.7249984741211,112.70999908447266,112.80000305175781,111.4203109741211,8248100
2025-10-13,113.77999877929688,114.13999938964844,113.5,113.83999633789062,112.44759368896484,4146000
2025-10-14,113.19999694824219,114.87999725341797,112.80999755859375,114.58999633789062,113.18841552734375,4587900
2025-10-15,115.11000061035156,115.97000122070312,114.5,115.4000015258789,113.98851013183594,4103500
2025-10-16,115.62000274658203,116.12999725341797,113.52999877929688,114.16999816894531,112.77355194091797,4682800
2025-10-17,114.02999877929688,115.2300033569336,113.9000015258789,114.94000244140625,113.53414154052734,4393700
2025-10-20,115.47000122070312,116.4000015258789,115.30999755859375,116.23999786376953,114.8182373046875,4281500
2025-10-21,116.5999984741211,116.93000030517578,116.02999877929688,116.6500015258789,115.22322845458984,6804100
2025-10-22,116.01499938964844,116.43000030517578,115.05999755859375,115.63999938964844,114.22557067871094,5438900
2025-10-23,116.0199966430664,116.02999877929688,115.23999786376953,115.25,113.84034729003906,3607200
2025-10-24,115.91999816894531,116.31999969482422,115.5,115.55000305175781,114.13668060302734,4758000
2025-10-27,116.37000274658203,117.23500061035156,116.25,117.16000366210938,115.72699737548828,5252300
2025-10-28,117.19000244140625,117.23999786376953,116.56500244140625,116.58000183105469,115.15408325195312,4920400
2025-10-29,116.6050033569336,116.75800323486328,115.69499969482422,116.29000091552734,114.86762237548828,6986800
2025-10-30,114.88500213623047,115.88500213623047,113.97000122070312,114.31999969482422,112.92172241210938,8434500
2025-10-31,114.51000213623047,115.08499908447266,114.05999755859375,114.80999755859375,113.40572357177734,5249700
2025-11-03,114.88999938964844,114.88999938964844,112.88999938964844,113.58999633789062,112.20064544677734,6410400
2025-11-04,112.5199966430664,113.4000015258789,112.48500061035156,112.80999755859375,111.43019104003906,5198200
2025-11-05,112.76000213623047,113.91000366210938,112.48500061035156,113.41999816894531,112.03272247314453,6273900
2025-11-06,113.30000305175781,113.66999816894531,112.30000305175781,112.4000015258789,111.02519989013672,6265900
2025-11-07,111.8499984741211,112.16000366210938,110.83499908447266,112.11000061035156,110.73875427246094,7460400
2025-11-10,112.8499984741211,113.5199966430664,112.41500091552734,113.27999877929688,111.89443969726562,4724100
2025-11-11,113.2300033569336,114.26499938964844,113.22000122070312,114.19999694824219,112.80319213867188,3841900
2025-11-12,114.27999877929688,114.29000091552734,113.2300033569336,113.54000091552734,112.1512680053711,4563800
2025-11-13,112.7699966430664,112.9800033569336,111.7750015258789,111.93000030517578,110.56095886230469,6354300
2025-11-14,111.29000091552734,111.80999755859375,110.81999969482422,111.33000183105469,109.96829986572266,4859800
2025-11-17,111.99500274658203,112.62999725341797,110.6050033569336,111.18000030517578,109.82012939453125,4582300
2025-11-18,111.1500015258789,112.47000122070312,110.16999816894531,111.80999755859375,110.44242095947266,8726100
2025-11-19,111.75,112.99500274658203,110.99500274658203,111.19000244140625,109.83000946044922,4416800
2025-11-20,112.80000305175781,113.03500366210938,109.86499786376953,109.97000122070312,108.62492370605469,7385400
2025-11-21,110.5199966430664,112.57499694824219,110.5199966430664,111.9000015258789,110.53132629394531,7535900
2025-11-24,112.76000213623047,113.33999633789062,112.57499694824219,113.01000213623047,111.62774658203125,5524000
2025-11-25,114.12999725341797,114.5999984741211,113.63500213623047,114.30000305175781,112.90196228027344,8890600
2025-11-26,114.2750015258789,114.76000213623047,114.21499633789062,114.45999908447266,113.06000518798828,6301600
2025-11-28,114.79499816894531,115.38999938964844,114.6500015258789,115.38999938964844,113.9786376953125,3731600
2025-12-01,114.55999755859375,115.44000244140625,114.5,114.8499984741211,113.44523620605469,5173500
2025-12-02,115.30000305175781,115.44999694824219,114.37999725341797,115.2300033569336,113.82059478759766,4777400
2025-12-03,115.0199966430664,115.48999786376953,114.6500015258789,115.12999725341797,113.72180938720703,4885500
2025-12-04,115.98500061035156,116.03600311279297,114.95999908447266,115.79000091552734,114.37374877929688,4654300
2025-12-05,116.08000183105469,117.61499786376953,115.94000244140625,117.12999725341797,115.69734954833984,6049400
2025-12-08,117.58000183105469,117.58000183105469,115.80000305175781,116.26000213623047,114.83799743652344,6128900
2025-12-09,116.12000274658203,116.54000091552734,115.6050033569336,116.38999938964844,114.9664077758789,4842700
2025-12-10,116.44000244140625,117.3499984741211,116.31999969482422,117.06999969482422,115.63807678222656,5882600
2025-12-11,116.8499984741211,117.44999694824219,116.5999984741211,116.80999755859375,115.38126373291016,6495600
2025-12-12,117.23999786376953,117.5199966430664,116.22599792480469,116.55000305175781,115.12445068359375,5955100
2025-12-15,116.83000183105469,116.88800048828125,115.9800033569336,116.56999969482422,115.14420318603516,5070100
2025-12-16,116.2300033569336,117.0199966430664,115.9800033569336,116.6500015258789,115.22322845458984,6178500
2025-12-17,116.62999725341797,116.79000091552734,115.7249984741211,115.80999755859375,114.39349365234375,6181900
2025-12-18,116.43000030517578,117.18000030517578,116.26499938964844,116.47000122070312,115.04542541503906,4791400
2025-12-19,116.55000305175781,117.18000030517578,116.36000061035156,116.5199966430664,115.09480285644531,6174800
2025-12-22,116.68000030517578,117.08999633789062,116.44000244140625,116.66000366210938,115.60615539550781,4704400
2025-12-23,116.61000061035156,117.45999908447266,116.56999969482422,117.38999938964844,116.32955932617188,3685000
2025-12-24,117.30999755859375,118.11000061035156,117.25,118.08999633789062,117.02323150634766,2044400
2025-12-26,117.87000274658203,118.0199966430664,117.69499969482422,117.97000122070312,116.9043197631836,2849500
2025-12-29,117.55000305175781,118.12999725341797,117.5199966430664,117.88999938964844,116.82504272460938,4699300
2025-12-30,117.68000030517578,118.66999816894531,117.5999984741211,118.29000091552734,117.22142791748047,4396200
2025-12-31,118.01000213623047,118.2750015258789,117.69000244140625,117.72000122070312,116.65658569335938,3003400
2026-01-02,118.16000366210938,118.31500244140625,116.58000183105469,116.9000015258789,115.843994140625,6417600
2026-01-05,117.00499725341797,118.30999755859375,116.94000244140625,117.75,116.68630981445312,5984600
2026-01-06,117.63999938964844,117.87999725341797,116.54499816894531,117.33000183105469,116.27010345458984,5698200
2026-01-07,117.19999694824219,117.69999694824219,116.68000030517578,117.08999633789062,116.03226470947266,5050900
2026-01-08,117.33000183105469,117.66500091552734,116.54000091552734,117.4800033569336,116.41874694824219,5089300
2026-01-09,117.5199966430664,118.2300033569336,117.19000244140625,117.91000366210938,116.84486389160156,4187000
2026-01-12,117.44999694824219,117.8499984741211,117.36000061035156,117.55000305175781,116.48811340332031,5668000
2026-01-13,117.5999984741211,117.91999816894531,116.45600128173828,116.88999938964844,115.83407592773438,7757800
2026-01-14,116.66999816894531,116.83000183105469,116.08999633789062,116.63999938964844,115.58633422851562,5646400
2026-01-15,116.98999786376953,116.98999786376953,115.93000030517578,116.20999908447266,115.16022491455078,12267200
2026-01-16,116.4000015258789,116.4000015258789,115.12999725341797,115.16999816894531,114.12960815429688,5545100
2026-01-20,113.79000091552734,114.69999694824219,113.375,113.47000122070312,112.4449691772461,9177400
2026-01-21,113.25,115.0,113.18000030517578,114.62999725341797,113.594482421875,7862800
2026-01-22,115.7300033569336,116.47000122070312,115.44499969482422,116.25,115.19985961914062,5517000
2026-01-23,116.06999969482422,117.21499633789062,116.06999969482422,116.95999908447266,115.9034423828125,6086200
2026-01-26,117.26000213623047,118.01000213623047,117.08499908447266,117.7699966430664,116.70612335205078,4763900
2026-01-27,117.88999938964844,117.88999938964844,116.54000091552734,116.9000015258789,115.843994140625,3934000
2026-01-28,117.33000183105469,117.82499694824219,116.63999938964844,116.75,115.69534301757812,8319500
2026-01-29,119.27999877929688,119.95500183105469,117.875,119.79000091552734,118.70787811279297,9730200
2026-01-30,119.7699966430664,120.26000213623047,119.13999938964844,120.08000183105469,118.9952621459961,11651200
2026-02-02,119.58000183105469,120.40499877929688,119.52999877929688,119.66999816894531,118.5889663696289,7651800
2026-02-03,119.3949966430664,119.59500122070312,117.25,117.73999786376953,116.67639923095703,8132200
2026-02-04,118.25,118.25,116.44000244140625,116.80000305175781,115.74488830566406,11640200
2026-02-05,115.19999694824219,116.66999816894531,114.54000091552734,116.20999908447266,115.16022491455078,15513700
2026-02-06,116.12999725341797,116.51000213623047,114.5199966430664,115.76000213623047,114.71428680419922,9441200
2026-02-09,115.63999938964844,117.23500061035156,115.1050033569336,116.87999725341797,115.82415771484375,9210200
2026-02-10,117.12999725341797,117.90499877929688,116.88999938964844,117.58000183105469,116.51783752441406,5830200
2026-02-11,117.37000274658203,117.6500015258789,116.33000183105469,116.73999786376953,115.68543243408203,6988000
2026-02-12,116.80999755859375,117.19999694824219,114.49500274658203,114.63999938964844,113.60440063476562,8124600
2026-02-13,114.37000274658203,115.12999725341797,113.77999877929688,114.58000183105469,113.5449447631836,7423000
2026-02-17,114.37000274658203,115.05000305175781,113.30000305175781,114.4000015258789,113.36656951904297,6451700
2026-02-18,114.25,114.97000122070312,113.93000030517578,114.58999633789062,113.55484771728516,5277700
2026-02-19,114.55999755859375,115.45999908447266,114.44000244140625,115.13999938964844,114.09988403320312,5747600
2026-02-20,114.9000015258789,117.00499725341797,114.80000305175781,116.80000305175781,115.74488830566406,8195700
2026-02-23,116.95999908447266,117.16999816894531,115.16500091552734,115.36000061035156,114.31790161132812,8839300
2026-02-24,115.16999816894531,116.2699966430664,114.88999938964844,116.16000366210938,115.11067199707031,6109200
2026-02-25,116.33000183105469,116.73999786376953,116.0999984741211,116.5,115.44760131835938,6197700
2026-02-26,116.22000122070312,117.04499816894531,115.93499755859375,116.72000122070312,115.66561889648438,6649500
2026-02-27,116.28500366210938,118.16000366210938,116.13999938964844,118.05000305175781,116.98360443115234,7131100
2026-03-02,116.44999694824219,118.13999938964844,116.33000183105469,117.87000274658203,116.80522918701172,10466500
2026-03-03,116.2300033569336,118.43000030517578,115.87000274658203,117.95999908447266,116.8944091796875,13693000
2026-03-04,117.7699966430664,119.08499908447266,117.61000061035156,118.79000091552734,117.71691131591797,8139800
2026-03-05,118.62999725341797,119.16000366210938,117.7750015258789,118.44000244140625,117.37007904052734,8776300
2026-03-06,117.2249984741211,117.62999725341797,116.4000015258789,117.45999908447266,116.39893341064453,10809500
2026-03-09,116.5,117.79000091552734,115.5,117.55999755859375,116.4980239868164,10548900
2026-03-10,117.63999938964844,118.11499786376953,116.94999694824219,117.37999725341797,116.31964874267578,12013500
2026-03-11,117.45999908447266,117.79000091552734,116.4800033569336,117.0,115.94308471679688,6213400
2026-03-12,116.30000305175781,116.73999786376953,115.19999694824219,115.2699966430664,114.22870635986328,7816900
2026-03-13,115.4800033569336,115.9000015258789,113.91999816894531,114.44999694824219,113.4161148071289,11622700
2026-03-16,115.43000030517578,115.73999786376953,114.72000122070312,115.33000183105469,114.28817749023438,7299700
2026-03-17,115.6500015258789,116.4990005493164,115.36000061035156,115.37000274658203,114.32780456542969,8391100
2026-03-18,114.66000366210938,115.16000366210938,113.61000061035156,113.66000366210938,112.63326263427734,7022000
2026-03-19,113.31500244140625,114.04000091552734,112.36000061035156,113.13999938964844,112.11795043945312,10146300
2026-03-20,112.83000183105469,113.02999877929688,111.62000274658203,112.2300033569336,111.21617889404297,10086700
2026-03-23,112.87000274658203,113.44999694824219,112.20999908447266,112.70999908447266,112.04825592041016,8557700
2026-03-24,112.1500015258789,112.48999786376953,111.05999755859375,111.12999725341797,110.4775390625,8634400
2026-03-25,111.87999725341797,112.52999877929688,110.83999633789062,111.44000244140625,110.78572082519531,6097800
2026-03-26,110.61000061035156,110.87999725341797,108.68000030517578,108.80999755859375,108.17115783691406,9765900
2026-03-27,108.31500244140625,108.51000213623047,106.72000122070312,107.04000091552734,106.41155242919922,9594600
2026-03-30,107.8949966430664,108.66000366210938,107.06600189208984,107.95999908447266,107.3261489868164,9490400
2026-03-31,109.13999938964844,111.26000213623047,108.81999969482422,110.86000061035156,110.20912170410156,10145200
2026-04-01,111.25,111.875,110.70500183105469,111.23999786376953,110.5868911743164,9856900
2026-04-02,110.13999938964844,111.87000274658203,109.69999694824219,111.69999694824219,111.044189453125,5590500
2026-04-06,111.9000015258789,112.5199966430664,111.66000366210938,111.76000213623047,111.10383605957031,3803600
2026-04-07,111.56999969482422,112.0,111.05000305175781,111.81999969482422,111.16348266601562,4379300
2026-04-08,114.26000213623047,114.48500061035156,113.20999908447266,113.80999755859375,113.14179992675781,4579400
2026-04-09,113.79499816894531,114.47000122070312,113.21499633789062,114.2699966430664,113.5990982055664,4176700
2026-04-10,114.63999938964844,114.86000061035156,113.68000030517578,113.94999694824219,113.28097534179688,2667900
2026-04-13,113.63500213623047,114.86000061035156,113.2699966430664,114.81999969482422,114.1458740234375,5063500
2026-04-14,115.01000213623047,116.83499908447266,114.83999633789062,116.55999755859375,115.87565612792969,5396400
2026-04-15,116.8499984741211,118.12000274658203,116.74199676513672,117.36000061035156,116.67095947265625,5140000
2026-04-16,117.9000015258789,118.92500305175781,117.83000183105469,118.83000183105469,118.13233184814453,3708300
2026-04-17,118.63999938964844,119.4800033569336,118.3499984741211,119.0999984741211,118.40074157714844,3176900
2026-04-20,118.73999786376953,119.0999984741211,118.5199966430664,118.75,118.05279541015625,3297300
2026-04-21,118.80000305175781,119.12999725341797,116.98999786376953,117.16000366210938,116.47213745117188,3862300
2026-04-22,117.6500015258789,117.9800033569336,117.28500366210938,117.87999725341797,117.18790435791016,3079700
2026-04-23,117.97000122070312,118.19000244140625,116.5199966430664,117.38999938964844,116.70077514648438,3503600
2026-04-24,117.20999908447266,117.22000122070312,115.08999633789062,115.54000091552734,114.86164855957031,4857700
2026-04-27,115.41000366210938,116.75,115.41000366210938,115.80999755859375,115.13005828857422,4506200
2026-04-28,115.8550033569336,116.2300033569336,115.31999969482422,115.75,115.0704116821289,4052200
2026-04-29,115.54000091552734,115.77999877929688,115.06500244140625,115.29000091552734,114.61311340332031,4401500
2026-04-30,115.0,116.66999816894531,114.69999694824219,116.51000213623047,115.8259506225586,5276500
2026-05-01,116.83499908447266,117.30000305175781,116.58999633789062,116.72000122070312,116.03471374511719,7556000
2026-05-04,116.625,116.7699966430664,115.95999908447266,116.0999984741211,115.41835021972656,5485700
2026-05-05,116.30999755859375,116.30999755859375,115.19100189208984,115.62999725341797,114.95111083984375,5299100
2026-05-06,116.22000122070312,117.61000061035156,116.22000122070312,117.3499984741211,116.66101837158203,6220600
2026-05-07,117.62999725341797,118.19999694824219,117.03500366210938,117.37999725341797,116.69084167480469,4333300
2026-05-08,117.01499938964844,117.19000244140625,116.61499786376953,116.94000244140625,116.25343322753906,4153400
2026-05-11,116.5199966430664,116.72000122070312,115.43000030517578,115.58000183105469,114.90141296386719,4729300
2026-05-12,115.68000030517578,115.95500183105469,114.97000122070312,115.86000061035156,115.17976379394531,5336300
2026-05-13,115.52200317382812,117.02999877929688,115.3499984741211,116.76000213623047,116.0744857788086,4061300
2026-05-14,117.0999984741211,117.97000122070312,116.93499755859375,117.11000061035156,116.42243194580078,3558200
2026-05-15,116.91000366210938,117.04000091552734,115.9800033569336,116.08000183105469,115.39847564697266,4295100
2026-05-18,116.04000091552734,117.81999969482422,115.8499984741211,116.9800033569336,116.2931900024414,5125600
2026-05-19,116.94999694824219,117.13999938964844,115.71499633789062,115.8499984741211,115.1698226928711,5163900
2026-05-20,115.6500015258789,116.21499633789062,114.80999755859375,116.0999984741211,115.41835021972656,5148800
2026-05-21,115.47000122070312,116.8550033569336,114.98999786376953,116.0999984741211,115.41835021972656,4855400
2026-05-22,116.41000366210938,116.7300033569336,115.23500061035156,115.45999908447266,114.78211212158203,4108700
2026-05-26,115.62999725341797,116.07499694824219,115.06999969482422,115.55000305175781,114.87158966064453,4191600
2026-05-27,115.2300033569336,117.05500030517578,115.16000366210938,116.26000213623047,115.57742309570312,5747800
2026-05-28,116.0999984741211,116.83999633789062,115.55000305175781,116.66999816894531,115.9850082397461,4528300
2026-05-29,115.93000030517578,116.05000305175781,115.13999938964844,115.69000244140625,115.0107650756836,5493800
2026-06-01,115.42500305175781,116.04499816894531,114.81500244140625,115.61000061035156,114.93123626708984,5270300
2026-06-02,114.75499725341797,114.9000015258789,113.5199966430664,113.56999969482422,112.90321350097656,6493900
2026-06-03,113.23999786376953,113.43000030517578,111.76000213623047,112.08000183105469,111.42195892333984,6066700
2026-06-04,112.73999786376953,114.36499786376953,112.69000244140625,113.11000061035156,112.44590759277344,6056200
2026-06-05,112.79000091552734,113.36000061035156,111.13500213623047,111.66999816894531,111.01436614990234,9005000
2026-06-08,111.41000366210938,111.46499633789062,110.12000274658203,111.08999633789062,110.4377670288086,9077800
2026-06-09,111.4800033569336,112.2300033569336,110.4800033569336,111.4800033569336,110.82547760009766,6589000
2026-06-10,111.58999633789062,112.44999694824219,110.93000030517578,111.01000213623047,110.35823822021484,5435400
2026-06-11,110.88999938964844,112.5199966430664,110.22000122070312,112.12000274658203,111.46173095703125,5931800
2026-06-12,112.91000366210938,112.98999786376953,110.83000183105469,111.6500015258789,110.9944839477539,7465700
2026-06-15,111.91999816894531,112.58999633789062,111.58999633789062,112.19000244140625,111.53131866455078,6585200
2026-06-16,112.23999786376953,112.58999633789062,111.41000366210938,112.31999969482422,111.66055297851562,7896400
2026-06-17,111.47899627685547,111.48999786376953,109.01499938964844,109.19999694824219,108.55886840820312,9639800
2026-06-18,109.86000061035156,110.37000274658203,108.51000213623047,109.44999694824219,108.8073959350586,11655600
2026-06-22,108.125,108.53500366210938,106.31999969482422,106.86000061035156,106.50897216796875,7382300
2026-06-23,106.5199966430664,107.6449966430664,106.38999938964844,107.2699966430664,106.9176254272461,7949700
2026-06-24,107.5250015258789,108.08499908447266,106.44999694824219,106.54000091552734,106.19002532958984,9075500
2026-06-25,105.68000030517578,106.62999725341797,105.02999877929688,105.58000183105469,105.2331771850586,5323100
2026-06-26,105.66000366210938,107.25,105.36000061035156,106.18000030517578,105.83120727539062,9352100
2026-06-29,108.30000305175781,108.51000213623047,107.66999816894531,107.87999725341797,107.52561950683594,6573200
2026-06-30,107.5250015258789,107.68000030517578,106.37999725341797,107.12999725341797,106.77808380126953,4760200
2026-07-01,109.02999877929688,110.83999633789062,108.63500213623047,109.73999786376953,109.37950897216797,14529400
2026-07-02,109.61000061035156,110.01000213623047,108.55000305175781,109.5999984741211,109.2399673461914,8388900
2026-07-06,110.07499694824219,110.375,108.9800033569336,110.20999908447266,109.84796905517578,8938800
2026-07-07,111.66999816894531,112.2699966430664,110.94999694824219,111.0199966430664,110.65530395507812,7882400
2026-07-08,110.91999816894531,110.98500061035156,109.27999877929688,109.45999908447266,109.10043334960938,5527900
2026-07-09,108.08000183105469,110.59500122070312,107.81999969482422,110.51000213623047,110.14698791503906,6444300
2026-07-10,111.72000122070312,112.16000366210938,111.0250015258789,111.63999938964844,111.27326965332031,6465600
2026-07-13,111.77999877929688,112.76000213623047,111.46499633789062,111.58999633789062,111.22343444824219,5851900
2026-07-14,110.83000183105469,111.83000183105469,110.83000183105469,111.44999694824219,111.08389282226562,5061500
2026-07-15,111.69999694824219,113.86000061035156,111.52999877929688,113.37999725341797,113.00755310058594,6245600
2026-07-16,113.5999984741211,114.02999877929688,112.2699966430664,112.6500015258789,112.27995300292969,5648300
2026-07-17,111.19999694824219,111.51000213623047,110.30999755859375,110.6500015258789,110.2865219116211,7677700
2026-07-20,110.81500244140625,111.66000366210938,110.51000213623047,110.80000305175781,110.43603515625,4011900
2026-07-21,110.52999877929688,110.62000274658203,109.98999786376953,110.02999877929688,109.6685562133789,3944800
2026-07-22,110.91000366210938,111.1050033569336,109.16000366210938,109.19999694824219,108.8412857055664,3998500
2026-07-23,106.95999908447266,106.95999908447266,105.25499725341797,105.37999725341797,105.03382873535156,12517500
2026-07-24,105.29499816894531,106.94999694824219,105.29499816894531,106.30000305175781,105.95081329345703,6151900
2026-07-27,107.5199966430664,108.54000091552734,107.44000244140625,107.66000366210938,107.30635070800781,6668500
2026-07-28,108.33000183105469,110.02999877929688,108.33000183105469,109.66999816894531,109.30973815917969,5307200
2026-07-29,109.51000213623047,110.73999786376953,108.94999694824219,109.51000213623047,109.1502685546875,7120100
2026-07-30,106.47000122070312,106.6500015258789,105.49299621582031,106.58000183105469,106.22989654541016,10083400
2026-07-31,106.82499694824219,108.40499877929688,106.61000061035156,108.23999786376953,107.88443756103516,5024600
2026-08-03,109.83000183105469,112.01000213623047,109.79000091552734,111.33999633789062,110.97425079345703,7789800
2026-08-04,110.53500366210938,112.2750015258789,110.44999694824219,112.04000091552734,111.67195892333984,5461000
2026-08-05,112.8949966430664,112.95500183105469,109.94000244140625,110.87000274658203,110.50580596923828,5777000
2026-08-06,111.18000030517578,111.91999816894531,110.80000305175781,111.18000030517578,110.81478118896484,3904200
2026-08-07,110.2699966430664,111.68499755859375,110.2699966430664,111.25,110.88455200195312,3166300
2026-08-10,111.23999786376953,111.83000183105469,110.69999694824219,111.83000183105469,111.462646484375,4257000
2026-08-11,111.55999755859375,112.2750015258789,111.11000061035156,111.2699966430664,110.90447998046875,3383300
2026-08-12,111.30999755859375,111.42500305175781,109.8949966430664,110.2699966430664,109.90776824951172,5534200
2026-08-13,110.86000061035156,112.6050033569336,110.82499694824219,112.55000305175781,112.18028259277344,5538700
2026-08-14,112.76000213623047,113.5,112.6449966430664,112.94999694824219,112.57896423339844,2982800
2026-08-17,112.50499725341797,112.56999969482422,110.66000366210938,110.81999969482422,110.45596313476562,3690000
2026-08-18,110.86000061035156,111.45500183105469,110.44000244140625,110.4800033569336,110.11708068847656,3985200
2026-08-19,110.43000030517578,112.16000366210938,110.25,111.31999969482422,110.9543228149414,3385700
2026-08-20,111.19000244140625,111.53500366210938,110.30999755859375,110.68000030517578,110.31642150878906,3599100
2026-08-21,111.0199966430664,112.0199966430664,110.7699966430664,111.4000015258789,111.0340576171875,5055200
2026-08-24,111.45999908447266,112.80999755859375,111.4000015258789,112.31999969482422,111.95103454589844,4133500
2026-08-25,112.41000366210938,113.2750015258789,112.29499816894531,113.18000030517578,112.80821228027344,2701500
2026-08-26,113.83000183105469,114.0,112.46499633789062,112.61000061035156,112.24008178710938,3679700
2026-08-27,112.02999877929688,112.37000274658203,111.37000274658203,111.41000366210938,111.04402923583984,4425600
2026-08-28,111.87000274658203,113.52999877929688,111.83000183105469,112.98999786376953,112.61883544921875,3743500
2026-08-31,112.4800033569336,112.58999633789062,111.25,111.45999908447266,111.09386444091797,3317200
2026-09-01,110.55999755859375,111.62999725341797,110.30999755859375,110.87999725341797,110.51576232910156,5152000
2026-09-02,110.93000030517578,113.05999755859375,110.90499877929688,112.41999816894531,112.05070495605469,5123100
2026-09-03,113.41500091552734,114.29000091552734,112.83999633789062,113.37999725341797,113.00755310058594,3367500
2026-09-04,113.125,113.29000091552734,111.875,112.02999877929688,111.6619873046875,2689600
2026-09-08,111.58999633789062,111.80500030517578,110.96499633789062,111.5199966430664,111.1536636352539,5657900
2026-09-09,111.91999816894531,111.93000030517578,110.52999877929688,110.83000183105469,110.46593475341797,4817200
2026-09-10,110.62000274658203,111.8949966430664,110.37000274658203,111.5,111.13372802734375,4965600
2026-09-11,112.33999633789062,113.04000091552734,112.30999755859375,112.5999984741211,112.23011779785156,3979800
2026-09-14,113.62999725341797,115.26000213623047,113.58000183105469,115.06999969482422,114.69200134277344,4352100
2026-09-15,114.25,114.66000366210938,113.81999969482422,114.02999877929688,113.6554183959961,5533400
2026-09-16,114.22000122070312,114.51499938964844,112.48999786376953,113.0,112.62879943847656,4395900
2026-09-17,113.80999755859375,113.9749984741211,112.20500183105469,112.3499984741211,111.9809341430664,4251200
2026-09-18,112.37000274658203,112.4000015258789,110.73500061035156,110.80999755859375,110.44599151611328,7159100
2026-09-21,111.62000274658203,115.51000213623047,111.61000061035156,114.75,114.75,8394100
2026-09-22,114.9499969482422,115.61000061035156,113.44000244140624,113.52999877929688,113.52999877929688,7335475
