date,open,high,low,close,adj_close,volume
2021-07-14,76.58000183105469,76.91999816894531,76.19499969482422,76.52999877929688,73.71060943603516,12886800
2021-07-15,76.44000244140625,76.5,75.49500274658203,75.9000015258789,73.10380554199219,12506200
2021-07-16,76.05000305175781,76.41000366210938,75.07499694824219,75.1500015258789,72.38143920898438,15080400
2021-07-19,74.25499725341797,74.45999908447266,73.68499755859375,74.11499786376953,71.38456726074219,24254000
2021-07-20,74.48500061035156,75.62999725341797,74.05500030517578,75.21499633789062,72.44403076171875,14715600
2021-07-21,75.18499755859375,75.95500183105469,75.04499816894531,75.94000244140625,73.14234161376953,12234000
2021-07-22,76.0999984741211,76.55999755859375,76.0999984741211,76.5,73.68171691894531,9577800
2021-07-23,76.83999633789062,77.30000305175781,76.56500244140625,77.26000213623047,74.41372680664062,12576200
2021-07-26,77.06500244140625,77.36000061035156,76.7750015258789,77.22000122070312,74.37520599365234,8993400
2021-07-27,77.125,77.1500015258789,75.5250015258789,76.48999786376953,73.67208099365234,18089800
2021-07-28,76.51499938964844,76.80000305175781,75.66500091552734,76.3949966430664,73.5805892944336,13941200
2021-07-29,76.31500244140625,77.01000213623047,76.30500030517578,76.75,73.9225082397461,12030600
2021-07-30,76.26000213623047,76.77999877929688,76.23999786376953,76.69999694824219,73.87434387207031,10148800
2021-08-02,77.04499816894531,77.1500015258789,76.31999969482422,76.42500305175781,73.60948181152344,12205200
2021-08-03,76.56500244140625,76.95500183105469,75.94499969482422,76.91500091552734,74.0814208984375,10824800
2021-08-04,76.8550033569336,77.26000213623047,76.61000061035156,77.06999969482422,74.230712890625,11322800
2021-08-05,77.20999908447266,77.5199966430664,76.9800033569336,77.49500274658203,74.64006042480469,6674600
2021-08-06,77.2249984741211,77.5199966430664,77.20500183105469,77.43000030517578,74.57744598388672,7602800
2021-08-09,77.5199966430664,77.66000366210938,77.1050033569336,77.18000030517578,74.336669921875,7198200
2021-08-10,77.31999969482422,77.38999938964844,76.40499877929688,76.625,73.8021011352539,10421400
2021-08-11,76.88999938964844,77.02999877929688,76.24500274658203,76.63500213623047,73.81175231933594,10831600
2021-08-12,76.55500030517578,77.12000274658203,76.23999786376953,77.07499694824219,74.23552703857422,6947800
2021-08-13,77.125,77.51499938964844,77.04000091552734,77.49500274658203,74.64006042480469,5630800
2021-08-16,77.30999755859375,77.8550033569336,76.65499877929688,77.84500122070312,74.97715759277344,9493800
2021-08-17,77.37000274658203,77.49500274658203,76.72000122070312,77.19999694824219,74.3559341430664,19052600
2021-08-18,77.0199966430664,77.36499786376953,76.05000305175781,76.13500213623047,73.33016967773438,13481200
2021-08-19,75.71499633789062,77.16500091552734,75.6050033569336,76.87999725341797,74.04772186279297,19291000
2021-08-20,77.16999816894531,77.94000244140625,76.98500061035156,77.87000274658203,75.0012435913086,14769400
2021-08-23,78.07499694824219,78.98500061035156,78.06999969482422,78.875,75.9692153930664,10802400
2021-08-24,78.9749984741211,79.06500244140625,78.71499633789062,78.78500366210938,75.88253784179688,9537000
2021-08-25,78.97000122070312,79.18000030517578,78.61000061035156,78.73999786376953,75.83917236328125,9430400
2021-08-26,78.6449966430664,78.80500030517578,78.18000030517578,78.24500274658203,75.36243438720703,12056600
2021-08-27,78.31500244140625,79.05500030517578,78.18000030517578,79.0,76.08960723876953,14088800
2021-08-30,79.23500061035156,79.94499969482422,79.23500061035156,79.8499984741211,76.9083023071289,10026800
2021-08-31,79.9000015258789,79.92500305175781,79.27999877929688,79.43000030517578,76.50376892089844,21971000
2021-09-01,79.70500183105469,80.06500244140625,79.38500213623047,79.44999694824219,76.52303314208984,20289800
2021-09-02,79.74500274658203,79.8499984741211,79.04499816894531,79.36499786376953,76.44116973876953,21769600
2021-09-03,79.2699966430664,79.88999938964844,79.24500274658203,79.68000030517578,76.74455261230469,21204800
2021-09-07,79.7750015258789,79.87000274658203,79.32499694824219,79.69999694824219,76.76383209228516,19721800
2021-09-08,79.69000244140625,79.71499633789062,78.83000183105469,79.3949966430664,76.47004699707031,11466400
2021-09-09,79.44999694824219,79.7249984741211,79.02999877929688,79.09500122070312,76.18110656738281,11161000
2021-09-10,79.53500366210938,79.7300033569336,78.23500061035156,78.31500244140625,75.42984008789062,17080200
2021-09-13,78.91000366210938,79.11499786376953,77.82499694824219,78.33999633789062,75.45391845703125,22637800
2021-09-14,78.67500305175781,78.83499908447266,78.02999877929688,78.23999786376953,75.35762786865234,18431600
2021-09-15,78.50499725341797,78.98999786376953,78.06500244140625,78.92500305175781,76.01738739013672,16339200
2021-09-16,78.6449966430664,79.05000305175781,78.16000366210938,78.97000122070312,76.06072235107422,16148600
2021-09-17,78.76499938964844,78.7699966430664,77.625,77.73999786376953,74.87602996826172,22663000
2021-09-20,76.46499633789062,76.8550033569336,75.17500305175781,76.19000244140625,73.51221466064453,35669400
2021-09-21,76.65499877929688,76.84500122070312,75.92500305175781,76.22000122070312,73.5411605834961,18455000
2021-09-22,76.63500213623047,77.56500244140625,76.29499816894531,77.26499938964844,74.54942321777344,27990600
2021-09-23,77.66500091552734,78.48500061035156,77.42500305175781,78.30000305175781,75.45997619628906,19534000
2021-09-24,77.82499694824219,78.48500061035156,77.79000091552734,78.3550033569336,75.51299285888672,11652400
2021-09-27,77.69499969482422,77.875,77.0999984741211,77.59500122070312,74.78057861328125,15015000
2021-09-28,76.5999984741211,76.7750015258789,75.23500061035156,75.29499816894531,72.56398010253906,38190600
2021-09-29,75.6050033569336,76.0,75.06999969482422,75.19999694824219,72.4724349975586,25012000
2021-09-30,75.63999938964844,75.96499633789062,74.62000274658203,74.66000366210938,71.9520263671875,33415600
2021-10-01,74.93000030517578,75.94999694824219,74.16999816894531,75.78500366210938,73.03620910644531,45483800
2021-10-04,75.3499984741211,75.44000244140625,73.44000244140625,74.02999877929688,71.34485626220703,50773000
2021-10-05,74.18000030517578,75.51499938964844,74.11000061035156,75.08499908447266,72.36160278320312,32967000
2021-10-06,74.22000122070312,75.62999725341797,73.9749984741211,75.57499694824219,72.83383178710938,40004800
2021-10-07,76.2300033569336,76.8550033569336,76.125,76.26499938964844,73.4988021850586,19895600
2021-10-08,76.55999755859375,76.61499786376953,75.8550033569336,75.9800033569336,73.2241439819336,18426400
2021-10-11,75.63999938964844,76.57499694824219,75.50499725341797,75.55999755859375,72.81937408447266,14970600
2021-10-12,75.8550033569336,75.94999694824219,75.04499816894531,75.16999816894531,72.44353485107422,17853400
2021-10-13,75.49500274658203,75.79499816894531,75.00499725341797,75.62999725341797,72.8868179321289,19521600
2021-10-14,76.4000015258789,77.37000274658203,76.29000091552734,77.33499908447266,74.52998352050781,15197200
2021-10-15,77.6050033569336,77.97000122070312,77.37000274658203,77.95500183105469,75.12749481201172,12779200
2021-10-18,77.5199966430664,78.65499877929688,77.30500030517578,78.61499786376953,75.76356506347656,11630200
2021-10-19,78.82499694824219,79.3949966430664,78.66500091552734,79.3949966430664,76.5152587890625,13201400
2021-10-20,79.47000122070312,79.58499908447266,78.83000183105469,79.17500305175781,76.30326080322266,12025400
2021-10-21,78.93499755859375,79.5199966430664,78.7699966430664,79.4800033569336,76.59719848632812,10023200
2021-10-22,79.44999694824219,79.77999877929688,78.875,79.20500183105469,76.3321533203125,12490000
2021-10-25,79.50499725341797,79.75,79.15499877929688,79.46499633789062,76.58273315429688,10336800
2021-10-26,80.0,80.33499908447266,79.6500015258789,79.69000244140625,76.79957580566406,13189600
2021-10-27,79.82499694824219,80.2300033569336,79.54000091552734,79.62000274658203,76.73212432861328,17448000
2021-10-28,80.1050033569336,80.4800033569336,79.95500183105469,80.41999816894531,77.50309753417969,12756800
2021-10-29,79.62999725341797,80.81500244140625,79.53500366210938,80.76499938964844,77.83560180664062,20131800
2021-11-01,80.76499938964844,80.80500030517578,80.23500061035156,80.6449966430664,77.71992492675781,24421200
2021-11-02,80.75499725341797,81.55500030517578,80.75499725341797,81.3550033569336,78.40418243408203,26814600
2021-11-03,81.49500274658203,82.0,81.0199966430664,81.83000183105469,78.86195373535156,25978600
2021-11-04,82.13999938964844,83.30999755859375,81.99500274658203,83.11000061035156,80.09552001953125,28691400
2021-11-05,83.72000122070312,84.01000213623047,83.0199966430664,83.54000091552734,80.50993347167969,24223600
2021-11-08,83.80999755859375,84.13500213623047,83.61499786376953,83.98999786376953,80.94359588623047,12781000
2021-11-09,84.11499786376953,84.20500183105469,83.22000122070312,83.6449966430664,80.61112213134766,16823000
2021-11-10,83.0,83.41500091552734,82.01499938964844,82.26499938964844,79.28118133544922,25788800
2021-11-11,82.8550033569336,82.88999938964844,82.51499938964844,82.6500015258789,79.65221405029297,10103800
2021-11-12,82.92500305175781,83.79499816894531,82.78500366210938,83.65499877929688,80.62076568603516,12244200
2021-11-15,83.98999786376953,84.11000061035156,83.09500122070312,83.56999969482422,80.53884887695312,12490200
2021-11-16,83.47000122070312,84.56500244140625,83.41999816894531,84.44999694824219,81.38690948486328,13538800
2021-11-17,84.28500366210938,84.7249984741211,83.93000030517578,84.19499969482422,81.14118194580078,15417800
2021-11-18,84.68000030517578,85.15499877929688,84.06999969482422,85.03500366210938,81.9507064819336,19964000
2021-11-19,85.33999633789062,85.9800033569336,85.05500030517578,85.65499877929688,82.54822540283203,17714600
2021-11-22,85.98999786376953,87.125,84.6500015258789,84.69999694824219,81.62784576416016,28451600
2021-11-23,84.375,84.7750015258789,83.43499755859375,84.50499725341797,81.43993377685547,29239800
2021-11-24,84.0,85.13999938964844,83.58999633789062,85.12000274658203,82.03262329101562,18241000
2021-11-26,83.90499877929688,84.55500030517578,82.66500091552734,82.99500274658203,79.9847183227539,24767800
2021-11-29,84.2300033569336,85.30000305175781,83.96499633789062,85.06999969482422,81.98444366455078,24979800
2021-11-30,84.75,85.5250015258789,83.63999938964844,84.36000061035156,81.3001937866211,54066800
2021-12-01,85.25,85.8949966430664,83.12999725341797,83.20500183105469,80.18708801269531,39084200
2021-12-02,82.43499755859375,84.3550033569336,82.25499725341797,83.97000122070312,80.9243392944336,46872400
2021-12-03,84.20999908447266,84.47000122070312,81.5250015258789,82.56500244140625,79.57029724121094,48470000
2021-12-06,82.80500030517578,83.5999984741211,81.94499969482422,83.3499984741211,80.32681274414062,37800400
2021-12-07,85.01000213623047,86.36499786376953,85.0,86.26000213623047,83.13128662109375,28691000
2021-12-08,86.29000091552734,86.71499633789062,85.69499969482422,86.65499877929688,83.5119400024414,23261600
2021-12-09,86.44000244140625,87.00499725341797,85.6500015258789,85.72000122070312,82.61087799072266,17201000
2021-12-10,86.62000274658203,87.55000305175781,86.36499786376953,87.44000244140625,84.26847839355469,24776600
2021-12-13,87.62000274658203,87.79000091552734,86.01499938964844,86.13999938964844,83.0156478881836,20974000
2021-12-14,85.0999984741211,85.6449966430664,83.70500183105469,84.7249984741211,81.6519546508789,27094800
2021-12-15,84.79499816894531,87.05500030517578,83.98999786376953,86.97000122070312,83.81552124023438,28270800
2021-12-16,87.29499816894531,87.43499755859375,84.00499725341797,84.50499725341797,81.43993377685547,31275600
2021-12-17,83.57499694824219,84.76000213623047,83.13999938964844,83.94000244140625,80.89542388916016,44821600
2021-12-20,82.5,83.04499816894531,82.18000030517578,82.78500366210938,79.93324279785156,32649600
2021-12-21,83.66999816894531,84.94999694824219,82.8949966430664,84.87999725341797,81.9560775756836,16810800
2021-12-22,84.76499938964844,86.05000305175781,84.54000091552734,85.98999786376953,83.02784729003906,13376200
2021-12-23,86.1050033569336,86.81500244140625,86.09500122070312,86.47000122070312,83.49131774902344,9792600
2021-12-27,86.81500244140625,88.34500122070312,86.79499816894531,88.32499694824219,85.28241729736328,13266600
2021-12-28,88.48999786376953,88.5199966430664,87.6449966430664,87.86499786376953,84.83826446533203,11422200
2021-12-29,87.8949966430664,88.29499816894531,87.48500061035156,87.94000244140625,84.91068267822266,9687800
2021-12-30,87.9749984741211,88.2699966430664,87.25499725341797,87.36000061035156,84.35065460205078,10526400
2021-12-31,87.2750015258789,87.48500061035156,86.8949966430664,86.93499755859375,83.9403076171875,10243000
2022-01-03,87.05000305175781,87.83999633789062,86.66999816894531,87.76000213623047,84.73686218261719,20302800
2022-01-04,87.91000366210938,88.0,86.17500305175781,86.83000183105469,83.83891296386719,16648000
2022-01-05,86.32499694824219,86.38999938964844,84.12999725341797,84.16000366210938,81.26091003417969,23628400
2022-01-06,83.48999786376953,84.5999984741211,83.23500061035156,83.73500061035156,80.85052490234375,23767200
2022-01-07,83.68000030517578,84.08000183105469,82.41999816894531,82.96499633789062,80.10704803466797,30488600
2022-01-10,81.7300033569336,83.08499908447266,80.6449966430664,82.9800033569336,80.12154388427734,32501400
2022-01-11,82.76499938964844,84.09500122070312,82.1500015258789,83.9749984741211,81.082275390625,19207600
2022-01-12,84.5999984741211,85.18000030517578,83.94999694824219,84.37000274658203,81.46365356445312,18144000
2022-01-13,84.80500030517578,85.05000305175781,81.9749984741211,82.18499755859375,79.35392761230469,20942600
2022-01-14,81.625,82.93000030517578,81.625,82.87999725341797,80.02497863769531,22351400
2022-01-18,81.67500305175781,82.16000366210938,80.66500091552734,80.88999938964844,78.1035385131836,24694200
2022-01-19,81.1449966430664,82.1449966430664,79.68000030517578,79.76000213623047,77.01244354248047,24961400
2022-01-20,80.47000122070312,81.375,78.625,78.7300033569336,76.01793670654297,37609000
2022-01-21,78.54000091552734,79.44499969482422,77.1449966430664,77.16500091552734,74.5068359375,48016600
2022-01-24,75.87999725341797,77.62000274658203,73.12000274658203,77.56500244140625,74.8930892944336,67413400
2022-01-25,76.04499816894531,77.20999908447266,74.9000015258789,75.7699966430664,73.1598892211914,48886200
2022-01-26,77.83000183105469,78.73999786376953,75.30999755859375,76.21499633789062,73.58956146240234,53596200
2022-01-27,77.44999694824219,77.86000061035156,75.41500091552734,75.69000244140625,73.08264923095703,39446800
2022-01-28,76.62999725341797,79.0199966430664,75.48999786376953,79.0,76.27863311767578,44236000
2022-01-31,79.0199966430664,81.08999633789062,78.63500213623047,80.98500061035156,78.19524383544922,29121000
2022-02-01,81.09500122070312,81.33000183105469,80.0199966430664,81.19499969482422,78.39801788330078,23389800
2022-02-02,81.37000274658203,81.98999786376953,80.81999969482422,81.8550033569336,79.03529357910156,25504800
2022-02-03,80.69499969482422,81.24500274658203,79.18499755859375,79.4800033569336,76.74211120605469,27865400
2022-02-04,79.05500030517578,80.5,78.72000122070312,79.80000305175781,77.05108642578125,29721400
2022-02-07,79.86000061035156,80.33499908447266,78.96499633789062,79.2699966430664,76.53932189941406,14622600
2022-02-08,79.0199966430664,80.46499633789062,78.83499908447266,80.25,77.4855728149414,21139800
2022-02-09,81.28500366210938,82.05500030517578,80.94999694824219,82.02999877929688,79.20425415039062,17795600
2022-02-10,80.4000015258789,81.76499938964844,79.46499633789062,79.88500213623047,77.13314056396484,31692200
2022-02-11,79.96499633789062,80.31500244140625,77.1500015258789,77.44499969482422,74.77721405029297,34878800
2022-02-14,77.23999786376953,78.04499816894531,76.5199966430664,77.41999816894531,74.7530746459961,41030400
2022-02-15,78.58499908447266,79.51000213623047,78.30999755859375,79.45500183105469,76.71797943115234,24437400
2022-02-16,78.91500091552734,79.6500015258789,78.05500030517578,79.375,76.64070129394531,20318200
2022-02-17,78.63500213623047,78.71499633789062,76.8550033569336,77.0,74.3475341796875,24906400
2022-02-18,77.26499938964844,77.375,75.63500213623047,76.22000122070312,73.59440612792969,25310800
2022-02-22,75.41999816894531,76.7249984741211,74.69000244140625,75.51499938964844,72.91368865966797,26893600
2022-02-23,76.30000305175781,76.50499725341797,73.54499816894531,73.625,71.08879089355469,37879400
2022-02-24,71.09500122070312,76.19499969482422,70.86000061035156,76.13999938964844,73.51715850830078,50967800
2022-02-25,76.25499725341797,77.19999694824219,75.31999969482422,77.17500305175781,74.5165023803711,28301600
2022-02-28,76.3550033569336,77.36000061035156,75.71499633789062,77.03500366210938,74.38133239746094,34822200
2022-03-01,76.74500274658203,77.13999938964844,74.90499877929688,75.49500274658203,72.8943862915039,29925000
2022-03-02,76.05000305175781,77.44999694824219,75.45999908447266,77.12999725341797,74.47305297851562,25592400
2022-03-03,77.77999877929688,77.78500366210938,75.81999969482422,76.20999908447266,73.5847396850586,23450600
2022-03-04,75.61499786376953,75.93000030517578,74.27999877929688,74.875,72.29574584960938,26731200
2022-03-07,74.80999755859375,75.15499877929688,72.09500122070312,72.13500213623047,69.6501235961914,32864200
2022-03-08,71.94000244140625,74.01499938964844,70.7249984741211,71.78500366210938,69.31217193603516,36898400
2022-03-09,73.73500061035156,74.96499633789062,73.1449966430664,74.625,72.05435180664062,35327400
2022-03-10,73.30500030517578,73.5250015258789,72.20999908447266,73.31999969482422,70.7942886352539,27448400
2022-03-11,73.97000122070312,74.15499877929688,71.91999816894531,72.02999877929688,69.54872131347656,21457800
2022-03-14,71.69999694824219,72.51499938964844,70.48999786376953,70.69499969482422,68.25972747802734,27852400
2022-03-15,71.25499725341797,73.21499633789062,71.0199966430664,73.06999969482422,70.55290222167969,22993800
2022-03-16,73.99500274658203,75.4749984741211,72.81999969482422,75.44499969482422,72.84609985351562,27176000
2022-03-17,75.04000091552734,76.02999877929688,74.63500213623047,75.9800033569336,73.3626708984375,18518800
2022-03-18,75.70999908447266,77.67500305175781,75.33999633789062,77.53500366210938,74.8641128540039,27897800
2022-03-21,76.9749984741211,77.65499877929688,76.2300033569336,77.24500274658203,74.72190856933594,22341400
2022-03-22,77.30000305175781,78.76000213623047,77.19499969482422,78.3550033569336,75.79564666748047,17485800
2022-03-23,77.625,78.33999633789062,77.07499694824219,77.1500015258789,74.63001251220703,12360600
2022-03-24,77.58000183105469,79.17500305175781,77.31999969482422,79.15499877929688,76.56951904296875,14263400
2022-03-25,79.27999877929688,79.38999938964844,78.12000274658203,79.11000061035156,76.52599334716797,14874600
2022-03-28,78.74500274658203,80.08499908447266,78.54499816894531,80.05000305175781,77.4352798461914,18593000
2022-03-29,80.98500061035156,81.82499694824219,80.40499877929688,81.75,79.07975769042969,18829800
2022-03-30,81.33000183105469,81.55999755859375,80.23500061035156,80.66000366210938,78.02535247802734,18680200
2022-03-31,80.6500015258789,80.80000305175781,79.34500122070312,79.46499633789062,76.869384765625,19424000
2022-04-01,79.54499816894531,79.7300033569336,78.34500122070312,79.2300033569336,76.64208221435547,28209600
2022-04-04,79.43499755859375,80.7750015258789,79.40499877929688,80.73500061035156,78.09790802001953,23048200
2022-04-05,80.38500213623047,80.56999969482422,78.76000213623047,79.03500366210938,76.45343780517578,23588200
2022-04-06,77.72000122070312,77.9000015258789,76.4800033569336,77.16500091552734,74.64450073242188,34225400
2022-04-07,76.75499725341797,77.80500030517578,76.2300033569336,77.28500366210938,74.76060485839844,23200200
2022-04-08,76.94000244140625,77.12000274658203,76.04000091552734,76.20500183105469,73.71587371826172,26354600
2022-04-11,75.25,75.34500122070312,74.18499755859375,74.28500366210938,71.85859680175781,21595400
2022-04-12,75.20500183105469,75.7750015258789,73.67500305175781,73.95500183105469,71.53936004638672,22172200
2022-04-13,74.0,75.375,73.7249984741211,75.1449966430664,72.69047546386719,14446800
2022-04-14,75.2249984741211,75.36000061035156,73.28500366210938,73.31999969482422,70.92511749267578,17407000
2022-04-18,72.95999908447266,74.03500366210938,72.94000244140625,73.55999755859375,71.15727996826172,14060600
2022-04-19,73.375,75.06999969482422,73.1050033569336,74.94000244140625,72.49220275878906,13562200
2022-04-20,75.66500091552734,75.86499786376953,74.6500015258789,74.87000274658203,72.42449188232422,15652600
2022-04-21,75.5999984741211,76.30999755859375,73.375,73.5999984741211,71.19596862792969,18509200
2022-04-22,73.5199966430664,73.94999694824219,71.44000244140625,71.54000091552734,69.20326232910156,22094800
2022-04-25,71.2249984741211,72.66500091552734,70.77999877929688,72.61499786376953,70.24313354492188,28707600
2022-04-26,71.95500183105469,72.06500244140625,69.875,69.91000366210938,67.6264877319336,25953200
2022-04-27,70.69000244140625,72.30999755859375,70.53500366210938,70.94499969482422,68.62769317626953,40048600
2022-04-28,72.05999755859375,74.20500183105469,71.67500305175781,73.78500366210938,71.37492370605469,27762400
2022-04-29,72.9800033569336,73.83000183105469,70.57499694824219,70.70999908447266,68.40037536621094,29589800
2022-05-02,70.62999725341797,71.87999725341797,69.83000183105469,71.78500366210938,69.44025421142578,37004400
2022-05-03,71.7750015258789,72.3499984741211,71.24500274658203,71.91000366210938,69.56117248535156,27469800
2022-05-04,72.19000244140625,74.56999969482422,70.99500274658203,74.43499755859375,72.0036849975586,28650400
2022-05-05,73.33999633789062,73.43000030517578,70.01000213623047,70.8550033569336,68.5406265258789,36442200
2022-05-06,70.20999908447266,71.41000366210938,69.2300033569336,70.28500366210938,67.98925018310547,34862200
2022-05-09,69.01499938964844,69.45999908447266,67.25499725341797,67.56500244140625,65.35809326171875,41124600
2022-05-10,69.17500305175781,69.56500244140625,67.57499694824219,68.59500122070312,66.35443878173828,36370400
2022-05-11,67.9749984741211,69.26499938964844,66.2249984741211,66.43000030517578,64.26016235351562,34781800
2022-05-12,65.44499969482422,66.69999694824219,64.21499633789062,65.74500274658203,63.5975456237793,36506600
2022-05-13,66.63999938964844,68.26499938964844,66.20999908447266,67.93000030517578,65.7111587524414,24495400
2022-05-16,67.36499786376953,68.23500061035156,66.75499725341797,67.33000183105469,65.13076782226562,17423400
2022-05-17,68.77999877929688,69.38500213623047,68.0,69.27999877929688,67.01705932617188,18602200
2022-05-18,68.36499786376953,68.56500244140625,65.86000061035156,66.11000061035156,63.95061111450195,23670200
2022-05-19,65.61499786376953,66.51000213623047,65.07499694824219,65.38500213623047,63.24928665161133,20874800
2022-05-20,66.29499816894531,66.4749984741211,63.52000045776367,65.52999877929688,63.389564514160156,20252600
2022-05-23,65.73500061035156,67.12000274658203,65.52999877929688,67.03500366210938,64.84540557861328,17219600
2022-05-24,66.0999984741211,66.43499755859375,64.88500213623047,66.04000091552734,63.88290023803711,17122000
2022-05-25,65.6050033569336,67.30500030517578,65.55500030517578,66.80999755859375,64.62774658203125,13656600
2022-05-26,66.41999816894531,68.70999908447266,66.27999877929688,68.41500091552734,66.1803207397461,15556600
2022-05-27,69.18000030517578,70.74500274658203,69.05000305175781,70.7300033569336,68.4197006225586,16281800
2022-05-31,70.45500183105469,70.91500091552734,69.54000091552734,70.2249984741211,67.93119812011719,19420800
2022-06-01,70.9800033569336,71.45999908447266,69.49500274658203,70.01499938964844,67.72806549072266,13304800
2022-06-02,69.5199966430664,71.71499633789062,69.19499969482422,71.70999908447266,69.36768341064453,13868400
2022-06-03,70.3499984741211,70.83499908447266,69.66999816894531,69.99500274658203,67.70872497558594,11263800
2022-06-06,70.875,71.31500244140625,69.65499877929688,70.0,67.71355438232422,12589600
2022-06-07,69.25499725341797,70.97000122070312,69.11499786376953,70.83499908447266,68.52127838134766,11016600
2022-06-08,70.625,70.96499633789062,69.83999633789062,70.03500366210938,67.74742126464844,8814200
2022-06-09,69.5250015258789,70.20500183105469,68.1500015258789,68.16500091552734,65.93850708007812,9765200
2022-06-10,66.98999786376953,67.19999694824219,65.5250015258789,65.54499816894531,63.40406799316406,20886400
2022-06-13,63.47999954223633,64.08499908447266,62.40999984741211,62.63999938964844,60.593955993652344,36332600
2022-06-14,63.11000061035156,63.45500183105469,62.45000076293945,63.03499984741211,60.97605895996094,18250400
2022-06-15,63.81999969482422,65.31500244140625,62.95500183105469,64.36499786376953,62.262611389160156,25069600
2022-06-16,62.72999954223633,62.78499984741211,61.23500061035156,61.744998931884766,59.72819137573242,32690800
2022-06-17,61.73500061035156,62.900001525878906,61.29999923706055,62.310001373291016,60.274742126464844,27684200
2022-06-21,63.05500030517578,64.18000030517578,63.05500030517578,63.72999954223633,61.808555603027344,17245000
2022-06-22,63.03499984741211,64.33999633789062,62.86000061035156,63.459999084472656,61.546695709228516,15163400
2022-06-23,64.00499725341797,64.53500366210938,63.41999816894531,64.41000366210938,62.46805191040039,16042200
2022-06-24,65.1500015258789,66.73999786376953,65.1500015258789,66.7249984741211,64.7132568359375,25492200
2022-06-27,66.94000244140625,67.13999938964844,65.9749984741211,66.2750015258789,64.27682495117188,13917200
2022-06-28,66.33499908447266,66.99500274658203,64.26000213623047,64.29000091552734,62.35167694091797,15260800
2022-06-29,64.20999908447266,64.80500030517578,63.689998626708984,64.41999816894531,62.47774887084961,13607200
2022-06-30,63.564998626708984,64.36000061035156,62.55500030517578,63.560001373291016,61.64368438720703,15720400
2022-07-01,63.15999984741211,63.8650016784668,62.6150016784668,63.70500183105469,61.78430938720703,13930600
2022-07-05,62.84000015258789,64.5199966430664,62.47999954223633,64.50499725341797,62.5601806640625,14341000
2022-07-06,64.6449966430664,65.58000183105469,64.32499694824219,65.05999755859375,63.09844207763672,16167000
2022-07-07,65.34500122070312,66.55500030517578,65.34500122070312,66.40499877929688,64.40290832519531,13082200
2022-07-08,65.69499969482422,66.6500015258789,65.48999786376953,66.43499755859375,64.43199920654297,12627000
2022-07-11,65.8550033569336,66.13999938964844,65.06999969482422,65.5199966430664,63.544578552246094,11416600
2022-07-12,65.76000213623047,66.12999725341797,64.24500274658203,64.625,62.67656326293945,16553400
2022-07-13,63.40999984741211,64.87000274658203,63.130001068115234,64.45500183105469,62.51169204711914,15162600
2022-07-14,63.939998626708984,65.2750015258789,63.1150016784668,65.04499816894531,63.08391189575195,13728800
2022-07-15,65.66999816894531,66.22000122070312,65.3949966430664,66.19000244140625,64.19438934326172,13529200
2022-07-18,66.83999633789062,67.08000183105469,65.30000305175781,65.55000305175781,63.57369613647461,9897600
2022-07-19,66.27999877929688,67.62000274658203,65.87999725341797,67.55000305175781,65.51339721679688,12330600
2022-07-20,67.55999755859375,68.88999938964844,67.37999725341797,68.6050033569336,66.53656768798828,12537200
2022-07-21,68.69000244140625,69.58499908447266,67.9749984741211,69.56999969482422,67.47247314453125,12957600
2022-07-22,69.54000091552734,69.82499694824219,68.21499633789062,68.61000061035156,66.54142761230469,10583600
2022-07-25,68.58000183105469,68.65499877929688,67.66000366210938,68.17500305175781,66.11954498291016,13951200
2022-07-26,68.12000274658203,68.13999938964844,66.81999969482422,67.06999969482422,65.04784393310547,10167800
2022-07-27,68.17500305175781,70.31999969482422,68.07499694824219,69.95500183105469,67.84587097167969,17076200
2022-07-28,70.03500366210938,71.18000030517578,69.41000366210938,71.0199966430664,68.8787612915039,12408000
2022-07-29,71.23999786376953,72.33499908447266,70.94000244140625,72.11000061035156,69.93589782714844,10177400
2022-08-01,71.45999908447266,72.67500305175781,71.28500366210938,71.95500183105469,69.78557586669922,12515800
2022-08-02,71.33499908447266,72.2699966430664,70.83000183105469,71.44499969482422,69.29094696044922,15921800
2022-08-03,71.79499816894531,73.55000305175781,71.77999877929688,73.34500122070312,71.13365936279297,14243200
2022-08-04,73.31999969482422,73.71499633789062,72.8499984741211,73.68000030517578,71.45855712890625,11679800
2022-08-05,72.5,73.71499633789062,72.44000244140625,73.51000213623047,71.29369354248047,7921000
2022-08-08,73.44499969482422,74.01499938964844,72.48999786376953,72.88500213623047,70.6875228881836,11102200
2022-08-09,72.29499816894531,72.44000244140625,71.76499938964844,72.15499877929688,69.97955322265625,8565600
2022-08-10,73.87000274658203,74.18499755859375,73.27999877929688,74.125,71.8901596069336,19273200
2022-08-11,74.58999633789062,75.0250015258789,73.69999694824219,73.83499908447266,71.60888671875,11025800
2022-08-12,74.31999969482422,75.30999755859375,74.08999633789062,75.30500030517578,73.03457641601562,8093600
2022-08-15,75.00499725341797,75.88999938964844,74.91999816894531,75.77999877929688,73.4952621459961,7162600
2022-08-16,75.43499755859375,75.93000030517578,74.87000274658203,75.57499694824219,73.29643249511719,10990600
2022-08-17,74.88500213623047,75.61000061035156,74.49500274658203,75.03500366210938,72.772705078125,12632800
2022-08-18,75.11000061035156,75.7249984741211,74.81999969482422,75.42500305175781,73.15096282958984,9976800
2022-08-19,74.80500030517578,74.8949966430664,73.88999938964844,74.05500030517578,71.82227325439453,10146200
2022-08-22,73.04499816894531,73.06999969482422,71.80999755859375,71.98999786376953,69.81951141357422,10744200
2022-08-23,71.8499984741211,72.55999755859375,71.70500183105469,71.80000305175781,69.63526153564453,14777200
2022-08-24,71.75,72.1500015258789,71.44999694824219,71.84500122070312,69.67889404296875,8983200
2022-08-25,72.02999877929688,73.06500244140625,71.93499755859375,73.05999755859375,70.85726165771484,7126600
2022-08-26,73.02999877929688,73.20500183105469,69.88999938964844,69.94000244140625,67.83133697509766,14321800
2022-08-29,69.18499755859375,69.69000244140625,68.75,69.01499938964844,66.93421936035156,13231600
2022-08-30,69.40499877929688,69.5250015258789,67.67500305175781,68.29499816894531,66.23591613769531,13268800
2022-08-31,68.70500183105469,68.92500305175781,67.59500122070312,67.62999725341797,65.59097290039062,14171400
2022-09-01,66.97000122070312,67.38500213623047,65.88999938964844,67.30000305175781,65.27090454101562,15988600
2022-09-02,67.99500274658203,68.37999725341797,66.07499694824219,66.42500305175781,64.42228698730469,16606600
2022-09-06,66.51499938964844,66.80000305175781,65.55000305175781,65.98500061035156,63.995567321777344,14990000
2022-09-07,66.11499786376953,67.30999755859375,65.88999938964844,67.04000091552734,65.01874542236328,11657000
2022-09-08,66.54499816894531,67.62000274658203,66.24500274658203,67.2699966430664,65.24180603027344,11210600
2022-09-09,67.83000183105469,68.78500366210938,67.69999694824219,68.5999984741211,66.53172302246094,11418600
2022-09-12,69.0250015258789,69.7300033569336,69.01499938964844,69.69999694824219,67.59856414794922,10181000
2022-09-13,67.70999908447266,68.08999633789062,65.81999969482422,66.0,64.01012420654297,20148800
2022-09-14,66.30999755859375,66.7249984741211,65.6050033569336,66.23999786376953,64.24288177490234,13229200
2022-09-15,65.70999908447266,66.11000061035156,64.32499694824219,64.71499633789062,62.76385498046875,14885200
2022-09-16,64.1500015258789,64.48999786376953,63.439998626708984,64.3550033569336,62.414710998535156,20762200
2022-09-19,63.55500030517578,64.77999877929688,63.51499938964844,64.72000122070312,62.92367935180664,15683000
2022-09-20,64.11499786376953,64.74500274658203,63.779998779296875,64.33999633789062,62.554222106933594,12109400
2022-09-21,64.67500305175781,65.625,63.32500076293945,63.334999084472656,61.577125549316406,16808800
2022-09-22,62.97999954223633,63.380001068115234,62.334999084472656,62.689998626708984,60.95001983642578,16033800
2022-09-23,62.119998931884766,62.21500015258789,61.05500030517578,61.869998931884766,60.15278625488281,19396200
2022-09-26,61.68000030517578,62.71500015258789,61.26499938964844,61.439998626708984,59.73472213745117,17193600
2022-09-27,62.255001068115234,62.84000015258789,60.95000076293945,61.52000045776367,59.812496185302734,18714800
2022-09-28,61.11000061035156,62.470001220703125,60.63999938964844,62.16999816894531,60.4444580078125,18933400
2022-09-29,61.279998779296875,61.41999816894531,59.834999084472656,60.54999923706055,58.86943054199219,31096600
2022-09-30,60.30500030517578,61.20000076293945,59.279998779296875,59.38999938964844,57.74161911010742,19513000
2022-10-03,59.86000061035156,61.595001220703125,59.630001068115234,61.22999954223633,59.530548095703125,17332200
2022-10-04,62.470001220703125,63.35499954223633,62.42499923706055,63.28499984741211,61.52851486206055,17779000
2022-10-05,62.43000030517578,63.95500183105469,62.064998626708984,63.494998931884766,61.73268127441406,14600400
2022-10-06,63.33000183105469,64.0250015258789,62.900001525878906,62.974998474121094,61.227115631103516,14348200
2022-10-07,61.689998626708984,61.69499969482422,60.060001373291016,60.3849983215332,58.70900344848633,15749000
2022-10-10,60.3849983215332,60.470001220703125,58.775001525878906,59.369998931884766,57.72217559814453,16706200
2022-10-11,59.029998779296875,59.439998626708984,58.025001525878906,58.459999084472656,56.83742904663086,21044800
2022-10-12,58.505001068115234,58.904998779296875,58.18000030517578,58.279998779296875,56.66242980957031,14111600
2022-10-13,56.70500183105469,60.404998779296875,56.48500061035156,60.09000015258789,58.42218017578125,38114600
2022-10-14,60.58000183105469,60.709999084472656,58.30500030517578,58.400001525878906,56.77909469604492,22484000
2022-10-17,59.83000183105469,60.47999954223633,59.66999816894531,60.18000030517578,58.50969314575195,14599600
2022-10-18,61.7400016784668,61.959999084472656,59.92499923706055,60.689998626708984,59.005531311035156,13998000
2022-10-19,60.15999984741211,61.1150016784668,59.904998779296875,60.51499938964844,58.83539962768555,10984000
2022-10-20,60.53499984741211,61.8650016784668,60.25,60.54999923706055,58.86943054199219,12429600
2022-10-21,60.400001525878906,62.29999923706055,60.19499969482422,62.16999816894531,60.4444580078125,17126000
2022-10-24,62.435001373291016,63.2599983215332,61.67499923706055,63.029998779296875,61.28058624267578,13385200
2022-10-25,63.185001373291016,64.27999877929688,63.185001373291016,64.23500061035156,62.452144622802734,10265000
2022-10-26,62.6150016784668,64.12999725341797,62.51499938964844,62.80500030517578,61.06183624267578,15169400
2022-10-27,63.040000915527344,63.42499923706055,61.94499969482422,62.09000015258789,60.36668014526367,11694800
2022-10-28,62.435001373291016,64.92500305175781,62.435001373291016,64.79000091552734,62.991729736328125,14935400
2022-10-31,64.1449966430664,64.31999969482422,63.55500030517578,63.935001373291016,62.16047668457031,13292200
2022-11-01,64.7300033569336,64.84500122070312,63.125,63.400001525878906,61.64032745361328,9413200
2022-11-02,63.35499954223633,64.16999816894531,61.189998626708984,61.209999084472656,59.5111083984375,18092400
2022-11-03,60.35499954223633,60.46500015258789,59.3650016784668,59.40999984741211,57.76106262207031,16010600
2022-11-04,60.64500045776367,60.810001373291016,59.11000061035156,60.494998931884766,58.815956115722656,17896200
2022-11-07,60.599998474121094,61.60499954223633,60.16999816894531,61.505001068115234,59.797916412353516,10427600
2022-11-08,62.01499938964844,62.845001220703125,61.18000030517578,62.095001220703125,60.37154006958008,12722000
2022-11-09,61.52000045776367,61.54499816894531,60.38999938964844,60.47999954223633,58.801361083984375,11962600
2022-11-10,63.46500015258789,65.5199966430664,63.14500045776367,65.44999694824219,63.633419036865234,27932200
2022-11-11,65.38999938964844,66.79000091552734,65.06999969482422,66.56999969482422,64.72233581542969,15977800
2022-11-14,66.04499816894531,66.82499694824219,65.68499755859375,66.0,64.16815948486328,14526600
2022-11-15,67.5,67.7750015258789,66.12999725341797,66.80000305175781,64.9459457397461,12716200
2022-11-16,66.28500366210938,66.4800033569336,65.61000061035156,65.88500213623047,64.05634307861328,10095800
2022-11-17,64.83499908447266,66.2750015258789,64.80999755859375,65.97000122070312,64.13899993896484,8149600
2022-11-18,66.71499633789062,66.73500061035156,65.48999786376953,66.04499816894531,64.21189880371094,11912400
2022-11-21,65.66999816894531,65.94000244140625,65.20500183105469,65.33499908447266,63.52162170410156,8363800
2022-11-22,65.62000274658203,66.63500213623047,65.1500015258789,66.5999984741211,64.75151062011719,9019200
2022-11-23,66.45500183105469,67.38999938964844,66.41000366210938,67.19000244140625,65.32511901855469,9480600
2022-11-25,66.73500061035156,67.00499725341797,66.6050033569336,66.80000305175781,64.9459457397461,3263000
2022-11-28,66.04499816894531,66.47000122070312,65.1050033569336,65.37000274658203,63.55565643310547,13030200
2022-11-29,65.28500366210938,65.4800033569336,64.46499633789062,64.7300033569336,62.933414459228516,11570200
2022-11-30,64.69999694824219,67.98999786376953,64.63500213623047,67.9800033569336,66.09320068359375,23334400
2022-12-01,68.04499816894531,68.4000015258789,67.23500061035156,68.07499694824219,66.1855697631836,15165800
2022-12-02,66.93499755859375,67.90499877929688,66.67500305175781,67.68000030517578,65.80152893066406,8934400
2022-12-05,67.16000366210938,67.53500366210938,66.11499786376953,66.55500030517578,64.70774841308594,11526200
2022-12-06,66.48500061035156,66.58499908447266,64.70999908447266,65.12999725341797,63.32229232788086,11799200
2022-12-07,64.8949966430664,65.30000305175781,64.33499908447266,64.80000305175781,63.001468658447266,10413800
2022-12-08,65.16000366210938,66.05000305175781,64.7699966430664,65.86000061035156,64.03203582763672,8965800
2022-12-09,65.56500244140625,66.375,65.20999908447266,65.45500183105469,63.638282775878906,10402800
2022-12-12,65.55999755859375,66.88500213623047,65.54000091552734,66.88500213623047,65.02859497070312,14806200
2022-12-13,69.31999969482422,69.66500091552734,66.98999786376953,67.67500305175781,65.7966537475586,18607600
2022-12-14,67.61000061035156,68.4000015258789,66.31999969482422,67.1050033569336,65.24247741699219,19541000
2022-12-15,66.00499725341797,66.25,64.3499984741211,64.59500122070312,62.802154541015625,19223800
2022-12-16,64.375,64.75499725341797,63.415000915527344,63.7400016784668,61.97088623046875,23999200
2022-12-19,63.564998626708984,63.665000915527344,62.29499816894531,62.709999084472656,61.144535064697266,14276600
2022-12-20,62.380001068115234,63.125,62.08000183105469,62.80500030517578,61.23716354370117,12622000
2022-12-21,63.095001220703125,64.1449966430664,62.939998626708984,63.845001220703125,62.2512092590332,14670600
2022-12-22,63.04499816894531,63.1150016784668,61.18000030517578,62.23500061035156,60.681400299072266,15323600
2022-12-23,61.790000915527344,62.36000061035156,61.334999084472656,62.29999923706055,60.744773864746094,8231600
2022-12-27,62.084999084472656,62.19499969482422,61.345001220703125,61.709999084472656,60.16949462890625,9530200
2022-12-28,61.560001373291016,62.1349983215332,60.64500045776367,60.71500015258789,59.1993408203125,10362600
2022-12-29,61.310001373291016,62.51499938964844,61.30500030517578,62.30500030517578,60.7496452331543,10954200
2022-12-30,61.65999984741211,62.255001068115234,61.275001525878906,62.220001220703125,60.66677474975586,8905800
2023-01-03,62.8849983215332,63.29999923706055,61.189998626708984,61.630001068115234,60.091495513916016,15196200
2023-01-04,61.95000076293945,62.185001373291016,61.11000061035156,61.790000915527344,60.247501373291016,11813000
2023-01-05,61.47999954223633,61.63999938964844,60.48500061035156,60.59000015258789,59.07746505737305,11341000
2023-01-06,61.125,62.64500045776367,60.404998779296875,62.3650016784668,60.80815505981445,13825400
2023-01-09,62.92499923706055,64.23999786376953,62.904998779296875,63.09000015258789,61.515045166015625,21427200
2023-01-10,62.935001373291016,63.58000183105469,62.599998474121094,63.47999954223633,61.89530944824219,17209000
2023-01-11,63.68000030517578,64.58000183105469,63.48500061035156,64.58000183105469,62.96784973144531,13758000
2023-01-12,64.68000030517578,65.3550033569336,63.88999938964844,65.05999755859375,63.43586730957031,15358600
2023-01-13,64.44499969482422,65.33999633789062,64.29499816894531,65.24500274658203,63.61626434326172,10153200
2023-01-17,65.15499877929688,65.92500305175781,65.07499694824219,65.54000091552734,63.90391159057617,10425800
2023-01-18,65.91000366210938,66.26000213623047,64.65499877929688,64.69499969482422,63.07998275756836,13936000
2023-01-19,64.19000244140625,64.55000305175781,63.70500183105469,63.939998626708984,62.34382247924805,14645000
2023-01-20,64.26000213623047,65.72000122070312,64.02999877929688,65.66999816894531,64.03064727783203,14127800
2023-01-23,65.93499755859375,67.55000305175781,65.78500366210938,67.16500091552734,65.48831176757812,23472600
2023-01-24,66.78500366210938,67.38999938964844,66.68499755859375,67.13500213623047,65.45909118652344,12575600
2023-01-25,66.0,67.16500091552734,65.38500213623047,66.99500274658203,65.32257080078125,14342200
2023-01-26,67.6500015258789,68.09500122070312,66.94999694824219,68.06500244140625,66.36585235595703,11161800
2023-01-27,67.63500213623047,68.83000183105469,67.6050033569336,68.3499984741211,66.64374542236328,13549400
2023-01-30,67.56500244140625,67.86000061035156,66.98999786376953,67.04499816894531,65.37133026123047,9705600
2023-01-31,67.04499816894531,68.01000213623047,67.0,67.9800033569336,66.28296661376953,8871600
2023-02-01,67.93000030517578,70.13500213623047,67.6050033569336,69.58000183105469,67.8430404663086,18852800
2023-02-02,70.7699966430664,71.87999725341797,70.44499969482422,71.4800033569336,69.69561767578125,18824000
2023-02-03,70.25,72.04499816894531,70.1449966430664,70.88500213623047,69.11546325683594,16145400
2023-02-06,70.0999984741211,70.6500015258789,69.75499725341797,70.0199966430664,68.27204895019531,12977400
2023-02-07,70.125,72.04000091552734,70.09500122070312,71.7699966430664,69.9783706665039,15708200
2023-02-08,71.91000366210938,72.29499816894531,70.76000213623047,70.90499877929688,69.13495635986328,12577000
2023-02-09,72.0,72.12000274658203,70.23500061035156,70.51499938964844,68.75469207763672,12624000
2023-02-10,69.98999786376953,70.43000030517578,69.5250015258789,70.19000244140625,68.43780517578125,9861600
2023-02-13,70.46499633789062,71.55999755859375,70.41999816894531,71.40499877929688,69.62248992919922,8411800
2023-02-14,71.06999969482422,72.11499786376953,70.625,71.70999908447266,69.91986846923828,12622000
2023-02-15,71.2750015258789,72.05000305175781,71.1050033569336,72.04499816894531,70.24649810791016,10491000
2023-02-16,71.0,71.80500030517578,70.73999786376953,70.79499816894531,69.02770233154297,13001200
2023-02-17,70.29000091552734,70.37000274658203,69.30000305175781,69.91000366210938,68.16481018066406,10606600
2023-02-21,68.9749984741211,69.38999938964844,68.19000244140625,68.25,66.5462417602539,12277800
2023-02-22,68.38999938964844,68.69999694824219,67.82499694824219,68.1500015258789,66.44873809814453,14338400
2023-02-23,69.41999816894531,69.54000091552734,68.30500030517578,69.27999877929688,67.5505142211914,13120000
2023-02-24,68.05000305175781,68.33999633789062,67.6500015258789,68.04499816894531,66.34635162353516,14347400
2023-02-27,68.7300033569336,69.08000183105469,68.28500366210938,68.41000366210938,66.70226287841797,9389000
2023-02-28,68.19000244140625,68.91999816894531,68.06999969482422,68.26000213623047,66.55598449707031,10485800
2023-03-01,68.29000091552734,68.4000015258789,67.55000305175781,67.76000213623047,66.06847381591797,15069400
2023-03-02,67.57499694824219,68.80999755859375,67.45999908447266,68.59500122070312,66.88262176513672,10969400
2023-03-03,69.03500366210938,70.07499694824219,68.97000122070312,70.06999969482422,68.32081604003906,14439600
2023-03-06,70.5199966430664,71.36000061035156,70.3499984741211,70.40499877929688,68.64742279052734,15999200
2023-03-07,70.3499984741211,70.62000274658203,69.3550033569336,69.52999877929688,67.79427337646484,14120000
2023-03-08,69.7750015258789,70.19000244140625,69.36499786376953,70.1050033569336,68.35494232177734,13247000
2023-03-09,70.21499633789062,71.00499725341797,68.96499633789062,69.0999984741211,67.3750228881836,15624600
2023-03-10,69.0,69.17500305175781,67.61499786376953,67.88500213623047,66.19036102294922,30556800
2023-03-13,67.45999908447266,69.19999694824219,67.04000091552734,68.25499725341797,66.55113220214844,34439400
2023-03-14,69.13500213623047,70.07499694824219,68.8499984741211,69.83000183105469,68.08679962158203,21202200
2023-03-15,69.06500244140625,69.95500183105469,68.7300033569336,69.87000274658203,68.12580871582031,23060000
2023-03-16,69.625,71.93000030517578,69.3949966430664,71.83000183105469,70.036865234375,26086800
2023-03-17,71.97000122070312,72.58999633789062,71.30999755859375,71.7300033569336,69.93936157226562,23078600
2023-03-20,71.44499969482422,71.8550033569336,70.91000366210938,71.76499938964844,70.12796020507812,11981600
2023-03-21,72.15499877929688,72.4749984741211,71.40499877929688,72.34500122070312,70.6947250366211,13066400
2023-03-22,72.34500122070312,73.78500366210938,71.58499908447266,71.625,69.99114227294922,14224400
2023-03-23,72.54000091552734,73.7750015258789,72.1050033569336,72.79000091552734,71.12958526611328,17595800
2023-03-24,72.55999755859375,73.01499938964844,72.08000183105469,72.9800033569336,71.31525421142578,11872600
2023-03-27,73.08999633789062,73.33999633789062,72.24500274658203,72.41500091552734,70.76313781738281,10810600
2023-03-28,72.29000091552734,72.31500244140625,71.42500305175781,72.07499694824219,70.43089294433594,9968000
2023-03-29,72.9800033569336,73.75,72.875,73.58499908447266,71.90644073486328,14256600
2023-03-30,74.26499938964844,74.54499816894531,73.94000244140625,74.44000244140625,72.741943359375,11202400
2023-03-31,74.3499984741211,75.57499694824219,74.25499725341797,75.50499725341797,73.78264617919922,15069800
2023-04-03,75.04499816894531,75.48999786376953,74.68499755859375,75.38500213623047,73.6653823852539,21142200
2023-04-04,75.49500274658203,75.75499725341797,74.69000244140625,74.97000122070312,73.25987243652344,15824800
2023-04-05,74.61499786376953,74.68499755859375,73.58000183105469,74.11499786376953,72.42435455322266,15737600
2023-04-06,73.57499694824219,74.62999725341797,73.25499725341797,74.53500366210938,72.83477783203125,15696000
2023-04-10,73.79499816894531,74.51000213623047,73.38999938964844,74.49500274658203,72.79569244384766,9517200
2023-04-11,74.36499786376953,74.375,73.66999816894531,73.79499816894531,72.11166381835938,12791600
2023-04-12,74.29499816894531,74.49500274658203,73.25499725341797,73.375,71.70124053955078,13235800
2023-04-13,73.66000366210938,74.8550033569336,73.54000091552734,74.73999786376953,73.03510284423828,13641800
2023-04-14,74.31999969482422,74.93499755859375,73.67500305175781,74.32499694824219,72.62956237792969,13003600
2023-04-17,74.41999816894531,74.76000213623047,74.01499938964844,74.59500122070312,72.89340209960938,8306000
2023-04-18,75.16500091552734,75.36499786376953,74.5,74.82499694824219,73.11815643310547,9212800
2023-04-19,74.1500015258789,74.75,74.05000305175781,74.61000061035156,72.90806579589844,8623200
2023-04-20,73.92500305175781,74.8550033569336,73.79000091552734,74.12000274658203,72.42924499511719,11416200
2023-04-21,73.79499816894531,74.01499938964844,73.4000015258789,73.87999725341797,72.19470977783203,12237600
2023-04-24,73.58499908447266,73.94499969482422,73.00499725341797,73.55500030517578,71.87713623046875,9079800
2023-04-25,73.19499969482422,73.33499908447266,71.95999908447266,71.98500061035156,70.34294128417969,11022600
2023-04-26,73.25,73.80999755859375,72.87999725341797,73.05500030517578,71.3885269165039,13603400
2023-04-27,73.4000015258789,74.66000366210938,73.22000122070312,74.6050033569336,72.9031753540039,12084800
2023-04-28,74.6050033569336,75.43000030517578,74.5250015258789,75.41500091552734,73.69471740722656,11792000
2023-05-01,75.3550033569336,75.82499694824219,75.23500061035156,75.45999908447266,73.73867797851562,8194400
2023-05-02,75.55000305175781,75.63500213623047,74.36499786376953,74.75499725341797,73.04975891113281,12058800
2023-05-03,74.84500122070312,75.33000183105469,74.08999633789062,74.125,72.43412780761719,11630200
2023-05-04,73.83000183105469,74.2699966430664,73.46499633789062,73.7699966430664,72.08722686767578,10861000
2023-05-05,74.48500061035156,75.875,74.37999725341797,75.62000274658203,73.89503479003906,12230000
2023-05-08,75.4749984741211,75.6449966430664,75.11499786376953,75.58000183105469,73.85594177246094,6795600
2023-05-09,75.16500091552734,75.30500030517578,74.91999816894531,75.0,73.28917694091797,12473200
2023-05-10,75.65499877929688,76.08999633789062,75.18000030517578,75.91500091552734,74.18329620361328,10551800
2023-05-11,75.79000091552734,75.79000091552734,75.05000305175781,75.57499694824219,73.85105895996094,8956800
2023-05-12,75.70500183105469,75.81500244140625,74.88999938964844,75.4749984741211,73.75334167480469,7908000
2023-05-15,75.55000305175781,76.11499786376953,75.27999877929688,76.0999984741211,74.36408996582031,6796600
2023-05-16,75.99500274658203,76.59500122070312,75.97000122070312,76.18000030517578,74.4422607421875,9398200
2023-05-17,76.5,77.32499694824219,76.1449966430664,77.19499969482422,75.43409729003906,11916600
2023-05-18,77.29000091552734,78.88999938964844,77.29000091552734,78.7750015258789,76.9780502319336,15491200
2023-05-19,78.79499816894531,78.93000030517578,78.47000122070312,78.73999786376953,76.94384765625,9805000
2023-05-22,78.50499725341797,79.09500122070312,78.375,78.88999938964844,77.09043884277344,10794200
2023-05-23,78.49500274658203,78.81999969482422,77.69499969482422,77.7249984741211,75.95199584960938,11691000
2023-05-24,77.11000061035156,77.46499633789062,76.73500061035156,77.15499877929688,75.39501953125,10925600
2023-05-25,79.20500183105469,80.43000030517578,78.79000091552734,80.11499786376953,78.2874984741211,18078000
2023-05-26,80.31999969482422,82.53500366210938,80.30999755859375,82.38999938964844,80.51058959960938,15160000
2023-05-30,83.5999984741211,84.0199966430664,82.65499877929688,82.83000183105469,80.9405746459961,18123600
2023-05-31,82.3550033569336,83.12999725341797,82.09500122070312,82.13999938964844,80.26630401611328,19301000
2023-06-01,81.87999725341797,83.32499694824219,81.61499786376953,82.9749984741211,81.08226013183594,17419400
2023-06-02,83.46499633789062,83.83499908447266,82.86000061035156,83.44999694824219,81.54642486572266,14270600
2023-06-05,83.4000015258789,83.95500183105469,82.82499694824219,82.97000122070312,81.07737731933594,10909000
2023-06-06,82.7699966430664,83.12999725341797,82.3550033569336,82.94999694824219,81.0578384399414,9975600
2023-06-07,82.79000091552734,83.43499755859375,81.54000091552734,81.70999908447266,79.84609985351562,13703800
2023-06-08,81.83000183105469,82.7249984741211,81.7699966430664,82.59500122070312,80.7109146118164,10665200
2023-06-09,82.99500274658203,83.8550033569336,82.7249984741211,83.00499725341797,81.11155700683594,14413600
2023-06-12,83.57499694824219,84.84500122070312,83.40499877929688,84.80999755859375,82.87539672851562,13787200
2023-06-13,85.56500244140625,85.7300033569336,84.63500213623047,85.32499694824219,83.37862396240234,16595800
2023-06-14,85.2249984741211,86.23500061035156,84.93000030517578,86.20500183105469,84.23857116699219,16769000
2023-06-15,85.8550033569336,87.70500183105469,85.83499908447266,87.31500244140625,85.32325744628906,17732600
2023-06-16,88.1449966430664,88.1500015258789,86.51000213623047,86.59500122070312,84.61967468261719,17366600
2023-06-20,85.91999816894531,86.44999694824219,85.37000274658203,85.83000183105469,84.04779052734375,14137800
2023-06-21,85.5,85.66500091552734,84.30999755859375,84.55999755859375,82.80418395996094,12058000
2023-06-22,84.18000030517578,85.28500366210938,84.16500091552734,85.25,83.47984313964844,15224200
2023-06-23,84.19999694824219,84.82499694824219,83.97000122070312,84.32499694824219,82.57405090332031,14729000
2023-06-26,84.4000015258789,85.13999938964844,83.66000366210938,83.72000122070312,81.98162078857422,10890200
2023-06-27,84.05500030517578,85.56500244140625,83.9749984741211,85.37000274658203,83.59736633300781,13833000
2023-06-28,84.8949966430664,85.87999725341797,84.83000183105469,85.41999816894531,83.64630889892578,11371600
2023-06-29,85.51000213623047,85.7249984741211,85.05500030517578,85.56999969482422,83.79320526123047,9128200
2023-06-30,86.41999816894531,87.1500015258789,86.3550033569336,86.93000030517578,85.12496185302734,11398400
2023-07-03,86.91500091552734,86.95500183105469,86.30500030517578,86.74500274658203,84.94380950927734,6182200
2023-07-05,86.13999938964844,86.8550033569336,86.06500244140625,86.20999908447266,84.41991424560547,9395600
2023-07-06,85.36000061035156,86.05999755859375,85.0999984741211,85.9800033569336,84.1946792602539,12116400
2023-07-07,85.83999633789062,86.63999938964844,85.55500030517578,85.6050033569336,83.82747650146484,11622200
2023-07-10,85.29499816894531,85.83499908447266,84.97000122070312,85.83000183105469,84.04779052734375,16877200
2023-07-11,86.01000213623047,86.11000061035156,85.17500305175781,86.01499938964844,84.22895812988281,9996000
2023-07-12,86.875,87.4000015258789,86.4000015258789,86.98999786376953,85.18372344970703,16104400
2023-07-13,87.58499908447266,88.31500244140625,87.41000366210938,88.125,86.29515838623047,9349200
2023-07-14,88.34500122070312,89.03500366210938,87.73999786376953,87.99500274658203,86.1678466796875,11543800
2023-07-17,88.16000366210938,89.37999725341797,88.05999755859375,89.12000274658203,87.26948547363281,11858800
2023-07-18,88.91500091552734,90.56500244140625,88.44999694824219,90.12999725341797,88.25850677490234,16406000
2023-07-19,90.3550033569336,90.7300033569336,89.55999755859375,89.90499877929688,88.0381851196289,20990000
2023-07-20,89.33000183105469,89.70999908447266,87.83499908447266,88.11000061035156,86.28044891357422,24356000
2023-07-21,88.66999816894531,89.11499786376953,87.95999908447266,88.06500244140625,86.23640441894531,14871400
2023-07-24,88.45500183105469,88.66999816894531,87.87999725341797,88.22000122070312,86.38819885253906,11308200
2023-07-25,88.50499725341797,89.5250015258789,88.48999786376953,89.2300033569336,87.377197265625,10802200
2023-07-26,88.29499816894531,88.51000213623047,87.41000366210938,88.02999877929688,86.20211791992188,15501600
2023-07-27,89.22000122070312,89.48999786376953,87.375,87.7750015258789,85.9524154663086,13857000
2023-07-28,88.58999633789062,89.23500061035156,88.40499877929688,88.97000122070312,87.12260437011719,11287400
2023-07-31,89.05000305175781,89.28500366210938,88.66500091552734,89.17500305175781,87.32335662841797,10138400
2023-08-01,88.88500213623047,89.51499938964844,88.6500015258789,89.32499694824219,87.47022247314453,8845800
2023-08-02,88.54000091552734,88.59500122070312,86.80000305175781,87.11499786376953,85.30611419677734,15818600
2023-08-03,86.40499877929688,87.2699966430664,86.3499984741211,86.76000213623047,84.95848083496094,11321000
2023-08-04,86.46499633789062,86.98500061035156,85.44499969482422,85.58000183105469,83.8030014038086,14431800
2023-08-07,85.94000244140625,86.23500061035156,85.19999694824219,85.81999969482422,84.03802490234375,9536000
2023-08-08,85.22000122070312,85.2699966430664,84.30500030517578,85.16000366210938,83.39171600341797,11461800
2023-08-09,85.2750015258789,85.2750015258789,83.7699966430664,84.05999755859375,82.3145523071289,14301800
2023-08-10,84.69999694824219,85.43499755859375,83.65499877929688,84.06999969482422,82.32434844970703,12731400
2023-08-11,83.4000015258789,83.94000244140625,83.16000366210938,83.44999694824219,81.71723175048828,10772000
2023-08-14,83.36499786376953,84.79000091552734,83.16500091552734,84.77999877929688,83.01959991455078,10328000
2023-08-15,84.52999877929688,84.83000183105469,83.75,83.94499969482422,82.20193481445312,9366400
2023-08-16,83.76499938964844,84.24500274658203,83.13999938964844,83.1449966430664,81.41854858398438,9779400
2023-08-17,83.51499938964844,83.66999816894531,82.2300033569336,82.3550033569336,80.64496612548828,12614800
2023-08-18,81.5199966430664,82.81500244140625,81.47000122070312,82.4800033569336,80.7673568725586,13658600
2023-08-21,82.90499877929688,84.2249984741211,82.82499694824219,84.05500030517578,82.30966186523438,13132800
2023-08-22,84.80999755859375,84.86000061035156,83.7750015258789,83.95999908447266,82.21664428710938,11361800
2023-08-23,84.16500091552734,85.7249984741211,84.16000366210938,85.4749984741211,83.7001724243164,10113200
2023-08-24,86.55000305175781,86.55500030517578,83.44000244140625,83.50499725341797,81.77106475830078,13929000
2023-08-25,83.83999633789062,84.81999969482422,83.09500122070312,84.3550033569336,82.60344696044922,15686600
2023-08-28,84.99500274658203,85.2249984741211,84.38999938964844,85.04499816894531,83.27909851074219,8963800
2023-08-29,84.80000305175781,86.83499908447266,84.70999908447266,86.75,84.94869232177734,13713800
2023-08-30,86.76499938964844,87.49500274658203,86.46499633789062,87.40499877929688,85.59010314941406,12266600
2023-08-31,87.6050033569336,88.16500091552734,87.51000213623047,87.83000183105469,86.00627136230469,11963400
2023-09-01,88.37999725341797,88.49500274658203,87.6500015258789,88.0999984741211,86.27066040039062,9244600
2023-09-05,87.87999725341797,88.69000244140625,87.59500122070312,88.41500091552734,86.57913208007812,10060400
2023-09-06,88.06999969482422,88.29000091552734,86.94000244140625,87.4800033569336,85.66355895996094,18143200
2023-09-07,85.8550033569336,86.40499877929688,85.54000091552734,86.21499633789062,84.42479705810547,12513600
2023-09-08,86.20999908447266,86.94999694824219,86.16999816894531,86.3949966430664,84.60107421875,8584800
2023-09-11,87.15499877929688,87.23500061035156,86.08499908447266,86.84500122070312,85.04173278808594,8272800
2023-09-12,86.12000274658203,86.42500305175781,85.11499786376953,85.2699966430664,83.49942016601562,12243000
2023-09-13,85.23500061035156,85.94499969482422,84.99500274658203,85.48500061035156,83.70996856689453,10008800
2023-09-14,86.01000213623047,86.31999969482422,85.47000122070312,86.1050033569336,84.31710052490234,9473200
2023-09-15,85.79499816894531,85.81999969482422,84.2249984741211,84.44999694824219,82.69646453857422,13116800
2023-09-18,84.0250015258789,84.95500183105469,84.0,84.67500305175781,83.09387969970703,9943800
2023-09-19,84.31500244140625,84.84500122070312,83.8550033569336,84.62999725341797,83.04975128173828,8236600
2023-09-20,84.86000061035156,84.97000122070312,83.26499938964844,83.30000305175781,81.74456787109375,10760400
2023-09-21,82.42500305175781,83.01000213623047,81.98999786376953,82.02999877929688,80.49828338623047,14741200
2023-09-22,82.38999938964844,82.95999908447266,82.0199966430664,82.20500183105469,80.6700210571289,12537800
2023-09-25,81.99500274658203,82.59500122070312,81.78500366210938,82.47000122070312,80.9300765991211,10577400
2023-09-26,81.93000030517578,81.9749984741211,80.70500183105469,80.98500061035156,79.4728012084961,14926000
2023-09-27,81.375,81.53500366210938,80.30500030517578,81.11000061035156,79.595458984375,11665200
2023-09-28,80.7249984741211,82.20500183105469,80.34500122070312,81.68499755859375,80.15972900390625,12829400
2023-09-29,82.48999786376953,83.25499725341797,81.68499755859375,81.96499633789062,80.43447875976562,15883800
2023-10-02,82.00499725341797,83.08499908447266,81.87999725341797,82.84500122070312,81.29808807373047,13656200
2023-10-03,82.375,82.94000244140625,81.0199966430664,81.44000244140625,79.9193115234375,14838800
2023-10-04,81.50499725341797,82.67500305175781,81.50499725341797,82.45500183105469,80.91535186767578,15194200
2023-10-05,82.44999694824219,82.69999694824219,81.57499694824219,82.56500244140625,81.02330780029297,12023000
2023-10-06,82.0,84.47000122070312,81.76000213623047,84.11000061035156,82.5394515991211,16625600
2023-10-09,83.59500122070312,84.67500305175781,83.20999908447266,84.54499816894531,82.96632385253906,13139200
2023-10-10,84.6050033569336,85.3550033569336,84.37000274658203,84.67500305175781,83.09387969970703,20402800
2023-10-11,84.93499755859375,85.5,84.66500091552734,85.45999908447266,83.8642349243164,10389200
2023-10-12,85.53500366210938,86.41500091552734,84.88999938964844,85.54000091552734,83.9427490234375,15405800
2023-10-13,85.70999908447266,85.8550033569336,84.0199966430664,84.31500244140625,82.7406234741211,15183200
2023-10-16,84.45500183105469,85.51000213623047,84.44000244140625,85.125,83.53549194335938,14544200
2023-10-17,84.05500030517578,85.16999816894531,83.44999694824219,84.7300033569336,83.14788055419922,15317800
2023-10-18,84.13500213623047,84.81999969482422,83.51499938964844,83.86000061035156,82.29410552978516,12862800
2023-10-19,84.19499969482422,84.76000213623047,83.23500061035156,83.37999725341797,81.82307434082031,19991800
2023-10-20,83.33999633789062,83.4000015258789,81.88500213623047,81.97000122070312,80.43940734863281,15350400
2023-10-23,81.45999908447266,82.9000015258789,81.00499725341797,82.06500244140625,80.53262329101562,15159000
2023-10-24,82.38999938964844,82.75499725341797,81.73999786376953,82.62999725341797,81.08707427978516,11180400
2023-10-25,83.0250015258789,83.125,81.41000366210938,81.65499877929688,80.13029479980469,15529600
2023-10-26,81.80000305175781,82.16000366210938,79.75,80.09500122070312,78.59942626953125,20646400
2023-10-27,80.58499908447266,81.375,80.20500183105469,80.55999755859375,79.05574035644531,16231600
2023-10-30,80.98500061035156,81.71499633789062,80.73999786376953,81.42500305175781,79.90459442138672,14180800
2023-10-31,81.46499633789062,82.07499694824219,80.83000183105469,82.00499725341797,80.47374725341797,10893600
2023-11-01,82.1500015258789,83.69999694824219,82.1500015258789,83.58999633789062,82.02915954589844,20945800
2023-11-02,84.34500122070312,85.08000183105469,84.2300033569336,85.00499725341797,83.41773986816406,16192600
2023-11-03,84.91999816894531,86.2249984741211,84.73500061035156,85.87999725341797,84.27639770507812,15661800
2023-11-06,85.99500274658203,86.4749984741211,85.7249984741211,86.44499969482422,84.83084869384766,11099200
2023-11-07,86.67500305175781,87.6449966430664,86.54499816894531,87.38999938964844,85.75819396972656,13029800
2023-11-08,87.69000244140625,88.02999877929688,87.29000091552734,87.88500213623047,86.24395751953125,10722400
2023-11-09,88.01499938964844,88.66000366210938,87.36000061035156,87.4749984741211,85.84160614013672,14374600
2023-11-10,88.00499725341797,89.81999969482422,87.90499877929688,89.76000213623047,88.0839614868164,13346400
2023-11-13,89.38500213623047,89.45999908447266,88.86000061035156,89.23500061035156,87.56874084472656,11725000
2023-11-14,90.5999984741211,91.25,90.31999969482422,91.0199966430664,89.3204116821289,16508400
2023-11-15,91.42500305175781,91.56500244140625,90.78500366210938,91.13500213623047,89.43328094482422,13147800
2023-11-16,90.95500183105469,91.69000244140625,90.79000091552734,91.58999633789062,89.87976837158203,11553600
2023-11-17,91.38500213623047,91.75,91.00499725341797,91.4000015258789,89.69331359863281,13277800
2023-11-20,91.51499938964844,92.96499633789062,91.50499725341797,92.7249984741211,90.99359130859375,11116200
2023-11-21,92.30500030517578,92.44999694824219,91.63999938964844,91.9749984741211,90.25758361816406,13350800
2023-11-22,92.55500030517578,93.17500305175781,92.13500213623047,92.38500213623047,90.65992736816406,11213400
2023-11-24,92.2300033569336,92.30999755859375,91.8550033569336,92.20500183105469,90.48329162597656,4193800
2023-11-27,92.07499694824219,92.73500061035156,91.91000366210938,92.19999694824219,90.47837829589844,8420000
2023-11-28,91.88999938964844,92.62000274658203,91.88999938964844,92.375,90.65010833740234,11012400
2023-11-29,93.05000305175781,93.44999694824219,92.38999938964844,92.44499969482422,90.71879577636719,10765400
2023-11-30,92.83000183105469,92.95500183105469,91.80500030517578,92.58000183105469,90.85128784179688,13744000
2023-12-01,92.33999633789062,92.95500183105469,91.8949966430664,92.79000091552734,91.05736541748047,13992200
2023-12-04,91.86499786376953,91.86499786376953,90.66000366210938,91.66000366210938,89.94847869873047,18221800
2023-12-05,91.16999816894531,92.31500244140625,91.16999816894531,92.20999908447266,90.48820495605469,10841400
2023-12-06,92.78500366210938,92.91999816894531,91.36000061035156,91.43000030517578,89.72276306152344,14731400
2023-12-07,91.86499786376953,92.69499969482422,91.66999816894531,92.54000091552734,90.81204986572266,13928800
2023-12-08,92.33999633789062,93.40499877929688,92.2249984741211,93.33000183105469,91.58728790283203,12808800
2023-12-11,93.05500030517578,94.16500091552734,92.83999633789062,94.1449966430664,92.3870620727539,37795400
2023-12-12,93.80000305175781,94.80000305175781,93.72000122070312,94.7699966430664,93.00040435791016,15055400
2023-12-13,94.99500274658203,95.83499908447266,94.7699966430664,95.6050033569336,93.81980895996094,29395000
2023-12-14,95.68000030517578,96.04000091552734,94.66500091552734,95.37000274658203,93.58919525146484,15427400
2023-12-15,95.2699966430664,96.4000015258789,95.2699966430664,95.8499984741211,94.06022644042969,18131200
2023-12-18,95.62000274658203,96.13999938964844,95.21499633789062,95.92500305175781,94.3415298461914,10138000
2023-12-19,95.90499877929688,96.30000305175781,95.8499984741211,96.29000091552734,94.70050048828125,9003600
2023-12-20,96.18000030517578,96.5199966430664,94.81999969482422,94.83499908447266,93.26951599121094,13734800
2023-12-21,95.80000305175781,96.11499786376953,95.09500122070312,95.9000015258789,94.31693267822266,11336000
2023-12-22,96.17500305175781,96.30500030517578,95.55000305175781,96.0250015258789,94.43986511230469,10215000
2023-12-26,96.08499908447266,96.625,96.08499908447266,96.42500305175781,94.83325958251953,6207600
2023-12-27,96.4749984741211,96.62000274658203,96.01000213623047,96.41999816894531,94.82833862304688,11764600
2023-12-28,96.76000213623047,96.86000061035156,96.48999786376953,96.53500366210938,94.94144439697266,9615400
2023-12-29,96.58499908447266,96.77999877929688,95.76000213623047,96.23999786376953,94.65131378173828,12190600
2024-01-02,94.93000030517578,95.08000183105469,93.125,93.72000122070312,92.17292022705078,23545400
2024-01-03,92.86499786376953,93.375,92.5999984741211,92.76499938964844,91.2336654663086,18190000
2024-01-04,92.19499969482422,92.83499908447266,91.99500274658203,92.08499908447266,90.56490325927734,12127200
2024-01-05,92.19000244140625,92.8550033569336,91.70999908447266,92.05999755859375,90.54031372070312,16350600
2024-01-08,92.5250015258789,94.43499755859375,92.43000030517578,94.37000274658203,92.81217956542969,16434600
2024-01-09,93.6449966430664,94.79000091552734,93.44499969482422,94.5199966430664,92.95970153808594,10633800
2024-01-10,94.56500244140625,95.52999877929688,94.36499786376953,95.32499694824219,93.75141143798828,9785400
2024-01-11,95.79499816894531,96.2750015258789,94.46499633789062,95.80999755859375,94.22840118408203,13296600
2024-01-12,95.96499633789062,96.33999633789062,95.63999938964844,96.12000274658203,94.53329467773438,8834600
2024-01-16,96.0,96.76499938964844,95.44499969482422,96.36000061035156,94.76932525634766,11775600
2024-01-17,95.6449966430664,96.0,94.84500122070312,95.88500213623047,94.30217742919922,14109000
2024-01-18,97.16500091552734,97.91999816894531,96.80000305175781,97.83000183105469,96.2150650024414,18918800
2024-01-19,98.47000122070312,100.1050033569336,98.25499725341797,100.08499908447266,98.43284606933594,18333200
2024-01-22,100.57499694824219,101.13999938964844,100.1449966430664,100.5250015258789,98.86558532714844,14969000
2024-01-23,100.62000274658203,100.99500274658203,100.03500366210938,100.93000030517578,99.26390838623047,13263800
2024-01-24,101.625,102.6449966430664,101.33499908447266,101.625,99.94741821289062,17651200
2024-01-25,102.55999755859375,103.07499694824219,101.58000183105469,102.05000305175781,100.36540985107422,17071400
2024-01-26,101.33499908447266,101.78500366210938,100.6449966430664,100.875,99.20980072021484,10553000
2024-01-29,101.0,101.81999969482422,100.80000305175781,101.80000305175781,100.11953735351562,7639600
2024-01-30,101.76499938964844,101.91999816894531,100.6500015258789,100.95999908447266,99.29340362548828,12251600
2024-01-31,100.0,100.41000366210938,98.79000091552734,98.83999633789062,97.2083969116211,16295200
2024-02-01,99.23500061035156,100.2249984741211,99.16999816894531,100.08499908447266,98.43284606933594,14303400
2024-02-02,99.40499877929688,101.44000244140625,99.375,101.12000274658203,99.45075225830078,12872200
2024-02-05,101.52999877929688,101.63999938964844,100.4000015258789,101.3499984741211,99.67694091796875,10086200
2024-02-06,101.45999908447266,101.63500213623047,100.23500061035156,100.88500213623047,99.21965789794922,12677200
2024-02-07,101.59500122070312,102.24500274658203,101.19000244140625,102.22000122070312,100.53260040283203,11365800
2024-02-08,102.3949966430664,102.81500244140625,102.2699966430664,102.54000091552734,100.8473129272461,9948200
2024-02-09,102.97000122070312,104.05500030517578,102.8499984741211,103.91999816894531,102.20452880859375,11612200
2024-02-12,103.91500091552734,104.23500061035156,102.9800033569336,103.12999725341797,101.42757415771484,10753200
2024-02-13,100.8949966430664,102.05999755859375,100.58999633789062,101.37999725341797,99.70646667480469,19459400
2024-02-14,102.13500213623047,102.5199966430664,101.41500091552734,102.44000244140625,100.74896240234375,11791600
2024-02-15,102.57499694824219,102.67500305175781,101.65499877929688,102.2249984741211,100.53752136230469,10796400
2024-02-16,102.5,102.70500183105469,101.1500015258789,101.28500366210938,99.61302185058594,11090400
2024-02-20,100.69000244140625,101.05000305175781,99.25,100.25499725341797,98.60002136230469,17447600
2024-02-21,99.28500366210938,99.625,98.53500366210938,99.625,97.98043060302734,15954400
2024-02-22,102.19999694824219,103.16500091552734,101.96499633789062,102.88500213623047,101.18663787841797,18551600
2024-02-23,103.69999694824219,103.83000183105469,102.31999969482422,102.6449966430664,100.9505844116211,12324000
2024-02-26,103.09500122070312,103.3499984741211,102.63999938964844,102.74500274658203,101.0489273071289,18248800
2024-02-27,103.0250015258789,103.0250015258789,102.06999969482422,102.83499908447266,101.13743591308594,9984400
2024-02-28,102.49500274658203,102.62999725341797,101.9800033569336,102.3499984741211,100.66044616699219,8329000
2024-02-29,102.8949966430664,103.73500061035156,102.31999969482422,103.48999786376953,101.78163146972656,11986800
2024-03-01,103.75499725341797,105.52999877929688,103.70500183105469,105.37999725341797,103.64043426513672,13136800
2024-03-04,105.2300033569336,105.98500061035156,104.99500274658203,105.37999725341797,103.64043426513672,20443800
2024-03-05,104.33999633789062,104.38999938964844,102.125,102.79000091552734,101.09317779541016,18042800
2024-03-06,103.86499786376953,104.38500213623047,102.91000366210938,103.6050033569336,101.8947525024414,14303200
2024-03-07,104.48999786376953,105.55999755859375,103.97000122070312,105.23999786376953,103.50273895263672,12120800
2024-03-08,105.43000030517578,106.17500305175781,103.61000061035156,103.67500305175781,101.96359252929688,14912200
2024-03-11,103.19999694824219,103.62000274658203,102.6449966430664,103.38999938964844,101.68327331542969,15648400
2024-03-12,104.38500213623047,105.5199966430664,103.3949966430664,105.51000213623047,103.7682876586914,17382800
2024-03-13,105.19000244140625,105.25,103.93499755859375,104.37000274658203,102.64710998535156,12815400
2024-03-14,104.80999755859375,105.18000030517578,103.75499725341797,104.38999938964844,102.66677856445312,16023200
2024-03-15,102.88999938964844,103.36000061035156,102.3949966430664,102.81500244140625,101.11778259277344,19633400
2024-03-18,103.54499816894531,104.20999908447266,103.06999969482422,103.1500015258789,101.61477661132812,14176600
2024-03-19,102.6449966430664,103.69999694824219,102.12999725341797,103.68499755859375,102.14179229736328,13390200
2024-03-20,103.76499938964844,104.87999725341797,103.4000015258789,104.84500122070312,103.28453826904297,13357400
2024-03-21,105.96499633789062,105.96499633789062,104.83000183105469,104.91999816894531,103.3584213256836,12312000
2024-03-22,104.92500305175781,105.33999633789062,104.55000305175781,104.95500183105469,103.39289855957031,11507000
2024-03-25,103.95999908447266,104.70500183105469,103.66000366210938,104.26000213623047,102.708251953125,8777800
2024-03-26,104.63500213623047,104.80500030517578,103.74500274658203,103.83000183105469,102.28465270996094,8538400
2024-03-27,104.48500061035156,104.54000091552734,103.55999755859375,104.36000061035156,102.80677795410156,12495000
2024-03-28,104.11499786376953,104.43499755859375,103.92500305175781,104.13500213623047,102.5851058959961,8854400
2024-04-01,104.3550033569336,105.03500366210938,104.04499816894531,104.42500305175781,102.87080383300781,11654800
2024-04-02,103.26499938964844,103.56999969482422,102.58000183105469,103.41999816894531,101.88074493408203,11418200
2024-04-03,102.9000015258789,104.2300033569336,102.875,103.69499969482422,102.15166473388672,10670000
2024-04-04,104.68499755859375,105.05000305175781,102.0,102.05500030517578,100.53605651855469,16464800
2024-04-05,102.5,103.75,102.21499633789062,103.2249984741211,101.68865203857422,12808800
2024-04-08,103.29000091552734,103.62999725341797,102.7249984741211,103.1050033569336,101.5704345703125,8125800
2024-04-09,103.63500213623047,103.8499984741211,102.33000183105469,103.625,102.08270263671875,9400800
2024-04-10,102.44499969482422,102.73500061035156,101.91500091552734,102.3550033569336,100.83161163330078,13836800
2024-04-11,102.80999755859375,104.56999969482422,102.31500244140625,104.4000015258789,102.84615325927734,10563600
2024-04-12,103.15499877929688,103.63999938964844,102.33000183105469,102.70999908447266,101.18132019042969,16186800
2024-04-15,103.33999633789062,103.40499877929688,100.6050033569336,100.76000213623047,99.26033782958984,17189000
2024-04-16,100.9800033569336,101.50499725341797,100.4800033569336,100.87999725341797,99.37855529785156,14914000
2024-04-17,101.25,101.41999816894531,99.3499984741211,99.42500305175781,97.94522094726562,13090400
2024-04-18,99.3949966430664,99.6500015258789,98.18499755859375,98.29000091552734,96.82711029052734,15280600
2024-04-19,97.91500091552734,98.23500061035156,96.0199966430664,96.26499938964844,94.83224487304688,21880000
2024-04-22,97.00499725341797,97.70999908447266,96.04000091552734,97.125,95.679443359375,13293400
2024-04-23,97.52999877929688,98.70999908447266,97.38500213623047,98.56500244140625,97.09801483154297,12151600
2024-04-24,99.29499816894531,99.70500183105469,98.47000122070312,99.01499938964844,97.54131317138672,9160200
2024-04-25,97.77999877929688,98.98500061035156,97.34500122070312,98.80000305175781,97.32952117919922,11568000
2024-04-26,99.58000183105469,100.6449966430664,99.19000244140625,99.91500091552734,98.42791748046875,10104200
2024-04-29,100.43000030517578,100.58000183105469,99.76000213623047,100.34500122070312,98.85151672363281,7494800
2024-04-30,100.0,100.40499877929688,98.1050033569336,98.13500213623047,96.67440795898438,14929000
2024-05-01,97.61000061035156,99.25,97.11000061035156,97.12999725341797,95.68436431884766,20453600
2024-05-02,98.37000274658203,98.66500091552734,97.12999725341797,98.52999877929688,97.06352996826172,13340000
2024-05-03,101.19499969482422,101.61499786376953,100.83499908447266,101.2750015258789,99.76768493652344,13316400
2024-05-06,101.66000366210938,102.46499633789062,101.50499725341797,102.46499633789062,100.93997192382812,8021000
2024-05-07,102.76499938964844,102.81500244140625,102.12000274658203,102.12999725341797,100.60994720458984,10020800
2024-05-08,101.76499938964844,102.52999877929688,101.73999786376953,102.41999816894531,100.89563751220703,7176000
2024-05-09,102.25499725341797,102.47000122070312,101.87999725341797,102.38999938964844,100.86608123779297,9589600
2024-05-10,102.92500305175781,103.38500213623047,102.44499969482422,102.7699966430664,101.24041748046875,8753800
2024-05-13,103.5250015258789,103.61000061035156,102.93000030517578,103.25499725341797,101.71820831298828,6582000
2024-05-14,103.22000122070312,104.31500244140625,103.16000366210938,104.16999816894531,102.61958312988281,9825200
2024-05-15,104.82499694824219,106.55000305175781,104.75,106.51499938964844,104.92969512939453,14308600
2024-05-16,106.58000183105469,106.91000366210938,106.0999984741211,106.1449966430664,104.565185546875,12066600
2024-05-17,106.38999938964844,106.45500183105469,105.33000183105469,105.91000366210938,104.33368682861328,7616000
2024-05-20,106.01499938964844,107.3550033569336,105.91999816894531,107.15499877929688,105.5601577758789,6276800
2024-05-21,106.74500274658203,107.50499725341797,106.55500030517578,107.33000183105469,105.7325668334961,6140400
2024-05-22,107.63500213623047,107.96499633789062,106.93499755859375,107.56999969482422,105.968994140625,11783000
2024-05-23,108.80000305175781,108.80999755859375,106.3550033569336,106.69499969482422,105.10701751708984,9400400
2024-05-24,106.96499633789062,107.82499694824219,106.61000061035156,107.59500122070312,105.99361419677734,5906400
2024-05-28,108.20500183105469,108.29000091552734,107.375,108.05000305175781,106.44184112548828,8786400
2024-05-29,106.91000366210938,107.87999725341797,106.91000366210938,107.36499786376953,105.76702880859375,8569000
2024-05-30,106.16999816894531,106.33000183105469,104.58999633789062,104.91500091552734,103.35350036621094,10450600
2024-05-31,105.2249984741211,105.24500274658203,102.76499938964844,105.08000183105469,103.51605224609375,12081000
2024-06-03,105.88500213623047,105.9800033569336,104.08499908447266,105.34500122070312,103.77709197998047,9628000
2024-06-04,105.29000091552734,105.73500061035156,104.75,105.56500244140625,103.99383544921875,6405400
2024-06-05,106.4000015258789,107.91000366210938,106.2300033569336,107.91000366210938,106.30392456054688,8788800
2024-06-06,107.97000122070312,108.04499816894531,107.26499938964844,107.55000305175781,105.94926452636719,7057600
2024-06-07,107.66500091552734,108.26000213623047,107.2699966430664,107.80000305175781,106.19556427001953,6398600
2024-06-10,107.43499755859375,108.36499786376953,107.36499786376953,108.07499694824219,106.46646881103516,6734800
2024-06-11,107.80000305175781,110.11499786376953,107.75,110.08499908447266,108.44654083251953,12719200
2024-06-12,111.18000030517578,113.65499877929688,110.9749984741211,112.5199966430664,110.84529876708984,17821200
2024-06-13,113.56500244140625,113.87999725341797,112.72000122070312,113.41000366210938,111.72206115722656,12693600
2024-06-14,113.25,113.9000015258789,113.17500305175781,113.83499908447266,112.14073944091797,7864600
2024-06-17,114.11499786376953,115.96499633789062,113.7249984741211,115.55999755859375,113.8400650024414,11602600
2024-06-18,115.67500305175781,116.08499908447266,115.24500274658203,115.70500183105469,113.98289489746094,8677800
2024-06-20,116.2249984741211,116.29499816894531,114.0199966430664,114.40499877929688,112.7022476196289,13243000
2024-06-21,114.43000030517578,114.87999725341797,113.68499755859375,114.20500183105469,112.50523376464844,13560200
2024-06-24,112.81999969482422,113.33000183105469,111.18000030517578,111.20999908447266,109.74700927734375,13748600
2024-06-25,112.0250015258789,113.30999755859375,111.3949966430664,113.25,111.76016998291016,9126200
2024-06-26,113.08000183105469,113.65499877929688,112.23999786376953,113.12000274658203,111.63188171386719,9459600
2024-06-27,112.9000015258789,113.73500061035156,112.76499938964844,113.17500305175781,111.6861572265625,7923600
2024-06-28,113.56999969482422,115.19499969482422,112.95999908447266,113.11499786376953,111.6269302368164,12488200
2024-07-01,113.28500366210938,114.16000366210938,111.63999938964844,113.97000122070312,112.47068786621094,9281600
2024-07-02,112.9800033569336,114.55000305175781,112.9800033569336,114.54000091552734,113.03318786621094,7076600
2024-07-03,114.375,116.13999938964844,114.27999877929688,116.08499908447266,114.55786895751953,6249200
2024-07-05,116.21499633789062,116.95500183105469,115.73500061035156,116.44000244140625,114.908203125,6671800
2024-07-08,116.81500244140625,117.57499694824219,116.61499786376953,117.23500061035156,115.69273376464844,7671000
2024-07-09,117.83499908447266,118.11499786376953,116.47000122070312,117.13999938964844,115.59898376464844,8678600
2024-07-10,117.94499969482422,118.92500305175781,117.28500366210938,118.83999633789062,117.27662658691406,8749400
2024-07-11,119.0199966430664,119.06999969482422,115.52999877929688,115.86499786376953,114.34076690673828,14106000
2024-07-12,116.18499755859375,118.13999938964844,115.77999877929688,116.9000015258789,115.36213684082031,9767600
2024-07-15,117.49500274658203,118.26499938964844,116.44499969482422,117.11000061035156,115.56938934326172,8628000
2024-07-16,117.38500213623047,117.44499969482422,115.88500213623047,116.72000122070312,115.18450927734375,7652200
2024-07-17,114.05000305175781,114.16500091552734,112.125,112.18000030517578,110.7042465209961,12440400
2024-07-18,113.41000366210938,113.43000030517578,110.7750015258789,112.19000244140625,110.71410369873047,10837200
2024-07-19,111.59500122070312,112.27999877929688,110.19000244140625,110.43499755859375,108.98219299316406,8472800
2024-07-22,111.8949966430664,113.18000030517578,111.41999816894531,113.05000305175781,111.56278991699219,10601600
2024-07-23,112.58000183105469,113.61499786376953,112.44999694824219,112.5999984741211,111.11870574951172,5530800
2024-07-24,111.12999725341797,111.4800033569336,107.68000030517578,107.94000244140625,106.52001953125,14300800
2024-07-25,107.82499694824219,109.43499755859375,105.2300033569336,106.78500366210938,105.38021850585938,21158000
2024-07-26,108.2249984741211,109.0,107.2249984741211,108.13999938964844,106.71739196777344,11697800
2024-07-29,109.0,109.47000122070312,107.34500122070312,107.66000366210938,106.24371337890625,7343800
2024-07-30,108.05999755859375,108.16500091552734,104.1500015258789,104.95500183105469,103.57428741455078,10694600
2024-07-31,108.19499969482422,109.79499816894531,107.43499755859375,109.4000015258789,107.96080017089844,14614000
2024-08-01,109.0999984741211,110.36499786376953,104.19999694824219,105.31999969482422,103.93447875976562,16991400
2024-08-02,102.5199966430664,103.36499786376953,100.625,102.36000061035156,101.01343536376953,18621600
2024-08-05,95.95500183105469,100.86000061035156,95.375,98.94999694824219,97.64830017089844,31430000
2024-08-06,100.21499633789062,102.32499694824219,99.1500015258789,100.29499816894531,98.97559356689453,24575800
2024-08-07,102.7249984741211,103.2249984741211,98.53500366210938,98.66999816894531,97.3719711303711,17653600
2024-08-08,100.45500183105469,102.61000061035156,99.0,102.3550033569336,101.00849151611328,14477200
2024-08-09,102.29499816894531,103.40499877929688,101.67500305175781,102.81500244140625,101.4624252319336,9535600
2024-08-12,103.13500213623047,104.45500183105469,102.65499877929688,103.65499877929688,102.29138946533203,8580200
2024-08-13,104.94000244140625,106.875,104.80999755859375,106.83999633789062,105.4344711303711,9999600
2024-08-14,107.5,107.97000122070312,105.9800033569336,107.42500305175781,106.01179504394531,8922400
2024-08-15,108.81500244140625,110.625,108.58000183105469,110.51499938964844,109.06114196777344,9518800
2024-08-16,109.93000030517578,110.91500091552734,109.62999725341797,110.69999694824219,109.24370574951172,6706400
2024-08-19,110.44000244140625,112.52999877929688,109.98999786376953,112.5250015258789,111.0447006225586,13004200
2024-08-20,112.2300033569336,112.90499877929688,111.47000122070312,112.12999725341797,110.65489196777344,7221600
2024-08-21,112.19999694824219,113.18000030517578,111.84500122070312,112.79000091552734,111.30622100830078,7538800
2024-08-22,113.41999816894531,113.68499755859375,109.96499633789062,110.19499969482422,108.7453384399414,9083600
2024-08-23,111.29000091552734,112.47000122070312,110.55000305175781,111.9800033569336,110.50687408447266,10681000
2024-08-26,111.87999725341797,112.30000305175781,110.01000213623047,110.57499694824219,109.12035369873047,6268800
2024-08-27,109.88999938964844,111.4800033569336,109.3499984741211,111.24500274658203,109.78153991699219,7656000
2024-08-28,111.0999984741211,111.31500244140625,108.79000091552734,109.70999908447266,108.26673889160156,9002200
2024-08-29,109.73999786376953,111.28500366210938,108.44000244140625,108.72000122070312,107.28975677490234,13314800
2024-08-30,109.90499877929688,110.58999633789062,108.72000122070312,110.16500091552734,108.71574401855469,10048400
2024-09-03,109.0,109.08000183105469,104.50499725341797,105.1050033569336,103.72232818603516,14765800
2024-09-04,104.04000091552734,106.02999877929688,103.70999908447266,104.83499908447266,103.45587158203125,12330000
2024-09-05,104.08000183105469,105.9749984741211,103.98500061035156,104.67500305175781,103.29796600341797,8874800
2024-09-06,104.58999633789062,104.83999633789062,101.48999786376953,101.95999908447266,100.61868286132812,12441000
2024-09-09,103.2249984741211,103.74500274658203,102.2699966430664,103.62999725341797,102.2667236328125,10922000
2024-09-10,104.34500122070312,105.40499877929688,103.3499984741211,105.18000030517578,103.79632568359375,10123000
2024-09-11,105.54000091552734,108.93499755859375,103.87000274658203,108.7699966430664,107.33909606933594,12768800
2024-09-12,108.69000244140625,110.13500213623047,107.92500305175781,109.66999816894531,108.22725677490234,10604200
2024-09-13,109.80500030517578,110.49500274658203,109.36000061035156,110.22000122070312,108.77001953125,8047400
2024-09-16,109.42500305175781,110.1500015258789,108.78500366210938,109.80000305175781,108.35556030273438,6897800
2024-09-17,110.9000015258789,111.06999969482422,109.02999877929688,109.58499908447266,108.14338684082031,6990000
2024-09-18,109.86000061035156,110.62999725341797,108.4800033569336,108.58499908447266,107.15653228759766,12741600
2024-09-19,111.63500213623047,112.50499725341797,111.0250015258789,111.80999755859375,110.339111328125,13934000
2024-09-20,111.37000274658203,111.76499938964844,110.2699966430664,111.26499938964844,109.80127716064453,14492800
2024-09-23,111.16500091552734,111.30999755859375,110.70500183105469,111.04499816894531,109.78101348876953,7490600
2024-09-24,111.51000213623047,112.02999877929688,110.30999755859375,111.80500030517578,110.53235626220703,7025800
2024-09-25,111.58499908447266,112.61499786376953,111.53500366210938,112.125,110.84871673583984,6111600
2024-09-26,114.31500244140625,114.44000244140625,112.41500091552734,113.61000061035156,112.31681060791016,9244800
2024-09-27,113.7699966430664,113.80500030517578,112.12999725341797,112.55000305175781,111.26888275146484,6093800
2024-09-30,112.05999755859375,112.94999694824219,111.5,112.87999725341797,111.59512329101562,5500400
2024-10-01,112.54499816894531,112.61000061035156,109.4749984741211,110.12999725341797,108.87641906738281,11295400
2024-10-02,110.15499877929688,111.44999694824219,109.52999877929688,110.94499969482422,109.6821517944336,4532400
2024-10-03,110.62000274658203,112.22000122070312,110.6050033569336,111.40499877929688,110.13690948486328,5784800
2024-10-04,112.84500122070312,112.92500305175781,111.45999908447266,112.6449966430664,111.36278533935547,5009200
2024-10-07,112.13999938964844,112.88500213623047,111.58999633789062,111.87000274658203,110.59662628173828,4430400
2024-10-08,112.67500305175781,114.1500015258789,112.41999816894531,113.95999908447266,112.66282653808594,7864800
2024-10-09,114.05000305175781,115.3949966430664,113.69499969482422,115.23500061035156,113.9233169555664,7579800
2024-10-10,114.46499633789062,115.50499725341797,114.1449966430664,115.20500183105469,113.89366912841797,5692200
2024-10-11,114.93000030517578,115.66500091552734,114.76000213623047,115.40499877929688,114.09137725830078,8849000
2024-10-14,116.13999938964844,117.1500015258789,116.08499908447266,116.91000366210938,115.57926177978516,9810200
2024-10-15,117.0,117.28500366210938,113.91500091552734,114.33999633789062,113.03849792480469,14179400
2024-10-16,114.69999694824219,114.87000274658203,113.45999908447266,114.69499969482422,113.38946533203125,5758800
2024-10-17,116.29499816894531,116.36000061035156,115.04499816894531,115.04499816894531,113.7354965209961,6051200
2024-10-18,115.6449966430664,115.87999725341797,115.20999908447266,115.45500183105469,114.14081573486328,4537000
2024-10-21,115.09500122070312,116.01000213623047,114.88500213623047,115.99500274658203,114.67467498779297,6322400
2024-10-22,115.37999725341797,116.2699966430664,115.05000305175781,115.875,114.55604553222656,6169200
2024-10-23,115.44499969482422,115.62000274658203,113.23999786376953,114.21499633789062,112.9149169921875,6083600
2024-10-24,114.68000030517578,114.83499908447266,113.87000274658203,114.55000305175781,113.24612426757812,4832800
2024-10-25,115.19999694824219,116.44000244140625,114.9800033569336,115.1449966430664,113.83434295654297,8314800
2024-10-28,115.97000122070312,115.97000122070312,115.08499908447266,115.11000061035156,113.79974365234375,5899200
2024-10-29,115.33000183105469,116.99500274658203,114.9000015258789,116.66000366210938,115.33210754394531,7451600
2024-10-30,115.59500122070312,115.90499877929688,114.7300033569336,114.80500030517578,113.49821472167969,8341200
2024-10-31,113.54499816894531,113.54499816894531,111.08000183105469,111.12000274658203,109.85516357421875,12110200
2024-11-01,111.23999786376953,112.79000091552734,111.08999633789062,111.95500183105469,110.6806640625,11565800
2024-11-04,112.05999755859375,112.67500305175781,111.3949966430664,111.87000274658203,110.59662628173828,6311800
2024-11-05,112.21499633789062,113.53500366210938,112.21499633789062,113.44499969482422,112.1536865234375,7273000
2024-11-06,115.63500213623047,116.88999938964844,115.29000091552734,116.67500305175781,115.346923828125,10967800
2024-11-07,117.48500061035156,118.84500122070312,117.43000030517578,118.70999908447266,117.3587646484375,10463000
2024-11-08,118.55999755859375,118.97000122070312,118.1500015258789,118.58000183105469,117.23023986816406,7236400
2024-11-11,118.56500244140625,118.63999938964844,117.22000122070312,117.92500305175781,116.58269500732422,7267200
2024-11-12,117.84500122070312,118.2249984741211,117.1449966430664,118.07499694824219,116.73098754882812,7530800
2024-11-13,117.82499694824219,118.53500366210938,117.30000305175781,117.66500091552734,116.3256607055664,6329600
2024-11-14,117.8550033569336,118.05999755859375,117.07499694824219,117.26499938964844,115.93020629882812,6602000
2024-11-15,115.81500244140625,115.96499633789062,113.9749984741211,114.3550033569336,113.0533447265625,11229800
2024-11-18,114.3550033569336,115.20999908447266,113.86000061035156,114.7249984741211,113.41911315917969,6166800
2024-11-19,114.00499725341797,115.76000213623047,114.00499725341797,115.66500091552734,114.34843444824219,6906800
2024-11-20,115.76499938964844,115.80500030517578,114.0250015258789,115.56500244140625,114.24957275390625,8874400
2024-11-21,116.68499755859375,117.28500366210938,114.9000015258789,116.73999786376953,115.41118621826172,10591800
2024-11-22,116.52999877929688,117.06999969482422,116.11000061035156,116.80000305175781,115.47050476074219,7090800
2024-11-25,117.68000030517578,117.88500213623047,116.26499938964844,116.79499816894531,115.46556091308594,11137200
2024-11-26,117.32499694824219,117.74500274658203,116.87999725341797,117.37999725341797,116.04389953613281,6229400
2024-11-27,116.58499908447266,116.65499877929688,114.76499938964844,115.79000091552734,114.47200012207031,6369400
2024-11-29,116.05999755859375,117.11000061035156,115.94499969482422,116.86499786376953,115.53475952148438,4168400
2024-12-02,116.94999694824219,118.41500091552734,116.91999816894531,117.9749984741211,116.63212585449219,9398200
2024-12-03,117.4749984741211,118.43000030517578,117.24500274658203,118.4000015258789,117.05229949951172,5576000
2024-12-04,119.87999725341797,120.625,119.52999877929688,120.56500244140625,119.19265747070312,10840000
2024-12-05,120.375,120.51499938964844,119.79000091552734,119.95500183105469,118.58959197998047,5638000
2024-12-06,120.16500091552734,120.94000244140625,120.03500366210938,120.41999816894531,119.0492935180664,6654200
2024-12-09,119.97000122070312,120.4000015258789,119.33000183105469,119.63500213623047,118.27323913574219,8032400
2024-12-10,119.2300033569336,119.55500030517578,117.5999984741211,117.9749984741211,116.63212585449219,11234400
2024-12-11,118.91000366210938,120.06500244140625,118.5,119.68499755859375,118.32266998291016,8689600
2024-12-12,118.91999816894531,119.45500183105469,118.62999725341797,119.01499938964844,117.6603012084961,7218200
2024-12-13,120.08999633789062,120.55999755859375,118.57499694824219,119.5250015258789,118.16448211669922,8677000
2024-12-16,119.68000030517578,120.82499694824219,119.42500305175781,120.72000122070312,119.34589385986328,9442600
2024-12-17,119.86499786376953,120.45999908447266,119.40499877929688,119.98999786376953,118.62419891357422,8145000
2024-12-18,120.3949966430664,120.7249984741211,115.8499984741211,116.12000274658203,114.79825592041016,16927200
2024-12-19,117.30000305175781,117.68000030517578,116.09500122070312,116.24500274658203,114.92182922363281,13383400
2024-12-20,115.45500183105469,118.93000030517578,115.09500122070312,117.9800033569336,116.6370849609375,14924800
2024-12-23,118.125,119.08499908447266,117.49500274658203,119.03500366210938,117.87288665771484,7973400
2024-12-24,119.45999908447266,120.2699966430664,119.27999877929688,120.26499938964844,119.09087371826172,4653400
2024-12-26,119.87999725341797,120.78500366210938,119.49500274658203,120.34500122070312,119.17009735107422,7150800
2024-12-27,119.53500366210938,119.69000244140625,117.57499694824219,118.74500274658203,117.58572387695312,8726400
2024-12-30,117.01499938964844,118.16999816894531,116.29000091552734,117.23500061035156,116.0904541015625,7950400
2024-12-31,117.55500030517578,117.63500213623047,115.87999725341797,116.26000213623047,115.1249771118164,9381200
2025-01-02,117.18000030517578,117.51000213623047,114.88999938964844,115.98500061035156,114.85266876220703,12766600
2025-01-03,116.69499969482422,118.0,116.46499633789062,117.875,116.72421264648438,9117600
2025-01-06,119.22000122070312,120.52999877929688,118.90499877929688,119.375,118.2095718383789,8975400
2025-01-07,120.0,120.0,116.56999969482422,116.9800033569336,115.83795166015625,10006800
2025-01-08,117.25,117.2699966430664,115.81500244140625,116.94000244140625,115.79834747314453,10023800
2025-01-10,115.70999908447266,115.7300033569336,113.71499633789062,114.38999938964844,113.27323913574219,11665800
2025-01-13,112.55000305175781,113.66000366210938,112.2249984741211,113.58000183105469,112.47113037109375,10656000
2025-01-14,114.45999908447266,114.7750015258789,112.9749984741211,113.87999725341797,112.76821899414062,7220200
2025-01-15,115.43499755859375,116.48500061035156,115.05500030517578,116.1449966430664,115.01110076904297,10465400
2025-01-16,117.08999633789062,117.16500091552734,115.2249984741211,115.25,114.12484741210938,5368400
2025-01-17,117.33000183105469,117.47000122070312,116.54000091552734,117.05500030517578,115.91221618652344,6742600
2025-01-21,117.44499969482422,118.31999969482422,116.62999725341797,118.02999877929688,116.877685546875,6744200
2025-01-22,119.625,120.9749984741211,119.45500183105469,120.69499969482422,119.51668548583984,10243800
2025-01-23,119.76499938964844,120.93499755859375,119.6500015258789,120.91000366210938,119.72958374023438,7604400
2025-01-24,121.29000091552734,121.29000091552734,119.26499938964844,119.6500015258789,118.48188781738281,6607600
2025-01-27,114.29000091552734,115.48999786376953,112.73500061035156,113.78500366210938,112.67413330078125,20705600
2025-01-28,114.55500030517578,117.08000183105469,113.34500122070312,116.81999969482422,115.67951202392578,11260600
2025-01-29,116.58999633789062,116.6449966430664,114.74500274658203,115.87000274658203,114.7387924194336,9050000
2025-01-30,115.66500091552734,116.48500061035156,114.87000274658203,116.08499908447266,114.95169067382812,8840200
2025-01-31,117.16500091552734,117.86499786376953,115.09500122070312,115.40499877929688,114.2783203125,10741800
2025-02-03,112.8499984741211,114.54499816894531,112.25,113.8499984741211,112.7385025024414,13752800
2025-02-04,114.23999786376953,115.66999816894531,114.19999694824219,115.48999786376953,114.36248779296875,8371200
2025-02-05,115.59500122070312,117.12000274658203,115.2300033569336,117.09500122070312,115.95182800292969,5398000
2025-02-06,117.09500122070312,117.65499877929688,116.57499694824219,117.41500091552734,116.2686996459961,6808000
2025-02-07,117.88999938964844,118.45500183105469,116.0199966430664,116.41000366210938,115.27352142333984,8552800
2025-02-10,117.33000183105469,118.40499877929688,117.29499816894531,118.11000061035156,116.95691680908203,6054200
2025-02-11,117.45500183105469,118.63999938964844,117.375,118.16500091552734,117.01138305664062,6456200
2025-02-12,116.5,118.05000305175781,116.37000274658203,117.91000366210938,116.75888061523438,8555600
2025-02-13,118.12000274658203,119.65499877929688,117.95500183105469,119.58000183105469,118.41255950927734,7829600
2025-02-14,119.4800033569336,120.08499908447266,119.26000213623047,119.98500061035156,118.8136215209961,4557000
2025-02-18,120.6050033569336,121.09500122070312,120.04499816894531,121.08000183105469,119.8979263305664,6024000
2025-02-19,120.94499969482422,121.56999969482422,120.0999984741211,121.08999633789062,119.90782165527344,5604200
2025-02-20,120.9749984741211,121.13500213623047,119.43000030517578,120.70500183105469,119.52658081054688,5987400
2025-02-21,120.73999786376953,120.79000091552734,117.375,117.43499755859375,116.28850555419922,9057600
2025-02-24,117.88999938964844,118.22000122070312,115.61000061035156,115.75499725341797,114.62490844726562,7447600
2025-02-25,115.51000213623047,115.61499786376953,113.4749984741211,114.25499725341797,113.13954162597656,10433600
2025-02-26,115.375,116.58999633789062,114.61499786376953,115.5,114.37239837646484,7630600
2025-02-27,116.12999725341797,116.25,111.24500274658203,111.29499816894531,110.20845794677734,10100000
2025-02-28,110.79499816894531,112.87999725341797,109.8499984741211,112.76499938964844,111.66410064697266,14172200
2025-03-03,113.34500122070312,113.57499694824219,108.5250015258789,109.33499908447266,108.267578125,12516200
2025-03-04,108.5250015258789,111.18000030517578,107.12999725341797,109.25,108.18341064453125,17721000
2025-03-05,109.58999633789062,111.1449966430664,108.12000274658203,110.78500366210938,109.70343017578125,11931000
2025-03-06,108.51000213623047,110.2249984741211,107.19000244140625,107.70999908447266,106.65846252441406,16432000
2025-03-07,107.58499908447266,109.54499816894531,106.31500244140625,109.2699966430664,108.20321655273438,11263400
2025-03-10,107.11000061035156,107.30999755859375,103.54000091552734,104.625,103.60356903076172,21561800
2025-03-11,104.30500030517578,105.95500183105469,103.1449966430664,104.19999694824219,103.18270874023438,14832800
2025-03-12,106.05999755859375,106.76000213623047,104.57499694824219,105.83999633789062,104.80670928955078,10981600
2025-03-13,105.53500366210938,105.7699966430664,103.42500305175781,103.83000183105469,102.81633758544922,12383000
2025-03-14,105.19000244140625,107.08000183105469,105.15499877929688,106.97000122070312,105.9256820678711,10040800
2025-03-17,106.88500213623047,108.4800033569336,106.57499694824219,107.71499633789062,106.66339874267578,10148800
2025-03-18,106.94999694824219,107.05999755859375,105.68499755859375,106.07499694824219,105.0394058227539,11486600
2025-03-19,106.62000274658203,108.71499633789062,106.17500305175781,107.45500183105469,106.40594482421875,8838600
2025-03-20,106.23500061035156,107.86499786376953,106.07499694824219,106.69000244140625,105.6484146118164,7145200
2025-03-21,105.36000061035156,107.125,104.97000122070312,106.9800033569336,105.93558502197266,10425400
2025-03-24,108.56999969482422,109.07499694824219,108.28500366210938,108.81500244140625,107.94184112548828,8200200
2025-03-25,108.74500274658203,109.31999969482422,108.69000244140625,109.17500305175781,108.2989730834961,7481800
2025-03-26,108.83999633789062,109.0999984741211,106.31999969482422,106.73999786376953,105.88349151611328,7873000
2025-03-27,106.01000213623047,106.61000061035156,105.19499969482422,105.75499725341797,104.90641021728516,6577800
2025-03-28,105.20500183105469,105.62999725341797,102.83999633789062,103.19000244140625,102.36199188232422,10667600
2025-03-31,101.38999938964844,103.4749984741211,100.36499786376953,103.23999786376953,102.41158294677734,14219000
2025-04-01,102.83000183105469,104.08499908447266,101.98999786376953,103.99500274658203,103.16053771972656,9480200
2025-04-02,102.51000213623047,105.62999725341797,102.43000030517578,104.76499938964844,103.92435455322266,9292000
2025-04-03,99.74500274658203,100.3499984741211,97.53500366210938,97.61499786376953,96.83171844482422,19451400
2025-04-04,94.56999969482422,95.31999969482422,91.1500015258789,91.18499755859375,90.45330810546875,33804600
2025-04-07,87.46499633789062,95.90499877929688,86.2249984741211,91.7300033569336,90.99394989013672,44557800
2025-04-08,95.1449966430664,96.41999816894531,88.22000122070312,89.86499786376953,89.1438980102539,25811400
2025-04-09,90.05000305175781,102.48999786376953,89.93499755859375,101.93000030517578,101.11209869384766,36988800
2025-04-10,98.42500305175781,99.0999984741211,93.86499786376953,97.18499755859375,96.40516662597656,19747600
2025-04-11,96.69999694824219,99.5999984741211,95.9749984741211,99.17500305175781,98.37921142578125,14423200
2025-04-14,102.25,102.31500244140625,99.0,100.08000183105469,99.27693939208984,11904400
2025-04-15,100.23500061035156,101.20500183105469,99.9749984741211,100.44499969482422,99.63900756835938,7200000
2025-04-16,97.75,98.79000091552734,95.2699966430664,96.95500183105469,96.1770248413086,13222400
2025-04-17,97.6500015258789,97.6500015258789,96.0199966430664,96.43000030517578,95.6562271118164,7480800
2025-04-21,94.90499877929688,95.1449966430664,92.59500122070312,93.94000244140625,93.18621063232422,8973400
2025-04-22,95.19000244140625,96.78500366210938,94.63500213623047,96.2300033569336,95.45783996582031,9312800
2025-04-23,99.91999816894531,100.9749984741211,98.61499786376953,99.0199966430664,98.22544860839844,13413800
2025-04-24,99.99500274658203,102.8550033569336,99.83499908447266,102.71499633789062,101.89079284667969,9317000
2025-04-25,102.40499877929688,104.43000030517578,102.30500030517578,104.23500061035156,103.39859771728516,6518400
2025-04-28,104.0999984741211,104.61499786376953,102.51000213623047,104.06500244140625,103.22996520996094,5574400
2025-04-29,103.56500244140625,104.98500061035156,103.56500244140625,104.55000305175781,103.71107482910156,9144400
2025-04-30,102.49500274658203,105.375,101.9000015258789,104.98500061035156,104.14258575439453,10203800
2025-05-01,107.27999877929688,108.2750015258789,106.43000030517578,106.5250015258789,105.67022705078125,11532800
2025-05-02,107.74500274658203,108.80999755859375,107.45500183105469,108.30500030517578,107.43595123291016,8125400
2025-05-05,107.375,108.5,107.31999969482422,107.7300033569336,106.86555480957031,6757000
2025-05-06,106.12999725341797,107.62000274658203,105.80500030517578,106.83499908447266,105.97773742675781,7958200
2025-05-07,106.83499908447266,108.375,106.0999984741211,107.90499877929688,107.03915405273438,8169400
2025-05-08,108.9749984741211,109.97000122070312,108.00499725341797,108.93499755859375,108.0608901977539,8704400
2025-05-09,109.41999816894531,109.62000274658203,108.23999786376953,108.80000305175781,107.9269790649414,7330000
2025-05-12,113.41500091552734,113.88999938964844,112.2699966430664,113.8499984741211,112.93643951416016,13478200
2025-05-13,114.26000213623047,116.69000244140625,114.12999725341797,116.30999755859375,115.37670135498047,12757200
2025-05-14,116.8550033569336,117.5250015258789,116.37999725341797,117.06500244140625,116.12564849853516,10248000
2025-05-15,116.43000030517578,117.88500213623047,116.29000091552734,117.2249984741211,116.28436279296875,9536400
2025-05-16,117.6050033569336,117.6050033569336,116.43000030517578,117.44499969482422,116.50260925292969,8111600
2025-05-19,115.70999908447266,117.54000091552734,115.66999816894531,117.2750015258789,116.33396911621094,11863000
2025-05-20,116.54499816894531,116.8550033569336,115.94999694824219,116.83499908447266,115.89749145507812,10273200
2025-05-21,115.73999786376953,117.3550033569336,114.17500305175781,114.63999938964844,113.72010803222656,18643600
2025-05-22,114.69499969482422,115.69999694824219,114.41500091552734,114.66999816894531,113.7498779296875,11372000
2025-05-23,112.67500305175781,114.1449966430664,112.55000305175781,113.40499877929688,112.4950180053711,12004000
2025-05-27,115.16999816894531,116.26000213623047,114.78500366210938,116.0999984741211,115.16838836669922,14208400
2025-05-28,116.23999786376953,116.70500183105469,115.44999694824219,115.62000274658203,114.69225311279297,10789200
2025-05-29,117.37000274658203,117.48999786376953,115.22000122070312,115.81500244140625,114.88568115234375,14011800
2025-05-30,115.76000213623047,115.81500244140625,113.70999908447266,115.45500183105469,114.52857208251953,13494000
2025-06-02,115.1500015258789,116.54499816894531,115.01000213623047,116.4749984741211,115.54039001464844,12878800
2025-06-03,116.62999725341797,118.31500244140625,116.54499816894531,118.2249984741211,117.27632904052734,14312400
2025-06-04,118.375,118.7699966430664,117.81500244140625,118.4000015258789,117.44994354248047,10899200
2025-06-05,118.75,119.78500366210938,117.55500030517578,118.06500244140625,117.11762237548828,15885200
2025-06-06,119.20500183105469,119.7300033569336,118.83999633789062,119.18000030517578,118.22368621826172,9026000
2025-06-09,119.6449966430664,120.50499725341797,119.55500030517578,119.76499938964844,118.80398559570312,11100600
2025-06-10,119.74500274658203,120.61499786376953,119.29499816894531,120.43499755859375,119.4686050415039,9831600
2025-06-11,120.7249984741211,121.21499633789062,119.55000305175781,120.16999816894531,119.20573425292969,9599600
2025-06-12,120.1449966430664,121.56500244140625,120.125,121.28500366210938,120.3117904663086,11210400
2025-06-13,119.87999725341797,120.79499816894531,119.1449966430664,119.58499908447266,118.62541961669922,13193800
2025-06-16,120.30500030517578,121.87999725341797,120.30500030517578,121.5199966430664,120.5448989868164,13866200
2025-06-17,121.01000213623047,121.86499786376953,120.375,120.66000366210938,119.6917953491211,10525400
2025-06-18,120.95500183105469,121.56500244140625,120.19000244140625,120.80500030517578,119.83563995361328,11066000
2025-06-20,121.23500061035156,121.6449966430664,119.70500183105469,120.2699966430664,119.30492401123047,11490600
2025-06-23,120.19000244140625,121.54499816894531,119.375,121.44000244140625,120.66519927978516,12277000
2025-06-24,122.67500305175781,123.7699966430664,122.52999877929688,123.62000274658203,122.83129119873047,11329400
2025-06-25,124.26000213623047,124.86000061035156,124.1500015258789,124.67500305175781,123.87956237792969,9228600
2025-06-26,125.23500061035156,125.73500061035156,124.73999786376953,125.53500366210938,124.73407745361328,11288400
2025-06-27,125.875,126.3550033569336,124.81500244140625,125.38500213623047,124.58503723144531,12196600
2025-06-30,126.48500061035156,126.95999908447266,125.875,126.61499786376953,125.80718994140625,13365200
2025-07-01,126.20999908447266,126.4749984741211,124.625,125.48500061035156,124.68438720703125,15144800
2025-07-02,125.16999816894531,126.8949966430664,125.08000183105469,126.80999755859375,126.00093841552734,11950200
2025-07-03,127.5,128.86500549316406,127.44999694824219,128.47999572753906,127.6602783203125,7112800
2025-07-07,127.98500061035156,128.32000732421875,126.88999938964844,127.45999908447266,126.64678955078125,11560800
2025-07-08,128.1300048828125,128.38999938964844,127.61499786376953,128.14500427246094,127.32742309570312,15715200
2025-07-09,128.60000610351562,129.39999389648438,127.95999908447266,128.9149932861328,128.09249877929688,12933600
2025-07-10,129.23500061035156,129.35000610351562,127.81500244140625,128.49000549316406,127.67022705078125,9988600
2025-07-11,127.87999725341797,128.6750030517578,127.72000122070312,127.92500305175781,127.10882568359375,9239000
2025-07-14,127.61000061035156,128.13499450683594,126.5999984741211,127.81999969482422,127.00448608398438,8125200
2025-07-15,129.30999755859375,129.61500549316406,128.91000366210938,128.9550018310547,128.1322479248047,15657000
2025-07-16,129.0,129.42999267578125,127.40499877929688,129.35499572753906,128.52969360351562,17782600
2025-07-17,129.50999450683594,130.73500061035156,129.2550048828125,130.52999877929688,129.6971893310547,11955000
2025-07-18,131.02999877929688,131.0749969482422,130.09500122070312,130.44500732421875,129.6127471923828,10281000
2025-07-21,130.58999633789062,131.5050048828125,130.44000244140625,130.61500549316406,129.78167724609375,9246600
2025-07-22,130.51499938964844,130.60499572753906,128.47500610351562,129.40499877929688,128.57937622070312,13448800
2025-07-23,129.74000549316406,130.31500244140625,128.97000122070312,130.14500427246094,129.31466674804688,10091800
2025-07-24,130.46499633789062,130.9499969482422,129.9600067138672,130.69500732421875,129.8611602783203,12159600
2025-07-25,130.65499877929688,131.3249969482422,130.38499450683594,130.9949951171875,130.1592254638672,8002000
2025-07-28,131.4949951171875,132.0749969482422,131.22500610351562,132.0399932861328,131.19757080078125,11517600
2025-07-29,132.89999389648438,133.63499450683594,131.82000732421875,132.0449981689453,131.20254516601562,13739000
2025-07-30,132.18499755859375,132.7899932861328,131.3000030517578,132.33999633789062,131.4956512451172,13934600
2025-07-31,134.0050048828125,134.0050048828125,130.72999572753906,131.3699951171875,130.53182983398438,16414400
2025-08-01,129.94000244140625,129.98500061035156,127.88999938964844,128.53500366210938,127.71492767333984,19438000
2025-08-04,129.7449951171875,131.1699981689453,129.7449951171875,131.14500427246094,130.30828857421875,12377000
2025-08-05,131.6300048828125,131.7449951171875,129.75999450683594,130.05999755859375,129.23020935058594,11176000
2025-08-06,130.18499755859375,131.69500732421875,130.10000610351562,131.52499389648438,130.68585205078125,10167000
2025-08-07,132.99000549316406,133.2050018310547,130.5500030517578,131.64500427246094,130.8050994873047,10318000
2025-08-08,132.13999938964844,133.11000061035156,131.7949981689453,132.9600067138672,132.1116943359375,11015800
2025-08-11,132.875,133.47500610351562,131.7550048828125,132.05999755859375,131.2174530029297,9425400
2025-08-12,132.72000122070312,134.13999938964844,131.98500061035156,134.10499572753906,133.24940490722656,11153800
2025-08-13,134.8800048828125,135.02499389648438,133.6649932861328,134.15499877929688,133.29908752441406,13990200
2025-08-14,133.47500610351562,134.3249969482422,133.1649932861328,133.86500549316406,133.01092529296875,15484400
2025-08-15,133.68499755859375,133.68499755859375,132.32000732421875,132.85000610351562,132.0023956298828,13373200
2025-08-18,132.68499755859375,133.2550048828125,132.55499267578125,133.13499450683594,132.2855682373047,12233800
2025-08-19,133.0850067138672,133.11500549316406,130.56500244140625,130.80999755859375,129.97543334960938,17367000
2025-08-20,130.47999572753906,130.47999572753906,127.91999816894531,129.9250030517578,129.0960693359375,23064200
2025-08-21,129.61000061035156,130.1300048828125,128.89500427246094,129.4550018310547,128.62905883789062,15148600
2025-08-22,129.31500244140625,132.06500244140625,128.9550018310547,131.2100067138672,130.37286376953125,13756000
2025-08-25,131.2050018310547,131.73500061035156,130.55499267578125,130.9149932861328,130.07974243164062,10691800
2025-08-26,131.02499389648438,131.69000244140625,130.8350067138672,131.51499938964844,130.67593383789062,11081000
2025-08-27,131.64500427246094,132.375,131.0399932861328,132.22500610351562,131.3813934326172,11538600
2025-08-28,132.38499450683594,133.55499267578125,131.72500610351562,133.27000427246094,132.4197235107422,12380600
2025-08-29,132.68499755859375,132.7100067138672,130.7449951171875,131.22500610351562,130.3877716064453,17481200
2025-09-02,128.90499877929688,130.02000427246094,128.13999938964844,129.89999389648438,129.07122802734375,18226000
2025-09-03,130.56500244140625,130.93499755859375,129.6999969482422,130.6750030517578,129.84129333496094,15636600
2025-09-04,130.13999938964844,131.375,129.61000061035156,131.32000732421875,130.482177734375,24397400
2025-09-05,132.56500244140625,132.61500549316406,130.09500122070312,131.42999267578125,130.5914306640625,38561800
2025-09-08,132.1199951171875,132.89500427246094,132.08999633789062,132.4149932861328,131.5701904296875,20556000
2025-09-09,132.7100067138672,132.80999755859375,131.72999572753906,132.6699981689453,131.82354736328125,19355000
2025-09-10,135.35499572753906,135.98500061035156,134.42999267578125,135.0749969482422,134.21319580078125,25957200
2025-09-11,135.9250030517578,136.11500549316406,135.30999755859375,135.52999877929688,134.66529846191406,23429200
2025-09-12,135.8000030517578,135.92999267578125,135.14999389648438,135.44000244140625,134.5758819580078,15612200
2025-09-15,135.65499877929688,136.69000244140625,135.49000549316406,136.66000366210938,135.78811645507812,16268000
2025-09-16,136.97500610351562,137.07000732421875,136.02000427246094,136.18499755859375,135.3161163330078,16081400
2025-09-17,136.09500122070312,136.25999450683594,134.30999755859375,135.71499633789062,134.84912109375,18948600
2025-09-18,137.47500610351562,138.46499633789062,136.80999755859375,138.05999755859375,137.17916870117188,20882600
2025-09-19,138.61500549316406,139.58999633789062,138.1649932861328,139.4600067138672,138.57025146484375,15670800
2025-09-22,139.0749969482422,141.44500732421875,139.02000427246094,141.3300018310547,140.6087646484375,15771200
2025-09-23,141.13499450683594,141.36500549316406,139.49000549316406,140.11000061035156,139.39500427246094,16456400
2025-09-24,140.48500061035156,140.48500061035156,138.31500244140625,139.2449951171875,138.53439331054688,13471000
2025-09-25,137.97999572753906,139.34500122070312,137.125,139.0,138.29066467285156,21349600
2025-09-26,139.14999389648438,139.5449981689453,138.19000244140625,139.4199981689453,138.70852661132812,16534000
2025-09-29,140.22000122070312,140.9600067138672,139.83999633789062,140.1649932861328,139.44972229003906,16107400
2025-09-30,140.1649932861328,141.07000732421875,139.8699951171875,140.92999267578125,140.2108154296875,18215200
2025-10-01,140.2100067138672,142.41000366210938,140.1699981689453,142.30999755859375,141.58377075195312,17411200
2025-10-02,143.63499450683594,143.6649932861328,142.43499755859375,143.0800018310547,142.34983825683594,17607800
2025-10-03,143.2100067138672,143.94000244140625,141.8699951171875,142.36000061035156,141.63352966308594,17458000
2025-10-06,144.27999877929688,144.72000122070312,143.72500610351562,143.8000030517578,143.066162109375,17945600
2025-10-07,144.5399932861328,144.75,142.0850067138672,142.83999633789062,142.11106872558594,15588400
2025-10-08,143.1699981689453,145.35000610351562,143.09500122070312,145.34500122070312,144.60328674316406,14037800
2025-10-09,145.27999877929688,145.41000366210938,144.34500122070312,145.10000610351562,144.35952758789062,11989400
2025-10-10,145.40499877929688,145.6699981689453,139.13999938964844,139.19500732421875,138.48468017578125,44574600
2025-10-13,142.36500549316406,143.05999755859375,141.55499267578125,142.5850067138672,141.8573760986328,22030400
2025-10-14,140.71499633789062,142.19000244140625,139.1199951171875,140.7550048828125,140.03672790527344,26956800
2025-10-15,142.72999572753906,143.2899932861328,140.39999389648438,142.14999389648438,141.42459106445312,20937600
2025-10-16,143.1750030517578,143.80999755859375,141.28500366210938,142.2550048828125,141.52906799316406,23166200
2025-10-17,141.41000366210938,142.92999267578125,140.50999450683594,142.5050048828125,141.7777862548828,25511600
2025-10-20,143.32000732421875,144.7100067138672,143.23500061035156,144.09500122070312,143.3596649169922,13805200
2025-10-21,144.0050048828125,144.68499755859375,143.47500610351562,144.1699981689453,143.4342803955078,12503800
2025-10-22,144.10499572753906,144.4199981689453,140.9499969482422,142.7449951171875,142.0165557861328,20723200
2025-10-23,142.18499755859375,144.77499389648438,142.18499755859375,144.5449981689453,143.80735778808594,11923400
2025-10-24,146.25,147.28500366210938,146.03500366210938,146.7899932861328,146.04090881347656,14359600
2025-10-27,148.85000610351562,149.6300048828125,148.61000061035156,149.5,148.73709106445312,15167000
2025-10-28,150.22500610351562,151.57000732421875,149.7100067138672,150.97999572753906,150.20953369140625,15055200
2025-10-29,152.35000610351562,152.9949951171875,150.93499755859375,152.06500244140625,151.2889862060547,21506200
2025-10-30,151.1999969482422,151.97999572753906,150.14500427246094,150.19500732421875,149.42855834960938,19218600
2025-10-31,151.7100067138672,151.82000732421875,149.47000122070312,150.33999633789062,149.5727996826172,16303800
2025-11-03,151.77999877929688,152.11000061035156,150.1300048828125,150.9550018310547,150.18466186523438,13983600
2025-11-04,148.22500610351562,149.1999969482422,146.72500610351562,146.97000122070312,146.22000122070312,16722600
2025-11-05,146.7100067138672,148.74000549316406,146.48500061035156,147.5449981689453,146.79205322265625,14447000
2025-11-06,147.30999755859375,147.47000122070312,143.8350067138672,144.5800018310547,143.84219360351562,24797400
2025-11-07,143.34500122070312,144.11500549316406,140.8000030517578,144.0800018310547,143.3447265625,25547000
2025-11-10,146.65499877929688,148.0449981689453,145.89500427246094,147.76499938964844,147.0109405517578,18286400
2025-11-11,146.7899932861328,147.05499267578125,145.52999877929688,146.5050048828125,145.7573699951172,14871600
2025-11-12,147.72999572753906,147.72999572753906,146.0749969482422,146.9600067138672,146.21005249023438,13179200
2025-11-13,146.13999938964844,146.33999633789062,142.51499938964844,143.2949981689453,142.56375122070312,22385800
2025-11-14,140.64999389648438,145.3800048828125,140.14500427246094,144.0749969482422,143.33975219726562,27429600
2025-11-17,142.72500610351562,144.28500366210938,140.6750030517578,141.82000732421875,141.09628295898438,24675400
2025-11-18,140.59500122070312,141.32000732421875,138.23500061035156,139.51499938964844,138.80303955078125,36747600
2025-11-19,139.52499389648438,142.05999755859375,139.1649932861328,140.48500061035156,139.76809692382812,27668800
2025-11-20,143.72000122070312,144.2550048828125,135.75999450683594,136.0749969482422,135.38058471679688,56551800
2025-11-21,136.3000030517578,138.4199981689453,133.74000549316406,136.60000610351562,135.9029083251953,44959000
2025-11-24,137.52000427246094,140.35000610351562,137.43499755859375,139.85499572753906,139.1413116455078,20124800
2025-11-25,138.625,140.58999633789062,136.65499877929688,140.22999572753906,139.514404296875,21303400
2025-11-26,141.88499450683594,142.4949951171875,140.7899932861328,141.88999938964844,141.16592407226562,13358800
2025-11-28,142.19000244140625,143.13499450683594,141.80499267578125,143.11000061035156,142.37969970703125,6792200
2025-12-01,141.72000122070312,143.60499572753906,141.28500366210938,143.1750030517578,142.44436645507812,12846600
2025-12-02,144.06500244140625,145.51499938964844,143.64500427246094,144.64999389648438,143.91183471679688,15719000
2025-12-03,143.9499969482422,145.09500122070312,143.22999572753906,144.9949951171875,144.25506591796875,11623200
2025-12-04,145.19000244140625,145.7949981689453,144.4949951171875,145.53500366210938,144.7923126220703,9995200
2025-12-05,146.2100067138672,147.30999755859375,145.69000244140625,146.60000610351562,145.8518829345703,6628000
2025-12-08,147.42999267578125,148.3800048828125,146.9199981689453,147.6300048828125,146.8766326904297,8272800
2025-12-09,147.33999633789062,148.25,146.9600067138672,148.02000427246094,147.26461791992188,6978200
2025-12-10,147.69000244140625,149.22000122070312,146.82000732421875,148.72999572753906,147.97100830078125,8961100
2025-12-11,147.05999755859375,148.1300048828125,145.11000061035156,147.97000122070312,147.21487426757812,9769300
2025-12-12,146.94000244140625,147.0800018310547,143.25999450683594,143.69000244140625,142.9567413330078,14873200
2025-12-15,144.4199981689453,144.6300048828125,142.02000427246094,142.3000030517578,141.57382202148438,10790300
2025-12-16,141.91000366210938,142.97000122070312,141.3000030517578,142.55999755859375,141.83248901367188,10790900
2025-12-17,142.72000122070312,142.83999633789062,139.32000732421875,139.38999938964844,138.67868041992188,18178700
2025-12-18,141.86000061035156,142.4199981689453,140.7899932861328,141.5399932861328,140.81768798828125,12319500
2025-12-19,142.58999633789062,144.6199951171875,142.57000732421875,144.60000610351562,143.86209106445312,14265900
2025-12-22,146.00999450683594,146.00999450683594,144.64999389648438,145.16000366210938,144.63829040527344,8864500
2025-12-23,144.74000549316406,145.97999572753906,144.36000061035156,145.9499969482422,145.42543029785156,7546100
2025-12-24,145.7899932861328,146.5,145.67999267578125,146.3000030517578,145.77418518066406,3676300
2025-12-26,146.61000061035156,146.97999572753906,146.24000549316406,146.52999877929688,146.00335693359375,5052900
2025-12-29,145.35000610351562,146.3800048828125,145.0399932861328,145.8699951171875,145.34573364257812,9822300
2025-12-30,145.85000610351562,146.25999450683594,145.3800048828125,145.41000366210938,144.88739013671875,6387400
2025-12-31,145.7100067138672,145.8000030517578,143.89999389648438,143.97000122070312,143.4525604248047,9528400
2026-01-02,145.6300048828125,146.52000427246094,143.41000366210938,144.3000030517578,143.7813720703125,15299500
2026-01-05,146.00999450683594,146.38999938964844,144.25,144.6199951171875,144.10020446777344,17476300
2026-01-06,145.2100067138672,146.77000427246094,144.6300048828125,146.64999389648438,146.1229248046875,14985700
2026-01-07,146.52999877929688,147.3800048828125,146.0399932861328,146.52999877929688,146.00335693359375,13957100
2026-01-08,145.92999267578125,145.92999267578125,143.5,144.24000549316406,143.72158813476562,16870100
2026-01-09,144.57000732421875,146.5800018310547,144.02999877929688,146.14999389648438,145.62472534179688,15652600
2026-01-12,145.19000244140625,147.2899932861328,145.0500030517578,146.7899932861328,146.26242065429688,12867200
2026-01-13,146.85000610351562,147.52000427246094,145.85000610351562,146.47999572753906,145.9535369873047,16552200
2026-01-14,145.5,145.92999267578125,143.32000732421875,144.6999969482422,144.179931640625,22104200
2026-01-15,146.92999267578125,147.57000732421875,145.30999755859375,145.4600067138672,144.9372100830078,17370900
2026-01-16,146.72000122070312,146.9499969482422,145.02000427246094,145.6199951171875,145.09661865234375,14156700
2026-01-20,143.08999633789062,144.10000610351562,141.61000061035156,141.83999633789062,141.3302001953125,20029200
2026-01-21,142.77999877929688,145.0399932861328,141.9600067138672,143.80999755859375,143.2931365966797,27892800
2026-01-22,145.61000061035156,145.6999969482422,144.16000366210938,144.8800048828125,144.35928344726562,12971600
2026-01-23,144.52999877929688,145.8300018310547,143.75,145.08999633789062,144.5685272216797,14654500
2026-01-26,145.27000427246094,146.7100067138672,144.88999938964844,146.0800018310547,145.5549774169922,10195600
2026-01-27,147.4199981689453,148.6199951171875,147.02999877929688,148.0500030517578,147.51791381835938,12436200
2026-01-28,149.0,149.89999389648438,148.61000061035156,149.22999572753906,148.6936492919922,19497400
2026-01-29,147.83999633789062,147.92999267578125,143.27000427246094,146.8699951171875,146.34214782714844,25581000
2026-01-30,146.0399932861328,146.75,142.99000549316406,143.8800048828125,143.36289978027344,18342600
2026-02-02,143.52999877929688,146.14999389648438,143.38999938964844,145.25999450683594,144.73789978027344,16337600
2026-02-03,145.8800048828125,145.97000122070312,140.1699981689453,142.0800018310547,141.56936645507812,30464500
2026-02-04,140.8300018310547,141.00999450683594,136.11000061035156,138.1199951171875,137.62359619140625,45649500
2026-02-05,137.22000122070312,138.47999572753906,135.0800018310547,135.6300048828125,135.1425323486328,42950900
2026-02-06,138.00999450683594,141.47000122070312,137.4199981689453,141.1300048828125,140.62277221679688,37131900
2026-02-09,140.60000610351562,144.02999877929688,139.91000366210938,143.35000610351562,142.8347930908203,24629500
2026-02-10,143.82000732421875,144.14999389648438,142.38999938964844,142.5500030517578,142.0376739501953,22564300
2026-02-11,144.50999450683594,144.75999450683594,141.32000732421875,142.97000122070312,142.45616149902344,18905700
2026-02-12,143.30999755859375,143.77000427246094,138.9199981689453,139.2100067138672,138.70968627929688,32154700
2026-02-13,139.55999755859375,140.91000366210938,137.92999267578125,139.55999755859375,139.05841064453125,26637100
2026-02-17,138.63999938964844,140.4499969482422,137.02000427246094,139.47999572753906,138.9786834716797,25743800
2026-02-18,140.05999755859375,142.1199951171875,139.27000427246094,140.91000366210938,140.403564453125,13705800
2026-02-19,140.08999633789062,140.7100067138672,139.27999877929688,140.2100067138672,139.70606994628906,13484000
2026-02-20,139.1999969482422,141.75,138.97000122070312,140.8800048828125,140.3736572265625,14942400
2026-02-23,140.17999267578125,140.64999389648438,137.88999938964844,138.52000427246094,138.0221405029297,22021900
2026-02-24,139.24000549316406,140.94000244140625,138.19000244140625,140.32000732421875,139.81568908691406,13030600
2026-02-25,141.36000061035156,143.33999633789062,141.2100067138672,143.00999450683594,142.49600219726562,13296000
2026-02-26,142.94000244140625,143.00999450683594,139.25999450683594,141.00999450683594,140.50318908691406,19364900
2026-02-27,138.30999755859375,139.77000427246094,137.94000244140625,138.75999450683594,138.26129150390625,15328600
2026-03-02,137.02999877929688,139.9600067138672,136.55999755859375,139.5399932861328,139.03846740722656,20156700
2026-03-03,136.36000061035156,138.3300018310547,134.99000549316406,137.5,137.0058135986328,34153000
2026-03-04,138.52999877929688,140.6300048828125,138.0399932861328,139.83999633789062,139.33740234375,15201400
2026-03-05,139.16000366210938,141.25999450683594,138.08999633789062,140.17999267578125,139.67617797851562,19422500
2026-03-06,137.82000732421875,139.8300018310547,136.7899932861328,137.2899932861328,136.7965545654297,19677200
2026-03-09,135.97000122070312,140.2100067138672,135.4600067138672,139.75999450683594,139.2576904296875,22760900
2026-03-10,139.83999633789062,141.38999938964844,139.02000427246094,139.75999450683594,139.2576904296875,24338500
2026-03-11,140.5800018310547,141.58999633789062,139.52000427246094,140.42999267578125,139.92527770996094,14009200
2026-03-12,139.27000427246094,139.75,137.64999389648438,137.83999633789062,137.34458923339844,32372800
2026-03-13,138.4499969482422,139.7100067138672,136.52000427246094,136.8000030517578,136.30833435058594,15701800
2026-03-16,138.72000122070312,140.0800018310547,138.52000427246094,138.77999877929688,138.2812042236328,16626400
2026-03-17,139.38999938964844,140.27000427246094,138.92999267578125,139.5399932861328,139.03846740722656,12034600
2026-03-18,139.30999755859375,140.07000732421875,137.92999267578125,137.9600067138672,137.46417236328125,12634500
2026-03-19,136.0,139.1699981689453,135.44000244140625,138.42999267578125,137.93246459960938,18087900
2026-03-20,137.97999572753906,137.97999572753906,134.32000732421875,135.2899932861328,134.8037567138672,27251800
2026-03-23,137.5,139.1999969482422,136.22000122070312,136.9499969482422,136.62745666503906,21818500
2026-03-24,136.0500030517578,136.9199981689453,134.8699951171875,136.14999389648438,135.82933044433594,16843900
2026-03-25,137.2899932861328,138.0,136.27999877929688,136.75999450683594,136.43789672851562,13872400
2026-03-26,135.17999267578125,135.52000427246094,132.4199981689453,132.5,132.18792724609375,15434600
2026-03-27,131.52999877929688,132.0500030517578,129.5800018310547,129.9199981689453,129.614013671875,15895200
2026-03-30,131.27000427246094,131.5500030517578,126.68000030517578,127.5,127.19971466064453,18830000
2026-03-31,129.14999389648438,133.22000122070312,128.97999572753906,132.89999389648438,132.5869903564453,19405300
2026-04-01,134.1199951171875,136.0500030517578,133.75999450683594,134.91000366210938,134.59225463867188,17050100
2026-04-02,131.91000366210938,136.0399932861328,131.35000610351562,135.99000549316406,135.6697235107422,12266200
2026-04-06,136.47999572753906,137.25,135.7100067138672,136.77999877929688,136.45785522460938,10147600
2026-04-07,136.1699981689453,137.49000549316406,134.11000061035156,137.42999267578125,137.10630798339844,8585500
2026-04-08,143.1300048828125,143.55999755859375,140.74000549316406,141.69000244140625,141.35629272460938,13359000
2026-04-09,141.75999450683594,142.19000244140625,140.35000610351562,142.07000732421875,141.7353973388672,8235100
2026-04-10,142.5,143.55999755859375,141.9199981689453,142.6199951171875,142.28408813476562,9310100
2026-04-13,142.3300018310547,145.6699981689453,142.1300048828125,145.61000061035156,145.26705932617188,10407700
2026-04-14,146.89999389648438,147.94000244140625,146.0800018310547,147.94000244140625,147.59156799316406,10183300
2026-04-15,148.27000427246094,150.3699951171875,147.9600067138672,150.3000030517578,149.94601440429688,10622500
2026-04-16,150.99000549316406,152.17999267578125,149.75,152.02000427246094,151.66197204589844,11778000
2026-04-17,154.05999755859375,154.80999755859375,153.50999450683594,154.35000610351562,153.98648071289062,10630400
2026-04-20,154.3000030517578,154.75,153.0399932861328,154.55999755859375,154.1959686279297,8131600
2026-04-21,155.0,156.07000732421875,154.14999389648438,154.69000244140625,154.32566833496094,12657300
2026-04-22,156.22000122070312,158.16000366210938,155.52000427246094,158.08999633789062,157.71766662597656,13830400
2026-04-23,156.77000427246094,157.8000030517578,153.9499969482422,155.83999633789062,155.47296142578125,12151400
2026-04-24,158.42999267578125,160.39999389648438,157.60000610351562,160.22000122070312,159.8426513671875,11059800
2026-04-27,160.02000427246094,160.6199951171875,158.80999755859375,160.57000732421875,160.19183349609375,8963900
2026-04-28,157.11000061035156,158.63999938964844,156.16000366210938,157.85000610351562,157.47824096679688,9253000
2026-04-29,158.8300018310547,159.14999389648438,157.75,159.11000061035156,158.73526000976562,7506900
2026-04-30,159.64999389648438,159.8000030517578,156.8800048828125,159.5,159.1243438720703,9276400
2026-05-01,160.38999938964844,162.2899932861328,160.13999938964844,161.8699951171875,161.48875427246094,10161800
2026-05-04,162.7100067138672,163.24000549316406,160.8800048828125,162.0500030517578,161.66835021972656,10740000
2026-05-05,163.8699951171875,166.02000427246094,163.52000427246094,165.6300048828125,165.23989868164062,9813500
2026-05-06,167.8800048828125,170.0800018310547,166.83999633789062,170.02999877929688,169.62954711914062,11304700
2026-05-07,170.25999450683594,171.9499969482422,168.6999969482422,169.69000244140625,169.2903594970703,11031500
2026-05-08,171.58999633789062,175.60000610351562,171.3000030517578,175.52000427246094,175.10662841796875,11222200
2026-05-11,176.14999389648438,178.3000030517578,175.8699951171875,177.8800048828125,177.4610595703125,10461800
2026-05-12,176.14999389648438,176.99000549316406,171.1999969482422,175.1999969482422,174.78736877441406,15950700
2026-05-13,177.27000427246094,177.74000549316406,174.25999450683594,176.85000610351562,176.43348693847656,9817900
2026-05-14,177.36000061035156,180.22000122070312,176.8699951171875,179.5,179.07723999023438,11424900
2026-05-15,176.2100067138672,178.6999969482422,174.6300048828125,176.25999450683594,175.84486389160156,14519000
2026-05-18,177.6199951171875,177.85000610351562,171.91000366210938,174.36000061035156,173.9493408203125,19162600
2026-05-19,172.67999267578125,175.17999267578125,170.8300018310547,173.24000549316406,172.8319854736328,15751400
2026-05-20,174.66000366210938,177.25,173.9499969482422,177.13999938964844,176.72279357910156,12630300
2026-05-21,175.8300018310547,178.97999572753906,175.8300018310547,178.60000610351562,178.1793670654297,10873200
2026-05-22,180.02999877929688,181.72999572753906,179.55999755859375,180.38999938964844,179.9651336669922,10739900
2026-05-26,183.1999969482422,186.0,182.58999633789062,185.13999938964844,184.70396423339844,12500300
2026-05-27,186.17999267578125,186.27000427246094,182.5399932861328,184.42999267578125,183.99562072753906,12297400
2026-05-28,184.8300018310547,187.5800018310547,183.7899932861328,186.85000610351562,186.40992736816406,11167600
2026-05-29,189.3300018310547,191.6300048828125,189.1999969482422,191.02000427246094,190.5701141357422,15031700
2026-06-01,192.32000732421875,196.5,191.14999389648438,195.75999450683594,195.2989501953125,18968800
2026-06-02,196.4499969482422,198.3800048828125,195.75,198.2100067138672,197.74319458007812,10175200
2026-06-03,198.3699951171875,198.72999572753906,194.52999877929688,196.22999572753906,195.76783752441406,11582100
2026-06-04,191.52000427246094,194.74000549316406,189.69000244140625,193.1699981689453,192.7150421142578,13142600
2026-06-05,188.88999938964844,189.22000122070312,179.8000030517578,180.3000030517578,179.87535095214844,26816100
2026-06-08,185.22000122070312,186.7100067138672,183.1699981689453,184.17999267578125,183.7462158203125,14685000
2026-06-09,185.91000366210938,187.0800018310547,172.8800048828125,180.77000427246094,180.34425354003906,29884400
2026-06-10,178.16000366210938,182.41000366210938,176.14999389648438,176.6300048828125,176.21400451660156,20059800
2026-06-11,177.7899932861328,183.66000366210938,176.5,183.2100067138672,182.77850341796875,18238400
2026-06-12,183.24000549316406,185.83999633789062,181.63999938964844,184.8000030517578,184.36476135253906,15014300
2026-06-15,190.3699951171875,192.0800018310547,189.75,191.7899932861328,191.33828735351562,13097800
2026-06-16,191.22999572753906,192.25,186.42999267578125,186.44000244140625,186.0009002685547,10077200
2026-06-17,189.00999450683594,189.99000549316406,185.3000030517578,185.8000030517578,185.36241149902344,14396100
2026-06-18,190.4199981689453,192.0,189.3800048828125,191.44000244140625,190.98912048339844,12101600
2026-06-22,192.9499969482422,194.3000030517578,190.86000061035156,192.14999389648438,191.926025390625,11313000
2026-06-23,184.67999267578125,187.25,183.6999969482422,184.19000244140625,183.97531127929688,14633600
2026-06-24,184.07000732421875,185.66000366210938,180.7899932861328,183.0500030517578,182.83663940429688,12323700
2026-06-25,188.14999389648438,188.41000366210938,180.3800048828125,184.57000732421875,184.35487365722656,13218200
2026-06-26,181.0,183.11000061035156,179.75999450683594,181.11000061035156,180.89889526367188,13433900
2026-06-29,183.1199951171875,185.66000366210938,178.6699981689453,185.41000366210938,185.19387817382812,11857000
2026-06-30,185.75999450683594,190.94000244140625,185.60000610351562,190.52000427246094,190.2979278564453,10729900
2026-07-01,186.8300018310547,187.97999572753906,185.3800048828125,185.6199951171875,185.40362548828125,9960300
2026-07-02,185.49000549316406,187.3800048828125,178.72000122070312,180.58999633789062,180.37950134277344,14173100
2026-07-06,182.66000366210938,185.7100067138672,182.0399932861328,183.57000732421875,183.3560333251953,8923100
2026-07-07,179.83999633789062,180.72000122070312,176.36000061035156,179.17999267578125,178.97113037109375,12254800
2026-07-08,177.47999572753906,181.6300048828125,177.14999389648438,181.39999389648438,181.1885528564453,10528300
2026-07-09,184.75999450683594,186.39999389648438,183.55999755859375,185.35000610351562,185.1339569091797,7756600
2026-07-10,184.00999450683594,186.22999572753906,183.08999633789062,185.77999877929688,185.56344604492188,6162000
2026-07-13,183.10000610351562,183.89999389648438,180.5399932861328,181.27999877929688,181.06869506835938,8595100
2026-07-14,183.7100067138672,184.42999267578125,181.3300018310547,183.6199951171875,183.4059600830078,6399600
2026-07-15,185.11000061035156,185.2899932861328,178.22000122070312,181.5800018310547,181.36834716796875,9256800
2026-07-16,179.0,179.47999572753906,176.41000366210938,177.52000427246094,177.31307983398438,8666500
2026-07-17,172.85000610351562,177.9199981689453,171.33999633789062,175.58999633789062,175.3853302001953,12036700
2026-07-20,177.19000244140625,178.6999969482422,175.52000427246094,175.7100067138672,175.50518798828125,7638600
2026-07-21,179.55999755859375,181.02000427246094,178.1699981689453,180.77999877929688,180.56927490234375,7506800
2026-07-22,178.16000366210938,181.42999267578125,178.14999389648438,180.27000427246094,180.05987548828125,5357600
2026-07-23,178.8000030517578,180.38999938964844,177.1999969482422,178.4499969482422,178.2419891357422,7177000
2026-07-24,177.82000732421875,179.00999450683594,175.0500030517578,175.8800048828125,175.67498779296875,7739600
2026-07-27,177.8300018310547,178.3000030517578,171.72999572753906,174.3000030517578,174.09683227539062,8376600
2026-07-28,171.2100067138672,172.1699981689453,167.5399932861328,171.08999633789062,170.89056396484375,10049300
2026-07-29,171.1199951171875,172.50999450683594,166.4600067138672,166.57000732421875,166.3758544921875,14372900
2026-07-30,172.80999755859375,176.08999633789062,172.16000366210938,175.72999572753906,175.52516174316406,15098400
2026-07-31,177.4600067138672,178.6199951171875,172.6999969482422,175.35000610351562,175.14561462402344,9146200
2026-08-03,174.00999450683594,178.9199981689453,173.0399932861328,178.0399932861328,177.83245849609375,9343400
2026-08-04,182.52000427246094,187.7100067138672,181.8699951171875,186.89999389648438,186.68214416503906,13495800
2026-08-05,187.33999633789062,188.6199951171875,185.7100067138672,185.91000366210938,185.69329833984375,7571400
2026-08-06,183.19000244140625,186.91000366210938,182.05999755859375,185.3300018310547,185.11398315429688,6706000
2026-08-07,187.99000549316406,188.72999572753906,185.74000549316406,187.97000122070312,187.7509002685547,6361200
2026-08-10,188.0800018310547,188.83999633789062,186.27000427246094,186.32000732421875,186.1028289794922,6486800
2026-08-11,187.69000244140625,187.7100067138672,185.07000732421875,186.08999633789062,185.87307739257812,5759200
2026-08-12,189.47000122070312,189.58999633789062,188.3300018310547,188.86000061035156,188.63986206054688,5887200
2026-08-13,189.1300048828125,191.74000549316406,188.86000061035156,190.77000427246094,190.54763793945312,4873900
2026-08-14,191.13999938964844,191.35000610351562,189.25,190.00999450683594,189.78851318359375,3634400
2026-08-17,190.7899932861328,191.75,190.11000061035156,190.32000732421875,190.09815979003906,6099500
2026-08-18,186.2899932861328,187.5,184.3300018310547,185.6199951171875,185.40362548828125,8436300
2026-08-19,186.38999938964844,186.91000366210938,182.41000366210938,183.63999938964844,183.4259490966797,7310400
2026-08-20,183.47000122070312,184.7100067138672,182.66000366210938,183.10000610351562,182.88658142089844,5012100
2026-08-21,184.4199981689453,184.55999755859375,181.89999389648438,183.30999755859375,183.09632873535156,5781100
2026-08-24,181.67999267578125,181.8800048828125,178.82000732421875,180.0500030517578,179.8401336669922,6540100
2026-08-25,182.11000061035156,183.02000427246094,180.58999633789062,181.74000549316406,181.52816772460938,5363500
2026-08-26,180.7100067138672,183.35000610351562,180.7100067138672,182.83999633789062,182.6268768310547,4662700
2026-08-27,186.47000122070312,188.74000549316406,185.6699981689453,188.61000061035156,188.39015197753906,8136000
2026-08-28,188.07000732421875,188.6699981689453,185.50999450683594,185.69000244140625,185.4735565185547,6300200
2026-08-31,185.77999877929688,186.64999389648438,185.27999877929688,186.5,186.28260803222656,4874800
2026-09-01,183.6999969482422,184.9199981689453,182.6300048828125,183.63999938964844,183.4259490966797,7648700
2026-09-02,183.4600067138672,183.77999877929688,182.27000427246094,183.60000610351562,183.38600158691406,5698700
2026-09-03,183.52000427246094,186.32000732421875,182.49000549316406,185.97000122070312,185.75323486328125,6091100
2026-09-04,187.19000244140625,188.1999969482422,186.4199981689453,187.27999877929688,187.06170654296875,5103800
2026-09-08,188.63999938964844,189.0800018310547,187.02000427246094,187.8699951171875,187.6510009765625,8421300
2026-09-09,187.52999877929688,188.8300018310547,187.14999389648438,187.8699951171875,187.6510009765625,5990000
2026-09-10,185.24000549316406,186.52000427246094,184.57000732421875,185.22000122070312,185.0041046142578,5568800
2026-09-11,187.35000610351562,188.63999938964844,186.8800048828125,187.6699981689453,187.4512481689453,6534700
2026-09-14,183.0,185.60000610351562,182.0800018310547,184.27999877929688,184.06520080566406,8532300
2026-09-15,184.5,185.07000732421875,183.4600067138672,183.74000549316406,183.5258331298828,6147600
2026-09-16,184.92999267578125,186.1300048828125,182.4199981689453,183.92999267578125,183.71559143066406,8061600
2026-09-17,187.3000030517578,188.52999877929688,186.72999572753906,188.05999755859375,187.84078979492188,7390700
2026-09-18,189.22999572753906,189.80999755859375,187.52000427246094,189.60000610351562,189.37899780273438,6996200
2026-09-21,191.7899932861328,195.08999633789062,190.97000122070312,194.85000610351562,194.85000610351562,9038700
2026-09-22,194.58999633789065,196.5050048828125,194.47000122070312,196.2700042724609,196.2700042724609,8568988
2026-09-23,196.66000366210938,196.67999267578125,193.82000732421875,195.33999633789062,195.33999633789062,5852800
