date,open,high,low,close,adj_close,volume
2021-07-14,91.2699966430664,91.375,90.55500030517578,90.6050033569336,86.94994354248047,7484000
2021-07-15,90.44499969482422,90.8550033569336,89.48500061035156,90.11499786376952,86.47972106933594,6667600
2021-07-16,90.38500213623048,90.48999786376952,88.93499755859375,89.00499725341797,85.41445922851562,8424200
2021-07-19,87.56999969482422,88.00499725341797,86.88500213623047,87.98500061035156,84.43563079833984,16088400
2021-07-20,88.24500274658203,89.84500122070312,87.80999755859375,89.61000061035156,85.9950942993164,9838000
2021-07-21,89.94000244140625,90.48500061035156,89.91500091552734,90.43499755859376,86.78678894042969,8185400
2021-07-22,90.36000061035156,90.93000030517578,89.90499877929688,90.8249969482422,87.16106414794922,8061600
2021-07-23,91.13500213623048,91.78500366210938,90.91999816894533,91.63500213623048,87.93838500976562,7008600
2021-07-26,91.68499755859376,92.3249969482422,91.4499969482422,92.31500244140624,88.59095764160156,6895000
2021-07-27,92.25499725341795,92.25499725341795,90.4000015258789,91.37999725341795,87.69364929199219,7359800
2021-07-28,91.2750015258789,91.5999984741211,90.6500015258789,91.08499908447266,87.41056060791016,5973800
2021-07-29,91.49500274658205,92.34500122070312,91.43499755859376,92.11000061035156,88.39422607421875,7307400
2021-07-30,90.21499633789062,91.0500030517578,90.04499816894531,90.21499633789062,86.5756607055664,9327000
2021-08-02,90.9499969482422,91.19000244140624,90.37999725341795,90.4749984741211,86.82518005371094,7303000
2021-08-03,90.84500122070312,91.16999816894533,90.04499816894531,91.1449966430664,87.46815490722656,8445800
2021-08-04,90.9499969482422,91.08999633789062,90.26000213623048,90.26000213623048,86.61885070800781,7913000
2021-08-05,90.53500366210938,91.19000244140624,90.46499633789062,91.125,87.4489517211914,5401200
2021-08-06,91.25,91.30500030517578,90.40499877929688,90.50499725341795,86.85396575927734,5822200
2021-08-09,90.5250015258789,90.5999984741211,90.16000366210938,90.37999725341795,86.7340087890625,5560600
2021-08-10,90.4800033569336,91.0749969482422,90.27999877929688,90.73500061035156,87.07469177246094,5201000
2021-08-11,90.93499755859376,91.13500213623048,90.5999984741211,91.0,87.32899475097656,5500600
2021-08-12,90.94000244140624,91.08499908447266,90.30999755859376,91.04000091552734,87.36740112304688,5229400
2021-08-13,91.0999984741211,91.1500015258789,90.59500122070312,90.77999877929688,87.11787414550781,4936400
2021-08-16,90.25,90.43000030517578,89.40499877929688,90.36000061035156,86.71481323242188,6657600
2021-08-17,89.22000122070312,89.22000122070312,87.4749984741211,88.21499633789062,84.65633392333984,11065200
2021-08-18,88.19000244140625,89.44000244140625,88.08499908447266,88.52999877929688,84.95864868164062,9998200
2021-08-19,87.7699966430664,88.5999984741211,87.43499755859375,87.96499633789062,84.41645050048828,11334600
2021-08-20,88.1050033569336,88.91000366210938,88.0250015258789,88.80999755859375,85.22734069824219,6618400
2021-08-23,89.28500366210938,90.16000366210938,89.19499969482422,89.95500183105469,86.3261489868164,6890200
2021-08-24,90.33499908447266,90.8499984741211,90.1750030517578,90.58999633789062,86.93553161621094,5791600
2021-08-25,90.58999633789062,91.05500030517578,90.41999816894533,90.94000244140624,87.27142333984375,7266600
2021-08-26,90.62999725341795,90.6750030517578,89.91500091552734,90.0999984741211,86.46532440185547,7394200
2021-08-27,90.3000030517578,91.08000183105467,90.1500015258789,90.91999816894533,87.25222778320312,7964800
2021-08-30,91.18000030517578,91.91500091552734,91.125,91.6050033569336,87.90959167480469,7366600
2021-08-31,91.69000244140624,91.87000274658205,91.30999755859376,91.8249969482422,88.12069702148438,9555800
2021-09-01,92.13999938964844,92.30999755859376,91.75499725341795,91.81999969482422,88.11592102050781,8198400
2021-09-02,92.06500244140624,92.3499984741211,91.6750030517578,91.81500244140624,88.11113739013672,6715000
2021-09-03,91.5749969482422,91.78500366210938,91.18000030517578,91.76000213623048,88.05836486816406,6889600
2021-09-07,91.8000030517578,92.25,91.76000213623048,92.02999877929688,88.31742858886719,8750600
2021-09-08,92.00499725341795,92.3550033569336,91.37999725341795,92.13500213623048,88.418212890625,7385600
2021-09-09,92.20500183105467,92.77999877929688,91.9800033569336,92.01499938964844,88.30304718017578,8714800
2021-09-10,92.50499725341795,92.58999633789062,91.41000366210938,91.4499969482422,87.76084899902344,9627200
2021-09-13,91.86000061035156,91.93499755859376,90.7750015258789,91.6750030517578,87.97676849365234,11534600
2021-09-14,91.8499984741211,91.97000122070312,90.98999786376952,91.37000274658205,87.68408966064453,8461800
2021-09-15,91.16000366210938,92.11000061035156,90.48999786376952,91.95999908447266,88.25028228759766,10294600
2021-09-16,91.7699966430664,92.61000061035156,91.5999984741211,92.37999725341795,88.65332794189453,12171400
2021-09-17,92.2699966430664,92.8000030517578,91.84500122070312,92.05500030517578,88.3414535522461,14925000
2021-09-20,90.1750030517578,90.63999938964844,88.69000244140625,89.81999969482422,86.3255386352539,16192000
2021-09-21,90.36000061035156,90.68499755859376,89.66999816894531,89.95500183105469,86.4552993774414,12503600
2021-09-22,90.51499938964844,91.5999984741211,90.30999755859376,91.18000030517578,87.63264465332031,12367400
2021-09-23,91.56999969482422,92.5,91.56999969482422,92.1050033569336,88.32711791992188,8275000
2021-09-24,91.51499938964844,92.52999877929688,91.40499877929688,92.44999694824219,88.657958984375,8033000
2021-09-27,92.08000183105469,93.19499969482422,92.04499816894531,92.94499969482422,89.13265991210938,9488000
2021-09-28,92.3949966430664,92.53500366210938,90.66500091552734,91.15499877929688,87.41606903076172,14941800
2021-09-29,91.46499633789062,92.16000366210938,91.0250015258789,91.24500274658203,87.50238037109375,12192200
2021-09-30,91.26000213623047,91.33000183105469,89.7249984741211,89.7249984741211,86.04473114013672,16489600
2021-10-01,90.18000030517578,90.82499694824219,89.25,90.4000015258789,86.6920394897461,15519600
2021-10-04,90.67500305175781,90.94000244140625,89.37999725341797,89.68499755859375,86.0063705444336,18494000
2021-10-05,89.99500274658203,90.875,89.78500366210938,90.04499816894531,86.35159301757812,10968600
2021-10-06,89.48500061035156,90.43499755859375,89.12000274658203,90.33000183105469,86.62490844726562,10272600
2021-10-07,91.11000061035156,92.08000183105469,91.01499938964844,91.73500061035156,87.97228240966797,7537800
2021-10-08,91.7699966430664,91.8550033569336,91.2300033569336,91.31500244140625,87.56951141357422,7399600
2021-10-11,91.27999877929688,92.0,90.94000244140625,90.94499969482422,87.21469116210938,6637000
2021-10-12,91.5,92.03500366210938,91.25,91.66500091552734,87.90516662597656,10281800
2021-10-13,91.94499969482422,92.36499786376953,91.38999938964844,92.11499786376953,88.33670806884766,10832000
2021-10-14,92.6500015258789,93.2300033569336,92.55000305175781,93.08000183105469,89.26213073730469,7514600
2021-10-15,93.66000366210938,94.54499816894531,93.5199966430664,94.50499725341797,90.62866973876953,8717400
2021-10-18,94.30500030517578,95.7249984741211,94.28500366210938,95.66000366210938,91.73628997802734,7867000
2021-10-19,95.88500213623047,95.88500213623047,95.29000091552734,95.38999938964844,91.47736358642578,5808800
2021-10-20,95.38999938964844,95.74500274658203,95.15499877929688,95.31999969482422,91.41024017333984,9606800
2021-10-21,95.16000366210938,96.7750015258789,95.15499877929688,96.72000122070312,92.75282287597656,7130200
2021-10-22,96.66000366210938,96.90499877929688,95.94999694824219,96.375,92.42195129394531,7376600
2021-10-25,97.21499633789062,99.18499755859375,96.82499694824219,98.76499938964844,94.71392822265625,11076800
2021-10-26,99.19499969482422,100.80500030517578,98.38999938964844,98.77999877929688,94.72830963134766,15031400
2021-10-27,99.23500061035156,99.93499755859375,98.97000122070312,99.0,94.93930053710938,9831000
2021-10-28,99.83000183105469,100.61000061035156,99.55000305175781,100.31500244140625,96.20037078857422,9001000
2021-10-29,99.16999816894531,100.62999725341797,98.8949966430664,100.57499694824219,96.44969177246094,8508400
2021-11-01,101.31500244140625,102.44000244140625,100.70999908447266,102.41999816894531,98.21902465820312,11234200
2021-11-02,101.54000091552734,102.3499984741211,101.21499633789062,101.7300033569336,97.55731964111328,13558800
2021-11-03,101.70500183105469,103.625,101.61000061035156,103.55999755859375,99.31226348876953,12816400
2021-11-04,104.05999755859375,105.36000061035156,103.93000030517578,104.95500183105469,100.65003967285156,11600000
2021-11-05,105.62000274658203,106.3499984741211,105.52999877929688,105.62999725341797,101.29734802246094,9631200
2021-11-08,104.50499725341797,105.41000366210938,104.09500122070312,104.13500213623047,99.86368560791016,11715400
2021-11-09,104.51000213623047,104.63999938964844,101.91500091552734,102.20999908447266,98.01763916015625,33102200
2021-11-10,101.54499816894531,103.26499938964844,100.53500366210938,101.83000183105469,97.65322875976562,22689600
2021-11-11,102.91500091552734,102.92500305175781,101.51000213623047,101.55500030517578,97.38949584960938,12413400
2021-11-12,101.58499908447266,102.0250015258789,100.93000030517578,101.8949966430664,97.71556091308594,10335000
2021-11-15,101.97000122070312,102.16500091552734,101.2249984741211,101.80999755859375,97.63402557373047,10612000
2021-11-16,101.94000244140625,103.6500015258789,101.91999816894531,103.41500091552734,99.17320251464844,11301200
2021-11-17,103.8550033569336,104.70500183105469,103.65499877929688,104.07499694824219,99.80613708496094,16547400
2021-11-18,104.61499786376953,105.43000030517578,104.06500244140625,105.25499725341797,100.937744140625,14804000
2021-11-19,105.25499725341797,105.99500274658203,105.04000091552734,105.70999908447266,101.37407684326172,14988800
2021-11-22,106.38999938964844,107.52999877929688,105.01000213623047,105.44499969482422,101.11992645263672,18430800
2021-11-23,105.54000091552734,106.12000274658203,103.24500274658203,104.68000030517578,100.38631439208984,22962800
2021-11-24,103.57499694824219,105.21499633789062,103.0250015258789,104.8949966430664,100.59249114990234,16341200
2021-11-26,103.16000366210938,103.51499938964844,101.86499786376953,102.03500366210938,97.84982299804688,15329200
2021-11-29,103.375,104.44499969482422,103.11499786376953,103.62000274658203,99.36978912353516,16767600
2021-11-30,103.38500213623047,104.04000091552734,101.67500305175781,102.22000122070312,98.02721405029297,26435400
2021-12-01,103.375,104.375,100.30500030517578,100.375,96.25790405273438,25941000
2021-12-02,100.91500091552734,102.28500366210938,100.28500366210938,101.80500030517578,97.6292495727539,33287800
2021-12-03,102.18499755859375,102.48500061035156,98.80000305175781,99.82499694824219,95.73045349121094,28543200
2021-12-06,100.2249984741211,101.875,98.83000183105469,100.96499633789062,96.82369995117188,23326000
2021-12-07,102.6449966430664,103.6500015258789,102.3949966430664,103.31999969482422,99.08209991455078,13875600
2021-12-08,103.3949966430664,103.75499725341797,102.7699966430664,103.58000183105469,99.33145141601562,11988000
2021-12-09,103.16000366210938,103.31999969482422,101.75,101.78500366210938,97.61006927490234,11757200
2021-12-10,102.2750015258789,102.52999877929688,101.05000305175781,102.49500274658203,98.29096221923828,14372800
2021-12-13,101.9000015258789,102.06999969482422,99.58999633789062,99.8550033569336,95.75923156738281,14995600
2021-12-14,98.75,99.55999755859375,98.17500305175781,99.2750015258789,95.20301818847656,15371800
2021-12-15,98.92500305175781,100.58499908447266,97.5999984741211,100.53500366210938,96.41134643554688,19042200
2021-12-16,101.0250015258789,101.20500183105469,98.18499755859375,98.31500244140625,94.28241729736328,18368600
2021-12-17,97.49500274658203,98.81999969482422,96.82499694824219,97.6449966430664,93.6398696899414,23480400
2021-12-20,95.94000244140625,96.13999938964844,94.94999694824219,95.92500305175781,92.128173828125,22326800
2021-12-21,96.94999694824219,98.43499755859375,96.19999694824219,98.41000366210938,94.51481628417969,13530600
2021-12-22,98.7300033569336,100.30999755859375,98.55500030517578,100.20500183105469,96.23876190185547,11491000
2021-12-23,100.33000183105469,101.86499786376953,100.18000030517578,101.59500122070312,97.5737533569336,10588600
2021-12-27,101.78500366210938,102.8949966430664,101.73999786376953,102.58499908447266,98.5245590209961,8428000
2021-12-28,102.81500244140625,103.17500305175781,102.45500183105469,102.62999725341797,98.56781005859375,8306200
2021-12-29,102.87999725341797,103.08999633789062,102.18499755859375,102.83499908447266,98.76469421386719,7584600
2021-12-30,102.48500061035156,103.36499786376953,102.375,102.46499633789062,98.40931701660156,7140200
2021-12-31,102.54499816894531,102.90499877929688,102.1500015258789,102.22000122070312,98.17401885986328,6885600
2022-01-03,104.1449966430664,105.16500091552734,103.55000305175781,105.15499877929688,100.99285888671875,14465400
2022-01-04,105.33000183105469,105.90499877929688,103.94499969482422,104.51499938964844,100.37816619873047,13169200
2022-01-05,104.375,104.69499969482422,101.6449966430664,101.69499969482422,97.66978454589844,17275600
2022-01-06,101.55500030517578,102.1449966430664,99.83000183105469,101.43000030517578,97.41529083251953,17245000
2022-01-07,101.58000183105469,101.83999633789062,99.41500091552734,99.73999786376953,95.79217529296875,15005200
2022-01-10,98.43000030517578,99.18000030517578,96.29000091552734,99.12999725341797,95.2063217163086,21271400
2022-01-11,98.98500061035156,100.28500366210938,98.2249984741211,100.08499908447266,96.12352752685547,16887400
2022-01-12,100.79000091552734,101.26000213623047,99.88500213623047,100.74500274658203,96.7574234008789,13156800
2022-01-13,101.07499694824219,101.56500244140625,98.4800033569336,98.72000122070312,94.81256103515625,16493800
2022-01-14,97.93499755859375,98.71499633789062,96.84500122070312,98.26000213623047,94.37078094482422,20715200
2022-01-18,96.87000274658203,97.33499908447266,96.04499816894531,96.4000015258789,92.58439636230469,18186600
2022-01-19,96.81999969482422,97.13500213623047,94.58499908447266,94.66000366210938,90.91324615478516,17404400
2022-01-20,95.23999786376953,96.43000030517578,92.7699966430664,92.93499755859375,89.25653076171875,18093800
2022-01-21,92.625,93.01499938964844,90.16999816894531,90.20999908447266,86.6393814086914,37394400
2022-01-24,88.33999633789062,91.38500213623047,86.0250015258789,91.29499816894531,87.68144226074219,53233800
2022-01-25,89.73999786376953,91.12999725341797,88.48999786376953,89.75,86.19759368896484,35890200
2022-01-26,91.6449966430664,92.46499633789062,88.16999816894531,89.31500244140625,85.7798080444336,43384000
2022-01-27,90.1449966430664,90.29499816894531,86.95999908447266,87.1500015258789,83.70051574707031,33723000
2022-01-28,87.45500183105469,89.05000305175781,85.73999786376953,89.05000305175781,85.52530670166016,31685800
2022-01-31,89.5,92.54499816894531,89.1500015258789,92.4749984741211,88.81474304199219,22194800
2022-02-01,92.65499877929688,93.20500183105469,91.17500305175781,93.03500366210938,89.35258483886719,22366000
2022-02-02,93.6449966430664,93.76499938964844,91.5999984741211,92.4800033569336,88.81954193115234,19294200
2022-02-03,90.32499694824219,91.75499725341797,89.45999908447266,89.6500015258789,86.10154724121094,19166600
2022-02-04,91.63500213623047,93.30000305175781,90.33499908447266,92.19999694824219,88.55062103271484,20021600
2022-02-07,92.5199966430664,93.54499816894531,91.66999816894531,92.01000213623047,88.3681411743164,18764600
2022-02-08,91.73999786376953,93.50499725341797,91.26499938964844,93.30500030517578,89.61189270019531,18318200
2022-02-09,94.4749984741211,95.08499908447266,94.1500015258789,94.54000091552734,90.79798889160156,16918800
2022-02-10,92.87000274658203,94.73500061035156,92.31500244140625,92.91000366210938,89.2325210571289,25946400
2022-02-11,93.00499725341797,93.3499984741211,89.83499908447266,90.23999786376953,86.66818237304688,25319200
2022-02-14,90.125,91.94000244140625,89.8949966430664,90.75499725341797,87.1628189086914,30854800
2022-02-15,92.19000244140625,92.87000274658203,92.0,92.78500366210938,89.11246490478516,20722400
2022-02-16,92.2249984741211,93.30999755859375,91.80999755859375,93.05000305175781,89.36698150634766,17397600
2022-02-17,92.45500183105469,92.8949966430664,90.43000030517578,90.55999755859375,86.97553253173828,18136400
2022-02-18,90.80000305175781,91.08999633789062,89.1050033569336,90.0,86.43770599365234,18990400
2022-02-22,88.73999786376953,89.61000061035156,86.32499694824219,87.375,83.91661071777344,27345600
2022-02-23,88.05999755859375,88.29000091552734,84.30000305175781,84.45500183105469,81.1121826171875,27134400
2022-02-24,80.98500061035156,86.5199966430664,80.74500274658203,86.38500213623047,82.96578979492188,41736000
2022-02-25,86.6449966430664,88.11000061035156,85.4800033569336,88.09500122070312,84.60810089111328,27338000
2022-02-28,87.2300033569336,89.0999984741211,87.07499694824219,88.71499633789062,85.20354461669922,32321800
2022-03-01,88.58499908447266,88.8550033569336,86.76499938964844,87.37000274658203,83.91180419921875,26997600
2022-03-02,87.68499755859375,89.59500122070312,87.47000122070312,89.20500183105469,85.67416381835938,20262800
2022-03-03,89.66000366210938,89.81500244140625,86.76499938964844,87.18499755859375,83.734130859375,22404000
2022-03-04,86.69000244140625,86.9000015258789,84.91000366210938,85.80000305175781,82.40396118164062,21659200
2022-03-07,86.01000213623047,86.20500183105469,81.55999755859375,81.59500122070312,78.3653793334961,32146200
2022-03-08,81.5,84.36000061035156,80.8550033569336,81.76499938964844,78.52867126464844,50888400
2022-03-09,83.94000244140625,84.875,83.55999755859375,84.3949966430664,81.0545425415039,31938200
2022-03-10,84.375,85.2699966430664,83.66000366210938,84.99500274658203,81.63081359863281,25854800
2022-03-11,85.66999816894531,85.91000366210938,83.29499816894531,83.36000061035156,80.06053161621094,24156400
2022-03-14,83.26499938964844,83.93499755859375,81.45999908447266,81.97000122070312,78.72554016113281,30349200
2022-03-15,82.56999969482422,84.95500183105469,82.36499786376953,84.71499633789062,81.36189270019531,27120400
2022-03-16,85.69499969482422,87.6050033569336,84.875,87.6050033569336,84.13751983642578,33778800
2022-03-17,86.83499908447266,89.08999633789062,86.5999984741211,89.06500244140625,85.53971099853516,26085600
2022-03-18,88.81500244140625,91.05000305175781,88.38999938964844,90.94000244140625,87.34049224853516,30129200
2022-03-21,90.8949966430664,91.44499969482422,89.20999908447266,90.04000091552734,86.6089859008789,25648000
2022-03-22,90.62999725341797,92.57499694824219,90.56999969482422,92.2750015258789,88.75880432128906,16421600
2022-03-23,91.51499938964844,92.67500305175781,90.93499755859375,91.12999725341797,87.65740966796875,15758000
2022-03-24,91.54499816894531,91.94499969482422,90.5199966430664,91.83999633789062,88.34038543701172,15134000
2022-03-25,91.95999908447266,92.1500015258789,90.83999633789062,91.68000030517578,88.18649291992188,16407800
2022-03-28,92.6449966430664,94.1500015258789,92.5199966430664,94.125,90.5383071899414,23065600
2022-03-29,95.37000274658203,96.09500122070312,94.5250015258789,95.76499938964844,92.1158218383789,19373400
2022-03-30,95.0,95.5,93.83999633789062,94.30999755859375,90.71624755859375,16296000
2022-03-31,94.29000091552734,94.29000091552734,92.41500091552734,92.5,88.97523498535156,16778000
2022-04-01,93.00499725341797,93.23500061035156,92.1050033569336,92.61499786376953,89.0858383178711,9978800
2022-04-04,92.65499877929688,94.7249984741211,92.03500366210938,94.69499969482422,91.08660888671875,15424200
2022-04-05,94.21499633789062,94.69999694824219,92.20500183105469,92.4749984741211,88.95121002197266,16219800
2022-04-06,91.22000122070312,91.22000122070312,89.27999877929688,90.11499786376953,86.68112182617188,27844800
2022-04-07,89.91999816894531,91.06500244140625,88.70500183105469,90.57499694824219,87.12357330322266,22538400
2022-04-08,90.0199966430664,90.81999969482422,89.44499969482422,89.73999786376953,86.32040405273438,18595000
2022-04-11,88.38999938964844,89.7699966430664,87.9800033569336,88.07499694824219,84.71883392333984,18593800
2022-04-12,89.30500030517578,90.23500061035156,87.91999816894531,88.2699966430664,84.90641784667969,23297400
2022-04-13,88.08999633789062,90.62000274658203,88.0,90.46499633789062,87.01776123046875,16820200
2022-04-14,90.29499816894531,90.79499816894531,89.13500213623047,89.19999694824219,85.80097961425781,17839400
2022-04-18,88.90499877929688,89.98500061035156,88.55500030517578,89.47000122070312,86.06070709228516,15385600
2022-04-19,89.5199966430664,92.19499969482422,89.44499969482422,92.06500244140625,88.55681610107422,17470000
2022-04-20,92.24500274658203,92.48999786376953,90.73500061035156,90.87999725341797,87.4169692993164,13876600
2022-04-21,93.36499786376953,93.94000244140625,89.71499633789062,90.0,86.57051086425781,23446600
2022-04-22,89.80500030517578,90.13999938964844,87.81999969482422,87.91000366210938,84.56015014648438,22307400
2022-04-25,87.13999938964844,88.62000274658203,86.62000274658203,88.54499816894531,85.17092895507812,25809600
2022-04-26,87.88999938964844,88.0250015258789,84.02999877929688,84.06500244140625,80.86166381835938,29196600
2022-04-27,84.5999984741211,85.86499786376953,83.55000305175781,84.07499694824219,80.87125396728516,25103000
2022-04-28,85.2249984741211,86.66500091552734,83.0999984741211,85.80000305175781,82.53055572509766,13985600
2022-04-29,83.93000030517578,84.68000030517578,81.27999877929688,81.44000244140625,78.33667755126953,18836600
2022-05-02,81.19000244140625,82.69000244140625,80.06999969482422,82.62999725341797,79.4813232421875,33548200
2022-05-03,82.58999633789062,82.95500183105469,81.71499633789062,82.42500305175781,79.2841567993164,24068800
2022-05-04,82.29499816894531,84.93000030517578,80.94000244140625,84.84500122070312,81.61193084716797,18696600
2022-05-05,83.70999908447266,83.76499938964844,79.13999938964844,80.08999633789062,77.03812408447266,22776800
2022-05-06,79.6449966430664,80.43000030517578,77.68499755859375,79.07499694824219,76.06179809570312,25545400
2022-05-09,77.3499984741211,78.43000030517578,75.28500366210938,75.70500183105469,72.82020568847656,22095400
2022-05-10,77.30000305175781,77.75499725341797,74.41999816894531,75.4800033569336,72.60377502441406,25447000
2022-05-11,75.30999755859375,76.07499694824219,72.56999969482422,72.7750015258789,70.00186920166016,25713600
2022-05-12,71.50499725341797,74.99500274658203,71.01499938964844,73.2750015258789,70.48281860351562,23601200
2022-05-13,74.93499755859375,76.51499938964844,74.36000061035156,76.16000366210938,73.25789642333984,12573400
2022-05-16,75.8550033569336,75.91000366210938,74.33000183105469,74.51499938964844,71.67557525634766,11730200
2022-05-17,76.0,76.43000030517578,74.4749984741211,76.3949966430664,73.4839096069336,11210000
2022-05-18,74.31500244140625,74.31500244140625,70.8550033569336,71.4000015258789,68.67927551269531,14761600
2022-05-19,70.95500183105469,72.63500213623047,70.5250015258789,71.44999694824219,68.72736358642578,15413800
2022-05-20,72.03500366210938,72.13500213623047,68.16500091552734,70.20500183105469,67.52980041503906,15624600
2022-05-23,70.48500061035156,70.91500091552734,68.91500091552734,70.7300033569336,68.03479766845703,13607000
2022-05-24,69.56999969482422,69.75499725341797,68.0,68.91000366210938,66.28414916992188,14872000
2022-05-25,68.46499633789062,71.45999908447266,68.43000030517578,70.8550033569336,68.15503692626953,12955000
2022-05-26,71.8499984741211,74.8499984741211,71.80000305175781,74.33000183105469,71.49759674072266,16046000
2022-05-27,75.16000366210938,76.9000015258789,75.16000366210938,76.87999725341797,73.95044708251953,15248800
2022-05-31,76.95999908447266,78.04499816894531,75.78500366210938,77.2699966430664,74.3255844116211,14145400
2022-06-01,77.68499755859375,78.22000122070312,75.9749984741211,76.46499633789062,73.55123901367188,12232800
2022-06-02,76.54000091552734,78.8499984741211,76.2249984741211,78.80500030517578,75.80209350585938,11625600
2022-06-03,77.19499969482422,77.75,76.23999786376953,76.5,73.58492279052734,10714200
2022-06-06,77.86000061035156,78.25499725341797,76.79499816894531,77.26499938964844,74.32075500488281,10234800
2022-06-07,75.69000244140625,77.30000305175781,75.25499725341797,77.07499694824219,74.13800048828125,9637200
2022-06-08,76.68000030517578,77.74500274658203,76.41999816894531,76.62000274658203,73.70035552978516,8810200
2022-06-09,76.66500091552734,77.48999786376953,75.2300033569336,75.23500061035156,72.36812591552734,7728400
2022-06-10,73.68000030517578,74.1449966430664,72.01000213623047,72.23500061035156,69.48243713378906,13439000
2022-06-13,69.7249984741211,70.4749984741211,68.37999725341797,68.9000015258789,66.27454376220703,20171800
2022-06-14,69.25,69.76000213623047,68.23500061035156,68.84500122070312,66.22162628173828,13355400
2022-06-15,69.33000183105469,71.57499694824219,69.20999908447266,70.77999877929688,68.08289337158203,18120800
2022-06-16,68.77999877929688,68.86000061035156,66.5199966430664,67.31500244140625,64.74993133544922,24019400
2022-06-17,67.32499694824219,68.63999938964844,67.08499908447266,68.05000305175781,65.4569091796875,22390000
2022-06-21,69.23500061035156,70.61499786376953,69.11000061035156,69.83499908447266,67.3292465209961,12856600
2022-06-22,68.84500122070312,71.11499786376953,68.84500122070312,69.69999694824219,67.1990737915039,12021800
2022-06-23,70.19499969482422,70.98500061035156,69.23500061035156,70.79499816894531,68.25477600097656,11777400
2022-06-24,71.30000305175781,73.5199966430664,70.96499633789062,73.49500274658203,70.85791015625,13404600
2022-06-27,73.8550033569336,74.23500061035156,72.48999786376953,72.7249984741211,70.11553192138672,14574200
2022-06-28,72.8949966430664,73.76000213623047,69.79499816894531,69.81999969482422,67.31477355957031,11367800
2022-06-29,69.78500366210938,70.24500274658203,69.01499938964844,69.76499938964844,67.26173400878906,11919200
2022-06-30,68.8550033569336,69.6050033569336,67.37999725341797,68.73999786376953,66.27350616455078,12569200
2022-07-01,68.8499984741211,70.09500122070312,68.58499908447266,70.00499725341797,67.49314880371094,11335400
2022-07-05,69.0,71.61499786376953,68.51499938964844,71.56999969482422,69.0019760131836,11515800
2022-07-06,71.44499969482422,72.07499694824219,70.5250015258789,71.33499908447266,68.77542114257812,15889800
2022-07-07,71.5199966430664,73.31500244140625,71.51000213623047,73.17500305175781,70.54940032958984,8559000
2022-07-08,72.56999969482422,73.7249984741211,72.23500061035156,73.18499755859375,70.55902099609375,6196600
2022-07-11,72.72000122070312,72.91999816894531,71.00499725341797,71.18000030517578,68.62596130371094,7615200
2022-07-12,71.18000030517578,72.29499816894531,70.29499816894531,70.75,68.21141815185547,14874400
2022-07-13,69.3499984741211,71.95999908447266,69.06999969482422,71.33000183105469,68.77059173583984,14236200
2022-07-14,70.54499816894531,71.38999938964844,69.68499755859375,71.2699966430664,68.71273803710938,10515200
2022-07-15,72.16500091552734,72.75,71.72000122070312,72.41999816894531,69.82148742675781,7519600
2022-07-18,73.41000366210938,74.28500366210938,72.3499984741211,72.62999725341797,70.02393341064453,8042600
2022-07-19,73.69499969482422,74.97000122070312,73.06999969482422,74.8550033569336,72.16909790039062,8840000
2022-07-20,75.0,76.2300033569336,74.80999755859375,76.08499908447266,73.35497283935547,9340400
2022-07-21,76.36000061035156,77.875,75.92500305175781,77.82499694824219,75.03255462646484,10763200
2022-07-22,78.31999969482422,78.9000015258789,76.9000015258789,77.375,74.59869384765625,7794600
2022-07-25,77.44000244140625,77.4800033569336,76.23999786376953,76.70999908447266,73.95755004882812,9123400
2022-07-26,74.95999908447266,75.30000305175781,74.1050033569336,74.23999786376953,71.576171875,8196400
2022-07-27,75.36499786376953,77.44999694824219,75.00499725341797,77.05000305175781,74.28535461425781,10402600
2022-07-28,77.5,78.50499725341797,76.28500366210938,78.375,75.56278991699219,11074600
2022-07-29,80.16500091552734,81.73999786376953,79.625,81.41500091552734,78.49372100830078,13605400
2022-08-01,81.43000030517578,82.99500274658203,81.02999877929688,81.81999969482422,78.88419342041016,17921800
2022-08-02,81.30999755859375,82.69000244140625,80.98999786376953,81.26000213623047,78.34429168701172,13815400
2022-08-03,82.1500015258789,83.62000274658203,81.83499908447266,83.23999786376953,80.25323486328125,12027600
2022-08-04,83.44499969482422,83.93000030517578,82.96499633789062,83.58000183105469,80.58104705810547,9827600
2022-08-05,82.6449966430664,83.37000274658203,81.7300033569336,82.15499877929688,79.2071762084961,8788200
2022-08-08,83.01000213623047,84.29000091552734,82.20999908447266,82.5250015258789,79.56391143798828,7294000
2022-08-09,82.0250015258789,82.29000091552734,80.7300033569336,81.20999908447266,78.29608917236328,6639400
2022-08-10,83.58000183105469,83.8499984741211,82.56999969482422,83.5,80.50392150878906,7246800
2022-08-11,84.23500061035156,84.625,82.81500244140625,83.07499694824219,80.09416198730469,7822000
2022-08-12,83.67500305175781,84.9800033569336,82.95500183105469,84.95500183105469,81.90672302246094,5897800
2022-08-15,84.73999786376953,85.80999755859375,84.63500213623047,85.54000091552734,82.47071838378906,7714800
2022-08-16,85.67500305175781,87.37999725341797,85.41999816894531,86.48500061035156,83.38180541992188,7224600
2022-08-17,85.53500366210938,86.44499969482422,84.99500274658203,85.55500030517578,82.48517608642578,7495400
2022-08-18,85.45500183105469,85.7249984741211,84.9800033569336,85.52999877929688,82.4610595703125,5669000
2022-08-19,84.77999877929688,84.88999938964844,83.48500061035156,83.76499938964844,80.75940704345703,7149600
2022-08-22,82.49500274658203,82.49500274658203,81.26499938964844,81.44000244140625,78.51781463623047,8369400
2022-08-23,81.50499725341797,82.2750015258789,81.23999786376953,81.66999816894531,78.73957824707031,8787000
2022-08-24,81.50499725341797,82.83999633789062,81.30500030517578,82.0199966430664,79.07701873779297,6664000
2022-08-25,82.52999877929688,83.0999984741211,81.91000366210938,83.0,80.02185821533203,6090000
2022-08-26,83.1500015258789,83.42500305175781,79.81999969482422,79.83999633789062,76.97523498535156,7893800
2022-08-29,78.7300033569336,80.08000183105469,78.7300033569336,79.41500091552734,76.56550598144531,7051400
2022-08-30,80.08499908447266,80.26499938964844,77.73999786376953,78.52999877929688,75.71222686767578,7334400
2022-08-31,78.93499755859375,79.17500305175781,77.73500061035156,77.75499725341797,74.96505737304688,8862800
2022-09-01,77.24500274658203,78.52999877929688,76.46499633789062,78.46499633789062,75.64956665039062,11943800
2022-09-02,79.25,79.59500122070312,77.30000305175781,77.74500274658203,74.95542907714844,16482600
2022-09-06,78.08499908447266,78.2699966430664,76.42500305175781,77.58499908447266,74.80115509033203,17922000
2022-09-07,77.5,80.07499694824219,77.5,79.96499633789062,77.09573364257812,12633200
2022-09-08,79.1449966430664,80.7699966430664,78.8949966430664,80.70999908447266,77.81401062011719,9391400
2022-09-09,81.09500122070312,82.375,81.09500122070312,82.23999786376953,79.28911590576172,8950800
2022-09-12,82.69499969482422,83.59500122070312,82.69499969482422,83.30000305175781,80.31109619140625,8791600
2022-09-13,80.6449966430664,81.04000091552734,78.78500366210938,79.00499725341797,76.17021179199219,13350800
2022-09-14,79.27999877929688,80.3550033569336,78.87999725341797,80.0199966430664,77.14876556396484,14924800
2022-09-15,79.91500091552734,81.22000122070312,79.22000122070312,79.61000061035156,76.75350189208984,11364000
2022-09-16,78.41000366210938,79.1050033569336,77.84500122070312,78.97000122070312,76.13646697998047,17364200
2022-09-19,78.12999725341797,79.93499755859375,78.08000183105469,79.91999816894531,77.21369171142578,10028600
2022-09-20,79.09500122070312,79.3949966430664,77.90499877929688,78.56500244140625,75.90457153320312,9142000
2022-09-21,78.78500366210938,79.51499938964844,76.69000244140625,76.70500183105469,74.10755920410156,10222400
2022-09-22,76.31500244140625,76.58999633789062,74.55000305175781,74.93499755859375,72.39749145507812,11338800
2022-09-23,73.94000244140625,74.05999755859375,72.2750015258789,73.20999908447266,70.73091125488281,11213000
2022-09-26,72.91000366210938,74.63500213623047,72.9000015258789,73.04499816894531,70.57150268554688,12839600
2022-09-27,74.12000274658203,74.87000274658203,72.48500061035156,73.2750015258789,70.7937240600586,14563400
2022-09-28,73.58499908447266,75.6500015258789,73.21499633789062,75.25499725341797,72.70665740966797,13861400
2022-09-29,74.06500244140625,74.16500091552734,71.95500183105469,72.65499877929688,70.1947021484375,12313600
2022-09-30,71.80500030517578,73.2699966430664,71.01499938964844,71.2249984741211,68.81312561035156,12232400
2022-10-03,71.16000366210938,71.95500183105469,70.0999984741211,71.29499816894531,68.8807601928711,17291600
2022-10-04,73.06500244140625,74.50499725341797,72.8550033569336,73.78500366210938,71.28645324707031,19663800
2022-10-05,72.61499786376953,73.83499908447266,71.83999633789062,73.3499984741211,70.86619567871094,12541200
2022-10-06,73.19499969482422,73.91500091552734,72.51499938964844,72.83000183105469,70.36377716064453,14429000
2022-10-07,71.75,71.91000366210938,69.91500091552734,70.32499694824219,67.943603515625,11195400
2022-10-10,70.43000030517578,70.62999725341797,69.19999694824219,69.88999938964844,67.5233383178711,9728400
2022-10-11,69.54499816894531,70.73500061035156,68.86000061035156,69.31999969482422,66.97264099121094,12003400
2022-10-12,69.32499694824219,70.03500366210938,68.76499938964844,69.5,67.14656066894531,19440000
2022-10-13,67.41999816894531,70.65499877929688,66.7750015258789,70.26000213623047,67.88081359863281,19564200
2022-10-14,70.95999908447266,71.33000183105469,67.5250015258789,67.63500213623047,65.3447036743164,13421400
2022-10-17,69.08000183105469,70.56999969482422,69.05000305175781,70.37999725341797,67.99674224853516,13131000
2022-10-18,72.57499694824219,72.78500366210938,70.65499877929688,71.3499984741211,68.93392181396484,10368000
2022-10-19,70.7699966430664,71.2300033569336,69.80500030517578,70.55000305175781,68.1609878540039,7144800
2022-10-20,69.58999633789062,70.88999938964844,68.95500183105469,69.18499755859375,66.84221649169922,10195200
2022-10-21,69.1050033569336,71.26499938964844,68.7249984741211,71.19999694824219,68.78897094726562,15575800
2022-10-24,70.875,71.80000305175781,69.61000061035156,71.49500274658203,69.07400512695312,9081200
2022-10-25,71.52999877929688,73.48500061035156,71.52999877929688,73.28500366210938,70.80337524414062,7455000
2022-10-26,72.4000015258789,74.16000366210938,72.19999694824219,72.69499969482422,70.23334503173828,6864600
2022-10-27,73.05000305175781,73.51499938964844,72.16000366210938,72.41500091552734,69.96284484863281,12722200
2022-10-28,70.47000122070312,72.58000183105469,69.96499633789062,72.4800033569336,70.02565002441406,14082600
2022-10-31,72.09500122070312,72.55999755859375,71.40499877929688,72.01499938964844,69.57637786865234,9367400
2022-11-01,73.23999786376953,73.44999694824219,71.1449966430664,71.28500366210938,68.8711166381836,12514600
2022-11-02,71.21499633789062,71.62999725341797,68.56999969482422,68.58999633789062,66.26734924316406,19853200
2022-11-03,68.0999984741211,68.96499633789062,67.7300033569336,68.18000030517578,65.87125396728516,11117400
2022-11-04,69.79499816894531,70.4800033569336,67.45500183105469,68.75,66.42195129394531,12628800
2022-11-07,69.16500091552734,69.2249984741211,67.5999984741211,68.2699966430664,65.95818328857422,7424600
2022-11-08,68.3499984741211,68.91500091552734,67.16000366210938,68.0999984741211,65.79395294189453,9535600
2022-11-09,67.73999786376953,68.05500030517578,65.94999694824219,66.0199966430664,63.78436279296875,10155400
2022-11-10,69.33000183105469,70.92500305175781,68.5999984741211,70.84500122070312,68.44601440429688,15516000
2022-11-11,70.94999694824219,72.94499969482422,70.73500061035156,72.54499816894531,70.08841705322266,11350400
2022-11-14,71.91500091552734,72.55000305175781,71.31999969482422,71.3949966430664,68.97738647460938,15841000
2022-11-15,73.08999633789062,73.4800033569336,71.56999969482422,72.37000274658203,69.91938018798828,8739400
2022-11-16,71.04000091552734,71.8550033569336,70.74500274658203,71.26499938964844,68.85177612304688,9573600
2022-11-17,70.23500061035156,70.69999694824219,69.73999786376953,70.4000015258789,68.01606750488281,7565000
2022-11-18,71.30999755859375,71.33499908447266,69.68000030517578,70.49500274658203,68.10786437988281,7414000
2022-11-21,70.0999984741211,70.30000305175781,69.0999984741211,69.4749984741211,67.12239074707031,6752800
2022-11-22,69.75,70.29499816894531,69.2699966430664,70.26000213623047,67.88081359863281,5520800
2022-11-23,70.51000213623047,71.42500305175781,70.36499786376953,71.2750015258789,68.8614501953125,6177000
2022-11-25,71.30999755859375,71.51499938964844,70.94000244140625,71.31500244140625,68.90009307861328,2728400
2022-11-28,70.93000030517578,71.66999816894531,70.72000122070312,70.875,68.47498321533203,6041000
2022-11-29,70.94000244140625,71.19999694824219,70.37999725341797,70.6500015258789,68.25761413574219,10423000
2022-11-30,70.68499755859375,73.11000061035156,70.2300033569336,73.08499908447266,70.61013793945312,16408600
2022-12-01,73.3550033569336,73.66000366210938,72.5199966430664,73.07499694824219,70.60050201416016,9654000
2022-12-02,72.04499816894531,73.19999694824219,72.02999877929688,72.9800033569336,70.50873565673828,11972400
2022-12-05,72.01000213623047,72.23500061035156,70.68499755859375,70.875,68.47498321533203,11580000
2022-12-06,70.66999816894531,70.9749984741211,69.16500091552734,69.7699966430664,67.40740966796875,7899800
2022-12-07,69.29499816894531,70.08999633789062,69.08000183105469,69.3499984741211,67.00162506103516,10852600
2022-12-08,69.46499633789062,70.28500366210938,69.13500213623047,70.0199966430664,67.64894104003906,6407000
2022-12-09,69.59500122070312,70.41000366210938,69.48500061035156,69.71499633789062,67.35427856445312,7218400
2022-12-12,69.56999969482422,69.88999938964844,69.11499786376953,69.88999938964844,67.5233383178711,6545600
2022-12-13,72.20999908447266,72.66000366210938,69.13500213623047,69.88999938964844,67.5233383178711,10744000
2022-12-14,69.74500274658203,70.31999969482422,68.58999633789062,69.37000274658203,67.02095794677734,10903800
2022-12-15,68.29499816894531,68.625,67.7249984741211,68.2300033569336,65.91957092285156,11947800
2022-12-16,67.83999633789062,68.1050033569336,66.6050033569336,66.95500183105469,64.68772888183594,13371800
2022-12-19,66.76000213623047,66.9000015258789,65.44000244140625,65.69999694824219,63.649173736572266,8675800
2022-12-20,65.29499816894531,65.83999633789062,64.84500122070312,64.93499755859375,62.90806198120117,7710200
2022-12-21,65.7249984741211,66.33499908447266,65.4749984741211,65.97000122070312,63.91075134277344,10670200
2022-12-22,65.2249984741211,65.2699966430664,63.314998626708984,64.2750015258789,62.26866912841797,12894200
2022-12-23,64.1050033569336,64.8949966430664,63.66999816894531,64.71499633789062,62.69493103027344,6550800
2022-12-27,64.41500091552734,64.53500366210938,63.625,63.665000915527344,61.67771530151367,8536000
2022-12-28,63.69499969482422,64.31500244140625,63.0,63.130001068115234,61.15941619873047,10073800
2022-12-29,64.03500366210938,64.9000015258789,63.78499984741211,64.75499725341797,62.73367691040039,7492200
2022-12-30,64.11499786376953,64.59500122070312,63.84000015258789,64.58000183105469,62.56415557861328,7531000
2023-01-03,64.96499633789062,65.1500015258789,63.415000915527344,64.19499969482422,62.191165924072266,9567000
2023-01-04,64.79499816894531,65.6050033569336,63.97999954223633,65.125,63.09214401245117,8079600
2023-01-05,64.66999816894531,64.94999694824219,64.08499908447266,64.5199966430664,62.506011962890625,7776200
2023-01-06,64.33999633789062,66.29000091552734,63.8849983215332,66.03500366210938,63.973731994628906,9239400
2023-01-09,66.83499908447266,67.51499938964844,66.38500213623047,66.43499755859375,64.36123657226562,9387800
2023-01-10,66.47000122070312,67.27999877929688,66.11000061035156,67.2699966430664,65.17018127441406,8830800
2023-01-11,67.84500122070312,69.08999633789062,67.78500366210938,69.08499908447266,66.92852020263672,12708000
2023-01-12,69.51499938964844,69.59500122070312,68.08999633789062,69.19999694824219,67.0399398803711,9572200
2023-01-13,68.12999725341797,69.91500091552734,68.03500366210938,69.8499984741211,67.6696548461914,7969400
2023-01-17,70.05500030517578,70.45999908447266,69.69999694824219,69.9000015258789,67.71809387207031,7499800
2023-01-18,70.61000061035156,71.01499938964844,68.95999908447266,68.98999786376953,66.83649444580078,9596800
2023-01-19,68.48500061035156,68.69999694824219,67.49500274658203,67.84500122070312,65.72723388671875,12957200
2023-01-20,67.99500274658203,69.52999877929688,67.66000366210938,69.48999786376953,67.32087707519531,7502600
2023-01-23,69.67500305175781,70.83999633789062,69.2699966430664,70.57499694824219,68.37200927734375,9168000
2023-01-24,70.33000183105469,70.83000183105469,69.875,70.49500274658203,68.29452514648438,6373000
2023-01-25,69.42500305175781,70.94999694824219,68.9000015258789,70.8550033569336,68.64328002929688,7540400
2023-01-26,72.11000061035156,72.51499938964844,71.3949966430664,72.30500030517578,70.04803466796875,9641200
2023-01-27,72.36499786376953,74.51499938964844,72.3499984741211,73.94499969482422,71.63683319091797,10945200
2023-01-30,73.38999938964844,73.875,72.625,72.68499755859375,70.41615295410156,9578400
2023-01-31,72.76499938964844,74.3499984741211,72.76499938964844,74.3499984741211,72.02919006347656,6975600
2023-02-01,74.15499877929688,76.3550033569336,73.38999938964844,75.76000213623047,73.3951644897461,13913800
2023-02-02,77.40499877929688,79.01499938964844,77.05000305175781,78.08000183105469,75.64275360107422,14039600
2023-02-03,75.73999786376953,77.4749984741211,75.33999633789062,75.67500305175781,73.31282806396484,13593800
2023-02-06,75.38999938964844,76.0250015258789,74.93499755859375,75.56500244140625,73.20626068115234,8770000
2023-02-07,75.23500061035156,75.93000030517578,73.83000183105469,75.73999786376953,73.37578582763672,9833200
2023-02-08,75.48999786376953,75.67500305175781,74.57499694824219,75.09500122070312,72.75093078613281,11128000
2023-02-09,76.09500122070312,76.59500122070312,74.58499908447266,74.95500183105469,72.61530303955078,8316200
2023-02-10,74.30000305175781,74.65499877929688,73.4749984741211,74.07499694824219,71.76276397705078,6433000
2023-02-13,74.06999969482422,75.19499969482422,73.56999969482422,75.16000366210938,72.81389617919922,6721400
2023-02-14,74.62999725341797,76.26499938964844,74.16500091552734,76.05999755859375,73.685791015625,8722600
2023-02-15,75.84500122070312,76.96499633789062,75.55000305175781,76.94999694824219,74.54800415039062,6820200
2023-02-16,75.7699966430664,76.84500122070312,75.25499725341797,75.2699966430664,72.92047119140625,11257600
2023-02-17,74.83999633789062,75.31999969482422,74.0199966430664,75.28500366210938,72.93499755859375,7480200
2023-02-21,74.16000366210938,74.36000061035156,72.75,72.7699966430664,70.49848937988281,8837200
2023-02-22,72.93499755859375,73.62000274658203,72.61000061035156,73.13999938964844,70.85696411132812,9928400
2023-02-23,73.3949966430664,73.48999786376953,71.84500122070312,73.08000183105469,70.798828125,10568600
2023-02-24,71.7249984741211,72.06999969482422,71.33999633789062,71.93000030517578,69.6847152709961,11914600
2023-02-27,72.74500274658203,73.36499786376953,72.5199966430664,72.81999969482422,70.54694366455078,11244400
2023-02-28,72.7750015258789,73.30500030517578,72.48500061035156,72.7699966430664,70.49848937988281,11185000
2023-03-01,72.51000213623047,72.75,71.43499755859375,71.8550033569336,69.61206817626953,12688800
2023-03-02,70.70500183105469,71.7249984741211,70.51499938964844,71.61499786376953,69.3795394897461,10982800
2023-03-03,72.23999786376953,73.27999877929688,72.07499694824219,73.15499877929688,70.87147521972656,10035200
2023-03-06,73.33999633789062,73.59500122070312,72.59500122070312,72.62000274658203,70.3531723022461,9854400
2023-03-07,72.51000213623047,72.87000274658203,71.59500122070312,71.62999725341797,69.39408111572266,11941800
2023-03-08,71.5,71.6500015258789,70.76499938964844,71.5,69.26813507080078,10816600
2023-03-09,71.375,72.11499786376953,69.73500061035156,69.79499816894531,67.61636352539062,13337400
2023-03-10,70.0250015258789,70.75,68.86499786376953,69.0999984741211,66.94306945800781,29058600
2023-03-13,68.08000183105469,70.12999725341797,67.8550033569336,69.24500274658203,67.08352661132812,23628200
2023-03-14,70.18499755859375,70.62000274658203,69.54000091552734,70.41999816894531,68.22184753417969,15038200
2023-03-15,69.375,70.3550033569336,68.99500274658203,70.31500244140625,68.12013244628906,18002800
2023-03-16,69.875,71.88999938964844,69.81999969482422,71.58499908447266,69.35049438476562,21495600
2023-03-17,71.56500244140625,71.61000061035156,70.09500122070312,70.66999816894531,68.46405029296875,16880000
2023-03-20,70.37000274658203,71.19499969482422,69.875,70.76000213623047,68.76042938232422,11729600
2023-03-21,71.67500305175781,72.82499694824219,71.6449966430664,72.71499633789062,70.66018676757812,12776800
2023-03-22,72.75,73.27999877929688,71.06500244140625,71.09500122070312,69.08597564697266,10983600
2023-03-23,71.95500183105469,72.4800033569336,70.31500244140625,71.0199966430664,69.01307678222656,12255600
2023-03-24,70.8550033569336,70.91500091552734,69.88999938964844,70.79000091552734,68.78958129882812,9434600
2023-03-27,71.47000122070312,71.73500061035156,70.63999938964844,70.93499755859375,68.93047332763672,8414400
2023-03-28,70.91500091552734,71.1050033569336,70.37000274658203,70.8499984741211,68.84789276123047,5719600
2023-03-29,71.62000274658203,72.22000122070312,71.37000274658203,72.19499969482422,70.15489196777344,7725400
2023-03-30,72.88500213623047,73.19000244140625,72.53500366210938,72.82499694824219,70.7670669555664,6478400
2023-03-31,73.29000091552734,74.81500244140625,73.18499755859375,74.7699966430664,72.65711212158203,10453800
2023-04-03,74.09500122070312,74.44499969482422,73.56999969482422,74.08499908447266,71.99147033691406,11338400
2023-04-04,74.33000183105469,74.5,73.31999969482422,73.96499633789062,71.87486267089844,9383000
2023-04-05,73.65499877929688,73.68000030517578,72.29499816894531,72.44999694824219,70.4026870727539,8861600
2023-04-06,72.11499786376953,72.59500122070312,71.44499969482422,72.46499633789062,70.4172592163086,7636200
2023-04-10,71.7249984741211,72.80999755859375,71.29499816894531,72.78500366210938,70.72821044921875,7276800
2023-04-11,72.82499694824219,73.30999755859375,72.56999969482422,72.9000015258789,70.83995819091797,8808000
2023-04-12,73.50499725341797,73.52999877929688,71.69000244140625,71.7699966430664,69.74188232421875,9062600
2023-04-13,72.29000091552734,73.41999816894531,72.05500030517578,73.3550033569336,71.28208923339844,13140000
2023-04-14,73.19000244140625,73.9000015258789,72.83999633789062,73.44999694824219,71.37442779541016,10801600
2023-04-17,73.63500213623047,74.12999725341797,73.26499938964844,73.97000122070312,71.8797378540039,9102400
2023-04-18,74.33999633789062,74.51000213623047,73.7699966430664,74.08999633789062,71.99632263183594,9058800
2023-04-19,73.4000015258789,74.44499969482422,73.33000183105469,74.0199966430664,71.92831420898438,7600400
2023-04-20,72.80500030517578,73.50499725341797,72.47000122070312,72.87999725341797,70.82051849365234,8287000
2023-04-21,73.4749984741211,73.9800033569336,72.91000366210938,73.68499755859375,71.60279083251953,8870200
2023-04-24,73.79499816894531,74.2300033569336,73.0,73.67500305175781,71.5930404663086,7750000
2023-04-25,73.19000244140625,73.31999969482422,72.20500183105469,72.21499633789062,70.17431640625,8494400
2023-04-26,72.58000183105469,72.81500244140625,71.69999694824219,71.84500122070312,69.81475830078125,7706000
2023-04-27,72.3499984741211,73.82499694824219,72.30000305175781,73.73999786376953,71.65620422363281,9630800
2023-04-28,73.3949966430664,74.02999877929688,72.70999908447266,73.93000030517578,71.84085845947266,8271000
2023-05-01,73.75,73.91000366210938,73.09500122070312,73.19999694824219,71.13148498535156,8547800
2023-05-02,73.08999633789062,73.43499755859375,72.38500213623047,73.2750015258789,71.2043685913086,9217200
2023-05-03,72.97000122070312,73.94499969482422,72.63999938964844,72.69499969482422,70.64073181152344,8512000
2023-05-04,72.70500183105469,73.0199966430664,72.0199966430664,72.13500213623047,70.09658813476562,10663000
2023-05-05,72.81500244140625,73.73500061035156,72.68499755859375,73.59500122070312,71.51533508300781,7371800
2023-05-08,73.81999969482422,73.875,73.3550033569336,73.84500122070312,71.75824737548828,6850000
2023-05-09,73.44000244140625,73.87999725341797,73.31999969482422,73.82499694824219,71.73882293701172,8465000
2023-05-10,74.50499725341797,74.88500213623047,73.3499984741211,74.19999694824219,72.10321807861328,9028000
2023-05-11,74.24500274658203,74.63999938964844,73.96499633789062,74.54499816894531,72.43846893310547,8288600
2023-05-12,74.80000305175781,74.99500274658203,73.4749984741211,73.91500091552734,71.82628631591797,7557800
2023-05-15,74.0,74.16000366210938,73.36499786376953,74.01000213623047,71.91858673095703,6412000
2023-05-16,73.50499725341797,74.37000274658203,73.4000015258789,73.70999908447266,71.6270751953125,6948800
2023-05-17,74.17500305175781,75.32499694824219,74.16000366210938,75.24500274658203,73.11870574951172,9331800
2023-05-18,75.41000366210938,76.44499969482422,75.4000015258789,76.41500091552734,74.25563049316406,8606600
2023-05-19,76.2300033569336,76.2699966430664,75.3949966430664,75.7750015258789,73.63371276855469,7150200
2023-05-22,75.80999755859375,76.03500366210938,75.27999877929688,75.54000091552734,73.40535736083984,7120000
2023-05-23,74.95999908447266,75.91999816894531,74.69999694824219,74.8499984741211,72.73485565185547,8583200
2023-05-24,74.69000244140625,74.97000122070312,73.99500274658203,74.57499694824219,72.46761322021484,6952400
2023-05-25,74.80500030517578,74.9000015258789,73.98999786376953,74.23999786376953,72.14208984375,7997800
2023-05-26,74.41500091552734,76.53500366210938,74.29000091552734,75.98500061035156,73.83778381347656,10410200
2023-05-30,76.81500244140625,77.07499694824219,76.0,76.49500274658203,74.33336639404297,10981400
2023-05-31,75.98999786376953,76.1449966430664,74.75499725341797,75.80500030517578,73.66287994384766,12489800
2023-06-01,75.73999786376953,77.07499694824219,75.21499633789062,76.69999694824219,74.5325698852539,10168800
2023-06-02,77.61499786376953,78.79499816894531,77.56999969482422,78.5,76.28170776367188,10824600
2023-06-05,78.48500061035156,79.0,78.2750015258789,78.73500061035156,76.51006317138672,7854800
2023-06-06,78.58999633789062,79.66500091552734,78.54000091552734,79.55500030517578,77.3069076538086,9799200
2023-06-07,80.11499786376953,80.38500213623047,78.86499786376953,79.01499938964844,76.78215026855469,9206400
2023-06-08,79.13999938964844,80.32499694824219,79.08999633789062,80.18499755859375,77.91910552978516,6720000
2023-06-09,81.01000213623047,81.67500305175781,80.41000366210938,80.5999984741211,78.32237243652344,11579000
2023-06-12,81.09500122070312,82.09500122070312,80.8550033569336,81.98500061035156,79.668212890625,9410800
2023-06-13,82.63999938964844,82.88999938964844,81.9749984741211,82.83499908447266,80.49421691894531,10836400
2023-06-14,82.9800033569336,83.21499633789062,81.66999816894531,82.7750015258789,80.4359130859375,13420200
2023-06-15,82.03500366210938,83.6050033569336,81.88999938964844,83.31500244140625,80.96063995361328,10713600
2023-06-16,83.90499877929688,83.93499755859375,83.13500213623047,83.19000244140625,80.83916473388672,13295000
2023-06-20,82.84500122070312,83.73999786376953,82.58999633789062,83.6449966430664,81.44480895996094,10973400
2023-06-21,83.61499786376953,83.81999969482422,82.5,82.63999938964844,80.46626281738281,10916000
2023-06-22,82.12999725341797,83.71499633789062,82.03500366210938,83.69499969482422,81.49349975585938,10753000
2023-06-23,82.70999908447266,83.4800033569336,82.38500213623047,82.7249984741211,80.54900360107422,11690400
2023-06-26,82.22000122070312,83.40499877929688,81.62999725341797,81.66500091552734,79.51689147949219,8673400
2023-06-27,82.1449966430664,83.52999877929688,82.04000091552734,83.41999816894531,81.22572326660156,10957000
2023-06-28,83.19999694824219,84.3550033569336,83.12999725341797,83.75,81.54705810546875,8715400
2023-06-29,83.8949966430664,84.09500122070312,83.33999633789062,83.83999633789062,81.63468933105469,7752600
2023-06-30,84.54499816894531,85.17500305175781,84.33000183105469,84.90499877929688,82.67166900634766,9479000
2023-07-03,85.75499725341797,86.40499877929688,85.75499725341797,85.93000030517578,83.66971588134766,9303200
2023-07-05,85.79499816894531,86.0999984741211,85.45500183105469,85.96499633789062,83.70379638671875,14528600
2023-07-06,84.87999725341797,85.04000091552734,84.18499755859375,84.58000183105469,82.35521697998047,11474400
2023-07-07,84.625,85.5250015258789,84.47000122070312,84.68499755859375,82.45745086669922,10563600
2023-07-10,84.75,85.01000213623047,84.22000122070312,84.94499969482422,82.71060943603516,10638800
2023-07-11,85.18000030517578,85.80000305175781,85.1050033569336,85.65499877929688,83.40193176269531,9633200
2023-07-12,86.81999969482422,86.93499755859375,86.2249984741211,86.42500305175781,84.15169525146484,10131800
2023-07-13,87.2300033569336,87.44999694824219,86.62000274658203,87.23500061035156,84.94037628173828,7390000
2023-07-14,87.2300033569336,87.84500122070312,87.07499694824219,87.45999908447266,85.15946197509766,7919800
2023-07-17,87.51000213623047,88.0250015258789,87.41999816894531,87.81500244140625,85.50513458251953,8363400
2023-07-18,87.5,88.37999725341797,87.23999786376953,88.17500305175781,85.85565185546875,9365200
2023-07-19,88.4000015258789,88.9000015258789,88.30999755859375,88.48500061035156,86.15750885009766,13090400
2023-07-20,87.47000122070312,87.58999633789062,85.3499984741211,85.47000122070312,83.2218017578125,19470600
2023-07-21,86.23500061035156,86.25499725341797,85.12000274658203,85.48999786376953,83.24127197265625,10484000
2023-07-24,85.37000274658203,86.18499755859375,85.01000213623047,86.05000305175781,83.78655242919922,9651200
2023-07-25,86.01000213623047,86.18499755859375,85.62999725341797,85.8499984741211,83.5918197631836,6483600
2023-07-26,85.30999755859375,86.20500183105469,85.2300033569336,85.83000183105469,83.57234191894531,8834600
2023-07-27,86.69499969482422,86.86000061035156,84.7750015258789,84.94000244140625,82.70575714111328,9464000
2023-07-28,85.86499786376953,86.61000061035156,85.59500122070312,86.37999725341797,84.10786437988281,7943000
2023-07-31,86.59500122070312,86.87999725341797,86.30999755859375,86.87000274658203,84.58500671386719,6943600
2023-08-01,86.43499755859375,86.55500030517578,85.82499694824219,85.88500213623047,83.62589263916016,6900200
2023-08-02,84.88999938964844,85.19499969482422,84.16999816894531,84.34500122070312,82.12641906738281,9707000
2023-08-03,83.86499786376953,84.75499725341797,83.66500091552734,84.54499816894531,82.32112884521484,8049600
2023-08-04,86.92500305175781,87.30999755859375,85.67500305175781,85.7750015258789,83.51878356933594,13507200
2023-08-07,86.07499694824219,86.66999816894531,85.3550033569336,86.65499877929688,84.37564849853516,7369000
2023-08-08,85.77999877929688,86.09500122070312,85.12999725341797,85.96499633789062,83.70379638671875,7255400
2023-08-09,86.08499908447266,86.08999633789062,84.80000305175781,84.94499969482422,82.71060943603516,9045000
2023-08-10,85.58499908447266,86.45500183105469,84.73999786376953,85.1500015258789,82.91024017333984,8723000
2023-08-11,84.57499694824219,85.11499786376953,84.23500061035156,84.86000061035156,82.62785339355469,6302200
2023-08-14,84.33999633789062,85.12999725341797,84.17500305175781,85.12000274658203,82.88101196289062,5639400
2023-08-15,84.80500030517578,85.18000030517578,83.83499908447266,83.95999908447266,81.75153350830078,6628600
2023-08-16,83.5999984741211,84.1500015258789,82.8949966430664,82.91999816894531,80.73888397216797,6715400
2023-08-17,83.15499877929688,83.23500061035156,81.46499633789062,81.51499938964844,79.370849609375,8709200
2023-08-18,80.63500213623047,81.54499816894531,80.46499633789062,81.33000183105469,79.19070434570312,8249000
2023-08-21,81.80500030517578,82.3949966430664,81.33999633789062,82.26499938964844,80.10110473632812,6645200
2023-08-22,82.9000015258789,83.06500244140625,82.07499694824219,82.38500213623047,80.21796417236328,8006600
2023-08-23,82.00499725341797,83.28500366210938,81.92500305175781,83.04499816894531,80.860595703125,7728600
2023-08-24,83.19000244140625,83.30000305175781,81.3949966430664,81.41999816894531,79.2783432006836,7949000
2023-08-25,81.78500366210938,82.56999969482422,81.05000305175781,82.33000183105469,80.1644058227539,10093000
2023-08-28,82.86000061035156,82.94499969482422,82.16500091552734,82.66000366210938,80.4857177734375,5962800
2023-08-29,82.63999938964844,84.76000213623047,82.63999938964844,84.7249984741211,82.49641418457031,8913800
2023-08-30,84.56999969482422,85.41000366210938,84.36000061035156,85.08999633789062,82.85179138183594,7289000
2023-08-31,85.1449966430664,85.81999969482422,85.0250015258789,85.3550033569336,83.10983276367188,7872600
2023-09-01,85.83999633789062,86.05999755859375,84.33999633789062,84.83499908447266,82.60350799560547,10618400
2023-09-05,84.68499755859375,85.09500122070312,84.19499969482422,84.8949966430664,82.66192626953125,9426200
2023-09-06,84.44999694824219,84.58000183105469,83.52999877929688,84.13999938964844,81.92678833007812,11155000
2023-09-07,83.25,84.4749984741211,83.03500366210938,84.375,82.15560913085938,10439400
2023-09-08,84.26000213623047,84.94999694824219,84.13999938964844,84.375,82.15560913085938,5709400
2023-09-11,85.62999725341797,86.77999877929688,85.58999633789062,86.6449966430664,84.36589813232422,10648600
2023-09-12,86.33499908447266,86.91500091552734,85.86000061035156,85.86000061035156,83.6015625,9908200
2023-09-13,86.12999725341797,86.78500366210938,85.84500122070312,86.54000091552734,84.263671875,7984800
2023-09-14,86.82499694824219,87.61499786376953,86.41999816894531,87.38999938964844,85.09130859375,9777000
2023-09-15,86.98999786376953,87.11000061035156,85.69999694824219,85.8949966430664,83.63563537597656,11981600
2023-09-18,85.5,85.5999984741211,84.69499969482422,84.80999755859375,82.72604370117188,7442400
2023-09-19,84.37000274658203,84.55000305175781,83.61000061035156,84.38500213623047,82.31148529052734,8324000
2023-09-20,84.66000366210938,85.1449966430664,83.54000091552734,83.54499816894531,81.49213409423828,8857400
2023-09-21,82.48999786376953,82.53500366210938,81.25,81.26499938964844,79.26815795898438,12236000
2023-09-22,81.76000213623047,81.93000030517578,80.3949966430664,80.46499633789062,78.4878158569336,14209400
2023-09-25,80.13500213623047,81.12999725341797,79.93499755859375,80.95999908447266,78.97066497802734,9486800
2023-09-26,80.2249984741211,80.72000122070312,79.30999755859375,79.48500061035156,77.53189849853516,11667000
2023-09-27,79.69499969482422,79.95500183105469,78.37000274658203,79.18000030517578,77.23438262939453,12485000
2023-09-28,78.88999938964844,80.29499816894531,78.69000244140625,80.06500244140625,78.09764862060547,10291800
2023-09-29,81.2300033569336,81.54000091552734,80.04499816894531,80.48999786376953,78.51219940185547,13116600
2023-10-02,80.01000213623047,81.20999908447266,79.81500244140625,80.55500030517578,78.57560729980469,14663600
2023-10-03,79.93499755859375,80.0199966430664,78.31999969482422,78.59500122070312,76.66375732421875,14613800
2023-10-04,78.9800033569336,80.31999969482422,78.95999908447266,80.1449966430664,78.17566680908203,15340600
2023-10-05,80.03500366210938,80.25,79.11499786376953,79.74500274658203,77.78551483154297,13922000
2023-10-06,78.90499877929688,80.61499786376953,78.47000122070312,80.30500030517578,78.33174133300781,15265000
2023-10-09,79.33499908447266,80.55000305175781,78.83000183105469,80.38999938964844,78.4146499633789,10496000
2023-10-10,80.51499938964844,82.04000091552734,80.4800033569336,81.2699966430664,79.27303314208984,13458600
2023-10-11,81.5999984741211,81.99500274658203,80.83999633789062,81.55999755859375,79.55591583251953,7974400
2023-10-12,81.57499694824219,81.72000122070312,80.12000274658203,80.66999816894531,78.6877670288086,9181200
2023-10-13,80.79000091552734,80.91500091552734,79.26499938964844,79.48500061035156,77.53189849853516,11327000
2023-10-16,79.91500091552734,81.02999877929688,79.71499633789062,80.7699966430664,78.78532409667969,11071400
2023-10-17,80.03500366210938,81.36000061035156,79.88500213623047,80.95999908447266,78.97066497802734,13419800
2023-10-18,80.34500122070312,80.47000122070312,78.90499877929688,79.05999755859375,77.11732482910156,10414600
2023-10-19,78.37999725341797,78.73999786376953,76.67500305175781,77.04000091552734,75.14697265625,21134800
2023-10-20,76.86000061035156,76.9000015258789,75.80500030517578,75.84500122070312,73.98133850097656,13357800
2023-10-23,75.54000091552734,76.8949966430664,74.73500061035156,75.93499755859375,74.0691146850586,15707200
2023-10-24,76.51499938964844,77.23500061035156,76.18499755859375,76.74500274658203,74.85923767089844,9960400
2023-10-25,76.1449966430664,76.2750015258789,75.11000061035156,75.19499969482422,73.34730529785156,11201000
2023-10-26,75.11499786376953,75.5250015258789,73.91500091552734,74.0199966430664,72.20117950439453,16921600
2023-10-27,75.30999755859375,75.94499969482422,74.55000305175781,74.79499816894531,72.9571304321289,15226600
2023-10-30,75.65499877929688,75.95500183105469,74.81999969482422,75.4800033569336,73.62529754638672,13858000
2023-10-31,75.51499938964844,76.28500366210938,75.21499633789062,76.05000305175781,74.1812973022461,10168600
2023-11-01,76.49500274658203,77.04000091552734,75.8949966430664,76.98999786376953,75.09820556640625,21669800
2023-11-02,78.33000183105469,79.04499816894531,78.08499908447266,79.0,77.0588150024414,20069600
2023-11-03,79.6500015258789,80.54000091552734,79.625,80.11000061035156,78.14154052734375,13727200
2023-11-06,80.41000366210938,80.68000030517578,79.66000366210938,80.20999908447266,78.23908233642578,11280600
2023-11-07,80.3550033569336,81.20500183105469,80.19000244140625,81.1050033569336,79.11209106445312,8773600
2023-11-08,81.12999725341797,81.2699966430664,80.41000366210938,80.88999938964844,78.9023666381836,8334600
2023-11-09,80.77999877929688,80.87999725341797,79.0999984741211,79.37999725341797,77.4294662475586,11497200
2023-11-10,79.4800033569336,80.7300033569336,79.07499694824219,80.69999694824219,78.71704864501953,10312200
2023-11-13,80.34500122070312,81.31999969482422,79.98500061035156,81.04499816894531,79.0535659790039,9880000
2023-11-14,83.06999969482422,84.03500366210938,82.94999694824219,83.7750015258789,81.71646881103516,15258400
2023-11-15,84.18499755859375,84.57499694824219,83.61000061035156,83.875,81.81401824951172,12388800
2023-11-16,83.1500015258789,83.7300033569336,82.6500015258789,83.01499938964844,80.97514343261719,12287400
2023-11-17,83.29499816894531,83.79499816894531,82.7750015258789,83.56999969482422,81.51654052734375,8921000
2023-11-20,83.55000305175781,84.18000030517578,83.29499816894531,84.0,81.93595886230469,9285000
2023-11-21,83.375,83.87000274658203,83.1050033569336,83.78500366210938,81.72624206542969,7603600
2023-11-22,84.1449966430664,84.68499755859375,83.70999908447266,84.04000091552734,81.97496032714844,8963400
2023-11-24,83.98500061035156,84.26499938964844,83.83999633789062,84.12000274658203,82.0530014038086,3483000
2023-11-27,84.16999816894531,84.69499969482422,83.80999755859375,84.25499725341797,82.18467712402344,7299600
2023-11-28,84.15499877929688,84.78500366210938,83.69499969482422,84.73999786376953,82.65776062011719,11974000
2023-11-29,85.37000274658203,85.80000305175781,84.44999694824219,84.51000213623047,82.43342590332031,7659400
2023-11-30,84.51000213623047,84.54499816894531,83.7300033569336,84.38999938964844,82.31636810302734,13023000
2023-12-01,84.02999877929688,85.56999969482422,83.86499786376953,85.54499816894531,83.44297790527344,14955800
2023-12-04,84.92500305175781,85.58999633789062,84.72000122070312,85.22000122070312,83.12598419189453,18477600
2023-12-05,84.76000213623047,86.21499633789062,84.69000244140625,85.37000274658203,83.27228546142578,7822600
2023-12-06,86.01000213623047,86.43000030517578,85.43000030517578,85.49500274658203,83.39421081542969,12228000
2023-12-07,85.83999633789062,86.3550033569336,85.56500244140625,86.19999694824219,84.0818862915039,7380200
2023-12-08,85.76499938964844,86.76000213623047,85.69999694824219,86.59500122070312,84.4671859741211,8096400
2023-12-11,86.49500274658203,86.93499755859375,86.2300033569336,86.82499694824219,84.6915283203125,18892400
2023-12-12,86.7300033569336,87.15499877929688,86.38500213623047,87.09500122070312,84.95490264892578,7411400
2023-12-13,87.06500244140625,88.33000183105469,86.38500213623047,88.23500061035156,86.06689453125,10898400
2023-12-14,89.00499725341797,89.7750015258789,88.66500091552734,89.41999816894531,87.2227554321289,15288800
2023-12-15,89.44000244140625,89.82499694824219,89.1449966430664,89.6050033569336,87.40322875976562,11258200
2023-12-18,89.7300033569336,90.28500366210938,89.55000305175781,90.0,87.945556640625,7719400
2023-12-19,90.30500030517578,90.94000244140625,90.28500366210938,90.70500183105469,88.63446807861328,7194000
2023-12-20,90.30000305175781,91.09500122070312,89.02999877929688,89.05000305175781,87.01724243164062,8621600
2023-12-21,89.98999786376953,90.43499755859375,89.48500061035156,90.40499877929688,88.34131622314453,7855000
2023-12-22,90.04499816894531,90.43000030517578,89.37000274658203,89.73999786376953,87.69148254394531,8522800
2023-12-26,89.94000244140625,90.23500061035156,89.76499938964844,90.12000274658203,88.06281280517578,5480800
2023-12-27,90.23500061035156,90.66500091552734,90.19000244140625,90.43000030517578,88.36573791503906,7495800
2023-12-28,90.55999755859375,90.7300033569336,89.88999938964844,89.95999908447266,87.90646362304688,5608800
2023-12-29,89.99500274658203,90.1449966430664,89.0999984741211,89.40499877929688,87.3641357421875,8268600
2024-01-02,89.125,89.16500091552734,88.23500061035156,88.57499694824219,86.55308532714844,15369600
2024-01-03,87.98500061035156,88.02999877929688,86.75,86.78500366210938,84.803955078125,15522800
2024-01-04,86.43499755859375,87.24500274658203,86.1449966430664,86.17500305175781,84.20787811279297,11915000
2024-01-05,85.95500183105469,87.01499938964844,85.91999816894531,86.30999755859375,84.33979034423828,12084400
2024-01-08,86.45999908447266,87.87999725341797,86.44000244140625,87.77999877929688,85.7762222290039,8142600
2024-01-09,87.13999938964844,87.58000183105469,86.91500091552734,87.45500183105469,85.45866394042969,8330000
2024-01-10,87.58999633789062,88.37000274658203,87.56999969482422,88.15499877929688,86.14266204833984,7624400
2024-01-11,88.05500030517578,88.33499908447266,87.12000274658203,88.04000091552734,86.03028869628906,8592000
2024-01-12,87.67500305175781,88.07499694824219,86.81500244140625,86.9800033569336,84.9945068359375,7444400
2024-01-16,86.45500183105469,87.22000122070312,86.19999694824219,86.87999725341797,84.89677429199219,8976200
2024-01-17,85.96499633789062,86.1500015258789,85.4800033569336,86.12000274658203,84.15412902832031,7961800
2024-01-18,86.52999877929688,86.71499633789062,85.66000366210938,86.61000061035156,84.63294982910156,9926000
2024-01-19,86.74500274658203,87.62000274658203,86.2249984741211,87.44499969482422,85.44888305664062,9782800
2024-01-22,87.63500213623047,87.88500213623047,86.66999816894531,87.05999755859375,85.07266235351562,11184200
2024-01-23,87.1449966430664,87.43499755859375,86.41000366210938,86.8499984741211,84.8674545288086,7107200
2024-01-24,87.42500305175781,87.51499938964844,86.45500183105469,86.5199966430664,84.54499053955078,8622200
2024-01-25,85.70500183105469,85.7750015258789,84.86000061035156,85.44999694824219,83.49942016601562,11092800
2024-01-26,85.81500244140625,86.2750015258789,85.51499938964844,85.83999633789062,83.88050842285156,6977800
2024-01-29,86.01499938964844,87.11000061035156,85.86499786376953,87.09500122070312,85.10686492919922,7381200
2024-01-30,87.23999786376953,87.45999908447266,86.87999725341797,87.04499816894531,85.0580062866211,6274400
2024-01-31,86.48999786376953,86.95500183105469,85.38500213623047,85.45999908447266,83.5091781616211,13663800
2024-02-01,85.86000061035156,87.12999725341797,85.55999755859375,87.1050033569336,85.11664581298828,14682200
2024-02-02,87.69999694824219,89.0199966430664,87.27999877929688,88.66000366210938,86.63615417480469,20763800
2024-02-05,87.75,87.75,86.37999725341797,87.41000366210938,85.41468048095703,13346200
2024-02-06,87.03500366210938,87.95999908447266,87.03500366210938,87.94000244140625,85.93257904052734,9373600
2024-02-07,88.43000030517578,89.25499725341797,88.22000122070312,88.92500305175781,86.89508819580078,7796400
2024-02-08,88.98500061035156,89.37000274658203,88.81500244140625,89.31500244140625,87.27619171142578,8100000
2024-02-09,89.23999786376953,90.09500122070312,89.03500366210938,89.94999694824219,87.89669036865234,9584800
2024-02-12,89.9800033569336,90.44000244140625,89.70500183105469,89.875,87.82341003417969,6040200
2024-02-13,88.06500244140625,88.58499908447266,87.61499786376953,88.08499908447266,86.07427215576172,14801400
2024-02-14,88.41999816894531,89.05500030517578,87.93499755859375,89.01499938964844,86.98304748535156,11561000
2024-02-15,89.19499969482422,90.05000305175781,88.95999908447266,90.04499816894531,87.98953247070312,10567600
2024-02-16,89.65499877929688,90.03500366210938,88.95999908447266,89.51000213623047,87.46675109863281,8512200
2024-02-20,88.69000244140625,89.00499725341797,88.1050033569336,88.66500091552734,86.64103698730469,8756400
2024-02-21,88.95500183105469,89.73999786376953,88.73500061035156,89.31999969482422,87.28107452392578,8886200
2024-02-22,90.12000274658203,91.19999694824219,89.95999908447266,91.05500030517578,88.97647857666016,8800000
2024-02-23,90.69999694824219,91.1050033569336,90.5,90.6449966430664,88.57583618164062,7575800
2024-02-26,90.91000366210938,91.36499786376953,90.78500366210938,90.92500305175781,88.8494644165039,7051600
2024-02-27,91.33499908447266,91.6500015258789,90.88500213623047,91.2249984741211,89.14258575439453,5852400
2024-02-28,91.07499694824219,92.0199966430664,91.0250015258789,91.58499908447266,89.4943618774414,7408800
2024-02-29,91.91000366210938,92.41999816894531,91.44000244140625,92.20500183105469,90.10023498535156,8270400
2024-03-01,92.125,92.6449966430664,91.65499877929688,92.51000213623047,90.39826965332031,11065800
2024-03-04,92.05500030517578,92.36499786376953,91.23500061035156,91.26000213623047,89.17679595947266,11336800
2024-03-05,90.67500305175781,90.83999633789062,89.81500244140625,90.125,88.06770324707031,12941800
2024-03-06,90.4800033569336,90.72000122070312,89.55000305175781,89.80500030517578,87.75502014160156,9299600
2024-03-07,90.05000305175781,90.86000061035156,90.02999877929688,90.48999786376953,88.42436218261719,6713400
2024-03-08,90.69999694824219,91.06500244140625,89.8550033569336,90.15499877929688,88.09701538085938,12463600
2024-03-11,89.90499877929688,90.26499938964844,89.68499755859375,89.91000366210938,87.85760498046875,8306400
2024-03-12,90.20999908447266,91.03500366210938,89.6050033569336,90.68499755859375,88.61492156982422,7906400
2024-03-13,90.45999908447266,91.06500244140625,90.3550033569336,90.49500274658203,88.42926788330078,5717000
2024-03-14,90.5999984741211,90.69000244140625,89.43499755859375,89.91999816894531,87.86737823486328,10810400
2024-03-15,89.31500244140625,89.91999816894531,88.78500366210938,89.0250015258789,86.99281311035156,9868800
2024-03-18,89.7249984741211,89.93499755859375,89.0999984741211,89.51000213623047,87.65727233886719,8512800
2024-03-19,89.48999786376953,90.33000183105469,89.36499786376953,90.28500366210938,88.4162368774414,7624200
2024-03-20,90.45999908447266,91.6449966430664,90.38500213623047,91.62999725341797,89.73338317871094,8497400
2024-03-21,92.2699966430664,92.61000061035156,92.12000274658203,92.16500091552734,90.25731658935547,7146400
2024-03-22,91.20500183105469,91.6050033569336,91.01499938964844,91.36000061035156,89.46898651123047,5718600
2024-03-25,91.00499725341797,91.52999877929688,91.00499725341797,91.05999755859375,89.17517852783203,5664600
2024-03-26,91.6449966430664,92.0250015258789,91.11499786376953,91.17500305175781,89.28780364990234,5387800
2024-03-27,91.88500213623047,92.23999786376953,91.43499755859375,92.2300033569336,90.32096862792969,5812000
2024-03-28,92.11499786376953,92.38500213623047,91.91500091552734,91.94499969482422,90.0418701171875,5958200
2024-04-01,92.04499816894531,92.1449966430664,90.92500305175781,91.26000213623047,89.37104797363281,9941800
2024-04-02,89.79000091552734,89.95999908447266,89.51000213623047,89.91500091552734,88.05389404296875,12270400
2024-04-03,89.41000366210938,90.29499816894531,89.41000366210938,89.9800033569336,88.11754608154297,10165200
2024-04-04,90.66000366210938,91.0,88.91500091552734,88.92500305175781,87.0843734741211,9650600
2024-04-05,89.22000122070312,90.0,89.03500366210938,89.41999816894531,87.5691146850586,10081800
2024-04-08,89.94999694824219,90.56500244140625,89.87999725341797,90.2699966430664,88.40151977539062,8295800
2024-04-09,90.71499633789062,90.74500274658203,89.94000244140625,90.69499969482422,88.81774139404297,8559800
2024-04-10,89.22000122070312,89.66000366210938,88.87999725341797,89.29499816894531,87.44671630859375,10806000
2024-04-11,89.5999984741211,90.33999633789062,88.8499984741211,90.01499938964844,88.15181732177734,8433400
2024-04-12,89.31500244140625,89.375,88.26499938964844,88.55500030517578,86.7220458984375,10729000
2024-04-15,89.19999694824219,89.26499938964844,87.0,87.08000183105469,85.27757263183594,11136800
2024-04-16,86.62999725341797,87.06999969482422,86.17500305175781,86.58499908447266,84.79281616210938,12870800
2024-04-17,87.00499725341797,87.09500122070312,85.80999755859375,86.16500091552734,84.38150787353516,12416800
2024-04-18,86.32499694824219,86.68000030517578,85.3949966430664,85.62999725341797,83.85758972167969,9411800
2024-04-19,85.62999725341797,85.82499694824219,84.54499816894531,84.87999725341797,83.12310791015625,13580800
2024-04-22,85.05999755859375,85.68499755859375,84.44999694824219,85.25499725341797,83.49034118652344,8950200
2024-04-23,85.73999786376953,86.5199966430664,85.31500244140625,86.2699966430664,84.48431396484375,7889400
2024-04-24,87.55999755859375,87.81500244140625,86.47000122070312,87.09500122070312,85.2922592163086,8948600
2024-04-25,85.7750015258789,87.3550033569336,85.41500091552734,87.16999816894531,85.3656997680664,10701200
2024-04-26,87.47000122070312,88.55000305175781,87.34500122070312,87.95500183105469,86.13446044921875,6665800
2024-04-29,89.76499938964844,90.13999938964844,89.12000274658203,90.0,88.13712310791016,10308400
2024-04-30,89.12000274658203,89.54000091552734,87.73999786376953,87.80999755859375,85.99246215820312,7218400
2024-05-01,87.8550033569336,88.97000122070312,86.81500244140625,87.26000213623047,85.45384216308594,14336800
2024-05-02,88.08000183105469,88.52999877929688,87.20999908447266,88.36000061035156,86.53106689453125,8238600
2024-05-03,89.47000122070312,89.99500274658203,88.80000305175781,88.95500183105469,87.11376190185547,9013000
2024-05-06,89.51000213623047,89.90499877929688,89.25,89.90499877929688,88.0440902709961,6229000
2024-05-07,89.84500122070312,89.88500213623047,89.125,89.26000213623047,87.41244506835938,6300600
2024-05-08,88.4800033569336,89.05999755859375,88.41500091552734,88.92500305175781,87.0843734741211,5763200
2024-05-09,88.96499633789062,89.75,88.76499938964844,89.52999877929688,87.67684936523438,5046000
2024-05-10,89.6050033569336,89.67500305175781,88.86499786376953,89.05000305175781,87.206787109375,5654400
2024-05-13,89.43499755859375,89.63999938964844,88.625,88.93499755859375,87.09418487548828,8142800
2024-05-14,88.79000091552734,89.48500061035156,88.75,89.33999633789062,87.49079132080078,6044600
2024-05-15,89.73999786376953,89.80500030517578,88.8949966430664,89.4749984741211,87.62299346923828,7182800
2024-05-16,89.42500305175781,89.55999755859375,88.86499786376953,88.8949966430664,87.05498504638672,6589200
2024-05-17,88.9749984741211,89.36499786376953,88.71499633789062,89.3499984741211,87.50057983398438,5577400
2024-05-20,89.13999938964844,89.38999938964844,88.4749984741211,88.68499755859375,86.84933471679688,4002000
2024-05-21,88.6050033569336,89.2750015258789,88.2699966430664,89.25499725341797,87.40754699707031,4375400
2024-05-22,89.04000091552734,89.12999725341797,87.96499633789062,88.32499694824219,86.49678802490234,6332200
2024-05-23,88.56500244140625,88.56500244140625,86.76499938964844,86.8949966430664,85.09638977050781,7354600
2024-05-24,87.48999786376953,88.04499816894531,87.24500274658203,87.7699966430664,85.95328521728516,5150200
2024-05-28,87.44999694824219,87.73999786376953,87.08499908447266,87.55500030517578,85.74274444580078,5344200
2024-05-29,86.9000015258789,87.31999969482422,86.9000015258789,86.9800033569336,85.17964172363281,4344000
2024-05-30,87.23500061035156,87.73999786376953,87.06500244140625,87.49500274658203,85.6839828491211,4496600
2024-05-31,87.55500030517578,88.00499725341797,86.6050033569336,87.98500061035156,86.1638412475586,6840400
2024-06-03,88.04499816894531,88.33499908447266,87.125,87.94499969482422,86.1246566772461,7929000
2024-06-04,87.57499694824219,88.3949966430664,87.54499816894531,88.03500366210938,86.21282196044922,5779800
2024-06-05,88.23999786376953,88.55000305175781,87.44499969482422,88.55000305175781,86.71714782714844,4581800
2024-06-06,88.625,89.2300033569336,88.58499908447266,89.19499969482422,87.34879302978516,4455600
2024-06-07,88.69000244140625,89.37000274658203,88.66500091552734,88.83000183105469,86.99134063720703,4548600
2024-06-10,88.56999969482422,89.20500183105469,88.56999969482422,89.11499786376953,87.27044677734375,3731000
2024-06-11,89.07499694824219,89.07499694824219,88.09500122070312,88.87999725341797,87.04029846191406,5566000
2024-06-12,89.66000366210938,90.38500213623047,89.38999938964844,89.80500030517578,87.94617462158203,7957600
2024-06-13,90.41500091552734,90.58999633789062,89.55500030517578,89.875,88.01471710205078,5227000
2024-06-14,89.73999786376953,89.73999786376953,88.62999725341797,89.16500091552734,87.31941986083984,6105600
2024-06-17,89.05000305175781,90.95500183105469,88.88500213623047,90.7300033569336,88.8520278930664,7353200
2024-06-18,90.65499877929688,90.76499938964844,90.12000274658203,90.42500305175781,88.55332946777344,4483800
2024-06-20,90.33499908447266,90.76000213623047,90.06500244140625,90.54000091552734,88.66595458984375,4722800
2024-06-21,91.0,91.42500305175781,90.56999969482422,91.30500030517578,89.41512298583984,8623200
2024-06-24,91.31999969482422,91.72000122070312,90.68499755859375,90.72000122070312,89.03334045410156,5077800
2024-06-25,90.81500244140625,90.81500244140625,90.06500244140625,90.3550033569336,88.6751480102539,4712800
2024-06-26,90.13500213623047,91.8499984741211,90.01499938964844,91.66500091552734,89.96078491210938,5031800
2024-06-27,91.875,92.23500061035156,91.50499725341797,92.2249984741211,90.51036834716797,4228200
2024-06-28,91.76499938964844,92.3550033569336,90.73500061035156,91.19999694824219,89.50442504882812,7914600
2024-07-01,91.55500030517578,91.93499755859375,91.03500366210938,91.51000213623047,89.80866241455078,6393200
2024-07-02,92.01499938964844,93.30000305175781,91.93000030517578,93.29000091552734,91.55555725097656,5884600
2024-07-03,93.61499786376953,94.23500061035156,93.4800033569336,93.88500213623047,92.1395034790039,4379600
2024-07-05,94.3499984741211,94.70999908447266,93.87999725341797,94.6500015258789,92.89027404785156,3996400
2024-07-08,94.52999877929688,95.11000061035156,94.43499755859375,94.69499969482422,92.93445587158203,3676800
2024-07-09,94.58999633789062,95.61000061035156,94.5250015258789,95.01000213623047,93.24359130859375,3656000
2024-07-10,95.22000122070312,95.81500244140625,94.66500091552734,95.7249984741211,93.9452896118164,4557800
2024-07-11,96.17500305175781,96.83000183105469,94.2249984741211,94.51000213623047,92.75288391113281,8996000
2024-07-12,94.38500213623047,96.55500030517578,94.25,95.74500274658203,93.96492767333984,5453600
2024-07-15,96.27999877929688,96.94999694824219,95.33499908447266,95.63500213623047,93.85698699951172,5080200
2024-07-16,96.19000244140625,97.3949966430664,96.03500366210938,97.3499984741211,95.54008483886719,4123200
2024-07-17,96.62999725341797,96.875,95.55500030517578,95.7249984741211,93.9452896118164,5797200
2024-07-18,95.92500305175781,96.54000091552734,94.47000122070312,94.75,92.9884262084961,4375200
2024-07-19,94.3949966430664,94.77999877929688,93.5250015258789,93.90499877929688,92.15914154052734,3872200
2024-07-22,94.58499908447266,95.2699966430664,94.22000122070312,94.94000244140625,93.1749038696289,4808400
2024-07-23,95.30500030517578,95.45500183105469,94.47000122070312,94.51499938964844,92.7578125,4823600
2024-07-24,92.41999816894531,92.45999908447266,90.6050033569336,90.6500015258789,88.96464538574219,8200800
2024-07-25,90.63500213623047,91.87999725341797,90.0199966430664,90.29499816894531,88.61624908447266,10240800
2024-07-26,90.95999908447266,91.78500366210938,90.7300033569336,91.30500030517578,89.60747528076172,4529400
2024-07-29,91.91999816894531,93.16999816894531,91.87000274658203,92.83000183105469,91.10411834716797,7145600
2024-07-30,93.04000091552734,93.16500091552734,91.44999694824219,92.31500244140625,90.59870147705078,4281000
2024-07-31,93.41999816894531,94.52999877929688,93.21499633789062,93.74500274658203,92.00210571289062,4993600
2024-08-01,93.78500366210938,94.06500244140625,90.66000366210938,91.44499969482422,89.74486541748047,7295800
2024-08-02,88.46499633789062,88.46499633789062,87.0250015258789,88.08000183105469,86.44242858886719,12738400
2024-08-05,83.52999877929688,86.4749984741211,83.23999786376953,85.58999633789062,83.99873352050781,16391800
2024-08-06,86.04499816894531,87.7699966430664,85.25499725341797,86.53500366210938,84.9261474609375,9523400
2024-08-07,87.24500274658203,87.4000015258789,84.91999816894531,85.0250015258789,83.44422149658203,8404400
2024-08-08,85.79000091552734,87.11499786376953,85.31999969482422,86.87999725341797,85.2647476196289,5935200
2024-08-09,86.86499786376953,87.57499694824219,86.6500015258789,87.16999816894531,85.54934692382812,6379600
2024-08-12,87.33999633789062,87.33999633789062,86.29499816894531,86.82499694824219,85.21076202392578,4929800
2024-08-13,87.2300033569336,89.08000183105469,87.05999755859375,89.0,87.34534454345703,5847000
2024-08-14,88.98999786376953,89.26000213623047,88.16999816894531,88.5250015258789,86.87915802001953,4779800
2024-08-15,90.20999908447266,91.48500061035156,90.20999908447266,91.3499984741211,89.6516342163086,6288000
2024-08-16,90.92500305175781,91.94499969482422,90.92500305175781,91.56500244140625,89.86263275146484,4767800
2024-08-19,91.80000305175781,92.73999786376953,91.70999908447266,92.69000244140625,90.96672058105469,4570000
2024-08-20,92.69999694824219,93.1500015258789,92.33499908447266,92.6050033569336,90.88330841064453,4679000
2024-08-21,93.36499786376953,93.96499633789062,93.15499877929688,93.7750015258789,92.03153991699219,4532200
2024-08-22,93.94000244140625,94.02999877929688,91.98500061035156,92.15499877929688,90.44166564941406,5709800
2024-08-23,92.875,94.04000091552734,92.86000061035156,93.93499755859375,92.18856811523438,6304200
2024-08-26,93.84500122070312,94.04499816894531,92.91500091552734,93.20500183105469,91.4721450805664,3211000
2024-08-27,92.9749984741211,93.09500122070312,92.33000183105469,92.95999908447266,91.23169708251953,3328200
2024-08-28,92.90499877929688,93.13500213623047,91.32499694824219,92.05999755859375,90.34844207763672,5668600
2024-08-29,92.87000274658203,93.26499938964844,92.08499908447266,92.16999816894531,90.45638275146484,4616000
2024-08-30,92.51000213623047,93.6449966430664,92.13999938964844,93.55999755859375,91.82054901123047,4672200
2024-09-03,93.29000091552734,93.7249984741211,91.8499984741211,92.2750015258789,90.5594253540039,9876400
2024-09-04,92.01499938964844,92.93499755859375,91.8949966430664,92.51499938964844,90.79497528076172,10007600
2024-09-05,92.94999694824219,94.20500183105469,92.86000061035156,93.56500244140625,91.82545471191406,7264200
2024-09-06,93.74500274658203,94.08499908447266,91.16000366210938,91.19999694824219,89.50442504882812,7714000
2024-09-09,92.15499877929688,92.88999938964844,91.91000366210938,92.52999877929688,90.80970001220703,4297400
2024-09-10,92.88999938964844,93.6500015258789,92.33499908447266,93.58999633789062,91.8499984741211,9424600
2024-09-11,93.44999694824219,94.65499877929688,91.50499725341797,94.5250015258789,92.76760864257812,7511200
2024-09-12,94.5199966430664,95.63500213623047,94.41000366210938,95.58999633789062,93.81281280517578,4748600
2024-09-13,95.67500305175781,96.4800033569336,95.55500030517578,96.23999786376953,94.45072174072266,3926200
2024-09-16,96.19000244140625,96.3949966430664,95.55500030517578,96.07499694824219,94.28878784179688,3077200
2024-09-17,96.6449966430664,97.5199966430664,96.26499938964844,96.56500244140625,94.76969146728516,4307800
2024-09-18,96.70500183105469,98.0250015258789,96.26000213623047,96.375,94.58322143554688,6634600
2024-09-19,98.23500061035156,98.79000091552734,97.91500091552734,98.56999969482422,96.7374038696289,5865400
2024-09-20,98.3949966430664,98.49500274658203,97.61499786376953,98.34500122070312,96.51659393310547,5552400
2024-09-23,98.55500030517578,99.375,98.3499984741211,99.33499908447266,97.6893310546875,7271200
2024-09-24,99.82499694824219,100.2300033569336,99.23500061035156,100.20500183105469,98.54492950439453,4059200
2024-09-25,99.86000061035156,100.05999755859375,99.54499816894531,99.84500122070312,98.19088745117188,3389800
2024-09-26,100.7300033569336,100.94999694824219,99.67500305175781,100.2699966430664,98.60883331298828,4266400
2024-09-27,100.6500015258789,100.82499694824219,100.12999725341797,100.41999816894531,98.75636291503906,3441800
2024-09-30,100.1449966430664,100.46499633789062,99.2249984741211,100.18499755859375,98.5252456665039,4572400
2024-10-01,100.125,100.21499633789062,98.4800033569336,99.77999877929688,98.12696838378906,8229000
2024-10-02,98.5999984741211,99.20999908447266,98.19499969482422,98.93499755859375,97.29595184326172,7482400
2024-10-03,98.07499694824219,98.45500183105469,97.3949966430664,97.79000091552734,96.16992950439453,7101400
2024-10-04,98.87000274658203,99.31500244140625,98.05999755859375,99.08499908447266,97.4434814453125,7828200
2024-10-07,98.3550033569336,98.3550033569336,97.19499969482422,97.54499816894531,95.92898559570312,5202000
2024-10-08,97.9800033569336,98.65499877929688,97.81999969482422,98.49500274658203,96.8632583618164,4733200
2024-10-09,98.81999969482422,99.4000015258789,98.3949966430664,99.19999694824219,97.55656433105469,5537400
2024-10-10,99.0199966430664,99.23999786376953,98.41999816894531,98.70999908447266,97.0746841430664,3259000
2024-10-11,97.71499633789062,98.68499755859375,97.69999694824219,98.29000091552734,96.6616439819336,4991600
2024-10-14,98.48999786376953,98.88500213623047,98.08499908447266,98.72000122070312,97.08452606201172,3566600
2024-10-15,98.75,99.58000183105469,98.75,98.93499755859375,97.29595184326172,6855200
2024-10-16,99.02999877929688,99.4800033569336,98.9000015258789,99.45500183105469,97.80734252929688,4607000
2024-10-17,99.62999725341797,99.79000091552734,99.03500366210938,99.36499786376953,97.71881866455078,3488800
2024-10-18,99.57499694824219,100.0199966430664,99.18499755859375,99.75499725341797,98.10236358642578,3797000
2024-10-21,99.53500366210938,99.53500366210938,98.6050033569336,98.9800033569336,97.34022521972656,3304800
2024-10-22,98.22000122070312,98.93499755859375,97.95999908447266,98.58000183105469,96.94684600830078,3157600
2024-10-23,97.79000091552734,98.01499938964844,96.51499938964844,97.02999877929688,95.42252349853516,4339000
2024-10-24,99.1500015258789,100.2249984741211,98.8499984741211,100.08999633789062,98.43183135986328,6991400
2024-10-25,100.2699966430664,101.29000091552734,100.03500366210938,100.40499877929688,98.7416000366211,5440000
2024-10-28,101.19499969482422,101.54000091552734,100.59500122070312,100.63999938964844,98.97271728515625,4102400
2024-10-29,99.80500030517578,100.32499694824219,99.48999786376953,100.11499786376953,98.45640563964844,4247000
2024-10-30,100.3550033569336,100.80500030517578,99.8949966430664,99.9749984741211,98.3187255859375,4879800
2024-10-31,99.75,99.9749984741211,98.38500213623047,98.44499969482422,96.8140869140625,6197400
2024-11-01,100.25499725341797,101.07499694824219,99.94999694824219,100.04499816894531,98.38756561279297,7607600
2024-11-04,99.625,100.5250015258789,99.45500183105469,99.69999694824219,98.04827880859375,4769200
2024-11-05,99.92500305175781,101.49500274658203,99.83999633789062,101.46499633789062,99.78402709960938,4424200
2024-11-06,103.7750015258789,104.79499816894531,102.94999694824219,104.70999908447266,102.97528839111328,9398600
2024-11-07,104.91500091552734,106.4800033569336,104.87999725341797,106.05500030517578,104.29800415039062,8021000
2024-11-08,106.04000091552734,108.13500213623047,105.92500305175781,107.55999755859375,105.77806854248047,7785800
2024-11-11,109.25,110.19499969482422,108.75499725341797,109.7300033569336,107.91211700439453,9210000
2024-11-12,109.44999694824219,109.46499633789062,107.875,108.26499938964844,106.47139739990234,10535200
2024-11-13,108.99500274658203,109.7699966430664,108.62000274658203,109.19000244140625,107.38106536865234,5883400
2024-11-14,109.01000213623047,109.44999694824219,107.55000305175781,107.63999938964844,105.85675048828125,4620200
2024-11-15,107.03500366210938,107.55000305175781,106.2300033569336,106.72000122070312,104.95198059082031,7824800
2024-11-18,108.00499725341797,108.52999877929688,107.01499938964844,107.70500183105469,105.9206771850586,4752200
2024-11-19,106.70999908447266,108.11499786376953,106.21499633789062,107.78500366210938,105.99934387207031,3935800
2024-11-20,107.46499633789062,107.53500366210938,106.19000244140625,107.30999755859375,105.53221130371094,5979200
2024-11-21,107.63500213623047,107.7699966430664,106.66999816894531,107.5,105.71906280517578,5468400
2024-11-22,107.80999755859375,109.36499786376953,107.80999755859375,109.05000305175781,107.24339294433594,4550600
2024-11-25,110.3499984741211,111.13500213623047,110.11000061035156,110.16500091552734,108.33991241455078,7360400
2024-11-26,110.11000061035156,110.75499725341797,109.93499755859375,110.56500244140625,108.7332992553711,3979600
2024-11-27,110.7699966430664,110.92500305175781,109.75499725341797,110.0199966430664,108.19730377197266,3829000
2024-11-29,110.26499938964844,111.17500305175781,110.19999694824219,111.1500015258789,109.30860900878906,1771400
2024-12-02,111.93499755859375,112.38500213623047,111.7249984741211,112.12000274658203,110.26253509521484,8134800
2024-12-03,111.9000015258789,112.1050033569336,111.43000030517578,112.03500366210938,110.17893981933594,7051400
2024-12-04,112.2750015258789,113.18499755859375,112.15499877929688,113.07499694824219,111.20169830322266,5539400
2024-12-05,113.18499755859375,114.51499938964844,113.13500213623047,114.0,112.11138153076172,7321000
2024-12-06,114.93000030517578,116.42500305175781,114.91999816894531,116.4000015258789,114.47162628173828,4889200
2024-12-09,117.06999969482422,117.78500366210938,115.61499786376953,116.02999877929688,114.10774993896484,6513800
2024-12-10,116.05000305175781,117.30000305175781,115.83499908447266,116.22000122070312,114.29460144042969,7630800
2024-12-11,117.18499755859375,118.30000305175781,117.12000274658203,118.26000213623047,116.30081176757812,5734800
2024-12-12,118.19999694824219,118.33000183105469,117.12999725341797,117.27999877929688,115.3370361328125,4871800
2024-12-13,117.24500274658203,117.79499816894531,116.94999694824219,117.74500274658203,115.79434204101562,5382400
2024-12-16,118.3550033569336,119.42500305175781,118.125,119.33999633789062,117.36290740966797,6013600
2024-12-17,119.87999725341797,119.96499633789062,118.7249984741211,119.71499633789062,117.73169708251953,10221000
2024-12-18,118.76499938964844,120.13999938964844,113.8550033569336,114.31999969482422,112.42607116699219,14405000
2024-12-19,115.87999725341797,116.20999908447266,113.48500061035156,114.16500091552734,112.27364349365234,13205200
2024-12-20,113.0199966430664,116.25499725341797,112.75,114.45500183105469,112.55884552001953,10915800
2024-12-23,114.44499969482422,114.69999694824219,113.08999633789062,114.58499908447266,112.9002456665039,5922400
2024-12-24,115.06999969482422,117.25,114.9749984741211,117.23500061035156,115.51128387451172,2552600
2024-12-26,116.98500061035156,117.2249984741211,116.28500366210938,116.80000305175781,115.08267974853516,4109600
2024-12-27,116.0250015258789,116.0250015258789,114.31500244140625,114.87000274658203,113.18106079101562,6097200
2024-12-30,113.125,113.75499725341797,112.31500244140625,113.0250015258789,111.3631820678711,5413000
2024-12-31,113.63999938964844,113.9749984741211,111.98500061035156,112.17500305175781,110.52568054199219,5250800
2025-01-02,112.22000122070312,112.55999755859375,109.99500274658203,110.69999694824219,109.0723648071289,9166400
2025-01-03,111.31999969482422,113.01000213623047,110.76000213623047,112.94000244140625,111.2794418334961,6501000
2025-01-06,114.16000366210938,114.24500274658203,112.7699966430664,113.38500213623047,111.71788787841797,6785400
2025-01-07,113.29000091552734,113.625,110.78500366210938,111.19000244140625,109.55516052246094,5554000
2025-01-08,111.1500015258789,111.94499969482422,110.58999633789062,111.50499725341797,109.86553192138672,5309200
2025-01-10,111.08000183105469,111.2699966430664,109.80999755859375,110.41000366210938,108.78663635253906,6869400
2025-01-13,109.56999969482422,111.05000305175781,109.1500015258789,111.03500366210938,109.40245056152344,5422000
2025-01-14,112.1500015258789,112.73500061035156,110.40499877929688,110.81999969482422,109.19061279296875,6762200
2025-01-15,113.375,113.73500061035156,112.58999633789062,113.63999938964844,111.9691390991211,6197400
2025-01-16,113.44499969482422,113.44499969482422,112.57499694824219,113.0250015258789,111.3631820678711,4851800
2025-01-17,114.51499938964844,115.33000183105469,114.33000183105469,114.61000061035156,112.92487335205078,3884600
2025-01-21,115.6449966430664,115.75,114.18499755859375,115.44999694824219,113.75251770019531,6036600
2025-01-22,115.20500183105469,115.69499969482422,114.81999969482422,115.01499938964844,113.32393646240234,4948800
2025-01-23,114.84500122070312,115.70999908447266,114.54000091552734,115.70999908447266,114.00869750976562,3888800
2025-01-24,115.73500061035156,115.8550033569336,114.78500366210938,115.00499725341797,113.3140640258789,3543400
2025-01-27,113.27999877929688,115.70999908447266,113.2750015258789,115.66000366210938,113.95944213867188,7069800
2025-01-28,115.32499694824219,116.12000274658203,114.7750015258789,115.80000305175781,114.0973892211914,5211000
2025-01-29,115.8949966430664,116.25,115.08999633789062,115.47000122070312,113.77223205566406,6538000
2025-01-30,117.00499725341797,117.28500366210938,115.7249984741211,116.5999984741211,114.8856201171875,5386400
2025-01-31,116.74500274658203,117.92500305175781,115.86000061035156,116.08499908447266,114.37818145751953,5092600
2025-02-03,113.56999969482422,115.04499816894531,112.6050033569336,114.55000305175781,112.86576843261719,7460000
2025-02-04,114.62000274658203,116.01499938964844,114.6050033569336,115.9000015258789,114.1959228515625,3987000
2025-02-05,115.15499877929688,115.44000244140625,114.31500244140625,114.58499908447266,112.9002456665039,5902800
2025-02-06,114.91000366210938,115.34500122070312,114.33499908447266,115.04000091552734,113.34854888916016,6045800
2025-02-07,114.26000213623047,115.12999725341797,112.69999694824219,112.79000091552734,111.13163757324219,5536400
2025-02-10,113.23999786376953,113.78500366210938,112.72000122070312,113.17500305175781,111.51097869873047,5963800
2025-02-11,112.45500183105469,112.7699966430664,111.61499786376953,111.88999938964844,110.24486541748047,5538200
2025-02-12,111.05500030517578,112.44999694824219,110.76000213623047,111.87000274658203,110.22515869140625,7903000
2025-02-13,112.59500122070312,113.66500091552734,112.3949966430664,113.55000305175781,111.88045501708984,6484400
2025-02-14,114.36000061035156,114.45999908447266,113.11000061035156,113.5,111.83119201660156,3425600
2025-02-18,113.47000122070312,113.62000274658203,112.45999908447266,113.18499755859375,111.52083587646484,7567200
2025-02-19,112.66000366210938,113.18000030517578,112.44000244140625,113.12000274658203,111.45679473876953,3996400
2025-02-20,112.80999755859375,112.80999755859375,111.28500366210938,112.1449966430664,110.4961166381836,4732400
2025-02-21,112.41000366210938,112.44499969482422,108.76000213623047,109.19499969482422,107.58949279785156,9043000
2025-02-24,109.68499755859375,109.84500122070312,108.33000183105469,108.78500366210938,107.18553161621094,5953400
2025-02-25,108.7249984741211,108.9749984741211,106.70500183105469,108.21499633789062,106.6239013671875,8006400
2025-02-26,108.94499969482422,109.55500030517578,107.54000091552734,107.7699966430664,106.1854476928711,6143600
2025-02-27,108.2699966430664,108.56999969482422,106.12999725341797,106.21499633789062,104.65330505371094,6799000
2025-02-28,106.25499725341797,108.05000305175781,105.83000183105469,107.9800033569336,106.39236450195312,7696400
2025-03-03,108.61000061035156,109.18499755859375,104.86000061035156,105.98999786376953,104.43162536621094,10983600
2025-03-04,104.18499755859375,105.93000030517578,102.74500274658203,104.12000274658203,102.589111328125,13842600
2025-03-05,104.19499969482422,105.8949966430664,103.73500061035156,105.70500183105469,104.15081787109375,10128200
2025-03-06,104.13999938964844,104.8949966430664,102.56999969482422,103.0250015258789,101.51020812988281,9755400
2025-03-07,102.38999938964844,103.125,100.13500213623047,102.83499908447266,101.32300567626953,9798800
2025-03-10,101.47000122070312,101.61000061035156,98.29000091552734,99.16500091552734,97.70697021484375,14412600
2025-03-11,99.11000061035156,99.95999908447266,97.19499969482422,98.19499969482422,96.75122833251953,14379600
2025-03-12,99.8949966430664,99.99500274658203,97.55999755859375,98.76499938964844,97.31285095214844,8548200
2025-03-13,98.61499786376953,98.61499786376953,95.84500122070312,96.30000305175781,94.88410186767578,9992800
2025-03-14,97.7750015258789,98.45500183105469,96.92500305175781,98.3499984741211,96.90394592285156,6295600
2025-03-17,98.36000061035156,99.06500244140625,97.65499877929688,98.50499725341797,97.0566635131836,6053200
2025-03-18,97.58499908447266,97.58999633789062,96.3499984741211,96.75,95.32747650146484,8246200
2025-03-19,97.42500305175781,99.16500091552734,97.19000244140625,98.6050033569336,97.15520477294922,9831400
2025-03-20,97.87999725341797,99.62999725341797,97.80000305175781,98.37000274658203,96.92366027832031,8586400
2025-03-21,97.19499969482422,98.77999877929688,96.69000244140625,98.7249984741211,97.27342987060547,9794800
2025-03-24,99.875,102.23500061035156,99.875,102.1449966430664,100.92017364501953,8567600
2025-03-25,102.38999938964844,103.0199966430664,101.7750015258789,102.95999908447266,101.72540283203125,7421400
2025-03-26,102.73999786376953,102.96499633789062,101.02999877929688,101.61499786376953,100.39653015136719,6187000
2025-03-27,101.29499816894531,103.21499633789062,101.04000091552734,101.68000030517578,100.46074676513672,6736800
2025-03-28,101.09500122070312,101.25499725341797,98.2249984741211,98.5199966430664,97.33863067626953,9886600
2025-03-31,96.59500122070312,99.06500244140625,95.90499877929688,98.7300033569336,97.54612731933594,10221000
2025-04-01,98.6050033569336,100.56500244140625,98.06999969482422,99.76000213623047,98.56376647949219,11097400
2025-04-02,97.96499633789062,102.24500274658203,97.87999725341797,101.65499877929688,100.43604278564453,9356000
2025-04-03,96.13999938964844,97.46499633789062,95.06500244140625,95.51499938964844,94.36967468261719,13795600
2025-04-04,92.30999755859375,94.67500305175781,90.84500122070312,91.3949966430664,90.29907989501953,25286000
2025-04-07,87.92500305175781,94.61000061035156,86.55000305175781,90.31500244140625,89.23202514648438,41234000
2025-04-08,93.72000122070312,94.2300033569336,86.9800033569336,88.16999816894531,87.11273956298828,17407400
2025-04-09,88.0199966430664,98.07499694824219,87.875,97.7699966430664,96.5976333618164,29318600
2025-04-10,95.41500091552734,95.4749984741211,90.9000015258789,93.94999694824219,92.82344055175781,16600400
2025-04-11,93.74500274658203,95.05000305175781,92.06999969482422,94.86000061035156,93.72252655029297,8266800
2025-04-14,96.2750015258789,96.78500366210938,93.86000061035156,95.13500213623047,93.9942398071289,7720600
2025-04-15,94.9800033569336,95.7750015258789,93.91500091552734,94.44999694824219,93.31744384765625,6676400
2025-04-16,93.54000091552734,94.2699966430664,90.94000244140625,92.12000274658203,91.01539611816406,8579600
2025-04-17,92.65499877929688,93.30000305175781,91.9000015258789,92.69999694824219,91.58842468261719,7623600
2025-04-21,91.36499786376953,91.4749984741211,88.98500061035156,90.2249984741211,89.14311218261719,9802000
2025-04-22,91.26000213623047,93.9749984741211,91.25,93.08000183105469,91.96387481689453,8564800
2025-04-23,96.44000244140625,97.4749984741211,94.93499755859375,95.16000366210938,94.01893615722656,8957400
2025-04-24,95.1500015258789,97.1500015258789,94.91500091552734,97.05500030517578,95.89122009277344,5341200
2025-04-25,97.05000305175781,98.86499786376953,96.80999755859375,98.80000305175781,97.61528778076172,5968800
2025-04-28,99.18499755859375,99.94999694824219,97.45999908447266,98.83499908447266,97.64987182617188,5562000
2025-04-29,98.08000183105469,99.66999816894531,97.96499633789062,99.53500366210938,98.34147644042969,5136600
2025-04-30,97.0999984741211,98.90499877929688,95.81500244140625,98.62999725341797,97.44733428955078,5881800
2025-05-01,99.125,100.47000122070312,98.95999908447266,99.17500305175781,97.98579406738281,7359000
2025-05-02,100.2249984741211,101.29000091552734,99.56999969482422,100.71499633789062,99.50730895996094,7457000
2025-05-05,99.90499877929688,100.2249984741211,99.31500244140625,99.6449966430664,98.45014190673828,4677000
2025-05-06,98.43000030517578,99.5,98.33999633789062,98.7750015258789,97.590576171875,4811200
2025-05-07,98.98500061035156,99.98999786376953,98.625,99.54499816894531,98.35134887695312,5359400
2025-05-08,100.50499725341797,101.76000213623047,99.86499786376953,100.72000122070312,99.51226043701172,6464400
2025-05-09,100.9800033569336,101.95999908447266,100.71499633789062,101.20500183105469,99.99143981933594,5159600
2025-05-12,106.58999633789062,106.5999984741211,105.19499969482422,106.23500061035156,104.96113586425781,9569400
2025-05-13,106.88500213623047,108.08999633789062,106.53500366210938,107.63999938964844,106.34928131103516,11431000
2025-05-14,107.91500091552734,108.58999633789062,107.6050033569336,108.05500030517578,106.75931549072266,7117000
2025-05-15,107.03500366210938,108.1050033569336,106.69999694824219,107.81500244140625,106.52218627929688,8393000
2025-05-16,108.18000030517578,108.91000366210938,107.88999938964844,108.83499908447266,107.52995300292969,5973200
2025-05-19,107.06500244140625,108.73999786376953,106.83999633789062,108.58000183105469,107.27802276611328,6935000
2025-05-20,108.77999877929688,109.08999633789062,107.5,108.01499938964844,106.71979522705078,7046800
2025-05-21,107.16000366210938,107.52999877929688,105.4000015258789,105.82499694824219,104.55604553222656,10325600
2025-05-22,105.63999938964844,107.06500244140625,105.36000061035156,106.27999877929688,105.0055923461914,8992400
2025-05-23,104.51000213623047,105.80000305175781,104.33999633789062,105.32499694824219,104.06204223632812,7497000
2025-05-27,106.51499938964844,108.5250015258789,106.51499938964844,108.43499755859375,107.13475036621094,7886800
2025-05-28,108.52999877929688,108.55999755859375,107.26000213623047,107.44000244140625,106.15169525146484,7542400
2025-05-29,108.5199966430664,108.58499908447266,106.93499755859375,107.48500061035156,106.1961441040039,8031600
2025-05-30,107.06999969482422,107.81500244140625,106.19000244140625,106.9000015258789,105.6181640625,10233200
2025-06-02,106.59500122070312,107.16500091552734,105.27999877929688,107.1500015258789,105.86516571044922,8783800
2025-06-03,107.24500274658203,108.61499786376953,107.22000122070312,107.72000122070312,106.42832946777344,7855400
2025-06-04,107.80999755859375,107.87000274658203,106.6500015258789,107.43499755859375,106.14673614501953,7581000
2025-06-05,107.16000366210938,107.71499633789062,103.8550033569336,104.7249984741211,103.46923065185547,12096600
2025-06-06,106.23999786376953,106.58499908447266,105.72000122070312,106.08499908447266,104.81291961669922,9948800
2025-06-09,105.72000122070312,107.13500213623047,105.12000274658203,106.93499755859375,105.65274047851562,10596400
2025-06-10,107.08999633789062,108.23500061035156,106.96499633789062,108.21499633789062,106.9173812866211,8594800
2025-06-11,108.84500122070312,108.88500213623047,106.95999908447266,107.36000061035156,106.07263946533203,6888600
2025-06-12,106.76499938964844,107.43499755859375,106.56999969482422,106.8550033569336,105.57369232177734,5413800
2025-06-13,105.48999786376953,107.0,105.36499786376953,105.87000274658203,104.60051727294922,10292200
2025-06-16,106.70500183105469,107.19000244140625,106.3949966430664,107.01000213623047,105.72683715820312,4764600
2025-06-17,106.41500091552734,106.67500305175781,104.97000122070312,105.16500091552734,103.90396118164062,8473200
2025-06-18,105.375,106.34500122070312,105.12000274658203,105.21499633789062,103.95335388183594,7405800
2025-06-20,106.13500213623047,106.37999725341797,104.80999755859375,105.33999633789062,104.07686614990234,9704800
2025-06-23,105.33000183105469,107.3949966430664,104.8550033569336,107.19999694824219,106.13975524902344,12557200
2025-06-24,108.30500030517578,108.34500122070312,107.46499633789062,107.79499816894531,106.7288589477539,8652000
2025-06-25,108.13500213623047,108.16000366210938,106.08000183105469,106.5250015258789,105.47142791748047,9302000
2025-06-26,106.62000274658203,107.7300033569336,106.38999938964844,107.50499725341797,106.44173431396484,7543000
2025-06-27,108.02999877929688,109.30500030517578,107.79499816894531,109.29499816894531,108.21403503417969,8902000
2025-06-30,109.26000213623047,109.5,108.36499786376953,108.66500091552734,107.59026336669922,7003400
2025-07-01,107.62000274658203,109.58999633789062,107.36000061035156,109.12999725341797,108.05066680908203,13085400
2025-07-02,109.82499694824219,110.23999786376953,109.12999725341797,110.00499725341797,108.91702270507812,12436200
2025-07-03,110.5,110.91999816894531,110.20999908447266,110.6050033569336,109.51107788085938,6904800
2025-07-07,109.09500122070312,109.6500015258789,108.51000213623047,109.19999694824219,108.1199722290039,10081600
2025-07-08,109.44999694824219,109.65499877929688,108.74500274658203,108.83000183105469,107.7536392211914,6855000
2025-07-09,109.31500244140625,109.79000091552734,108.90499877929688,109.4749984741211,108.39225006103516,4864800
2025-07-10,109.70999908447266,110.95500183105469,109.59500122070312,110.68499755859375,109.59028625488281,7566000
2025-07-11,110.38999938964844,110.94999694824219,109.93499755859375,110.71499633789062,109.61998748779297,6690400
2025-07-14,110.73999786376953,111.16000366210938,110.41999816894531,111.125,110.02593994140625,7292200
2025-07-15,111.19499969482422,111.45999908447266,109.48999786376953,109.53500366210938,108.45166778564453,10133200
2025-07-16,109.7249984741211,109.96499633789062,108.73500061035156,109.73500061035156,108.64968872070312,13982600
2025-07-17,109.80999755859375,110.28500366210938,109.625,110.11000061035156,109.0209732055664,7742400
2025-07-18,110.66500091552734,111.13999938964844,110.5,111.08499908447266,109.986328125,11246400
2025-07-21,111.45999908447266,112.02999877929688,111.375,111.61000061035156,110.50614166259766,9807800
2025-07-22,111.96499633789062,112.94999694824219,111.6500015258789,112.73999786376953,111.62496185302734,10980000
2025-07-23,113.0,113.44499969482422,112.86499786376953,113.2750015258789,112.15467071533203,10083200
2025-07-24,111.76000213623047,112.41000366210938,111.16500091552734,111.4000015258789,110.29821014404297,15148400
2025-07-25,111.95999908447266,112.6050033569336,111.68000030517578,112.43499755859375,111.3229751586914,12268000
2025-07-28,112.87000274658203,113.66999816894531,112.51499938964844,113.08999633789062,111.97149658203125,11332600
2025-07-29,113.11000061035156,113.12999725341797,112.05999755859375,112.30999755859375,111.19921875,11012600
2025-07-30,112.4749984741211,112.68000030517578,110.9749984741211,111.5999984741211,110.49623107910156,13746000
2025-07-31,112.13999938964844,112.33000183105469,110.56500244140625,110.71499633789062,109.61998748779297,13728200
2025-08-01,108.26499938964844,108.6500015258789,107.375,108.04499816894531,106.97640228271484,22660400
2025-08-04,108.875,109.48500061035156,108.52999877929688,109.31500244140625,108.23384857177734,12640200
2025-08-05,109.4749984741211,110.1449966430664,109.13500213623047,109.45500183105469,108.37245178222656,11021600
2025-08-06,109.77999877929688,111.77999877929688,109.62999725341797,111.7300033569336,110.62495422363281,11728800
2025-08-07,112.01000213623047,112.5199966430664,110.75499725341797,111.69499969482422,110.59030151367188,12127600
2025-08-08,111.76499938964844,112.44000244140625,111.69499969482422,111.88999938964844,110.78337097167969,10108600
2025-08-11,112.16999816894531,112.75,111.98999786376953,112.18000030517578,111.07050323486328,9686400
2025-08-12,113.02999877929688,113.5,112.2300033569336,113.37000274658203,112.24874114990234,9791400
2025-08-13,113.79499816894531,115.08999633789062,113.67500305175781,114.92500305175781,113.78836059570312,12555400
2025-08-14,114.2699966430664,114.9800033569336,114.1500015258789,114.79499816894531,113.65963745117188,11244600
2025-08-15,115.3949966430664,115.51499938964844,114.11499786376953,114.5199966430664,113.3873519897461,9346800
2025-08-18,114.29000091552734,115.15499877929688,114.29000091552734,114.9800033569336,113.84281921386719,9293000
2025-08-19,115.0,116.02999877929688,114.66500091552734,114.92500305175781,113.78836059570312,11843000
2025-08-20,115.16500091552734,115.44000244140625,113.08999633789062,113.79000091552734,112.66458129882812,15303600
2025-08-21,113.2249984741211,113.41500091552734,112.4749984741211,113.11499786376953,111.99624633789062,10117000
2025-08-22,113.66999816894531,116.6050033569336,113.50499725341797,116.55000305175781,115.39728546142578,14933800
2025-08-25,116.12999725341797,116.75,115.82499694824219,116.31500244140625,115.16460418701172,9851400
2025-08-26,116.1500015258789,116.88500213623047,116.06500244140625,116.8499984741211,115.6943130493164,10809600
2025-08-27,116.84500122070312,117.26499938964844,116.7249984741211,116.875,115.71905517578125,8764400
2025-08-28,117.1050033569336,117.25499725341797,116.34500122070312,117.07499694824219,115.9170913696289,8211400
2025-08-29,117.06999969482422,117.25,115.56500244140625,115.87000274658203,114.7239990234375,11766000
2025-09-02,114.40499877929688,115.13999938964844,114.15499877929688,115.00499725341797,113.86756134033203,14705400
2025-09-03,115.23500061035156,116.11499786376953,114.95999908447266,115.47000122070312,114.32796478271484,13839000
2025-09-04,116.36000061035156,117.63500213623047,116.20999908447266,117.58000183105469,116.4170913696289,24662400
2025-09-05,118.19999694824219,118.93000030517578,117.12999725341797,117.55500030517578,116.39234924316406,30997000
2025-09-08,118.16500091552734,118.3499984741211,117.62000274658203,118.01000213623047,116.84284973144531,18769200
2025-09-09,117.92500305175781,117.97000122070312,117.06500244140625,117.84500122070312,116.67947387695312,13340200
2025-09-10,118.02999877929688,118.02999877929688,116.12999725341797,116.43499755859375,115.28341674804688,16330400
2025-09-11,116.90499877929688,118.77999877929688,116.75499725341797,118.69999694824219,117.52601623535156,16448800
2025-09-12,118.51499938964844,119.48999786376953,118.46499633789062,119.31500244140625,118.13493347167969,9002800
2025-09-15,121.22000122070312,121.38500213623047,119.75499725341797,120.3499984741211,119.1596908569336,13760200
2025-09-16,120.78500366210938,121.2300033569336,120.42500305175781,121.08999633789062,119.89237976074219,8687400
2025-09-17,121.01000213623047,121.69999694824219,119.5,120.78500366210938,119.59039306640625,15324000
2025-09-18,121.26499938964844,121.32499694824219,120.23999786376953,120.23999786376953,119.05078125,10819800
2025-09-19,120.87000274658203,121.23500061035156,120.4749984741211,120.69499969482422,119.50128936767578,12576200
2025-09-22,120.4000015258789,121.01000213623047,120.04000091552734,120.08999633789062,119.11199188232422,12283600
2025-09-23,120.36499786376953,120.45500183105469,118.76000213623047,118.95999908447266,117.9911880493164,9696400
2025-09-24,119.49500274658203,120.01000213623047,119.11499786376953,119.80000305175781,118.82435607910156,9862000
2025-09-25,119.05500030517578,119.0999984741211,117.57499694824219,118.11000061035156,117.14811706542969,11590800
2025-09-26,118.6449966430664,119.92500305175781,118.23500061035156,119.8550033569336,118.87889862060547,9749400
2025-09-29,120.48500061035156,120.79499816894531,119.625,120.37999725341797,119.39962005615234,11244600
2025-09-30,120.26499938964844,120.375,118.87999725341797,119.81999969482422,118.84418487548828,12982000
2025-10-01,119.61499786376953,120.94000244140625,119.40499877929688,120.56999969482422,119.58807373046875,11258000
2025-10-02,121.16000366210938,121.3499984741211,119.625,119.69999694824219,118.72515869140625,13191400
2025-10-03,120.24500274658203,120.44499969482422,118.2699966430664,118.93000030517578,117.96142578125,13934400
2025-10-06,119.7249984741211,120.12000274658203,118.5999984741211,119.94999694824219,118.9731216430664,10462800
2025-10-07,119.63500213623047,119.63999938964844,117.80999755859375,117.8499984741211,116.89022064208984,14624000
2025-10-08,118.36499786376953,118.55999755859375,117.16999816894531,118.19999694824219,117.23737335205078,7910200
2025-10-09,117.74500274658203,117.78500366210938,116.78500366210938,117.61000061035156,116.65218353271484,9757600
2025-10-10,117.66500091552734,118.20999908447266,114.33999633789062,114.375,113.44351959228516,17978200
2025-10-13,115.42500305175781,117.11000061035156,115.23500061035156,116.93000030517578,115.97772216796875,10860200
2025-10-14,115.38999938964844,117.83999633789062,114.91500091552734,117.17500305175781,116.2207260131836,12533600
2025-10-15,117.70999908447266,118.49500274658203,116.37999725341797,117.34500122070312,116.38935089111328,10836000
2025-10-16,117.43499755859375,117.76499938964844,115.33499908447266,116.20999908447266,115.26358795166016,13036800
2025-10-17,116.1500015258789,117.48999786376953,115.875,117.20999908447266,116.25543212890625,11769800
2025-10-20,117.75,118.28500366210938,117.58000183105469,118.13999938964844,117.17786407470703,8356400
2025-10-21,118.36499786376953,120.03500366210938,118.30000305175781,119.58499908447266,118.61109161376953,8674600
2025-10-22,119.3499984741211,119.43000030517578,117.98999786376953,118.6500015258789,117.6837158203125,12749600
2025-10-23,117.66500091552734,119.33499908447266,117.2750015258789,119.18499755859375,118.21434783935547,11286800
2025-10-24,119.62999725341797,119.91500091552734,118.70999908447266,118.83000183105469,117.86224365234375,6481600
2025-10-27,120.06999969482422,120.9749984741211,119.80999755859375,120.54000091552734,119.5583267211914,7407800
2025-10-28,120.36000061035156,121.45500183105469,119.94000244140625,120.56999969482422,119.58807373046875,8999400
2025-10-29,120.59500122070312,120.61499786376953,118.88999938964844,119.57499694824219,118.60118103027344,11064000
2025-10-30,117.73500061035156,118.65499877929688,116.86000061035156,116.875,115.92316436767578,11853400
2025-10-31,120.18499755859375,120.63500213623047,119.19499969482422,119.96499633789062,118.98799133300781,13414400
2025-11-03,121.20500183105469,121.49500274658203,120.76000213623047,121.08999633789062,120.10383605957031,10730800
2025-11-04,119.55000305175781,120.44499969482422,118.91500091552734,119.08000183105469,118.11021423339844,9312600
2025-11-05,119.56500244140625,120.71499633789062,118.6449966430664,120.52999877929688,119.54840087890625,11716200
2025-11-06,119.875,120.03500366210938,117.12999725341797,117.74500274658203,116.78608703613281,14726000
2025-11-07,117.5,118.30999755859375,116.42500305175781,117.93000030517578,116.9695816040039,11502000
2025-11-10,119.09500122070312,119.66999816894531,118.61499786376953,119.4800033569336,118.50695037841797,10434800
2025-11-11,119.2750015258789,119.88500213623047,118.97000122070312,119.7750015258789,118.79955291748047,12775400
2025-11-12,120.125,120.25499725341797,118.66500091552734,118.97000122070312,118.00110626220703,9314200
2025-11-13,118.47000122070312,118.8550033569336,115.79000091552734,116.0,115.0552978515625,15268400
2025-11-14,114.67500305175781,116.51000213623047,114.29499816894531,115.44499969482422,114.50481414794922,14662200
2025-11-17,114.84500122070312,116.1449966430664,113.70999908447266,114.36000061035156,113.42864227294922,20233600
2025-11-18,113.0250015258789,113.62000274658203,112.07499694824219,112.25,111.33583068847656,27057400
2025-11-19,113.11499786376953,113.11499786376953,111.66500091552734,112.25499725341797,111.34078979492188,15912200
2025-11-20,113.51499938964844,114.75,110.46499633789062,110.58000183105469,109.679443359375,24924400
2025-11-21,111.31999969482422,113.84500122070312,110.9800033569336,112.75,111.83175659179688,19013200
2025-11-24,113.625,114.93499755859375,113.5,114.25499725341797,113.32450103759766,11181800
2025-11-25,114.30000305175781,116.88999938964844,114.08999633789062,116.69999694824219,115.74958038330078,10395400
2025-11-26,117.11000061035156,117.73999786376953,116.6500015258789,117.5,116.54307556152344,8122200
2025-11-28,117.7699966430664,118.4000015258789,117.7699966430664,118.2300033569336,117.26712799072266,4827200
2025-12-01,117.66000366210938,118.95999908447266,117.61499786376953,118.30000305175781,117.33656311035156,11579800
2025-12-02,118.58499908447266,118.66500091552734,117.48500061035156,118.22000122070312,117.25721740722656,11105800
2025-12-03,118.23500061035156,119.80999755859375,118.23500061035156,119.49500274658203,118.5218276977539,9369800
2025-12-04,119.66999816894531,119.79499816894531,118.3949966430664,119.06999969482422,118.10029602050781,11828800
2025-12-05,119.18000030517578,120.08999633789062,119.18000030517578,119.7300033569336,118.75492095947266,4556800
2025-12-08,119.25,119.36000061035156,117.75,117.98999786376953,117.02908325195312,6400100
2025-12-09,117.51000213623047,118.48999786376953,117.33000183105469,117.9800033569336,117.01918029785156,5153900
2025-12-10,118.12000274658203,120.27999877929688,118.11000061035156,119.70999908447266,118.73506927490234,9440800
2025-12-11,119.72000122070312,120.36000061035156,119.51000213623047,120.18000030517578,119.20125579833984,5863400
2025-12-12,120.51000213623047,121.36000061035156,119.66000366210938,120.69999694824219,119.71701049804688,7865600
2025-12-15,121.72000122070312,122.4000015258789,121.22000122070312,121.7300033569336,120.73863220214844,12137500
2025-12-16,121.66000366210938,122.22000122070312,121.05999755859375,121.93000030517578,120.93700408935547,12052000
2025-12-17,122.02999877929688,122.6500015258789,120.5199966430664,120.5199966430664,119.53848266601562,10597600
2025-12-18,122.22000122070312,123.62999725341797,122.08000183105469,122.33999633789062,121.3436508178711,11598200
2025-12-19,122.37000274658203,122.41999816894531,121.73999786376953,121.8499984741211,120.85765075683594,9728700
2025-12-22,122.36000061035156,122.81999969482422,122.08999633789062,122.33999633789062,121.5841293334961,8073400
2025-12-23,122.2699966430664,122.6500015258789,121.88999938964844,122.16999816894531,121.41519165039062,9766400
2025-12-24,122.27999877929688,122.62999725341797,121.93000030517578,122.58999633789062,121.83258819580078,2250000
2025-12-26,122.43000030517578,122.77999877929688,121.87999725341797,122.05000305175781,121.29593658447266,4197000
2025-12-29,121.55999755859375,121.55999755859375,120.70999908447266,120.8499984741211,120.10334014892578,6535400
2025-12-30,120.61000061035156,120.77999877929688,120.2699966430664,120.36000061035156,119.61637115478516,4180500
2025-12-31,120.44000244140625,120.45999908447266,119.36000061035156,119.41000366210938,118.67224884033203,4356100
2026-01-02,120.08000183105469,120.12000274658203,117.70999908447266,118.3499984741211,117.61878967285156,16200700
2026-01-05,118.94999694824219,121.1500015258789,118.58999633789062,120.30000305175781,119.5567398071289,17653800
2026-01-06,119.52999877929688,121.26000213623047,119.44000244140625,121.06999969482422,120.32198333740234,17759400
2026-01-07,121.26000213623047,122.12999725341797,120.9000015258789,120.9000015258789,120.15303802490234,11327700
2026-01-08,120.58000183105469,123.13999938964844,120.4000015258789,122.91999816894531,122.16055297851562,12565400
2026-01-09,122.91999816894531,124.55999755859375,122.18000030517578,124.41000366210938,123.64134979248047,13817800
2026-01-12,123.87000274658203,125.01000213623047,123.33999633789062,124.5199966430664,123.75066375732422,8773100
2026-01-13,124.52999877929688,124.69999694824219,123.41999816894531,124.20999908447266,123.44258117675781,9033300
2026-01-14,123.38999938964844,123.41000366210938,121.63999938964844,122.25,121.49469757080078,10758100
2026-01-15,122.87000274658203,123.25,122.4000015258789,122.69999694824219,121.9419174194336,7447900
2026-01-16,122.76000213623047,123.04000091552734,121.87999725341797,122.30000305175781,121.54438781738281,7058700
2026-01-20,120.27999877929688,120.56999969482422,118.9000015258789,119.12000274658203,118.384033203125,9720000
2026-01-21,119.41000366210938,121.9000015258789,119.41000366210938,121.4000015258789,120.64994812011719,11017600
2026-01-22,122.12999725341797,123.08000183105469,121.72000122070312,122.62000274658203,121.86241149902344,6594200
2026-01-23,122.4800033569336,123.38999938964844,122.2300033569336,123.12999725341797,122.36925506591797,6470900
2026-01-26,123.05999755859375,123.4000015258789,122.30000305175781,122.31999969482422,121.56426239013672,4812700
2026-01-27,122.73999786376953,122.91999816894531,121.81999969482422,122.69000244140625,121.93197631835938,4269700
2026-01-28,123.08999633789062,123.69000244140625,121.58999633789062,121.7699966430664,121.01765441894531,8732200
2026-01-29,122.47000122070312,122.5999984741211,120.41000366210938,121.19000244140625,120.44123840332031,12410400
2026-01-30,121.26000213623047,122.0,120.54000091552734,121.16999816894531,120.42137145996094,11706400
2026-02-02,120.73999786376953,122.41000366210938,120.12000274658203,121.97000122070312,121.2164306640625,8483000
2026-02-03,122.08000183105469,122.76000213623047,119.81999969482422,120.98999786376953,120.24246978759766,12467800
2026-02-04,121.0999984741211,121.54000091552734,119.3499984741211,120.0999984741211,119.35797882080078,13915400
2026-02-05,118.55000305175781,118.83000183105469,117.06999969482422,117.51000213623047,116.78398132324219,13290000
2026-02-06,115.69000244140625,118.16000366210938,115.4000015258789,117.98999786376953,117.2610092163086,20971100
2026-02-09,117.43000030517578,118.20999908447266,116.4000015258789,117.55000305175781,116.82373046875,10975700
2026-02-10,117.76000213623047,119.22000122070312,117.69999694824219,118.33000183105469,117.59890747070312,9920700
2026-02-11,118.44999694824219,118.87999725341797,117.29000091552734,117.76000213623047,117.03244018554688,10214100
2026-02-12,118.41000366210938,119.19999694824219,115.83000183105469,116.12999725341797,115.41250610351562,16374300
2026-02-13,116.0,117.1500015258789,115.52999877929688,116.18000030517578,115.46219635009766,10836200
2026-02-17,115.9800033569336,116.31999969482422,114.43000030517578,116.04000091552734,115.32305908203125,9623000
2026-02-18,116.11000061035156,117.76000213623047,115.94000244140625,117.0199966430664,116.2969970703125,9719500
2026-02-19,116.33000183105469,116.55000305175781,115.58000183105469,116.23999786376953,115.52182006835938,9482400
2026-02-20,115.93000030517578,117.6500015258789,115.61000061035156,117.44999694824219,116.7243423461914,16652900
2026-02-23,116.63999938964844,116.7699966430664,113.86000061035156,114.98999786376953,114.27954864501953,14604800
2026-02-24,115.4000015258789,117.05999755859375,115.31999969482422,116.73999786376953,116.01873779296875,11320500
2026-02-25,116.9800033569336,117.58999633789062,116.51000213623047,117.08999633789062,116.36656951904297,8776100
2026-02-26,117.2300033569336,117.66000366210938,116.13999938964844,117.05000305175781,116.32682037353516,9560900
2026-02-27,116.01000213623047,116.94000244140625,115.6500015258789,116.86000061035156,116.13799285888672,9636200
2026-03-02,114.02999877929688,115.7300033569336,113.72000122070312,115.41999816894531,114.7068862915039,18205600
2026-03-03,113.0999984741211,114.7699966430664,111.80999755859375,114.36000061035156,113.65343475341797,20773100
2026-03-04,115.08999633789062,116.62999725341797,114.87999725341797,116.38999938964844,115.6708984375,11496700
2026-03-05,115.91999816894531,117.08000183105469,115.5199966430664,116.55000305175781,115.82991790771484,14880400
2026-03-06,114.77999877929688,114.98999786376953,113.63999938964844,114.44000244140625,113.73294067382812,16348500
2026-03-09,112.94000244140625,114.93000030517578,110.98999786376953,114.58999633789062,113.88201141357422,16278500
2026-03-10,114.61000061035156,115.7300033569336,113.94999694824219,114.44000244140625,113.73294067382812,11784400
2026-03-11,114.83000183105469,115.69999694824219,113.56999969482422,114.13999938964844,113.4347915649414,10959300
2026-03-12,113.12000274658203,113.43000030517578,111.47000122070312,111.5199966430664,110.83098602294922,12088200
2026-03-13,112.16999816894531,112.48999786376953,110.72000122070312,110.86000061035156,110.1750717163086,11708600
2026-03-16,111.79000091552734,112.87000274658203,111.62000274658203,112.19999694824219,111.50678253173828,9307600
2026-03-17,112.77999877929688,113.6500015258789,112.72000122070312,113.18000030517578,112.48072814941406,6767000
2026-03-18,112.5,112.98999786376953,110.44000244140625,110.56999969482422,109.88685607910156,10979200
2026-03-19,109.62999725341797,110.33999633789062,108.87000274658203,109.69999694824219,109.02222442626953,12496400
2026-03-20,109.43000030517578,109.43000030517578,107.1500015258789,107.73999786376953,107.0743408203125,12297000
2026-03-23,109.77999877929688,111.43000030517578,109.58999633789062,110.12000274658203,109.65948486328125,14779100
2026-03-24,109.04000091552734,110.31999969482422,108.94999694824219,109.68000030517578,109.22132110595703,9032200
2026-03-25,111.16000366210938,111.91000366210938,110.0999984741211,110.7300033569336,110.26693725585938,9412900
2026-03-26,110.05000305175781,110.9000015258789,108.73999786376953,108.83000183105469,108.3748779296875,7981000
2026-03-27,108.30999755859375,108.30999755859375,105.44999694824219,105.68000030517578,105.23805236816406,10454700
2026-03-30,106.61000061035156,107.16999816894531,105.19000244140625,105.66000366210938,105.21813201904297,10192000
2026-03-31,107.2300033569336,109.41000366210938,106.70999908447266,108.9800033569336,108.52425384521484,19487500
2026-04-01,109.69000244140625,110.5,108.73999786376953,109.80000305175781,109.3408203125,14467600
2026-04-02,107.45999908447266,109.52999877929688,107.0999984741211,108.1500015258789,107.69772338867188,9684700
2026-04-06,107.93000030517578,109.2300033569336,107.93000030517578,109.04000091552734,108.58399963378906,6908800
2026-04-07,108.11000061035156,108.18000030517578,106.44999694824219,107.7699966430664,107.31930541992188,8956400
2026-04-08,112.25,112.61000061035156,110.27999877929688,110.81999969482422,110.35655212402344,14442400
2026-04-09,110.81999969482422,112.88999938964844,110.4000015258789,112.73999786376953,112.26852416992188,6660500
2026-04-10,113.0,113.45999908447266,112.23999786376953,112.88999938964844,112.41790008544922,5607400
2026-04-13,112.33999633789062,113.94999694824219,112.0,113.91999816894531,113.44358825683594,5992600
2026-04-14,114.6500015258789,116.83000183105469,114.58000183105469,116.44000244140625,115.95305633544922,8128600
2026-04-15,116.52999877929688,118.44000244140625,116.1500015258789,118.18000030517578,117.68577575683594,8034700
2026-04-16,118.4000015258789,118.55000305175781,117.0999984741211,117.62999725341797,117.13806915283203,5671900
2026-04-17,119.69000244140625,121.8499984741211,119.45999908447266,120.41000366210938,119.90644836425781,9839500
2026-04-20,120.13999938964844,120.4000015258789,118.8499984741211,119.87000274658203,119.36870574951172,5450100
2026-04-21,120.83999633789062,120.91000366210938,118.68000030517578,118.97000122070312,118.47247314453125,7208300
2026-04-22,119.52999877929688,119.76000213623047,118.66000366210938,118.93000030517578,118.4326400756836,5289900
2026-04-23,118.22000122070312,118.8499984741211,116.66999816894531,117.73999786376953,117.24761199951172,7530900
2026-04-24,118.13999938964844,118.9000015258789,117.66999816894531,118.69000244140625,118.19364929199219,5546000
2026-04-27,118.08999633789062,118.44999694824219,117.27999877929688,117.83999633789062,117.3471908569336,6915900
2026-04-28,117.44999694824219,117.79000091552734,116.87000274658203,117.01000213623047,116.52067565917969,6740900
2026-04-29,116.20999908447266,117.12999725341797,116.12999725341797,116.83999633789062,116.35137939453125,8155400
2026-04-30,118.5,118.66999816894531,116.43000030517578,118.3499984741211,117.85505676269531,10280700
2026-05-01,118.61000061035156,119.7699966430664,117.81999969482422,118.62999725341797,118.1338882446289,13071300
2026-05-04,118.3499984741211,119.30000305175781,117.19000244140625,117.72000122070312,117.22770690917969,10737700
2026-05-05,118.58999633789062,119.29000091552734,118.05000305175781,118.06999969482422,117.57623291015625,6216900
2026-05-06,118.97000122070312,120.54000091552734,118.7699966430664,119.87000274658203,119.36870574951172,10430700
2026-05-07,120.58999633789062,121.0999984741211,119.31999969482422,119.87999725341797,119.37866973876953,7928000
2026-05-08,120.25,121.12999725341797,119.94000244140625,120.19999694824219,119.69732666015625,6054100
2026-05-11,119.37999725341797,119.86000061035156,118.51000213623047,119.37000274658203,118.87080383300781,5829100
2026-05-12,119.02999877929688,119.3499984741211,117.44999694824219,118.29000091552734,117.79531860351562,6622100
2026-05-13,118.05999755859375,119.2300033569336,117.44999694824219,118.72000122070312,118.22351837158203,4611800
2026-05-14,119.01000213623047,119.68000030517578,118.55999755859375,118.66999816894531,118.17372131347656,5966700
2026-05-15,117.30999755859375,117.37000274658203,116.30999755859375,116.52999877929688,116.04267883300781,10453900
2026-05-18,116.5,117.77999877929688,115.54000091552734,116.31999969482422,115.83355712890625,9985100
2026-05-19,115.12999725341797,115.31999969482422,114.19999694824219,115.02999877929688,114.5489501953125,8578200
2026-05-20,115.2699966430664,117.94999694824219,114.77999877929688,117.94000244140625,117.44677734375,12155100
2026-05-21,117.58999633789062,119.22000122070312,116.80999755859375,118.69999694824219,118.20359802246094,7082300
2026-05-22,119.16000366210938,119.87000274658203,118.9800033569336,119.18000030517578,118.68159484863281,5289800
2026-05-26,119.7300033569336,120.23999786376953,118.69999694824219,119.44999694824219,118.9504623413086,5007100
2026-05-27,120.69000244140625,121.94999694824219,120.55000305175781,121.55000305175781,121.04168701171875,13116100
2026-05-28,121.0999984741211,122.19000244140625,120.56999969482422,122.05999755859375,121.54954528808594,7591900
2026-05-29,121.5999984741211,122.18000030517578,120.83000183105469,120.87000274658203,120.36453247070312,7258000
2026-06-01,119.69000244140625,119.83000183105469,117.97000122070312,118.19000244140625,117.69573211669922,11012100
2026-06-02,117.5199966430664,118.2699966430664,116.55999755859375,117.58999633789062,117.0982437133789,8219300
2026-06-03,116.62999725341797,117.62000274658203,116.12999725341797,116.7300033569336,116.2418441772461,6086400
2026-06-04,117.95999908447266,118.19000244140625,117.04000091552734,117.26000213623047,116.7696304321289,4969900
2026-06-05,117.4000015258789,118.0999984741211,114.56999969482422,114.86000061035156,114.3796615600586,7699300
2026-06-08,114.7699966430664,116.0199966430664,114.7699966430664,115.38999938964844,114.90744018554688,6307400
2026-06-09,116.16000366210938,117.58999633789062,114.25,115.87000274658203,115.38543701171875,8203500
2026-06-10,115.45999908447266,115.68000030517578,113.37999725341797,113.48999786376953,113.01538848876953,7515100
2026-06-11,114.12000274658203,116.45999908447266,113.44000244140625,116.30000305175781,115.81364440917969,8680300
2026-06-12,117.0199966430664,117.0199966430664,114.81999969482422,116.5999984741211,116.11238861083984,7655200
2026-06-15,118.61000061035156,119.51000213623047,118.30999755859375,118.56999969482422,118.07414245605469,6590300
2026-06-16,118.66999816894531,119.45999908447266,118.33999633789062,118.45999908447266,117.96460723876953,6050500
2026-06-17,117.80999755859375,118.16999816894531,115.18000030517578,115.48999786376953,115.00702667236328,9065700
2026-06-18,116.6500015258789,117.66000366210938,115.54000091552734,117.16000366210938,116.67005157470703,8728500
2026-06-22,115.98999786376953,116.91999816894531,114.87000274658203,114.94000244140625,114.68740844726562,7555600
2026-06-23,113.94999694824219,114.66000366210938,113.47000122070312,113.76000213623047,113.51000213623047,9196000
2026-06-24,114.1500015258789,116.95999908447266,113.93000030517578,115.06999969482422,114.8171157836914,8301400
2026-06-25,114.6500015258789,115.05999755859375,113.12999725341797,113.3499984741211,113.10089874267578,7151300
2026-06-26,113.19999694824219,115.45999908447266,113.16000366210938,114.37000274658203,114.11865997314453,8948900
2026-06-29,115.20999908447266,117.54000091552734,115.04000091552734,117.12000274658203,116.86261749267578,10586700
2026-06-30,116.2300033569336,117.56999969482422,116.2300033569336,117.27999877929688,117.02226257324219,5167900
2026-07-01,117.77999877929688,119.16000366210938,116.9000015258789,118.08999633789062,117.83048248291016,9864300
2026-07-02,118.62999725341797,119.20999908447266,116.58000183105469,117.12000274658203,116.86261749267578,10882400
2026-07-06,117.52999877929688,118.19000244140625,116.0999984741211,118.01000213623047,117.75066375732422,9063600
2026-07-07,118.91999816894531,119.12000274658203,117.11000061035156,117.38999938964844,117.13201904296875,9191400
2026-07-08,116.30999755859375,116.31999969482422,114.44000244140625,115.30000305175781,115.04661560058594,15042700
2026-07-09,114.72000122070312,116.87999725341797,114.55000305175781,116.8499984741211,116.59320831298828,8521800
2026-07-10,117.58999633789062,117.88999938964844,116.4800033569336,117.23999786376953,116.98234558105469,5971500
2026-07-13,117.19999694824219,117.5199966430664,115.62000274658203,116.04000091552734,115.78498840332031,5984800
2026-07-14,116.01000213623047,116.4000015258789,115.45999908447266,115.9000015258789,115.64529418945312,6669300
2026-07-15,116.45999908447266,117.80999755859375,116.45999908447266,117.0,116.74288177490234,9073000
2026-07-16,117.12000274658203,118.22000122070312,116.86000061035156,117.33999633789062,117.0821304321289,6057000
2026-07-17,115.91000366210938,116.87000274658203,115.31999969482422,115.44000244140625,115.18630981445312,10275100
2026-07-20,116.22000122070312,116.22000122070312,114.37999725341797,114.61000061035156,114.3581314086914,7804500
2026-07-21,114.63999938964844,115.16999816894531,114.27999877929688,114.87000274658203,114.61756134033203,6557800
2026-07-22,114.9000015258789,115.2300033569336,113.81999969482422,114.0199966430664,113.76942443847656,7106000
2026-07-23,110.4800033569336,110.58999633789062,108.29000091552734,108.76000213623047,108.52098846435547,12650300
2026-07-24,109.0999984741211,109.94000244140625,108.6500015258789,109.41000366210938,109.16956329345703,8210700
2026-07-27,110.87000274658203,111.36000061035156,110.30000305175781,110.83999633789062,110.5964126586914,6979100
2026-07-28,111.66000366210938,112.52999877929688,111.25,112.4800033569336,112.2328109741211,6017900
2026-07-29,111.94999694824219,113.58999633789062,111.44000244140625,111.61000061035156,111.3647232055664,7534100
2026-07-30,112.16999816894531,112.80000305175781,111.45999908447266,112.38999938964844,112.14300537109375,8074000
2026-07-31,115.44000244140625,116.38999938964844,114.97000122070312,116.08999633789062,115.83487701416016,13158000
2026-08-03,117.63999938964844,119.12000274658203,117.63999938964844,118.20999908447266,117.9502182006836,10041500
2026-08-04,117.52999877929688,118.56999969482422,117.12000274658203,118.29000091552734,118.03004455566406,10500800
2026-08-05,119.27999877929688,119.63999938964844,118.06999969482422,118.63999938964844,118.3792724609375,6117400
2026-08-06,118.61000061035156,118.80000305175781,117.70999908447266,118.0999984741211,117.84046173095703,4827900
2026-08-07,118.5199966430664,120.44000244140625,118.5,119.86000061035156,119.59659576416016,5077300
2026-08-10,119.2300033569336,119.86000061035156,118.86000061035156,119.66999816894531,119.4070053100586,4466100
2026-08-11,119.66999816894531,119.95999908447266,119.11000061035156,119.23999786376953,118.97795104980469,3788600
2026-08-12,119.31999969482422,119.31999969482422,117.55000305175781,117.88999938964844,117.63092041015625,4486900
2026-08-13,118.04000091552734,118.93000030517578,117.88999938964844,118.44999694824219,118.18968963623047,4521100
2026-08-14,118.47000122070312,119.18000030517578,118.08999633789062,118.19999694824219,117.94023895263672,3839300
2026-08-17,117.95999908447266,117.95999908447266,116.48999786376953,116.75,116.4934310913086,6884900
2026-08-18,116.69999694824219,117.58000183105469,116.06999969482422,116.36000061035156,116.10428619384766,5287000
2026-08-19,116.9000015258789,119.05999755859375,116.7300033569336,118.58999633789062,118.32938385009766,7526400
2026-08-20,117.05000305175781,117.4000015258789,116.37999725341797,116.68000030517578,116.423583984375,5155600
2026-08-21,117.44000244140625,118.43000030517578,116.73999786376953,118.0199966430664,117.76063537597656,6561400
2026-08-24,118.37999725341797,118.79000091552734,118.06999969482422,118.30000305175781,118.04002380371094,4662300
2026-08-25,118.41000366210938,118.56999969482422,117.75,117.94999694824219,117.69078826904297,4156100
2026-08-26,117.69000244140625,117.83999633789062,116.75,117.16000366210938,116.90252685546875,3271600
2026-08-27,116.54000091552734,116.62000274658203,115.80999755859375,115.87999725341797,115.62533569335938,5231500
2026-08-28,116.70999908447266,117.56999969482422,116.37999725341797,117.20999908447266,116.9524154663086,4505600
2026-08-31,116.55999755859375,117.13999938964844,116.29000091552734,116.58999633789062,116.33377838134766,4912700
2026-09-01,115.41999816894531,115.62000274658203,114.31999969482422,114.58999633789062,114.33817291259766,5883300
2026-09-02,114.98999786376953,115.11000061035156,114.25,114.86000061035156,114.60758209228516,4238600
2026-09-03,115.93000030517578,117.06999969482422,115.83000183105469,116.45999908447266,116.20406341552734,5658600
2026-09-04,115.26000213623047,115.73999786376953,114.45999908447266,114.91000366210938,114.65747833251953,5120000
2026-09-08,114.47000122070312,114.62999725341797,113.75,113.98999786376953,113.73949432373047,7821200
2026-09-09,112.95999908447266,113.2699966430664,112.2699966430664,112.45999908447266,112.21285247802734,7683800
2026-09-10,111.48999786376953,112.6500015258789,111.0199966430664,111.95999908447266,111.71395111083984,5814100
2026-09-11,112.87000274658203,113.25,112.55000305175781,112.95999908447266,112.71175384521484,4536700
2026-09-14,112.30999755859375,113.27999877929688,112.11000061035156,112.8499984741211,112.60199737548828,5276300
2026-09-15,112.52999877929688,112.62999725341797,110.55999755859375,110.87999725341797,110.63632202148438,12691100
2026-09-16,111.0999984741211,111.45999908447266,109.62999725341797,110.18000030517578,109.9378662109375,8874600
2026-09-17,112.04000091552734,112.23999786376953,111.16999816894531,111.38999938964844,111.14520263671875,4508600
2026-09-18,111.45999908447266,111.7699966430664,110.62999725341797,111.02999877929688,110.78599548339844,5418200
2026-09-21,111.54000091552734,112.61000061035156,111.12000274658203,112.2300033569336,112.2300033569336,4977200
2026-09-22,112.9800033569336,113.29000091552734,111.9749984741211,112.33000183105467,112.33000183105467,7641365
